stokesnum,a,e,i,node,peri,M,P,f,mass,PlanetNum,mrRad_ChenKipping
1.0199999999999999e-05,0.06251595,0.01774257,0.03765671,3.02524,1.98839,4.436709,0.01563097,5.6865440000000005,1.0562600000000001e-06,0.0,0.7478761142352743
1.0199999999999999e-05,0.07484657,0.06490309999999999,0.07057525,0.3530036,2.04412,3.055454,0.02047659,0.7430736,5.052126e-07,30.0,0.6086717476803931
1.0199999999999999e-05,0.104752,0.0271879,0.02264534,-0.2134402,2.8434150000000002,0.02590845,0.03390335,3.652072,1.910533e-06,46.0,0.8727881255109795
1.0199999999999999e-05,0.1498201,0.04636612,0.0054876759999999995,-1.904781,4.659821,3.5859949999999996,0.05799012,0.9021646999999999,8.047519e-07,96.0,0.7115185788644034
1.0199999999999999e-05,0.1815405,0.07062313,0.02789552,-3.095543,4.66451,1.152636,0.07734982,5.804777,8.829820999999999e-07,124.0,0.7110293588431885
1.0199999999999999e-05,0.2646409,0.0293257,0.03651159,-0.8476790000000001,0.04159888,2.59191,0.1361394,3.3836269999999997,1.847457e-06,145.0,0.8919905446551649
1.0199999999999999e-05,0.35985609999999996,0.1238219,0.05721728,-2.9163419999999998,4.608626999999999,2.1329029999999998,0.21586970000000003,0.5629861999999999,3.610425e-07,187.0,0.5526266721763243
1.0199999999999999e-05,0.45153869999999996,0.01657606,0.01721011,-2.065958,3.5459089999999995,3.313126,0.3034175,1.865016,1.725788e-06,227.0,0.8573020820260002
1.0199999999999999e-05,0.6477958,0.03302232,0.04028528,2.1754689999999997,4.003642,3.057429,0.5213807,3.16024,1.18063e-06,247.0,0.7709284101866618
1.0199999999999999e-05,0.8632607,0.013483000000000002,0.01902402,-0.1333807,0.9896567,4.971861,0.8020666,4.0934919999999995,1.5478409999999999e-06,265.0,0.8422079754162327
1.0199999999999999e-05,1.237219,0.08063388,0.05184402,1.839379,0.3594062,6.228897,1.376155,3.9127099999999997,2.198e-07,318.0,0.4797878176320133
1.0199999999999999e-05,1.409794,0.46957170000000004,0.19358789999999998,2.398664,1.001318,0.21984740000000003,1.6739060000000001,3.125835,4.189867e-08,277.0,0.30127661348561285
1.12e-05,0.0606332,0.03966206,0.08655617,-2.638375,5.974752,3.204494,0.01493019,6.140333,1.348154e-06,0.0,0.8033810293722732
1.12e-05,0.08185725,0.05997313,0.0369986,-2.114774,5.448007,5.693223000000001,0.02341991,2.440121,9.190793999999999e-07,36.0,0.7276001957397633
1.12e-05,0.1015072,0.03012731,0.01381117,1.052745,1.0672620000000002,1.70291,0.03234036,5.840812000000001,9.448729e-07,45.0,0.7081289714699599
1.12e-05,0.12648210000000001,0.05528221,0.02682089,0.9878128,2.961187,4.698477,0.04498239,0.8287208,7.863486999999999e-07,82.0,0.7020573932295942
1.12e-05,0.16032190000000002,0.04162436,0.03332745,1.7401810000000002,0.6349792,0.7405286999999999,0.06419304,4.565844,1.571324e-06,103.0,0.8546749019060933
1.12e-05,0.24072710000000003,0.03792849,0.01934875,-1.556215,3.052696,1.9301709999999999,0.1181098,0.46699090000000004,1.3208260000000002e-06,142.0,0.8088590319274062
1.12e-05,0.3232698,0.03525516,0.01195574,1.373094,0.8338620999999999,1.6849599999999998,0.18380020000000002,5.724646,1.2076390000000001e-06,184.0,0.794266374829875
1.12e-05,0.42332749999999997,0.01736535,0.03498994,-0.4402223,1.078425,3.798857,0.27543090000000003,3.160007,1.100452e-06,226.0,0.7616870121388022
1.12e-05,0.5620693,0.03427411,0.04831946,1.10903,3.442994,0.6980894,0.4213883,2.472632,1.338051e-06,244.0,0.801706371799825
1.12e-05,0.7594002,0.03306874,0.01261714,-2.7848599999999997,2.815948,4.3042050000000005,0.6617644,4.214327,1.7558959999999999e-06,275.0,0.8578181281039619
1.12e-05,0.9762796,0.08759713,0.0710873,-1.475468,2.562184,3.166419,0.9646251,2.224429,4.375449e-07,297.0,0.5892178225617692
1.12e-05,1.164334,0.139673,0.1378633,0.9689734,1.7717189999999998,4.0258389999999995,1.256358,1.563358,6.354744e-08,323.0,0.34216607284241723
1.12e-05,1.255391,0.11193330000000001,0.04621216,-2.367556,6.060297,5.222022,1.406584,1.7523950000000001,2.5175320000000003e-07,314.0,0.5142394345875789
1.23e-05,0.05847948,0.07556201,0.05231258,0.4432084,0.8547094999999999,4.025011,0.014141800000000001,2.78307,1.6890110000000001e-06,0.0,0.8618064412590416
1.23e-05,0.08474188,0.04149079,0.06020368,2.232993,5.716601,4.700531,0.02466871,3.0425869999999997,1.5318020000000002e-06,40.0,0.8396002330735747
1.23e-05,0.1223337,0.06080649,0.0248041,0.1607979,2.0318959999999997,1.553273,0.04278762,5.56657,1.803896e-06,79.0,0.8740818227625311
1.23e-05,0.18003989999999997,0.00982609,0.02010811,-2.511204,2.0047330000000003,2.902457,0.07639267,3.403798,1.559831e-06,120.0,0.8444556476947609
1.23e-05,0.24650940000000002,0.003370968,0.04888872,2.056622,5.53207,4.725944999999999,0.12239080000000001,3.41859,9.605114e-07,157.0,0.7351692415181803
1.23e-05,0.320806,0.04380033,0.02426715,-2.2679720000000003,3.256883,4.1638150000000005,0.18170279999999997,3.172138,1.581552e-06,177.0,0.8400238310183935
1.23e-05,0.41324690000000003,0.09287948,0.09868716,0.11534660000000001,1.35574,3.164809,0.2656515,1.8745029999999998,4.921309e-07,215.0,0.6116177085168035
1.23e-05,0.4872808,0.03144397,0.03146221,-1.917959,2.269709,3.651036,0.340147,3.2897790000000002,9.552091999999999e-07,218.0,0.7341276182878218
1.23e-05,0.5765509,0.05332259,0.02615579,-1.2874379999999999,5.111217,6.161232,0.437778,2.410797,1.119104e-06,219.0,0.7607961472428575
1.23e-05,0.7903717,0.02257992,0.01417237,-1.2847950000000001,1.63581,5.071219,0.7026581999999999,4.67505,1.7292330000000002e-06,265.0,0.8728752446132291
1.23e-05,0.9029464,0.07026963,0.04752616,-1.783039,5.067034,5.618163,0.8580054,2.429739,1.949119e-07,302.0,0.47955449214820267
1.23e-05,1.0958450000000002,0.09787704,0.1236001,2.137543,3.6424410000000003,2.9039029999999997,1.147152,3.361197,2.065045e-07,313.0,0.4723352031579088
1.23e-05,1.114409,0.1348635,0.08184528,1.434547,1.802946,2.464178,1.176423,5.297413,2.709101e-07,305.0,0.5098135724226539
1.23e-05,1.35501,0.07524104,0.05894578,-2.0535080000000003,3.4110669999999996,0.9528351999999999,1.577287,5.813669,1.320658e-07,300.0,0.42864662179620583
1.3500000000000001e-05,0.06099255,0.05883219,0.02361117,-0.028859100000000002,4.794417,5.024051,0.01506312,0.2908597,1.218714e-06,0.0,0.7849157818237389
1.3500000000000001e-05,0.07781693,0.02953448,0.05447665,-0.7713097,5.8017,4.160362999999999,0.02170754,5.366925,1.023013e-06,27.0,0.743170576949238
1.3500000000000001e-05,0.09846538,0.04824804,0.01933373,1.785538,5.926803,6.106802,0.03089759,4.581558,1.313834e-06,44.0,0.790581018149829
1.3500000000000001e-05,0.130661,0.03500781,0.02829523,-1.022153,1.2045780000000001,1.9415169999999997,0.04722998,1.8272580000000003,1.158463e-06,80.0,0.7689871058270159
1.3500000000000001e-05,0.1606651,0.04220389,0.01111929,-1.081189,0.7441206,4.3893580000000005,0.0643993,4.6420639999999995,9.706072e-07,106.0,0.7131288055556637
1.3500000000000001e-05,0.2108736,0.02254287,0.0349218,0.7630726,0.9770005999999999,4.168581,0.09683486,2.4573810000000003,1.683089e-06,128.0,0.8594955045588668
1.3500000000000001e-05,0.31892329999999997,0.03520217,0.01655861,2.222036,0.977941,0.7176100999999999,0.1801056,3.7591589999999995,1.842114e-06,164.0,0.8792252176564332
1.3500000000000001e-05,0.4573184,0.06121271,0.006121941999999999,1.101879,3.10649,1.172074,0.3092614,3.234934,1.606316e-06,195.0,0.8567323620283716
1.3500000000000001e-05,0.5927087,0.04248675,0.02530115,1.266313,2.154029,0.7015115,0.4563092000000001,3.531111,1.585473e-06,232.0,0.832701644730597
1.3500000000000001e-05,0.7149873000000001,0.01317054,0.05826372,-2.059989,0.9542792999999999,3.024999,0.6045678000000001,4.108899,5.716975e-07,228.0,0.6396976199445248
1.3500000000000001e-05,0.9475886999999998,0.0052875019999999995,0.03222865,-1.9817040000000001,5.159680000000001,4.844289,0.9224157,1.6768330000000002,1.3962780000000001e-06,247.0,0.8218312781153059
1.3500000000000001e-05,1.0251059999999999,0.12551800000000002,0.1121954,2.88866,3.573234,4.881421,1.037887,4.454635,7.859375e-08,305.0,0.36687949522082
1.3500000000000001e-05,1.194083,0.06559228,0.05766038,2.352681,4.395449,2.587014,1.304814,2.229009,2.27534e-07,285.0,0.49138697563074996
1.4800000000000002e-05,0.04812749,0.02744354,0.01490808,-2.634535,4.938499,0.7136501999999999,0.01055819,4.638058999999999,1.305439e-06,0.0,0.785655387522348
1.4800000000000002e-05,0.06163648,0.02390268,0.01511119,-1.203855,2.841417,1.744504,0.01530228,0.1122009,1.3362469999999998e-06,26.0,0.805508128305584
1.4800000000000002e-05,0.07554362,0.02953672,0.06638984,-0.40708940000000005,2.321761,2.493382,0.02076328,0.6120433000000001,5.381939000000001e-07,51.0,0.6201600340317623
1.4800000000000002e-05,0.08980235,0.005246035,0.007221035,2.92528,2.6654970000000002,0.3678341,0.02691105,1.069425,1.210497e-06,62.0,0.8060593571877479
1.4800000000000002e-05,0.10957730000000002,0.007436691,0.03630269,2.554807,5.647098000000001,4.687737,0.03627267,2.774384,9.061256999999999e-07,87.0,0.7217632302211203
1.4800000000000002e-05,0.1394737,0.03433921,0.02425896,-1.415352,3.038951,2.884824,0.05208794,1.327456,1.59035e-06,105.0,0.843612657144984
1.4800000000000002e-05,0.1845789,0.04140301,0.02013559,2.6854810000000002,6.156807,3.136361,0.07929969,0.6244736,1.003617e-06,130.0,0.7359402321588143
1.4800000000000002e-05,0.2224172,0.023313,0.03761481,-2.379138,0.01349609,3.301618,0.104894,5.639671,1.037917e-06,143.0,0.7458174370625787
1.4800000000000002e-05,0.29287090000000005,0.04325818,0.01630965,1.069782,0.4083692,4.261912000000001,0.15849370000000002,2.812595,1.4962649999999999e-06,182.0,0.8406440915389655
1.4800000000000002e-05,0.4052132,0.0249364,0.01958841,1.9606029999999999,0.30342140000000006,1.9645259999999998,0.2579424,5.968522,1.720317e-06,198.0,0.8521843093185733
1.4800000000000002e-05,0.5315321999999999,0.003969275,0.02942224,2.752843,6.05731,1.903759,0.3875176,5.655325,1.380744e-06,235.0,0.8084014747593268
1.4800000000000002e-05,0.6667759,0.01747685,0.047635199999999996,-0.6367425,3.466928,3.0615799999999997,0.5444609,0.2395847,1.0534910000000001e-06,249.0,0.7601210638662408
1.4800000000000002e-05,0.7781402,0.03200297,0.01360588,1.282931,5.51879,3.6959660000000003,0.6864093000000001,3.175225,9.700950000000001e-07,279.0,0.7370905373393022
1.4800000000000002e-05,0.9464841,0.02363404,0.009631369,0.7028492,2.0987419999999997,1.6489220000000002,0.9208028,5.08681,1.029619e-06,277.0,0.7539861493635784
1.4800000000000002e-05,1.18926,0.08536833,0.05179379,-0.1720124,2.84622,5.12859,1.296914,2.5542540000000002,1.598715e-07,310.0,0.4408155765823696
1.4800000000000002e-05,1.364206,0.1917182,0.06342667,-0.8642328000000001,1.301391,1.1026120000000001,1.5933680000000001,0.9524761,8.329704e-08,316.0,0.37627159345283256
1.63e-05,0.06788017,0.006919934,0.05350741,-0.4094009,1.651118,3.148113,0.01768536,1.9194259999999999,2.373145e-06,0.0,0.9512425540775641
1.63e-05,0.10323610000000001,0.04748369,0.01149329,-1.82253,3.6863940000000004,1.522146,0.03317007,5.907769,1.8930160000000001e-06,37.0,0.8896920303973472
1.63e-05,0.1373728,0.07508125,0.07144515,-0.5304227,4.610836,1.535484,0.05091549,3.660054,1.3341800000000002e-06,66.0,0.8018115993302363
1.63e-05,0.1745773,0.04653362,0.04250022,-0.1248605,3.6557,6.239376999999999,0.0729424,2.745622,1.059127e-06,89.0,0.7446312678748532
1.63e-05,0.2215439,0.0343466,0.04038245,-0.44291579999999997,2.247373,0.0831125,0.1042769,4.49441,1.576657e-06,97.0,0.8523357671233233
1.63e-05,0.3007665,0.05094735,0.0248081,2.63257,1.597957,3.759417,0.1649461,5.763071,1.3660390000000002e-06,131.0,0.8298712107608153
1.63e-05,0.3747222,0.01075282,0.04067581,2.004739,3.56797,2.9164380000000003,0.2293831,3.617,1.062142e-06,180.0,0.7638501795408
1.63e-05,0.4832263,0.01083379,0.02653094,2.238664,1.388868,2.542684,0.33591040000000005,5.179057,1.7242959999999998e-06,140.0,0.8520866332570768
1.63e-05,0.6319948000000001,0.035275400000000005,0.03388512,-3.114655,1.0553139999999999,4.737284,0.5024202,0.5494661,2.011755e-06,212.0,0.900097415392517
1.63e-05,0.9655388,0.06664824,0.00938474,-0.3204646,2.678875,5.33069,0.9487484,2.99303,1.917115e-06,258.0,0.8738324718749322
1.63e-05,1.5702040000000002,0.37044540000000004,0.1636638,3.110266,2.000053,3.969465,1.967571,4.389419999999999,9.203593e-08,280.0,0.37669804043464805
1.7899999999999998e-05,0.04504282,0.02427215,0.07868732,-2.8848119999999997,1.4916479999999999,4.286929,0.009559561999999999,5.651857,1.274055e-06,0.0,0.7828736525022059
1.7899999999999998e-05,0.06162429,0.03716423,0.04983292,-1.6649080000000003,1.178387,6.074374,0.01529773,0.2990372,2.326003e-06,21.0,0.9299538115315014
1.7899999999999998e-05,0.08685429,0.06179238,0.02327693,1.6039219999999998,0.15035379999999998,0.08549045,0.0255968,4.492632,1.808049e-06,60.0,0.8720627979156679
1.7899999999999998e-05,0.11789749999999999,0.10620050000000002,0.05422289,-1.7665790000000001,2.394089,0.48215240000000004,0.04048139,6.102451,1.259218e-06,91.0,0.7784752257036129
1.7899999999999998e-05,0.1567944,0.021447099999999997,0.05660264,-1.293243,4.974365,2.2313959999999997,0.06208604,4.790754,2.0678970000000003e-06,113.0,0.8997460805653088
1.7899999999999998e-05,0.21616570000000002,0.02547715,0.02867274,2.770829,1.197815,1.530422,0.10050269999999999,3.8127940000000002,1.842628e-06,144.0,0.8885650763272472
1.7899999999999998e-05,0.3022419,0.01091619,0.04174352,2.381262,2.6152849999999996,3.7067650000000003,0.166161,4.9723489999999995,1.4229910000000001e-06,187.0,0.8120664399712247
1.7899999999999998e-05,0.3920303,0.08937503,0.04458382,-1.434297,0.07457999,0.2004884,0.2454578,1.738213,1.680596e-06,155.0,0.8686105954703959
1.7899999999999998e-05,0.5191524000000001,0.06098875,0.02327665,1.1532040000000001,2.687893,3.258109,0.37405809999999995,5.628558,1.441396e-06,235.0,0.8369414559049444
1.7899999999999998e-05,0.6704145,0.04347427,0.04373138,1.198576,3.395278,0.2846146,0.5489227,2.052174,2.8100009999999996e-06,245.0,0.9957034276107649
1.7899999999999998e-05,0.9937728000000001,0.05592022,0.04032141,-2.2618150000000004,1.390733,5.561687,0.9906644,0.167483,9.104321e-07,262.0,0.7269179314954152
1.7899999999999998e-05,1.2396559999999999,0.07569487,0.06167826,0.42635609999999996,5.461961,3.120916,1.380217,3.4649620000000003,4.852991000000001e-07,275.0,0.6014114821644965
1.9600000000000002e-05,0.05458727,0.01057745,0.01901611,-1.25502,3.8425339999999997,5.559857,0.01275372,2.975861,1.449611e-06,0.0,0.8114988884510822
1.9600000000000002e-05,0.07162089,0.01529307,0.02754543,-0.6760233,1.060969,4.4760089999999995,0.01916721,4.06647,1.880677e-06,22.0,0.8744916689088575
1.9600000000000002e-05,0.09783602,0.01016722,0.008497771,-1.165693,3.4294809999999996,0.3042824,0.03060181,4.304954,1.968658e-06,51.0,0.8688538731109527
1.9600000000000002e-05,0.1390375,0.01227007,0.003223662,2.961684,6.039982,3.898882,0.05184374,1.203225,1.982833e-06,80.0,0.8944041584729706
1.9600000000000002e-05,0.1837963,0.01152318,0.009355667,2.537305,0.4312391,0.11275450000000001,0.07879580000000001,3.4209870000000002,1.691782e-06,105.0,0.859842382298845
1.9600000000000002e-05,0.2394927,0.03466383,0.03427588,-1.659297,1.988905,4.901462,0.11720230000000001,4.503677,1.3592609999999998e-06,123.0,0.812557683422984
1.9600000000000002e-05,0.2928935,0.03420865,0.03037328,2.758426,5.913836,4.137222,0.15851179999999998,1.814935,8.671201999999999e-07,166.0,0.7039998385150091
1.9600000000000002e-05,0.3750305,0.0052465359999999996,0.03013674,3.13671,1.149613,5.34535,0.22966620000000001,1.0682040000000002,2.058189e-06,153.0,0.8935336905965203
1.9600000000000002e-05,0.44976859999999996,0.0376526,0.04092337,-3.101023,3.3870410000000004,0.5790590999999999,0.30163429999999997,0.31581709999999996,5.439755000000001e-07,200.0,0.6220407479304892
1.9600000000000002e-05,0.5661676,0.02279037,0.02339847,0.493087,3.187637,1.448503,0.4260044,4.0156220000000005,2.2336179999999997e-06,202.0,0.9260559446953154
1.9600000000000002e-05,0.6934996999999999,0.009063487,0.01334601,1.043674,2.929059,4.166891000000001,0.5775177,0.19769489999999998,5.27258e-07,230.0,0.6189358586273069
1.9600000000000002e-05,0.8180401999999999,0.04457591,0.01763271,0.721003,3.089474,5.064315000000001,0.7398744,1.339939,2.306003e-06,224.0,0.9365883710048972
1.9600000000000002e-05,1.252008,0.09460788,0.01881388,-2.0120299999999998,0.8272511999999999,0.9581301999999999,1.4008969999999998,2.291852,4.238074e-07,261.0,0.5828175712171023
1.9600000000000002e-05,1.452688,0.13782120000000003,0.05373467,-1.008153,0.7453803000000001,5.1527080000000005,1.7508720000000002,5.18119,9.396639000000001e-08,255.0,0.38012063061362944
2.15e-05,0.05911587,0.11902599999999999,0.06207655,1.323179,2.365776,5.528025,0.01437327,2.05813,2.661648e-06,0.0,0.9660180877953783
2.15e-05,0.0919943,0.2425424,0.01318977,1.552355,1.7752459999999999,4.732583999999999,0.02790231,1.888869,2.8718669999999997e-06,37.0,0.9963743078185523
2.15e-05,0.1450287,0.04518993,0.01839407,-1.242901,2.290613,4.790825,0.05523051,3.694267,3.310266e-06,78.0,1.0609890999151284
2.15e-05,0.22173400000000001,0.04449718,0.03007206,1.9422549999999998,0.3851967,5.894798000000001,0.10441099999999999,3.532374,1.94886e-06,123.0,0.8808944983882678
2.15e-05,0.3609065,0.02816871,0.04891859,-1.758964,0.8854379000000001,4.312130000000001,0.21681479999999997,5.134716,3.711421e-06,126.0,1.0881140875060358
2.15e-05,0.49466570000000004,0.08133427,0.02930658,-0.8684351,0.3698103,3.4196269999999998,0.3479079,3.8121620000000003,1.6753039999999998e-06,188.0,0.8571660061131412
2.15e-05,0.6868265,0.07603674,0.04595466,-2.696103,5.5563970000000005,5.006943,0.5692020999999999,2.267616,2.4594890000000002e-06,213.0,0.9452854518245346
2.15e-05,0.9242671999999998,0.1076537,0.08627226,0.9938906,3.1134630000000003,1.511007,0.8885708000000001,3.586899,1.127321e-06,240.0,0.7751793044289671
2.15e-05,1.315245,0.08105357,0.04765323,0.8719462,2.109944,4.626323999999999,1.508361,1.804223,7.145176999999999e-07,253.0,0.6842165518945951
2.15e-05,1.749866,0.2669438,0.10913189999999999,1.420142,0.04856414,4.176499,2.314743,2.878977,1.232253e-07,268.0,0.42463841123771634
2.36e-05,0.05063505,0.07466325,0.06009646,-2.739902,3.3255839999999997,6.110094999999999,0.011394,5.414455,2.467037e-06,0.0,0.9232681293908562
2.36e-05,0.07168415,0.07679384,0.06766845,-1.9994439999999998,1.564522,4.966519,0.019192599999999997,5.275547,1.8749459999999998e-06,31.0,0.9072675936553825
2.36e-05,0.09429598,0.0684836,0.04550021,1.95775,4.215967,3.09997,0.02895599,3.200886,2.072492e-06,50.0,0.9160962668367686
2.36e-05,0.128808,0.1034665,0.12346259999999999,-2.796435,5.459498,3.7540739999999997,0.04622879,1.2849709999999999,2.026362e-06,82.0,0.9008144827685636
2.36e-05,0.1768514,0.08087177,0.01891288,2.44175,3.443507,1.624009,0.07437219,2.160898,2.484402e-06,106.0,0.9585537098670798
2.36e-05,0.2515208,0.03844643,0.04697749,2.474314,4.223177,4.145430999999999,0.1261415,3.690032,2.12231e-06,138.0,0.9333640146182769
2.36e-05,0.3301308,0.04867993,0.02930854,-1.290476,4.231885,2.612835,0.1896818,5.921285,2.291753e-06,162.0,0.9339650260115131
2.36e-05,0.5661029000000001,0.01876144,0.02238425,1.785002,5.1151860000000005,5.730446,0.4259304,5.0785860000000005,5.331744e-06,185.0,1.1969704161729227
2.36e-05,1.074875,0.06106794,0.0775324,-0.46214220000000006,2.002698,0.5717962,1.114377,5.209418,1.4524260000000001e-06,244.0,0.8243872570136557
2.36e-05,1.3689069999999999,0.1367405,0.1540134,-0.304504,3.012918,0.46854819999999997,1.601608,3.8506110000000002,5.018684e-07,243.0,0.6105611916399967
2.36e-05,1.422568,0.26875,0.23140389999999997,1.461842,3.6901230000000003,1.7719779999999998,1.6966990000000002,2.9985880000000003,1.377683e-07,272.0,0.4438433330278214
2.6000000000000002e-05,0.05583826,0.00629187,0.06814062,3.1003580000000004,2.974539,0.1706566,0.01319464,0.3836341,1.8247900000000002e-06,0.0,0.8915071447557854
2.6000000000000002e-05,0.07397375,0.0038912070000000003,0.03886962,2.774269,5.186525,0.3842603,0.02011943,4.982341,2.133961e-06,18.0,0.907290501851868
2.6000000000000002e-05,0.09318237,0.06473617,0.0277611,-2.88786,4.165776999999999,2.603173,0.02844458,1.4530129999999999,1.3507089999999999e-06,41.0,0.8133735903024546
2.6000000000000002e-05,0.11604,0.01984003,0.01041069,-0.7071343000000001,1.9407470000000002,2.064931,0.03952846,0.8611279000000001,1.9046770000000002e-06,59.0,0.8993253261034572
2.6000000000000002e-05,0.1595969,0.04079241,0.04039769,2.918982,2.866736,2.01553,0.06375797,2.5590509999999997,2.578624e-06,80.0,0.9859420008531239
2.6000000000000002e-05,0.24977359999999998,0.03221989,0.02248248,2.040061,4.190366,4.194459999999999,0.1248294,4.190679,3.889336e-06,105.0,1.0830274327867087
2.6000000000000002e-05,0.37888740000000004,0.04687207,0.06308109,0.05581433,5.337874,6.2229980000000005,0.2332179,0.9012244,1.5305500000000001e-06,151.0,0.8278190991374841
2.6000000000000002e-05,0.4586973,0.0193,0.04921697,-1.123864,0.6637555,5.474517,0.31065970000000004,5.921136,1.693364e-06,188.0,0.8572894954708303
2.6000000000000002e-05,0.6357541,0.03865771,0.01140717,2.502031,2.789361,5.5685970000000005,0.5069087999999999,0.2993918,3.16159e-06,177.0,1.0097505627751533
2.6000000000000002e-05,0.7807019000000001,0.03927422,0.09238239,-0.2867421,2.168165,1.80436,0.6898001,6.199765,1.354146e-06,205.0,0.813682056582747
2.6000000000000002e-05,1.031258,0.10243730000000001,0.035515,-2.9392419999999997,2.988241,1.4166530000000002,1.047239,1.572191,1.535417e-06,212.0,0.8310549251551816
2.6000000000000002e-05,1.64346,0.2961829,0.14522000000000002,1.629034,3.195332,4.5786430000000005,2.106851,5.817189,1.340145e-07,238.0,0.4148975167954171
2.8499999999999998e-05,0.05861045,0.09644841,0.1096538,-2.124066,1.568768,1.3499780000000001,0.01418933,2.079653,3.3202190000000003e-06,0.0,1.038598513498575
2.8499999999999998e-05,0.09536644,0.04239017,0.05025925,-2.163822,1.4732809999999998,1.640323,0.02945044,2.390111,3.970335e-06,27.0,1.0895608202053064
2.8499999999999998e-05,0.1635068,0.0077302659999999995,0.09483468,0.6642893,4.310734,1.410526,0.0661152,2.7249779999999997,4.246737e-06,77.0,1.1099881165748466
2.8499999999999998e-05,0.254371,0.1589834,0.06532694,2.501968,4.843041,0.18384029999999998,0.1282916,5.128826,3.023696e-06,121.0,1.0204784553126816
2.8499999999999998e-05,0.408905,0.02405934,0.07894965,0.8861737,0.2793303,0.3077818,0.2614746,5.388347,4.377145e-06,132.0,1.1006274304796604
2.8499999999999998e-05,0.6511340999999999,0.01963588,0.10819549999999999,-1.950779,4.153097,5.892055,0.5254125,3.669695,2.6291120000000003e-06,189.0,0.9759608464279639
2.8499999999999998e-05,0.9618247,0.05513152,0.02938515,-2.363729,6.1701809999999995,4.361343,0.943277,0.6165491,2.4101449999999998e-06,177.0,0.9463099182755621
2.8499999999999998e-05,1.518946,0.2628707,0.0844531,1.858004,2.684666,5.653322,1.87201,1.635886,5.956365e-07,231.0,0.6549554433664679
2.8499999999999998e-05,1.993375,0.5052259,0.219948,-0.1302099,0.8614731,3.6072919999999997,2.81435,3.040088,1.668045e-07,246.0,0.4485652700188675
3.13e-05,0.05661015,0.12466189999999999,0.11093940000000001,-1.043657,3.7107699999999997,1.833867,0.01346917,5.245378,1.9819059999999998e-06,0.0,0.8829971776680001
3.13e-05,0.08464484,0.06448705,0.04478745,-0.9088867,3.119831,4.498883999999999,0.02462631,2.380116,4.089166e-06,16.0,1.0918319228547855
3.13e-05,0.13758800000000002,0.005128907,0.04544641,-2.0173200000000002,0.2935693,1.268616,0.05103504,2.993882,4.33105e-06,55.0,1.132049065922395
3.13e-05,0.2077627,0.04754211,0.03271821,2.166776,6.006962000000001,3.7159449999999996,0.09469968,1.915929,2.390541e-06,101.0,0.9498501158582908
3.13e-05,0.3150318,0.07130271,0.005204721,-3.0033119999999998,4.25389,1.183934,0.1768184,6.206123000000001,3.732215e-06,125.0,1.0741022931356365
3.13e-05,0.4471143,0.06658145,0.01415396,-1.131262,4.77374,2.868624,0.2989678,5.410552,2.809794e-06,123.0,0.9871031294159992
3.13e-05,0.663868,0.05993145,0.05461996,1.9578470000000001,0.6348874,5.317497,0.5409007,2.770156,4.041262e-06,166.0,1.0925210857523255
3.13e-05,0.9396992000000001,0.09789646,0.07035768,0.5380963000000001,0.8722385,5.038956,0.9109149999999999,3.5460540000000003,1.642714e-06,195.0,0.8554396676152491
3.13e-05,1.389286,0.09873466,0.09076832,-2.0903509999999996,3.789628,5.089114,1.637502,3.346535,8.454958000000001e-07,221.0,0.7010008252351339
3.43e-05,0.06237805,0.0046326959999999995,0.04899954,2.527806,5.824458,0.08105882,0.01557927,4.286714,2.054734e-06,0.0,0.907867968305113
3.43e-05,0.07835668,0.05452198,0.04120404,-0.9669949000000001,4.914084,3.7380730000000004,0.02193377,6.049933,1.690335e-06,18.0,0.8651478412385549
3.43e-05,0.1037338,0.04006266,0.02203938,2.567243,5.881975,2.8829860000000003,0.03341016,0.771638,3.425062e-06,33.0,1.0456673855749024
3.43e-05,0.1432932,0.01646596,0.026588599999999997,-0.9044935,2.328288,3.642299,0.05424203,2.244441,2.2515e-06,65.0,0.9308116892039111
3.43e-05,0.1880166,0.02626665,0.009668698,-0.7837972,1.070114,3.446281,0.08152527,3.1590290000000003,2.118208e-06,63.0,0.9127797966620601
3.43e-05,0.24808320000000003,0.04510564,0.003218145,0.5239889,0.4069934,0.12117460000000001,0.12356410000000001,5.405465,2.865982e-06,103.0,0.9725817078303787
3.43e-05,0.33751590000000004,0.009839545,0.02899936,-0.06723586,1.67885,2.488154,0.1960823,0.8917832,2.7511040000000003e-06,96.0,1.0209137770370997
3.43e-05,0.4647675,0.04666465,0.02737212,0.04291749,5.985898000000001,1.7942360000000002,0.3168469,2.129229,2.476303e-06,109.0,0.9489610746618437
3.43e-05,0.5841359,0.007163038,0.05069365,2.599832,4.694063,5.041213,0.44644300000000003,4.019443,2.3385159999999997e-06,150.0,0.9292017229488401
3.43e-05,0.7522337,0.03311343,0.01799708,-2.7301830000000002,1.101596,0.3848014,0.6524141999999999,2.072156,2.414512e-06,192.0,0.9469063258399621
3.43e-05,1.0168620000000002,0.04848535,0.005527376,0.5427476,1.6900400000000002,3.957388,1.0253860000000001,1.8194029999999999,2.309289e-06,178.0,0.9236514823974175
3.43e-05,1.3534059999999999,0.06615041,0.1363414,-1.2854709999999998,4.589005,2.401796,1.574478,5.272291,2.0402110000000002e-07,222.0,0.4679687931698776
3.76e-05,0.05999967,0.06837206,0.03596808,-1.948559,0.9478406999999999,0.3045116,0.01469678,1.4397959999999999,5.145704e-06,0.0,1.2289106566625316
3.76e-05,0.09851344,0.02930713,0.01126332,1.718637,3.652681,4.758593,0.03092013,5.635719,3.5353769999999996e-06,41.0,1.0585633033153812
3.76e-05,0.13694360000000003,0.03841947,0.03689624,-1.510674,2.681127,1.214736,0.050676900000000004,0.04785679,2.851948e-06,70.0,0.9953364982199939
3.76e-05,0.1849421,0.03563531,0.07153838,2.370365,0.15342979999999998,0.7155029,0.07953361,4.406395,2.6627640000000004e-06,92.0,0.9918512777253259
3.76e-05,0.24707579999999998,0.02086153,0.03832331,0.8483450000000001,2.242961,4.453551999999999,0.12281199999999999,1.403275,2.688947e-06,122.0,0.9659181829747134
3.76e-05,0.3160452,0.05511002,0.02977609,-0.9944027,3.3713559999999996,4.465755000000001,0.1776723,2.181268,1.614046e-06,107.0,0.8385454013351334
3.76e-05,0.4005985,0.05342059,0.04734556,0.2518937,5.250634,4.229623,0.25354720000000003,4.906293,2.7009710000000003e-06,152.0,0.9796075966263704
3.76e-05,0.5015705,0.05582638,0.02251223,-2.3258099999999997,3.9666069999999998,4.677772,0.3552175,3.047876,2.563517e-06,103.0,0.9748379508735564
3.76e-05,0.6367799,0.03978805,0.02908534,2.678867,5.445608,5.368467,0.5081333,3.4985739999999996,2.327393e-06,164.0,0.9301593907367651
3.76e-05,0.8360658000000001,0.0669915,0.02840707,-2.141575,1.03502,6.094719,0.7644601,1.029986,3.030195e-06,161.0,1.0045705010613588
3.76e-05,1.167765,0.02477413,0.04903363,0.273701,4.918028,2.612304,1.2619049999999998,3.6780269999999997,9.943889e-07,183.0,0.7354464049681583
3.76e-05,1.5699370000000001,0.1081649,0.1313172,1.253854,1.229479,0.9561312,1.9670560000000001,4.540265,2.029942e-07,220.0,0.4789255728535614
4.13e-05,0.05483727,0.05402698,0.0188597,2.030895,3.740789,0.4374688,0.01284142,1.040261,3.600046e-06,0.0,1.049479083658767
4.13e-05,0.07666956,0.07129383,0.008256821999999999,-2.85317,1.953757,5.25172,0.02122918,6.130548999999999,2.7189819999999996e-06,22.0,0.969324860239154
4.13e-05,0.1032637,0.02147949,0.006471195999999999,-1.238248,6.277373000000001,1.6249959999999999,0.033183300000000006,2.880328,2.93496e-06,45.0,0.9914347400692117
4.13e-05,0.133213,0.05000887,0.028751699999999998,1.8659400000000002,2.09008,5.003125,0.04862027,1.1363889999999999,2.6136489999999997e-06,65.0,0.9671762700428553
4.13e-05,0.17363620000000002,0.0017626439999999998,0.01664211,0.9560069999999999,3.2805,6.273526,0.07235316,2.040165,2.428503e-06,88.0,0.9549291443909289
4.13e-05,0.214419,0.03729246,0.01640339,2.997312,3.316069,5.611818,0.09928674,5.531731,2.121166e-06,99.0,0.9406827939303932
4.13e-05,0.29276240000000003,0.01349302,0.02225412,0.7860213,4.213895,0.35238420000000004,0.1584049,1.66255,3.427994e-06,108.0,1.0620334209203637
4.13e-05,0.37348000000000003,0.007907927,0.01633336,-0.9096920000000001,4.926976,6.2201889999999995,0.22824239999999998,2.21559,1.9654239999999997e-06,134.0,0.8793689354367316
4.13e-05,0.5049659000000001,0.01050736,0.02186201,-0.6630375,1.517342,0.9959534999999999,0.358829,0.1446546,3.941653e-06,156.0,1.0763586090921633
4.13e-05,0.7027726,0.04662924,0.01603955,3.109122,4.005516,0.4547306,0.5891360999999999,5.870202,2.845461e-06,182.0,0.9986234562068339
4.13e-05,0.850508,0.04343417,0.04277211,-2.436872,3.873782,5.0140720000000005,0.7843531,3.542239,1.9515280000000002e-06,178.0,0.8958998924584545
4.13e-05,1.0963200000000002,0.01972609,0.01985257,0.43934639999999997,6.021478,1.548201,1.147886,1.409407,1.7156530000000001e-06,186.0,0.8503125448867641
4.5299999999999997e-05,0.05128419,0.06192261,0.07206506,-1.9497259999999998,4.30196,3.149957,0.01161379,0.8912821,5.489501e-06,0.0,1.2329920407358892
4.5299999999999997e-05,0.08897413,0.05948068,0.07059838,0.06913439,5.412955999999999,3.2733659999999998,0.02653953,3.98308,5.61375e-06,36.0,1.2116432266147836
4.5299999999999997e-05,0.134417,0.05904787,0.03604439,-0.013285499999999999,6.156779,5.874838,0.04928083,5.980795,3.156075e-06,71.0,1.0160839667526513
4.5299999999999997e-05,0.1834981,0.04598238,0.06054139,-0.1159141,2.820393,1.283881,0.07860377,4.7709980000000005,3.488766e-06,91.0,1.059128191920673
4.5299999999999997e-05,0.23953379999999996,0.07693528,0.05948349,2.619582,5.910399,3.190934,0.1172318,1.075819,2.298628e-06,122.0,0.9170390577296671
4.5299999999999997e-05,0.3120522,0.03143632,0.03580927,1.424213,1.5178120000000002,4.900215,0.1743151,2.01552,3.283887e-06,141.0,1.03426487014122
4.5299999999999997e-05,0.41283459999999994,0.02416274,0.07759161,0.08803975,2.527674,4.01461,0.2652527,1.4467379999999999,2.078003e-06,106.0,0.9184492243977691
4.5299999999999997e-05,0.5314707,0.01056021,0.06661022,2.5943970000000003,6.241086,4.919348,0.387447,2.381683,3.863973e-06,149.0,1.0728590143736798
4.5299999999999997e-05,0.7237043000000001,0.01979564,0.04596458,-2.758305,5.223357,4.559975,0.6156504,2.128773,3.95588e-06,183.0,1.0990123405397114
4.5299999999999997e-05,0.9570188000000001,0.04625073,0.04174509,2.781418,0.3073741,5.494855,0.9362149,2.4655400000000003,1.570811e-06,126.0,0.8443003426087493
4.5299999999999997e-05,1.3799569999999999,0.03082727,0.09789777,-0.7038233,5.536277,5.02166,1.621029,0.2012577,1.056555e-06,222.0,0.7539833388598602
4.98e-05,0.05144262,0.06800195,0.05317633,-0.5433136,2.3820490000000003,0.8102934,0.01166766,5.133223,4.178041e-06,0.0,1.1456415481794706
4.98e-05,0.08060032,0.007653839,0.003332017,2.827475,3.998154,0.8943648000000001,0.02288247,0.3572453,6.183798e-06,19.0,1.2374709503157195
4.98e-05,0.1326741,0.030439099999999997,0.02338748,0.04773815,0.12382149999999999,1.525087,0.04832546,1.41343,3.630596e-06,53.0,1.0731146512634335
4.98e-05,0.1870609,0.04574357,0.03343948,0.03094989,1.537944,5.090999,0.08090413,3.4898480000000003,4.304195e-06,85.0,1.0859115441419198
4.98e-05,0.2566079,0.09351421,0.02816856,-0.1989433,1.3638430000000001,0.9759565999999998,0.12998710000000002,6.054596,3.456823e-06,94.0,1.0650873640170277
4.98e-05,0.35989,0.0144338,0.02111845,3.114361,3.5141660000000003,5.116343,0.215898,4.742156,3.7428030000000003e-06,124.0,1.095783041539492
4.98e-05,0.47211620000000004,0.1074438,0.01297999,1.6064200000000002,1.3388799999999998,4.566618,0.3243905,1.832898,2.730994e-06,119.0,0.9637102842361196
4.98e-05,0.6596576999999999,0.01191677,0.01685882,0.2622643,2.483763,3.213245,0.5357603,0.478096,5.999225e-06,160.0,1.2547086595660264
4.98e-05,1.08382,0.08056865,0.10779489999999999,-2.783096,0.9988905999999999,3.6277480000000004,1.128309,5.2805230000000005,1.842747e-06,183.0,0.8718326467091293
4.98e-05,1.2791219999999999,0.2625442,0.1483276,0.0456204,4.404598,6.167668,1.4466379999999999,2.1945240000000004,2.483969e-07,197.0,0.504312164613102
4.98e-05,1.494826,0.2197762,0.08653922,2.571355,4.603365,4.2760370000000005,1.8275869999999999,3.301243,7.617310000000001e-07,198.0,0.6877695997713212
5.4600000000000006e-05,0.05980874,0.09853776,0.05668981,2.9776130000000003,1.184809,1.823663,0.01462667,3.8142339999999995,6.913393e-06,0.0,1.3452837154302042
5.4600000000000006e-05,0.09861225,0.05215338,0.008553775,2.146586,2.251497,0.3556276,0.03096661,2.319226,5.10516e-06,38.0,1.1698748224250672
5.4600000000000006e-05,0.16574529999999998,0.07710796,0.058734400000000006,-1.581553,0.3650333,4.489596,0.06747733,5.614744,6.1090930000000005e-06,63.0,1.2705747235281568
5.4600000000000006e-05,0.24726639999999997,0.06329796,0.05131633,-0.6204244999999999,3.4094339999999996,0.1548511,0.122954,3.591529,4.406039e-06,81.0,1.1166073564328252
5.4600000000000006e-05,0.42229179999999994,0.05723348,0.02588004,2.61891,2.082211,3.931018,0.274418,5.4291849999999995,7.291838e-06,122.0,1.3853212311631757
5.4600000000000006e-05,0.6210211999999999,0.05213932,0.03681431,0.9302159,3.634525,2.251769,0.48938630000000005,3.896674,4.09277e-06,164.0,1.0862727248942408
5.4600000000000006e-05,0.7794954000000001,0.02507875,0.01448766,-0.2759259,2.341316,6.175317,0.6881958,4.069333,2.559352e-06,176.0,0.9493632092137365
5.4600000000000006e-05,1.235802,0.02649271,0.01770054,-3.069111,2.7468779999999997,1.462508,1.3737780000000002,1.836134,1.996193e-06,151.0,0.8888196438865186
5.4600000000000006e-05,1.801338,0.1869831,0.19683420000000001,0.7205256999999999,4.38507,5.681369999999999,2.417601,0.8257494000000001,3.1063409999999997e-07,199.0,0.5277158562886543
5.99e-05,0.04833577,0.10256230000000001,0.1259076,-1.940993,0.7800024999999999,0.1132272,0.01062679,1.4766139999999999,3.237792e-06,0.0,1.025137034740898
5.99e-05,0.06760154,0.04056733,0.02470551,1.6126129999999999,3.5709190000000004,2.330727,0.01757653,3.408349,5.359403e-06,15.0,1.200651533926636
5.99e-05,0.11388699999999999,0.04919154,0.04391301,0.8295305000000001,6.077673,5.3387839999999995,0.03843328,4.616527,7.477630000000001e-06,42.0,1.384501576797505
5.99e-05,0.17238789999999998,0.02784414,0.0268836,1.7974560000000002,0.3074865,0.8094011999999999,0.07157413,4.933567,3.158936e-06,73.0,1.0296108477120978
5.99e-05,0.2265991,0.01296341,0.049091300000000004,-0.3330161,4.798483999999999,0.8946997,0.1078654,2.723049,3.879308e-06,93.0,1.0870250943098196
5.99e-05,0.3133017,0.0417668,0.0193329,0.5682949,6.028482,5.965038,0.17536310000000002,5.599972,4.00862e-06,108.0,1.107904893404597
5.99e-05,0.40922529999999996,0.01545749,0.004305053,3.061966,2.369394,1.609912,0.2617804,2.480884,3.1822640000000003e-06,132.0,1.0184149885227036
5.99e-05,0.5149699000000001,0.02947666,0.03754198,2.798728,4.422581,0.509077,0.3695429,5.828768,2.8925990000000002e-06,150.0,0.9964508242953585
5.99e-05,0.6649446,0.03790249,0.0372351,-2.4771799999999997,1.632442,5.812417,0.5422142,0.4029331,3.495623e-06,143.0,1.0617863726444567
5.99e-05,0.8423518,0.01763007,0.01875983,-1.076252,5.639518,4.790267,0.7730918000000001,0.23511089999999998,4.128838e-06,177.0,1.1108799762415154
5.99e-05,1.144236,0.06369117,0.02807857,2.237443,6.1021339999999995,0.8314943000000001,1.223954,4.935441,1.5401499999999998e-06,167.0,0.8559319892740593
6.579999999999999e-05,0.0639165,0.09953777,0.07828834,-0.6202225,4.987861,3.653399,0.01615915,5.425573,3.913791e-06,0.0,1.0930293706361336
6.579999999999999e-05,0.09419564,0.03894237,0.04690327,0.3040702,1.979873,2.94453,0.02890973,0.7102616999999999,5.972689e-06,7.0,1.207607299506118
6.579999999999999e-05,0.1621535,0.02547128,0.07412069,-2.326828,4.426319,1.796527,0.06529584,5.964548000000001,9.397155e-06,39.0,1.5435194226998137
6.579999999999999e-05,0.2993659,0.06144546,0.07406012,1.88674,0.09891425,4.0743089999999995,0.163794,2.191336,5.8025869999999996e-06,72.0,1.2129229435168136
6.579999999999999e-05,0.4863615,0.05203566,0.05551759,0.6004921999999999,2.5027470000000003,5.681525,0.3391809,2.6309310000000004,9.296676999999999e-06,109.0,1.5190508173527495
6.579999999999999e-05,0.8983625,0.1252643,0.0115712,-0.8976681999999999,2.238913,1.6958220000000002,0.8514695,0.4562273,4.076682e-06,133.0,1.1054617885061755
6.579999999999999e-05,1.2557200000000002,0.01129716,0.08732925,-2.3328,5.0257190000000005,5.744063,1.407117,3.053156,2.731743e-06,148.0,0.996118563765359
7.219999999999999e-05,0.05172098,0.02977858,0.06953423,1.997254,3.694483,1.72731,0.01176249,2.361327,3.641535e-06,0.0,1.0473439939363747
7.219999999999999e-05,0.0716813,0.02028212,0.043878,0.5271640000000001,0.4427264,4.353783999999999,0.0191914,3.374394,5.720181e-06,12.0,1.1704781421714465
7.219999999999999e-05,0.09836607,0.07709219,0.07887641,1.113833,3.9003370000000004,2.6228119999999997,0.03085071,3.7937980000000002,3.7131300000000005e-06,39.0,1.0640605018508844
7.219999999999999e-05,0.13636879999999998,0.02533921,0.05878592,2.9735709999999997,6.157012,1.2280010000000001,0.05035799,4.61327,6.157545e-06,45.0,1.2834126487308921
7.219999999999999e-05,0.2048629,0.02927634,0.03596374,0.9339301,2.717611,6.149139,0.09272321,2.531745,5.372758e-06,83.0,1.1983546343798213
7.219999999999999e-05,0.29631740000000006,0.04214057,0.01436637,1.147815,6.243449,3.8571730000000004,0.16129849999999998,2.7798279999999997,5.004087e-06,82.0,1.1574564255588484
7.219999999999999e-05,0.46873400000000004,0.04331063,0.05582485,-1.944364,4.733151,4.987278,0.3209087,2.266387,8.200292e-06,115.0,1.452180438763547
7.219999999999999e-05,0.6688755,0.06423809,0.03423414,0.4759503,6.187382,2.997904,0.5470272,2.677798,3.799262e-06,147.0,1.0706861283236608
7.219999999999999e-05,1.048308,0.03890216,0.02226937,-1.8009,4.469053,2.25141,1.073305,5.833491,5.201203e-06,154.0,1.2002997365973158
7.219999999999999e-05,1.851332,0.26773909999999995,0.09747623,0.7386655,4.9119470000000005,5.975239,2.5189369999999998,0.5700779,2.859057e-07,152.0,0.5190613502995971
7.92e-05,0.04762618,0.002157039,0.0022161389999999998,-0.6438441,6.104858,2.802825,0.01039365,3.622996,1.8690350000000001e-06,0.0,0.8952731588762648
7.92e-05,0.05793609,0.007464736,0.00176204,-0.9275078999999999,4.3627970000000005,2.268539,0.01394513,5.102657,3.716419e-06,2.0,1.0719689635010607
7.92e-05,0.06900703,0.003470664,0.00157949,-1.0033809999999999,5.686022,0.9984735,0.01812752,2.602588,1.574419e-06,21.0,0.848629102035998
7.92e-05,0.07620123,0.01861198,0.001181847,-1.1088799999999999,1.0415709999999998,2.728209,0.02103489,2.807873,2.076247e-06,29.0,0.9084606422345354
7.92e-05,0.09507001,0.009286364,0.0007174680000000001,-3.123127,1.632336,3.8914459999999997,0.02931319,5.367572,3.34835e-06,26.0,1.0502075102801247
7.92e-05,0.1067651,0.007803524,0.0008718183,2.8860580000000002,2.073632,0.6405568,0.03488517,1.978414,1.2832749999999998e-06,39.0,0.8089219124823092
7.92e-05,0.1257018,0.0009387769,0.002077352,2.69664,3.025388,4.8106279999999995,0.04456646,5.3703,4.016163e-06,52.0,1.0933267094204164
7.92e-05,0.1596264,0.00246802,0.0029566590000000004,2.273462,5.359528,1.5273379999999999,0.06377532,0.1784076,2.726597e-06,65.0,0.9936021390952974
7.92e-05,0.18043689999999998,0.004513466,0.002286905,2.1397470000000003,1.392256,2.283919,0.07664476,5.026525,1.46087e-06,82.0,0.8338816705990679
7.92e-05,0.20531939999999999,0.008823544000000001,0.0023654039999999998,1.781971,0.27922270000000005,2.641764,0.09303339999999999,0.5903394000000001,2.40135e-06,86.0,0.9486300086268094
7.92e-05,0.24188220000000002,0.00450317,0.001781859,0.38251940000000006,5.586525,0.1641268,0.1189599,0.4824335999999999,2.874721e-06,73.0,1.0008731121701389
7.92e-05,0.2869433,0.004833291,0.001019969,-1.046663,2.581657,2.9639759999999997,0.1537045,1.438559,2.560215e-06,108.0,0.9569048206025077
7.92e-05,0.3335074,0.0038236990000000003,0.01025176,-0.7139109,4.804105,2.337179,0.19259749999999998,4.522656,6.139674e-07,110.0,0.630259051187804
7.92e-05,0.3766216,0.002911038,0.0009281186999999999,-1.213028,2.348392,4.883872,0.2311272,3.745197,3.982303e-06,106.0,1.1057545863554346
7.92e-05,0.42969079999999993,0.008381654,0.0065006280000000005,-1.622588,6.063712000000001,4.243796,0.2816594,6.082537,9.200164000000001e-07,144.0,0.7240445602585432
7.92e-05,0.5068581,0.003406899,0.001643919,1.070774,2.353081,1.413778,0.36084520000000003,4.266952,3.1387470000000004e-06,135.0,1.0344481934444398
7.92e-05,0.6407811,0.0008066874000000001,0.001139172,-2.170427,1.889736,5.53567,0.5129262,5.815633999999999,4.030324e-06,137.0,1.1109807502952538
7.92e-05,0.7240681,0.01767256,0.02159389,1.887982,1.8810360000000002,3.457107,0.6161099,5.960196,3.8916759999999996e-07,166.0,0.5654346155843452
7.92e-05,0.8133874,0.003463098,0.0010361160000000001,-1.082634,4.057272,4.766928,0.7335595,1.7990400000000002,4.663778e-06,148.0,1.1435481471536395
7.92e-05,1.059849,0.002495218,0.0004343502,2.460709,5.747971,5.403271,1.091083,3.4761349999999998,2.52251e-06,133.0,0.9850592305775456
8.7e-05,0.05676988,0.02850582,0.03749376,-1.497232,4.392753,2.333707,0.01352621,5.690061,3.486714e-06,0.0,1.0547845620113727
8.7e-05,0.07651313,0.02981576,0.04094654,2.4681900000000003,0.9960249,5.02845,0.02116421,1.623845,5.43121e-06,12.0,1.1927355805417856
8.7e-05,0.1074252,0.03622499,0.04407533,-3.0506919999999997,5.413366000000001,5.724647,0.03520917,3.346807,5.583095e-06,31.0,1.2100969937790498
8.7e-05,0.1572063,0.07357596,0.03263634,-1.824399,1.626571,5.880653,0.06233049,6.045627,6.509691e-06,46.0,1.3320146332582916
8.7e-05,0.23379699999999998,0.02002435,0.01555446,1.343696,6.250772,3.7574379999999996,0.1130452,2.471329,7.842096e-06,70.0,1.4004756609912032
8.7e-05,0.3529733,0.0770797,0.02265795,2.559319,2.235636,4.470609,0.2097026,5.904823,3.472511e-06,98.0,1.051561161552057
8.7e-05,0.4273621,0.01950773,0.02262304,1.9778490000000002,3.309096,3.092618,0.279373,4.057633999999999,2.771855e-06,104.0,1.0046807188224438
8.7e-05,0.5695741,0.01769044,0.014906399999999998,-0.45753829999999995,4.083348,1.8181349999999998,0.4298502,4.441301999999999,8.930885e-06,95.0,1.5320178367648272
8.7e-05,0.9104855,0.02416229,0.03035927,-0.05193162,3.3916199999999996,3.941154,0.8687582,0.6295039000000001,5.0273970000000005e-06,133.0,1.2230695378841094
8.7e-05,1.270159,0.08128633,0.0197921,2.6331279999999997,2.971425,2.630836,1.431449,3.284788,1.931361e-06,159.0,0.9000611801898006
9.549999999999999e-05,0.04814995,0.04720057,0.02221879,1.327899,2.188604,3.2543279999999997,0.01056555,5.99507,8.378335e-06,0.0,1.4554488843183664
9.549999999999999e-05,0.0810093,0.01996161,0.01831812,-0.7626363,3.418419,5.010799,0.02305677,2.382787,9.690336e-06,26.0,1.5780253583325172
9.549999999999999e-05,0.1286729,0.04351363,0.06781187,0.3358137,3.922395,5.367854,0.04615569,1.189427,5.7573019999999995e-06,56.0,1.2099740280493105
9.549999999999999e-05,0.1689969,0.03955499,0.01953564,1.266083,5.8079160000000005,3.3502620000000003,0.06947235,2.601204,4.418191e-06,72.0,1.1424640105611532
9.549999999999999e-05,0.23416839999999997,0.02439658,0.04061505,-1.274744,0.8923234,3.029316,0.1133144,3.399087,6.254352e-06,82.0,1.2753977028643317
9.549999999999999e-05,0.3281801,0.07847307,0.04653547,-2.975311,0.1223805,5.139596,0.18800079999999997,1.86211,5.5182410000000005e-06,101.0,1.2287777794011308
9.549999999999999e-05,0.43766819999999995,0.06324366,0.01728265,2.597672,2.966314,3.2939220000000002,0.2895382,3.921143,5.101014e-06,125.0,1.1649239572914802
9.549999999999999e-05,0.630787,0.03750226,0.01851687,1.061018,1.617744,0.905964,0.5009720999999999,4.437657,8.574618e-06,124.0,1.4510535116492749
9.549999999999999e-05,0.9128594000000001,0.01896143,0.03255358,-1.671546,5.3417129999999995,0.1555915,0.8721530999999999,2.7821290000000003,4.1218300000000005e-06,161.0,1.0983490621283232
9.549999999999999e-05,1.167146,0.02733079,0.03501509,2.654776,4.5344169999999995,1.4535959999999999,1.260885,0.5768960999999999,2.346199e-06,158.0,0.9306827173715362
0.0001048,0.05051227,0.03357079,0.012127200000000001,2.819337,5.566345,0.6945216,0.01135256,4.808552,6.344941e-06,0.0,1.2981831774889385
0.0001048,0.07184625,0.04362954,0.003962297,0.15497470000000002,0.5709810000000001,6.2702860000000005,0.01925766,5.483140000000001,5.882071999999999e-06,16.0,1.2632828542452232
0.0001048,0.1052828,0.005474555999999999,0.02009253,-0.06698221,1.474759,1.892439,0.03416111,0.489795,8.397813e-06,35.0,1.4452776754069654
0.0001048,0.1561495,0.02388268,0.00862913,2.829328,5.832625,1.5559049999999999,0.06170281,5.424589,5.889777e-06,49.0,1.2101055851855755
0.0001048,0.1942424,0.02718029,0.0021167910000000002,1.5962290000000001,1.782142,2.073099,0.08560703,4.925009999999999,3.5178199999999997e-06,70.0,1.0615754510557998
0.0001048,0.25487329999999997,0.04068601,0.007234084,-2.554152,3.204508,1.82253,0.12867060000000002,1.2486,3.4875369999999996e-06,71.0,1.050801632442762
0.0001048,0.3094697,0.02211489,0.02672704,-1.236905,4.8590919999999995,3.6009290000000003,0.1721547,6.260961,5.254413e-06,89.0,1.2090441205494735
0.0001048,0.4055592,0.0019232729999999999,0.01068358,2.690861,2.8923669999999997,5.366795,0.2582679,6.065923000000001,5.405962e-06,118.0,1.1966510720422296
0.0001048,0.5351479,0.0116042,0.0034483659999999996,2.874917,0.2533433,1.020282,0.39147220000000005,4.155416000000001,6.320996e-06,115.0,1.299484820845961
0.0001048,0.6537289000000001,0.01200285,0.007266074,0.6057772,0.04233603,3.271291,0.5285468000000001,2.63492,2.69586e-06,136.0,0.9704695082012069
0.0001048,0.8628806999999998,0.004896434,0.01872094,1.339807,3.8834800000000005,2.423387,0.8015204,3.480024,2.724484e-06,127.0,0.9987655498565713
0.0001048,0.9737433000000001,0.002708315,0.004673644,-2.825417,5.812165,2.717483,0.9608471,6.012474,4.2108390000000004e-06,135.0,1.1309999203762322
0.0001048,1.252993,0.02086533,0.004410379,-0.364697,0.27985590000000005,0.8245326999999999,1.4025219999999998,0.9428337999999999,1.017484e-06,144.0,0.7482447658513725
0.00011499999999999999,0.05947933,0.05095549,0.02974773,-1.211387,4.039203,1.085995,0.01450601,4.442179,4.968773e-06,0.0,1.129151691878787
0.00011499999999999999,0.07657875,0.01283858,0.007003586,1.689501,1.010525,0.7047924,0.02119143,4.264709,4.534993e-06,6.0,1.1104927909129572
0.00011499999999999999,0.1023659,0.04199309,0.03719329,-2.5854470000000003,1.3186309999999999,5.024051999999999,0.03275139,0.008363044,6.6848969999999994e-06,22.0,1.2361390836657837
0.00011499999999999999,0.1404289,0.02671013,0.01897722,-2.851089,2.367197,6.274796,0.05262352,0.5007020000000001,7.1983749999999995e-06,43.0,1.4702125431329522
0.00011499999999999999,0.2218639,0.03156084,0.01300767,1.760505,3.6342440000000003,3.838515,0.10450160000000001,4.663842,9.956838e-06,59.0,1.6102073513282578
0.00011499999999999999,0.3707897,0.02621257,0.04743579,1.374823,5.069561,3.394016,0.2257783,3.228193,9.413331e-06,84.0,1.5482491742081468
0.00011499999999999999,0.5151786,0.03046889,0.003764874,-1.243355,0.8101166,4.1477580000000005,0.3697654,4.520919999999999,5.303903e-06,86.0,1.2078673729526375
0.00011499999999999999,0.7266885000000001,0.0388761,0.02955188,-0.42343159999999996,5.007686,0.43846579999999996,0.6194563,2.201286,6.091521e-06,118.0,1.2717279685213492
0.00011499999999999999,0.9933388000000001,0.015180500000000001,0.03095859,-2.12597,4.058705000000001,2.6886,0.9899950999999999,0.77698,6.144062e-06,126.0,1.2432717739051466
0.00011499999999999999,1.5948280000000001,0.279665,0.053283500000000004,0.7799921999999999,3.8404809999999996,6.021771,2.013991,1.956884,5.274031e-07,133.0,0.6278958149945972
0.0001262,0.05370231,0.05225183,0.07195492,0.4893949000000001,2.357802,2.777882,0.01244478,6.20613,1.050481e-05,0.0,1.6659012858354894
0.0001262,0.1019345,0.06116474,0.04413127,-1.302567,4.8091870000000005,0.3045753,0.03254437,3.088006,1.60679e-05,24.0,2.1769791318663634
0.0001262,0.1940448,0.06824546,0.008618411999999999,0.6112885,0.5170955,3.853614,0.08547577,2.776405,1.029143e-05,67.0,1.6607985960176244
0.0001262,0.289486,0.06840446,0.07934915,2.03742,5.168186,0.5515247,0.155752,5.858452,8.600389e-06,65.0,1.468007220776396
0.0001262,0.4885710999999999,0.04525168,0.01473154,-2.868009,4.471398000000001,1.151515,0.3414908,5.78969,1.2687219999999999e-05,103.0,1.6562293459260664
0.0001262,0.9108183000000001,0.03591738,0.03691922,-2.408912,0.9607118,1.906023,0.8692271,3.339703,8.133053e-06,108.0,1.4352536523207162
0.0001262,1.441633,0.04894803,0.05354765,-0.4763541,0.01616333,3.513413,1.730882,3.9041550000000003,2.195257e-06,154.0,0.9239229287408104
0.0001262,2.0496209999999997,0.23617190000000002,0.13287939999999998,0.39561890000000005,3.4060629999999996,3.330202,2.934238,5.526123999999999,7.241381e-07,155.0,0.678756775900743
0.0001385,0.04900478,0.0744738,0.0225755,1.7989119999999998,1.455516,2.590107,0.01084818,5.51996,4.232695e-06,0.0,1.1221251829890067
0.0001385,0.06578073,0.03914706,0.0204711,2.520171,5.672707,2.497211,0.01687119,0.63274,6.772312e-06,9.0,1.3090668374750343
0.0001385,0.09437630000000001,0.01858185,0.01578237,1.58641,3.909819,1.752154,0.02899278,2.559773,9.735199e-06,26.0,1.480193722529674
0.0001385,0.1420915,0.0277368,0.01594769,1.011967,0.6888677,1.477219,0.05356074,6.046838,5.925774e-06,45.0,1.2538948268267955
0.0001385,0.1871056,0.03278372,0.01683401,0.5442236,5.249473,1.303666,0.0809322,1.8564919999999998,6.331715e-06,65.0,1.3012255406667383
0.0001385,0.2464187,0.0068693059999999995,0.006208595999999999,2.407481,1.622718,1.0044680000000001,0.12232160000000002,3.25588,7.437573e-06,60.0,1.3521262473025148
0.0001385,0.3426872,0.01480026,0.006393662,-1.455889,5.970865,1.1842700000000002,0.2006024,2.957945,8.464305e-06,80.0,1.4478964352530053
0.0001385,0.5071926999999999,0.03307916,0.01064616,-0.9448181,3.552745,2.310345,0.3611998,5.965409999999999,6.660234000000001e-06,103.0,1.2980242722848927
0.0001385,0.6229631,0.01725792,0.01599543,-1.251854,3.608596,3.41126,0.4916768,1.084854,6.337519e-06,124.0,1.2876501266915739
0.0001385,0.8476991,0.03285379,0.005688611999999999,2.0390770000000003,2.127537,0.6517261,0.7804533,2.7913740000000002,6.588696e-06,134.0,1.277405708144184
0.0001385,1.123235,0.08580328,0.03341666,-2.389337,3.463325,2.1398610000000002,1.190397,1.2236040000000001,1.760422e-06,128.0,0.8515722084388557
0.0001385,1.426455,0.08469952,0.01117407,-0.8318545,1.500192,0.9598597,1.703628,0.34564870000000003,1.703364e-06,110.0,0.8777600798084548
0.000152,0.04972838,0.14955539999999998,0.01149617,2.544521,4.786121,1.426872,0.01108935,0.5128327,2.2171190000000002e-06,0.0,0.9053970835478401
0.000152,0.0688446,0.01999974,0.01220058,-2.2068220000000003,1.960084,0.12409360000000001,0.01806351,0.38567229999999997,9.755323e-06,5.0,1.6303598038258476
0.000152,0.1025425,0.02886645,0.02524615,2.360098,0.9545836999999999,3.174977,0.03283611,6.135145,6.651355999999999e-06,27.0,1.3270250017882332
0.000152,0.1390731,0.05864101,0.029711599999999998,0.33805409999999997,2.748319,2.903296,0.05186316,6.077106,7.094781000000001e-06,38.0,1.2945823635925193
0.000152,0.1902283,0.08803036,0.01168583,-2.520962,1.285714,2.8208830000000003,0.08296701,3.9258040000000003,7.98153e-06,51.0,1.4744857227553427
0.000152,0.26918790000000004,0.03120324,0.01395503,0.2683159,3.462285,6.238055999999999,0.13966070000000003,2.543295,7.534442e-06,68.0,1.3809133535261346
0.000152,0.3584872,0.02048142,0.00623898,-0.48670340000000006,4.828194,0.4042166,0.2146347,2.374654,7.096757e-06,89.0,1.3326458968305988
0.000152,0.5291459,0.01872621,0.01286635,-2.1697740000000003,0.03939146,3.2505349999999997,0.3849019,5.351099,1.197345e-05,107.0,1.8731387217912634
0.000152,0.7585890000000001,0.03781218,0.01176613,1.060568,0.832716,5.1143220000000005,0.6606865,3.215307,5.922534e-06,115.0,1.2130337739013566
0.000152,1.0923530000000001,0.01379955,0.003924108,2.422615,4.772595,5.766523,1.1416389999999998,4.827114,7.156115e-06,129.0,1.3629204561752584
0.00016680000000000002,0.05994329,0.08984025,0.02294953,2.542518,5.045111,5.857872,0.01467604,4.379986,8.826217e-06,0.0,1.4871033527195636
0.00016680000000000002,0.11342650000000001,0.04832832,0.01843815,-0.1142827,4.044594999999999,5.217585,0.03820028,1.381524,1.625882e-05,19.0,2.046856036226903
0.00016680000000000002,0.21216929999999998,0.09429706,0.015954399999999997,-1.906223,1.1122290000000001,0.5696460999999999,0.09772709,1.551666,1.5794279999999997e-05,49.0,2.0727239522087437
0.00016680000000000002,0.3777096,0.07790071,0.03528757,-1.387521,0.5907723000000001,4.906496,0.23212739999999998,5.610464,8.49126e-06,61.0,1.5321806876815391
0.00016680000000000002,0.5285231,0.09773806,0.02967492,0.9441746999999999,3.6277269999999997,4.614292,0.3842217,0.05181786,1.5464570000000002e-05,74.0,2.0679720188747304
0.00016680000000000002,0.9164222,0.11578540000000001,0.03878503,2.225348,3.9546339999999995,3.43569,0.8772595999999999,3.4599620000000004,5.49357e-06,94.0,1.2201802495909493
0.00016680000000000002,1.442115,0.06976235,0.03698681,-2.208167,3.2618270000000003,4.800381,1.731744,3.6727410000000003,4.355773e-06,118.0,1.1329576301892756
0.0001831,0.05875417,0.0005528322,0.0009626383,-0.3715828,2.815298,1.3326280000000001,0.01424155,5.171107,3.8932569999999995e-06,0.0,1.0670290626015704
0.0001831,0.07231887,0.001054891,0.0009379575,-0.4017966,4.128586,4.114755000000001,0.01944804,0.38876479999999997,3.8932569999999995e-06,8.0,1.0900090235355708
0.0001831,0.09051765,0.0009994414,0.0009019528,-0.4493805,4.986041,3.117824,0.02723307,4.862372,7.299856e-06,16.0,1.3632875438937777
0.0001831,0.11629,0.0010115060000000001,0.0008321860000000001,-0.5659759,4.00628,4.092581,0.03965603,0.6535063,5.839885e-06,30.0,1.2175943881777878
0.0001831,0.15322729999999998,0.000631332,0.0007077619,-0.9919880999999999,0.43104709999999996,5.727769,0.05997888,0.005531768,5.353228000000001e-06,38.0,1.226377513304079
0.0001831,0.18668010000000002,0.001289488,0.000669043,-1.391356,5.608117,6.217756,0.0806567,2.0033380000000003,4.866571e-06,45.0,1.1548587540585527
0.0001831,0.2303215,0.001042265,0.0007111012,-2.024816,0.7975939999999999,1.558128,0.1105335,2.786075,5.5075540000000004e-06,61.0,1.2093964805873316
0.0001831,0.2842828,0.00167024,0.0009458998,-2.8741380000000003,2.940715,5.516324,0.15157089999999998,5.447272,3.8932569999999995e-06,69.0,1.0831873939997276
0.0001831,0.3270074,0.001516937,0.001070718,3.125021,2.079697,0.9599247,0.1869938,2.041098,5.473258e-06,67.0,1.2288879651662499
0.0001831,0.4180589,0.0022851489999999998,0.001612441,1.999437,1.564932,4.733554,0.27029840000000005,1.1733959999999999,5.786473e-06,83.0,1.1992276795301038
0.0001831,0.5166667,0.0003734486,0.001180153,-0.8064693000000001,2.66629,4.710134,0.37136540000000007,2.850527,7.557423e-06,102.0,1.4085624210952634
0.0001831,0.6248581,0.0037668,0.001489974,1.4024809999999999,4.314087000000001,4.996935,0.4939203,5.55857,2.471019e-06,112.0,0.9660614053125901
0.0001831,0.7143491999999999,0.00218363,0.001435125,-3.04205,4.798547,5.20794,0.6037389,3.4501150000000003,9.174065000000001e-07,122.0,0.7340698738887849
0.0001831,0.8313822,0.0013419089999999999,0.0004900225,0.1103175,2.119137,3.645853,0.7580268,1.419051,5.953232e-06,120.0,1.2579973181303004
0.0001831,1.0209700000000002,0.002313495,0.0008133543,2.8994150000000003,0.4214144,3.7675120000000004,1.031592,0.4486871,6.583597e-06,78.0,1.3608162269966835
0.0001831,1.187843,0.0026843390000000004,0.001275646,0.9766763,5.959017,2.336276,1.294565,1.6891,1.7641390000000002e-06,111.0,0.8688379713523736
0.00020089999999999998,0.07212305,0.09624943,0.02234686,-2.633689,2.761631,5.497618,0.01936904,5.205976000000001,1.37654e-05,0.0,1.9517004825812387
0.00020089999999999998,0.12626769999999998,0.02440537,0.06426414,2.931066,3.4794080000000003,1.506299,0.04486764,1.427188,9.686762e-06,17.0,1.552832148036856
0.00020089999999999998,0.1914797,0.03158003,0.007086940999999999,0.42536890000000005,5.729418,4.079916000000001,0.08378685,4.154072,1.392079e-05,44.0,2.016647463384624
0.00020089999999999998,0.2954854,0.06644296,0.02503381,-2.5420599999999998,6.222574,4.020276,0.160618,0.3877778,8.183481e-06,55.0,1.4206619671957434
0.00020089999999999998,0.40872270000000005,0.02627452,0.06043643,2.3836779999999997,2.657178,1.385052,0.26129539999999996,2.652505,7.444059e-06,76.0,1.4064578736508961
0.00020089999999999998,0.5675697,0.06515268,0.02999474,0.4242189,1.9219389999999998,5.552193,0.4275766,3.198276,1.097307e-05,93.0,1.7217067952512515
0.00020089999999999998,0.8025340999999999,0.06980277,0.01599074,2.4641759999999997,3.586021,2.620247,0.7189158,2.889855,1.091162e-05,100.0,1.6652647921104693
0.00020089999999999998,1.319494,0.02439432,0.1121096,-0.6789682,2.570665,5.149099,1.51565,3.2519310000000003,4.448215e-06,90.0,1.1224785337758418
0.00022050000000000002,0.05685814,0.05821408,0.08184893,-3.009306,3.0723979999999997,4.5737309999999995,0.01355772,4.398448,1.068211e-05,0.0,1.7254161123529477
0.00022050000000000002,0.095108,0.05998988,0.029618400000000003,0.12063389999999999,3.354711,1.396967,0.02933057,4.103818,1.2818530000000001e-05,20.0,1.8024811920237838
0.00022050000000000002,0.157475,0.04073474,0.04546504,-0.6966690999999999,5.581812,2.540787,0.06248975,3.8825790000000002,1.6077190000000002e-05,41.0,2.2008167770380496
0.00022050000000000002,0.2604767,0.06386623,0.01223438,1.531174,0.9735154,5.382986,0.1329362,2.909151,6.775825e-06,47.0,1.2933625179106913
0.00022050000000000002,0.38566079999999997,0.04877530000000001,0.05135991,-2.975221,4.152507,2.735479,0.2394938,1.6556560000000002,1.751627e-05,78.0,2.3371415872348544
0.00022050000000000002,0.6878529999999999,0.07694317,0.050725099999999995,1.860054,1.233869,2.522404,0.5704618,5.621254,1.3874639999999999e-05,86.0,1.9973763612329902
0.00022050000000000002,1.193495,0.05779037,0.0799128,-0.2674494,4.705189,6.096153,1.3038040000000002,1.7725790000000001,8.160870999999999e-06,119.0,1.4235606595900347
0.00022050000000000002,3.6948,0.6733313,0.1802362,-2.317997,4.719608,5.483791,7.101814999999999,3.125902,6.340416e-07,101.0,0.6505733288989857
0.000242,0.06191014,0.02719323,0.02371619,1.539279,1.7038349999999998,1.7706220000000001,0.01540424,4.7564150000000005,1.1190750000000001e-05,0.0,1.7572247489815913
0.000242,0.09205416,0.02456313,0.08046244,2.607698,4.776553,5.6114180000000005,0.02792938,4.462539,6.154910999999999e-06,20.0,1.2688244341216417
0.000242,0.12154780000000001,0.05610863,0.01336126,-2.75463,3.3125989999999996,3.769115,0.04237552,3.203859,9.512134999999999e-06,29.0,1.630459243920432
0.000242,0.1844684,0.02444375,0.005563169000000001,1.511203,4.384303,3.053428,0.07922728,3.427093,1.0631210000000002e-05,44.0,1.5409011235987289
0.000242,0.2565573,0.04976657,0.006685121,-0.7921066,5.922191000000001,0.2141675,0.1299471,1.4658280000000001,7.872324e-06,64.0,1.3905700254741653
0.000242,0.3481106,0.03717365,0.01069543,-0.5304404,5.825556,2.6218150000000002,0.20538270000000003,3.577671,1.060083e-05,71.0,1.6496734271395281
0.000242,0.48454709999999995,0.03341669,0.02072113,-0.7231913000000001,3.007422,5.839017,0.3372792,3.528944,6.594189e-06,91.0,1.2774779147243742
0.000242,0.6742090000000001,0.01206566,0.01550045,-0.3552131,4.1944989999999995,2.108452,0.5535717,4.528588,1.5959639999999998e-05,100.0,2.1580066484898066
0.000242,0.8597949,0.07360653,0.03498699,1.7087189999999999,3.599329,1.787859,0.7972113000000001,2.813091,2.589807e-06,125.0,0.9536728446396572
0.000242,1.111656,0.02913813,0.03922062,-0.8947870000000001,5.048333,0.4104265,1.17204,2.572077,4.030079e-06,84.0,1.09195832625291
0.000242,1.340538,0.08472183,0.09507416,2.642766,5.468382,4.4710849999999995,1.552032,2.717149,1.190739e-06,123.0,0.7637334788776694
0.000242,1.6557950000000001,0.05348698,0.15172070000000001,2.999414,1.7952400000000002,1.7076930000000001,2.1305490000000002,3.19075,7.704906e-07,103.0,0.6984770384373888
0.0002656,0.07507205,0.1972464,0.09499258,-1.333369,4.027929,5.904666000000001,0.02056897,3.18846,2.2861030000000002e-05,0.0,2.619758617999473
0.0002656,0.1855795,0.149347,0.03157351,-2.675799,5.227329,5.690874,0.0799437,3.139909,2.6106220000000002e-05,38.0,2.76557004130438
0.0002656,0.48079540000000004,0.146637,0.10475889999999999,2.727032,4.832643,4.657664,0.3333689,3.3221809999999996,2.2034e-05,74.0,2.5950605292750097
0.0002656,0.806067,0.13239800000000002,0.08455524,-0.7148633000000001,2.85249,2.297269,0.723668,0.20985570000000003,8.727561e-06,75.0,1.4106527144303038
0.0002656,1.506692,0.3352927,0.13808810000000002,0.03970923,4.693802,6.188336,1.849346,2.1055330000000003,6.621619e-06,96.0,1.3075206840980034
0.0002656,2.714547,0.5186682,0.269013,1.14129,2.566024,2.9705880000000002,4.4722599999999995,4.492955,1.0844899999999999e-06,113.0,0.7672457504244907
0.0002656,2.876965,0.609561,0.05627003,2.4628970000000003,4.44926,4.345376,4.879582,3.320387,1.3076660000000001e-06,121.0,0.7928621069410778
0.00031989999999999997,0.04310243,0.06564767,0.0060099540000000005,-2.0031380000000003,0.6403728,0.8088761,0.008948511999999999,2.2749490000000003,8.363316e-06,0.0,1.435038574316223
0.00031989999999999997,0.06614931,0.03071917,0.02393331,-2.1580529999999998,0.1841245,4.281384,0.01701308,6.253531,1.479664e-05,13.0,2.0065131081575265
0.00031989999999999997,0.09907747,0.09196141,0.01648454,-1.785305,5.4524029999999994,1.718476,0.03118571,4.171302,7.719984e-06,35.0,1.4586841087435536
0.00031989999999999997,0.1450514,0.02398259,0.01857731,-3.033423,2.082594,3.5434900000000003,0.05524248,4.4478089999999995,1.4153299999999999e-05,47.0,1.9232723961523193
0.00031989999999999997,0.20744,0.01259613,0.01455429,-0.05095203,1.409074,4.163082,0.09447721,2.81316,8.363316e-06,68.0,1.6151200901127098
0.00031989999999999997,0.309823,0.0003818343,0.01168477,-2.892577,1.216607,5.223346,0.1724457,0.6165724,1.618981e-05,86.0,2.2766855718279366
0.00031989999999999997,0.42880340000000006,0.01839234,0.03194473,-0.49431800000000004,2.368843,2.2425490000000003,0.280781,0.3815473,6.527542999999999e-06,114.0,1.3677332540006524
0.00031989999999999997,0.5794836999999999,0.03211467,0.02368914,1.107739,3.444524,5.915067,0.4411104,1.426131,1.372816e-05,83.0,1.9165610135218252
0.00031989999999999997,0.8868978000000001,0.04138842,0.01393291,-1.82785,4.029271,6.250709,0.8351959000000001,3.98611,8.01007e-06,126.0,1.4943947510129234
0.00031989999999999997,1.1587,0.09976173,0.02420373,3.0952509999999998,2.746953,1.0105950000000001,1.2472,1.6513259999999998,3.4335879999999997e-06,123.0,1.0738987504571775
0.00031989999999999997,1.535216,0.03814745,0.04122926,0.9493322,0.1021833,5.108536,1.902091,3.998276,3.024284e-06,134.0,1.0002865417737463
0.0003511,0.0606549,0.14838099999999999,0.139494,-1.8956119999999999,3.733482,4.914944,0.01493811,3.0932049999999998,1.4827220000000002e-05,0.0,2.0007083838611903
0.0003511,0.1069521,0.139194,0.14454779999999998,2.395969,4.686039,4.0651269999999995,0.03497662,3.236801,1.34793e-05,21.0,1.951633022912675
0.0003511,0.18856470000000003,0.188584,0.06991824,-1.374493,4.624716,6.25266,0.08188039999999999,3.0447889999999997,2.099941e-05,32.0,2.5032653322071776
0.0003511,0.338522,0.06317746,0.04696513,0.9787860999999999,5.149637,6.282721,0.1969547,0.1753527,1.5342879999999997e-05,47.0,2.058842435980469
0.0003511,0.5026102,0.08581142,0.08992997,1.7531619999999999,4.159179,1.8212080000000002,0.3563091,2.3230169999999997,1.114366e-05,88.0,1.7199855098605976
0.0003511,0.7768678000000001,0.05998566,0.00430377,0.45377259999999997,3.042015,5.796026,0.6847043,2.385316,1.650119e-05,87.0,2.116946824834124
0.0003511,1.338116,0.02213558,0.03874411,-0.6819548000000001,6.1523959999999995,1.796671,1.547814,2.631353,6.2384e-06,114.0,1.243019070530365
0.0003511,2.3650349999999998,0.42295459999999996,0.21786309999999998,-1.0842450000000001,4.075288,1.5513350000000001,3.63694,4.039166000000001,9.428899e-07,98.0,0.7387439666578415
0.0003854,0.04717945,0.0316008,0.01936468,-0.42571729999999997,0.5191643,1.3956879999999998,0.0102477,1.363783,1.270901e-05,0.0,1.8284324269816277
0.0003854,0.07608926,0.05683245,0.03028696,1.558856,2.664352,4.237954,0.02098837,0.01654986,1.6239289999999998e-05,18.0,2.0071242084066268
0.0003854,0.11413310000000002,0.06428727,0.05688335,0.8407718000000001,0.1693419,5.828943,0.03855753,4.690237000000001,7.766617e-06,39.0,1.3756444783720994
0.0003854,0.1654342,0.02474506,0.02906162,-2.693954,0.2641829,0.644333,0.06728637,3.077341,1.270901e-05,46.0,1.860341104454753
0.0003854,0.2467862,0.00633368,0.01025594,-1.946906,2.65616,1.1974209999999998,0.1225935,0.4941505,1.4233270000000003e-05,69.0,1.9765912013399884
0.0003854,0.3544761,0.01590759,0.002132785,2.273062,3.008782,0.8064180000000001,0.2110397,1.8385369999999999,1.0452850000000001e-05,86.0,1.6905021048992783
0.0003854,0.4997521,0.01368869,0.005106863,-0.32555320000000004,2.849548,5.989764,0.35327470000000005,3.457188,8.247627e-06,98.0,1.4684727314664814
0.0003854,0.6442416,0.02040023,0.0058986080000000005,2.114015,5.634203,2.960744,0.5170720999999999,1.536464,1.2037650000000002e-05,101.0,1.763628939669014
0.0003854,0.7951826999999999,0.01649946,0.01393757,-1.578718,5.401389,5.996025,0.7090491999999999,2.200224,9.059041e-06,112.0,1.4502352224423336
0.0003854,1.02865,0.006210505,0.005671158000000001,-0.8563879000000001,4.579098999999999,2.8454099999999998,1.043239,5.396284,4.794685e-06,92.0,1.1766983597370568
0.0003854,1.422558,0.01954916,0.006081348,0.7643418000000001,0.05040577,3.25624,1.696634,2.466218,2.302806e-06,89.0,0.9396151679290041
0.00042290000000000003,0.05101135,0.04594274,0.1629226,1.3562040000000002,1.371751,0.02902584,0.01152119,3.546851,1.3314160000000001e-05,0.0,1.939509209601963
0.00042290000000000003,0.10746880000000002,0.11938010000000002,0.01860522,1.8477700000000001,3.155035,3.184816,0.03523019,4.243676,2.514897e-05,15.0,2.859942215403768
0.00042290000000000003,0.195963,0.09348698,0.03083602,-2.079255,4.057832,5.552363,0.08674592,3.5030650000000003,1.701254e-05,45.0,2.215806327455552
0.00042290000000000003,0.34970009999999996,0.01206796,0.05167158,0.1625282,5.234277,3.6761199999999996,0.2067884,4.53869,2.4719179999999997e-05,67.0,2.6932432772714865
0.00042290000000000003,0.6745296,0.008714258,0.09490058,-3.0198970000000003,0.1169606,1.597011,0.5539625,4.48295,1.7263829999999998e-05,88.0,2.3224444209432793
0.00042290000000000003,1.162733,0.1218673,0.11689389999999998,1.0946120000000001,2.018581,4.853777,1.2537120000000002,1.9726869999999999,4.937905e-06,100.0,1.1721423692861501
0.00042290000000000003,1.7398470000000001,0.08081185,0.104681,-1.210547,0.9382254999999999,1.285535,2.294791,1.718978,5.731619e-06,109.0,1.2180548051545013
0.00046419999999999995,0.05397078,0.0003879518,4.2929829999999993e-07,2.279709,4.803052,1.0058129999999998,0.01253825,0.2063964,5.42427e-06,0.0,1.1659407242616844
0.00046419999999999995,0.08332978,4.140823e-05,3.984494e-07,2.27515,1.7006029999999999,5.575635,0.02405441,1.599964,2.092218e-05,1.0,2.644864830414509
0.00046419999999999995,0.15971470000000001,0.000191385,1.7568210000000002e-07,1.700495,0.9769359000000001,5.8678930000000005,0.06382742,3.190444,1.984756e-05,29.0,2.595812941306792
0.00046419999999999995,0.23601420000000004,0.0002134737,3.0647159999999994e-07,-0.521903,2.205382,3.1222540000000003,0.11465550000000001,1.439198,5.42427e-06,62.0,1.196824415391775
0.00046419999999999995,0.2983623,0.00044842559999999995,6.650660999999999e-07,-0.8006154000000001,2.955393,3.4847669999999997,0.16296889999999997,1.33086,5.541613e-06,57.0,1.2084054681490572
0.00046419999999999995,0.36750570000000005,3.8581220000000004e-05,7.742870000000001e-07,-0.8504837,4.716785,4.40644,0.2227825,0.5401791,1.147907e-05,64.0,1.725076450079722
0.00046419999999999995,0.42823320000000004,0.0018729320000000001,5.919344000000001e-07,-0.8928315,5.6661410000000005,1.465011,0.28021940000000006,2.975507,1.48333e-06,105.0,0.8026253031852426
0.00046419999999999995,0.5578741999999999,0.00033988629999999996,7.542401999999999e-07,2.782301,6.242019,3.4379480000000004,0.4166648,0.6972491999999999,1.220122e-05,75.0,1.8180418349732181
0.00046419999999999995,0.7804787,0.000203926,5.270463e-07,1.099889,1.258602,1.728064,0.6894778,5.652517,1.744655e-05,81.0,2.0907932552781507
0.00046419999999999995,0.9594881,0.002359931,5.025736e-06,-1.611054,5.9616739999999995,0.5843713,0.9398019,2.51969,1.826355e-06,113.0,0.8787401874047666
0.00046419999999999995,1.0637940000000001,0.0032217490000000003,2.028146e-06,1.763691,5.915316000000001,1.127166,1.097143,6.0128129999999995,1.731474e-06,111.0,0.8593429264996928
0.00046419999999999995,1.2024489999999999,0.0011482489999999998,1.8371389999999998e-07,0.003540933,3.939223,2.185936,1.318494,4.524101,3.121673e-06,101.0,1.038985599954355
0.0005093999999999999,0.05831445,0.0303068,0.09611130000000001,1.447583,3.947025,0.24182060000000002,0.01408181,1.1860979999999999,2.597737e-05,0.0,2.8581802899605475
0.0005093999999999999,0.12416660000000002,0.05918196,0.0776008,-1.503995,1.1934719999999999,2.613867,0.04375193,2.948173,1.948303e-05,27.0,2.617370198160098
0.0005093999999999999,0.19546229999999998,0.07742273,0.06806898,1.583992,2.281086,0.5622571,0.08641349,3.003045,1.4612279999999998e-05,54.0,2.1176604860181256
0.0005093999999999999,0.3252696,0.03584585,0.0071348390000000005,-0.5404331,4.950753,3.490819,0.1855017,5.305112,2.022831e-05,68.0,2.4436382086293063
0.0005093999999999999,0.5023397,0.008498571,0.02683478,0.8506123,4.640475,3.6526050000000003,0.3560189,4.428358,1.765669e-05,91.0,2.440714846219132
0.0005093999999999999,0.8103475,0.04601431,0.011696,-2.579591,4.937993,0.9157896000000001,0.7294258000000001,4.748752,1.2376389999999998e-05,103.0,1.8419482165151788
0.0005093999999999999,1.177055,0.1114296,0.09232188,-1.888942,0.02373745,4.599288,1.276959,0.22780679999999998,4.466052e-06,81.0,1.1249138548189035
0.0005093999999999999,1.6895900000000001,0.03009393,0.05002507,-2.161507,5.201157,0.6697068,2.196104,3.872386,4.180964e-06,86.0,1.0982906506428978
0.0005591,0.05266922,0.0009146136,0.0001979505,-2.031157,3.510836,1.041044,0.01208743,5.843772,1.7008940000000001e-06,1.0,0.8637501565654243
0.0005591,0.06163276,0.001212128,0.00019792119999999998,-2.0237580000000004,5.036630000000001,1.4525489999999999,0.01530088,4.720438,5.102681999999999e-06,0.0,1.1653182811508387
0.0005591,0.07305968,0.0012155430000000001,0.0001964791,-2.023027,4.843756,1.811561,0.01974758,5.271957,5.953129e-06,8.0,1.2787697708758905
0.0005591,0.09669269,0.0008713075,0.0001940367,-2.0124400000000002,1.549333,4.121344000000001,0.03006663,4.5827230000000005,1.3607149999999999e-05,13.0,2.039155335436324
0.0005591,0.1373345,0.0003935296,0.000194348,-1.934496,4.877051,0.6972081,0.05089339,4.037225,1.105581e-05,26.0,1.7109155213814744
0.0005591,0.1936827,0.00041352010000000005,0.0001860513,-1.847522,4.192444999999999,1.381418,0.08523669,5.319001,7.654023999999999e-06,41.0,1.3608488784912403
0.0005591,0.2278433,0.0006133719,0.0001805437,-1.8286959999999999,5.845166000000001,0.29685500000000004,0.1087529,2.5642400000000003,9.354918e-06,53.0,1.5411565624398151
0.0005591,0.2722255,0.00209569,0.0001665005,-1.8046419999999999,3.304625,3.9652300000000005,0.1420263,2.467866,3.855507e-06,106.0,1.049264594648674
0.0005591,0.33074699999999996,0.001458823,0.0001316363,-1.7207240000000001,5.764932,3.294907,0.1902078,5.531895,9.387578e-06,66.0,1.6669194148258226
0.0005591,0.39417379999999996,0.0004149069,0.0001048911,-1.613628,5.255257,3.2007529999999997,0.2474686,5.8419550000000005,8.340889e-06,51.0,1.3152086594545473
0.0005591,0.5261022,0.0001493482,0.0002229893,0.3972115,0.6961550999999999,0.1003423,0.3815766,5.289911,4.621742e-06,97.0,1.1611438027846357
0.0005591,0.6479600999999999,0.001133759,0.00040892580000000003,0.5230003,2.724945,3.577236,0.52156,0.3300247,1.0505739999999998e-05,79.0,1.6666530383367137
0.0005591,0.8575359,0.0006006548,0.0004116593,0.5156735,5.799555000000001,1.429942,0.7940649000000001,1.399082,1.736622e-05,95.0,2.1978543843532234
0.0005591,1.1399620000000001,0.01835845,0.007238741,-3.038239,4.247394,3.886835,1.217082,2.693778,9.015286000000001e-07,75.0,0.7287863004036419
0.0005591,1.382724,0.004938587,0.0006970618,-0.06584988,3.9041980000000005,0.457397,1.625866,2.904562,2.7529880000000002e-06,93.0,0.9694518128728677
0.0006136000000000001,0.06812182,0.0940244,0.05204084,-0.5624348000000001,4.972182,2.140962,0.01777964,3.880866,2.9401079999999997e-05,0.0,3.2541841195974675
0.0006136000000000001,0.1739175,0.05429884,0.08071938,-1.4978770000000001,5.7710099999999995,5.578596,0.07252731,1.411956,3.2213709999999993e-05,32.0,3.1211160316877216
0.0006136000000000001,0.33260359999999994,0.03019162,0.03014192,-2.116207,4.399571,5.109733,0.1918105,2.844439,2.1422960000000002e-05,52.0,2.6199061421822263
0.0006136000000000001,0.7979153,0.10575060000000001,0.01822014,2.736929,3.698496,4.541183,0.7127063,4.197673,3.0425429999999997e-05,67.0,3.1994580961301686
0.0006136000000000001,2.0747139999999997,0.36888200000000004,0.2332578,0.483735,4.8004370000000005,3.030814,2.988213,3.599771,2.120975e-06,109.0,0.9393975816486791
0.0006136000000000001,2.3037490000000003,0.03358203,0.2596896,1.802201,5.366553,2.223394,3.4964510000000004,1.403767,2.8814319999999997e-06,89.0,0.9950658682230766
0.0006734,0.03969464,0.007580717,0.002030403,-3.110373,1.7235,2.522077,0.007908545999999999,3.8984959999999997,5.600188000000001e-06,0.0,1.2119020559281737
0.0006734,0.04997028,0.001708156,0.001743264,-3.1213130000000002,2.729664,2.1610560000000003,0.01117029,2.5546,9.333646e-06,6.0,1.5553866824214295
0.0006734,0.06407545,0.0031477959999999996,0.001393874,2.895396,1.407066,5.855832,0.0162193,1.5596649999999999,9.333646e-06,14.0,1.551744990370874
0.0006734,0.08172031,0.002982953,0.0010328380000000001,2.018975,4.069274,3.653455,0.02336079,3.844527,1.026701e-05,24.0,1.645653661448773
0.0006734,0.1080615,0.0031157520000000003,0.002174985,1.029618,0.31108020000000003,0.6320963,0.03552192,5.5705160000000005,1.120038e-05,34.0,1.627364099849687
0.0006734,0.14229460000000002,0.004710315,0.003683081,0.5987260999999999,1.348099,4.078785,0.05367484,2.139911,8.400281e-06,42.0,1.4906040661485762
0.0006734,0.17327089999999998,0.0033003940000000003,0.002509309,0.1792105,3.6698440000000003,4.926747,0.07212312,1.083517,6.533552e-06,56.0,1.2968032476608813
0.0006734,0.2113429,0.008298937,0.004087152,-2.103805,4.13325,1.7242810000000002,0.0971548,5.9729849999999995,5.7981949999999995e-06,66.0,1.2735318940367044
0.0006734,0.245574,0.003195117,0.0043702920000000004,-2.419378,5.81577,1.7165150000000002,0.1216907,4.596959,8.52365e-06,61.0,1.5272229764914078
0.0006734,0.2984289,0.0049496620000000005,0.004977444,-0.6801949,5.921767,4.25839,0.1630192,5.291736,3.119967e-06,82.0,1.0271928148684388
0.0006734,0.4198267,0.0006929899000000001,0.0008462739,1.66078,1.4497389999999999,5.437392,0.2720088,2.327882,2.221741e-05,79.0,2.692943385643308
0.0006734,0.5604655,0.00054268,0.001408548,-0.28950570000000003,0.01575762,4.9270309999999995,0.4195635999999999,5.19982,1.3150179999999998e-05,86.0,1.9186786363386423
0.0006734,0.6737946,0.005117012,0.0011528839999999999,-2.4922299999999997,1.006985,5.6044529999999995,0.5530479,0.8139334,2.080118e-06,118.0,0.914456576973397
0.0006734,0.8395201999999999,0.0011818310000000002,0.001186296,2.535103,5.053401,3.24578,0.7691634,1.942664,6.1917290000000005e-06,116.0,1.269130083244139
0.0006734,0.9575476,0.002406819,0.001366239,-2.19259,3.116016,6.161479,0.9369394,5.2338830000000005,2.139625e-06,119.0,0.9161495626243976
0.0006734,1.1709479999999999,0.002742787,0.001404134,-1.803723,2.796601,1.110436,1.26705,0.11820410000000002,4.390193e-06,54.0,1.1138349292112433
0.0006734,1.35961,0.004037162,0.001152856,1.400962,3.270433,2.459604,1.58524,4.064941999999999,5.395554e-06,111.0,1.1978784061975487
0.0007391,0.04846968,0.06779087,0.01023929,1.6542169999999998,2.1467330000000002,3.212213,0.01067094,5.613558,1.1733689999999998e-05,0.0,1.9601650960528771
0.0007391,0.06472884,0.02930726,0.01831513,1.2566,4.242215,4.544583,0.01646805,5.280118,8.800267e-06,10.0,1.4639516055443238
0.0007391,0.09191926,0.01510114,0.0159512,2.092747,2.27674,0.03646586,0.02786772,1.9780209999999998,1.7600539999999998e-05,21.0,2.1788962792426023
0.0007391,0.11812049999999999,0.03818826,0.028750599999999998,1.33416,1.4575200000000001,3.954126,0.04059553,1.233835,5.866844999999999e-06,39.0,1.1974462154474543
0.0007391,0.1784765,0.02813221,0.01902216,2.177047,4.196765,2.9556150000000003,0.07539762,2.879849,2.053396e-05,44.0,2.3033961424112714
0.0007391,0.2950748,0.01843831,0.009097332,0.8982022,5.115906,5.759517,0.1602796,6.019095,2.750108e-05,55.0,3.0585284458630158
0.0007391,0.4400731,0.06832893,0.04217666,1.481799,2.794019,2.882311,0.2919212,4.7535300000000005,6.8734e-06,69.0,1.353004982400754
0.0007391,0.5955571999999999,0.04806624,0.009659641,0.812686,4.17261,2.6045540000000003,0.4595799,3.838968,1.2802160000000001e-05,94.0,1.8391915836128194
0.0007391,0.9277361999999999,0.07650889999999999,0.06285073,-2.649348,1.8951,3.208903,0.8935283000000002,3.858168,1.4329660000000002e-05,103.0,2.046821080633569
0.0007391,1.567246,0.2724744,0.29210549999999996,-0.6681773,5.275862,5.710799,1.961916,1.6482169999999998,5.084417000000001e-06,98.0,1.1483668845528041
0.0007391,2.981929,0.2967143,0.15382820000000003,2.4427779999999997,3.4631879999999997,0.1015447,5.148929,0.8717978000000001,2.196043e-06,111.0,0.9347936262455792
0.0008111,0.05421561,0.05545856,0.06484599,1.314602,2.3539529999999997,4.601007,0.01262364,1.025226,8.194932e-06,0.0,1.4601959054685552
0.0008111,0.07969074,0.06389454,0.03195952,2.907053,3.612707,3.2806260000000003,0.02249606,3.055577,1.638986e-05,8.0,2.3079007078000977
0.0008111,0.13406120000000002,0.05923492,0.04062622,-2.252049,4.833539,6.020819,0.04908447,3.406884,2.4584789999999998e-05,24.0,2.9185474695304725
0.0008111,0.24389349999999999,0.04348444,0.06226083,-2.274095,4.998092,2.951438,0.12044389999999998,0.2481434,2.274391e-05,32.0,2.7012656485153506
0.0008111,0.41024570000000005,0.03801492,0.0259286,-3.0605860000000003,1.810448,2.814612,0.26275129999999997,4.005841,2.591286e-05,51.0,2.814910264688203
0.0008111,0.6781908,0.0071589240000000005,0.04689928,-1.502243,3.952111,2.1465549999999998,0.5584708,5.975559,1.707893e-05,77.0,2.2510769100986083
0.0008111,1.183568,0.05775057,0.1036146,0.7501924,2.201914,5.522361,1.287556,2.629096,1.1023399999999999e-05,72.0,1.784705289391452
0.0008111,2.073141,0.1629003,0.1624908,1.3225879999999999,1.377089,2.8270310000000003,2.984801,0.1790471,2.256844e-06,101.0,0.9094971933713432
0.0008902000000000001,0.06310734,0.2228808,0.1836181,0.6100975000000001,5.920780000000001,3.650173,0.01585318,3.312132,1.6097139999999998e-05,0.0,2.1415251122596786
0.0008902000000000001,0.1120777,0.07705868,0.0848155,-1.848546,0.289327,1.2572809999999999,0.03752061,2.86158,2.360913e-05,8.0,2.5410483843021474
0.0008902000000000001,0.1823009,0.09308487,0.07319292,1.942275,5.115132,5.7158,0.07783417,4.756426,1.9316559999999998e-05,26.0,2.3143159648738916
0.0008902000000000001,0.32460429999999996,0.08130787,0.01465837,2.909857,5.777981,2.1527130000000003,0.1849316,5.986321,3.3717259999999994e-05,52.0,3.5533306514032352
0.0008902000000000001,0.687368,0.02630703,0.02404448,2.0575799999999997,1.056664,1.403209,0.5698489999999999,4.520314,1.8547220000000002e-05,71.0,2.459663108151008
0.0008902000000000001,1.007882,0.1617813,0.03705252,-1.228681,0.5807094,6.051906,1.01178,0.576329,2.086047e-05,73.0,2.406072779369124
0.000977,0.06176458,0.06238514,0.050751199999999996,-2.6357150000000003,2.3161549999999997,2.278539,0.01534992,2.6585389999999998,1.4615129999999999e-05,0.0,2.141741597419819
0.000977,0.1157984,0.0815218,0.04621651,-1.262594,4.590558000000001,5.094874,0.03940417,1.9230770000000001,3.939898e-05,13.0,3.63331958692254
0.000977,0.2425533,0.07822924,0.06368595,1.326886,2.8769150000000003,3.325477,0.1194525,5.276799,1.882843e-05,47.0,2.529578122647607
0.000977,0.3821961,0.03291802,0.03702794,-1.732464,1.6335549999999999,6.063587999999999,0.2362685,6.154234,2.0523710000000002e-05,56.0,2.5733594628058807
0.000977,0.54905,0.01822931,0.04615984,2.020227,5.474716,1.635346,0.4068166,0.43889049999999996,1.532825e-05,52.0,2.135292610075897
0.000977,0.7984066,0.03856605,0.0170334,-1.259802,0.8639472,1.936478,0.7133586999999999,2.386334,2.100548e-05,78.0,2.6856847258422984
0.000977,1.4984870000000001,0.05203471,0.03394438,1.8084930000000001,4.634174,3.18874,1.834212,3.0402150000000003,8.078814999999999e-06,80.0,1.4897174088578544
0.0010723,0.04774899,0.005125997,0.03837277,2.220319,0.6752679,0.28578600000000004,0.01043384,3.668214,9.422180000000001e-06,0.0,1.5985732225527143
0.0010723,0.05981074,0.01014016,0.03034673,-1.749673,2.868513,0.6537504,0.01462732,5.808897,8.244408e-06,7.0,1.4465794946117505
0.0010723,0.07436179,0.01800242,0.01897581,-1.706029,2.357272,3.2616389999999997,0.02027767,2.628286,1.29555e-05,15.0,1.9982259272044447
0.0010723,0.10265969999999999,0.01355137,0.02288297,-2.788841,5.126081,2.392275,0.03289196,0.05655165,1.6488820000000002e-05,25.0,2.1424722893679204
0.0010723,0.14619520000000003,0.02114624,0.004593362,3.0329770000000003,1.7228599999999998,5.784511,0.05589669,1.065394,1.531104e-05,38.0,2.0137631778901275
0.0010723,0.20839639999999998,0.031132299999999998,0.01224599,2.935621,4.18266,0.3467071,0.09513037,5.7645480000000004,1.1572149999999999e-05,44.0,1.8573409940917407
0.0010723,0.2885364,0.0124927,0.004093498,-1.7743220000000002,2.606009,2.420481,0.1549817,1.613766,2.056363e-05,60.0,2.536271467747525
0.0010723,0.3591061,0.02149349,0.008669174,-1.380277,4.3201480000000005,0.5940493,0.215185,3.907226,7.197238e-06,61.0,1.3713814637811303
0.0010723,0.5475466999999999,0.03462337,0.02262753,1.336619,1.445286,3.4205419999999997,0.40513899999999997,0.6813861999999999,2.582752e-05,66.0,2.591183023063044
0.0010723,0.9396681999999998,0.02937042,0.04106081,-0.236474,1.064647,1.19992,0.9108126,0.393837,1.026857e-05,101.0,1.6630760849175197
0.0010723,1.1967940000000001,0.04296306,0.028694099999999997,-2.763799,1.8656869999999999,5.339263,1.309177,6.233217,1.089964e-05,94.0,1.626142613404351
0.0010723,1.811109,0.09520806,0.0137359,-0.3010474,1.4304729999999999,2.24717,2.437186,1.29736,2.355545e-06,67.0,0.9506081165933383
0.0011768,0.05772226,7.261821999999999e-05,1.988063e-07,1.475317,0.06932405,0.847849,0.01386792,5.5863,1.727394e-05,0.0,2.169693595200088
0.0011768,0.08385512,0.0005112746,1.8371389999999998e-07,1.457761,3.1351720000000003,5.220680000000001,0.0242822,0.6283477,1.2338530000000001e-05,14.0,1.9440592979314717
0.0011768,0.1113066,0.0005294458,1.467594e-07,1.482233,1.213255,0.9326521999999999,0.03713409,4.519311,9.870825e-06,21.0,1.7464766468689854
0.0011768,0.13967320000000003,0.000164495,1.182743e-07,1.52905,5.066687,4.7956970000000005,0.05219845,4.482825,1.480624e-05,32.0,2.1517425592631554
0.0011768,0.189174,0.0008539083,2.980232e-08,-2.9538919999999997,3.589896,6.083495,0.08227704,5.446223000000001,8.636971e-06,41.0,1.4807417351452945
0.0011768,0.2558281,0.0005719767,1.744136e-07,-1.781913,6.090578,0.1233067,0.1293911,2.098816,1.991985e-05,44.0,2.373583825638927
0.0011768,0.33898740000000005,0.0014360829999999999,3.3552440000000006e-07,-1.846116,3.5662279999999997,1.745397,0.1973557,0.02535789,4.36591e-06,73.0,1.1250369312271098
0.0011768,0.4248611,2.8805290000000003e-05,3.766782e-07,-1.826512,0.8408994000000001,1.848946,0.2769144,2.8345759999999998,1.713355e-05,66.0,2.119818377616877
0.0011768,0.5786667,0.00023639189999999998,1.6593229999999998e-07,1.408359,6.26242,2.5272959999999998,0.4401604,1.140132,2.325895e-05,80.0,2.75282173449065
0.0011768,0.7747166,0.0008142397,2.021457e-06,1.057245,4.282761,2.699031,0.6818390000000001,3.641429,3.4052249999999997e-06,81.0,1.0557389440829916
0.0011768,0.8944332,0.0008677235000000001,2.029897e-06,-2.027209,2.8573049999999998,2.3658080000000004,0.8458536,1.537447,4.297936e-06,74.0,1.088834039915409
0.0011768,1.055124,0.0001394012,2.138719e-07,1.135316,0.8601469,0.7862617,1.0837620000000001,5.0737239999999995,1.4275650000000001e-05,56.0,2.0551510504764448
0.0012915,0.06027295,0.0002123675,0.0001974828,-2.122933,1.298471,2.784568,0.01479727,3.608839,9.048227e-06,0.0,1.5820320159631116
0.0012915,0.07140279,0.0002991904,0.00019763900000000002,-2.1227650000000002,4.821479,2.7485049999999998,0.01907958,0.04982088,9.048227e-06,7.0,1.5126653270252384
0.0012915,0.09127168,0.00020764029999999998,0.0001968441,-2.1221900000000002,2.318922,5.7794300000000005,0.02757384,5.582431,1.292604e-05,13.0,1.829844491470251
0.0012915,0.12189839999999999,0.0006117123,0.0001957138,-2.124888,1.055093,0.1160471,0.0425586,1.186976,1.421864e-05,21.0,1.9365476816882374
0.0012915,0.1650864,0.0007208798,0.0001959182,-2.122433,5.891398000000001,6.243762,0.06707399,2.4756869999999997,1.421864e-05,26.0,2.1134285949567726
0.0012915,0.21966129999999998,0.0008341646000000001,0.0001986027,-2.1417919999999997,1.873666,3.274786,0.102947,3.5422599999999997,1.629586e-05,38.0,2.13040212308677
0.0012915,0.33625029999999995,0.001421758,0.0002247581,-2.2970639999999998,1.135384,0.09088079,0.19497079999999997,1.255263,1.565551e-05,59.0,2.033187564731929
0.0012915,0.4499553,0.002078939,0.0002295619,-2.331902,2.292662,1.234183,0.30180959999999996,1.277401,1.044403e-05,55.0,1.6579017089167563
0.0012915,0.5576368,0.003110828,0.00020751939999999998,-2.303339,2.059727,3.583683,0.4163977,3.823368,1.101728e-05,47.0,1.7102549384145636
0.0012915,0.7838508000000001,0.006324089000000001,0.0002085984,-2.097624,1.947325,3.5319279999999997,0.6939373000000001,3.675761,2.487819e-05,63.0,2.816670399396565
0.0012915,1.017269,0.004084852,0.0002120613,-2.493445,2.752627,5.382813,1.025942,5.116128,3.945205e-06,71.0,1.0790277356075415
0.0012915,1.204925,0.008724615,0.0002925928,-2.080664,2.149238,3.9026129999999997,1.3225360000000002,3.8229919999999997,5.70983e-06,91.0,1.2791525097122065
0.0012915,1.719931,0.07210683,0.003567715,-0.48419670000000004,6.053903,1.457768,2.255461,2.2842189999999998,2.416403e-06,86.0,0.9623104451404205
0.0014175000000000001,0.07342262,0.03552165,0.03164723,0.7438617,5.8091029999999995,4.496707,0.01989458,4.165408,4.6041179999999994e-05,0.0,3.595927362182284
0.0014175000000000001,0.1749002,0.09782545,0.03455052,-1.6418709999999999,4.1766309999999995,2.223985,0.07314101,5.904799,3.318177e-05,36.0,3.2490273440531636
0.0014175000000000001,0.3222826,0.1038723,0.06179608,-1.076368,2.195183,4.420602,0.1829469,3.2724330000000004,2.6231679999999997e-05,40.0,3.0588963966029743
0.0014175000000000001,0.5525922,0.07665013,0.05755001,-2.070713,6.1339760000000005,3.80535,0.4107617,5.98221,3.277696e-05,34.0,3.4685597688946004
0.0014175000000000001,0.808442,0.1411296,0.08225222,2.574236,0.663569,1.594825,0.7268434,4.3657,1.105643e-05,85.0,1.7527509932402427
0.0014175000000000001,1.971352,0.10079880000000001,0.1262703,1.2206700000000001,2.477274,1.6418709999999999,2.7676529999999997,4.059491,1.092056e-05,87.0,1.6059852240227404
0.0015557000000000001,0.04927538,0.0036840379999999997,9.305771999999999e-08,2.372537,2.526648,0.2386681,0.01093817,1.630026,1.418631e-06,0.0,0.8186773778501681
0.0015557000000000001,0.05748325,0.0014042470000000002,6.495266e-08,2.5785310000000004,4.906425,2.604278,0.01378193,1.405277,7.093156e-06,1.0,1.351058753699109
0.0015557000000000001,0.06605844,0.00109242,7.884953e-08,2.52508,2.729514,2.7694080000000003,0.01697811,3.796667,5.674525e-06,6.0,1.2617283544443532
0.0015557000000000001,0.08237847,0.001041569,7.300048e-08,2.3996939999999998,1.40615,6.020258,0.02364364,2.216079,1.418631e-05,10.0,2.059750334725507
0.0015557000000000001,0.1023317,0.0011249810000000002,9.657055999999999e-08,2.349252,4.789468,2.632288,0.03273467,1.7789560000000002,5.674525e-06,20.0,1.2431979504039106
0.0015557000000000001,0.1204626,0.0003442552,8.815646000000001e-08,2.328414,4.343212,2.8565110000000002,0.04180876,2.468499,1.560494e-05,23.0,2.150550042708525
0.0015557000000000001,0.1754433,0.0005023543,1.1050999999999999e-07,2.049318,3.3016059999999996,2.465957,0.07348335,3.397964,2.4595660000000003e-05,35.0,2.9227996084083983
0.0015557000000000001,0.2897509,9.743325999999999e-05,4.2146850000000005e-08,2.317432,0.17645339999999998,4.374503,0.15596110000000002,1.8808029999999998,2.203124e-05,47.0,2.656858894004472
0.0015557000000000001,0.353658,0.002093658,2.1073419999999994e-08,1.955064,1.656536,3.447663,0.21030370000000004,6.118564,7.1062450000000004e-06,72.0,1.3267761900224406
0.0015557000000000001,0.41366720000000007,0.0004773386,6.322026999999999e-08,2.913437,3.090769,5.913214,0.26604459999999996,6.192107,5.674525e-06,54.0,1.2134427231838312
0.0015557000000000001,0.5910343000000001,0.0001743777,1.064156e-07,2.448687,4.234413,3.928572,0.45435169999999997,3.5285260000000003,2.163465e-05,56.0,2.599795993789049
0.0015557000000000001,0.8150773,0.0006373064,1.490116e-08,2.409859,2.536332,4.8003599999999995,0.7358066999999999,6.137169,1.138655e-05,83.0,1.806298187675984
0.0015557000000000001,1.0298120000000002,0.0001788648,5.37269e-08,-0.33477729999999994,2.971392,3.5920080000000003,1.044972,0.9556853999999999,1.665771e-05,79.0,2.1864393980538344
0.0015557000000000001,1.397146,0.0004304513,1.1348390000000001e-07,-2.934295,1.0040959999999999,4.666173000000001,1.6513060000000002,0.3134519,2.682944e-06,86.0,0.9743250566904865
0.0017074000000000002,0.0490936,0.01301581,0.3275929,2.2762119999999997,0.7093668000000001,0.4705559,0.01087765,3.7530980000000005,1.040326e-05,0.0,1.563610964324916
0.0017074000000000002,0.0845732,0.14093529999999999,0.1350848,-2.891251,2.921049,5.77848,0.02459457,5.580466,3.566832e-05,7.0,3.4248982729591835
0.0017074000000000002,0.15819170000000002,0.03951084,0.1501398,2.1855569999999997,3.614043,5.239049,0.06291562,5.6788050000000005,3.326467e-05,31.0,3.4807042012178826
0.0017074000000000002,0.33425320000000003,0.04188545,0.09353906,0.11077269999999999,2.504049,1.114319,0.19323270000000003,4.698909,4.576254e-05,54.0,3.8507590443166464
0.0017074000000000002,0.8521117,0.08974191,0.12019239999999999,-1.625837,1.111691,3.090684,0.7865425,3.532029,2.479259e-05,43.0,2.5453836084332506
0.0017074000000000002,1.902883,0.10668879999999999,0.0553827,0.9655562,3.6571309999999997,5.209104,2.624719,0.7187744,1.321088e-05,75.0,1.8974493879251968
0.0018738,0.06142563,0.0001051281,0.0002457643,-1.943643,2.394986,3.531079,0.01522363,3.079749,2.916011e-05,0.0,3.048610121236784
0.0018738,0.10680250000000001,0.0002714357,0.0002323136,-1.9406619999999999,5.737321,2.044901,0.03490276,4.530893,2.8025029999999996e-05,19.0,2.864133618400448
0.0018738,0.1804601,8.349257999999999e-05,0.0001980218,-1.8588639999999998,1.362279,2.735794,0.0766563,3.2323630000000003,2.646808e-05,40.0,3.0161274491247987
0.0018738,0.3026512,0.00037575099999999996,0.0001338158,-1.51837,2.339976,2.544563,0.1664928,1.7237,2.5932579999999998e-05,35.0,2.975168622671385
0.0018738,0.43242790000000003,0.0006073368,6.921874e-05,-0.9968714,0.6114525,0.5633458,0.2843421,0.9497523000000001,2.287831e-05,72.0,2.7000488963301246
0.0018738,0.5935879,0.0007417842999999999,9.161042e-05,0.8374075999999999,5.3137870000000005,1.776816,0.45728800000000003,1.910206,9.929615e-06,89.0,1.6503569949994878
0.0018738,0.79166,0.0003098689,0.0002742566,1.241517,6.096716000000001,3.031005,0.7043267,1.9765259999999998,2.037484e-05,77.0,2.5766616837882186
0.0018738,1.073399,0.00042007940000000004,0.0002358952,1.3306930000000001,1.9852029999999998,3.948043,1.112004,0.6326427,8.160264e-06,80.0,1.4722336227992
0.0018738,1.375831,0.004106071,0.001512321,-1.059002,4.836041000000001,5.34861,1.613701,1.579783,3.113892e-06,62.0,1.0261397673474137
0.0018738,1.590065,0.002469194,0.0006388971,2.2261450000000003,1.9693470000000002,0.4579152,2.004857,2.5483729999999998,3.817693e-06,95.0,1.0741611625560266
0.0020565,0.06032536,0.0023152470000000003,0.0001750963,0.7858066,5.4209,5.692557,0.01481651,5.766753,1.78467e-05,0.0,2.3985124389668835
0.0020565,0.08251233,0.001067772,0.00017109,0.8032736999999999,5.624471,4.813057,0.02370125,4.666364,1.467973e-05,10.0,1.958974234788634
0.0020565,0.1098087,0.0009119234,0.0001636983,0.8394455,5.839563,3.330897,0.0363869,2.935447,1.304865e-05,20.0,1.887790128677576
0.0020565,0.14217670000000002,0.002196684,0.0001494663,0.9078375,3.43204,1.54243,0.05360804,3.4842589999999998,1.304865e-05,24.0,1.9109544328731125
0.0020565,0.1767095,0.0006862776,0.0001384506,0.9782575000000001,3.738746,5.017117,0.0742802,0.3005199,1.7941889999999998e-05,33.0,2.214015652921065
0.0020565,0.2506197,0.0003111342,0.0001044673,1.196806,2.0626919999999997,5.339855,0.1254588,2.0809,2.3033779999999998e-05,39.0,2.6733773285374123
0.0020565,0.4238121,0.0007753984,0.00011214950000000001,-3.0922419999999997,5.529422,4.36289,0.2758866,1.9271639999999999,3.615331e-05,49.0,3.658253098854125
0.0020565,0.7717236999999999,0.00025092290000000003,0.0006272274,-1.83657,0.7797124,3.5225410000000004,0.6778890000000001,4.578901,2.1468360000000003e-05,64.0,2.518821684333479
0.0020565,1.090447,0.001888682,0.0029706409999999996,1.297994,4.515758,0.24546779999999999,1.1386020000000001,0.7173815,5.134624e-06,75.0,1.1788761898708713
0.0020565,1.34376,0.0004913835,0.0005846058,-1.9486919999999999,4.581326,1.255066,1.557558,4.904653,1.3520870000000003e-05,78.0,1.9765938726092476
0.002257,0.05565632,0.1182871,0.03874415,1.001829,1.608858,3.977114,0.01313007,1.603002,2.0886849999999998e-05,0.0,2.693304807339196
0.002257,0.09826689,0.13678389999999999,0.02577384,1.353076,1.155736,5.543771,0.03080331,3.0598240000000003,4.100991e-05,13.0,3.630061107581694
0.002257,0.19949070000000002,0.07613204,0.01328963,0.7632661999999999,4.148925,0.9325648000000001,0.08909677,2.409755,3.9471420000000004e-05,25.0,3.800341872310182
0.002257,0.41287959999999996,0.06709435,0.04517443,2.0080270000000002,5.686545,4.397765,0.26527890000000004,3.00553,4.8128739999999995e-05,45.0,4.327245083761746
0.002257,0.8540183000000001,0.03662999,0.02637802,-2.286591,2.600507,4.4703230000000005,0.7891523,4.095687,3.4548420000000004e-05,74.0,3.3381074320686204
0.002257,1.853735,0.340159,0.2066485,-1.338299,2.035544,2.45458,2.5236560000000003,2.342327,3.099287e-06,84.0,1.0173127078688415
0.002257,2.607443,0.20669539999999997,0.1460089,-0.9782066999999999,3.091298,4.661766,4.209994999999999,2.73762,2.909209e-06,82.0,0.9995239909133726
0.0024771,0.04790171,0.0007852971,9.657055999999999e-08,2.1543759999999996,2.427816,2.399569,0.01048385,4.099277,2.647933e-05,0.0,2.7379185392800496
0.0024771,0.07724307,0.0019013570000000002,6.322026999999999e-08,1.554804,5.998393,4.38317,0.02146737,3.113267,2.143811e-05,14.0,2.523671381003454
0.0024771,0.1028702,0.0033473229999999997,2.980232e-08,1.490752,3.2214490000000002,0.4281978,0.03299268,2.005261,1.253077e-05,30.0,1.8716615532427883
0.0024771,0.1378878,0.002383039,0.0,-2.039964,3.246991,4.935624,0.05120058,3.725965,1.6110989999999998e-05,29.0,2.1200396393782004
0.0024771,0.1877748,0.0025645110000000002,2.5809570000000003e-08,-0.2320167,5.620064,3.882061,0.08136438,4.772079,2.3271420000000004e-05,40.0,2.8290368835368955
0.0024771,0.23150660000000003,0.005066932,3.942477e-08,2.5995220000000003,1.166383,4.584324,0.1113837,0.8258494000000001,7.160438000000001e-06,52.0,1.2132885299042178
0.0024771,0.3072518,0.0009041546000000001,1.490116e-08,-1.48623,1.736341,4.575259,0.1702987,4.323475,3.281788e-05,56.0,3.277435316529255
0.0024771,0.46535240000000005,0.001046688,3.650024e-08,-0.5561366,3.786601,4.397565,0.3174238,1.1690260000000001,1.4148420000000001e-05,75.0,2.0013619472218456
0.0024771,0.7186693000000001,5.156606e-05,3.650024e-08,1.3984370000000002,2.3822,4.340224,0.6091867,0.5596420999999999,1.956615e-05,79.0,2.419516680629326
0.0024771,1.0792700000000002,0.0004905096,3.942477e-08,1.6531529999999999,5.367193,3.027955,1.1211309999999999,2.291532,2.5559349999999998e-05,76.0,2.8725647369549017
0.0024771,1.5504719999999999,0.001190307,1.625525e-07,0.05168963,1.200178,6.067677,1.9304189999999999,4.813441,4.412629e-06,97.0,1.1279881395110924
0.0027186,0.05652904,0.0008482731,1.4136479999999998e-07,0.3039627,1.234982,2.037175,0.01344008,0.4990418,2.576387e-05,0.0,2.8385267015789664
0.0027186,0.09135171,0.003568272,3.650024e-08,0.00043757379999999997,1.363651,4.639677,0.02760996,3.274639,1.687812e-05,14.0,2.30121561530291
0.0027186,0.1146522,0.0009251831,7.598131e-08,0.4694594,4.545371,4.397525,0.03882048,5.664808,1.687812e-05,24.0,2.170292128874533
0.0027186,0.1514721,0.002535164,2.1073419999999994e-08,-2.723536,4.875754,0.844094,0.05894991,4.97016,1.312743e-05,30.0,2.0889696381591203
0.0027186,0.2012477,0.001586252,3.942477e-08,-0.20854589999999998,5.645716999999999,0.09032675,0.09027657,0.9388992,2.625486e-05,39.0,2.885559922833562
0.0027186,0.2475891,0.0046776840000000005,5.771195e-08,-0.13885429999999999,5.717326,4.080934,0.1231896,4.776314,7.5013879999999995e-06,47.0,1.4734378907174213
0.0027186,0.3588335,0.001429532,7.598131e-08,2.593324,2.8847490000000002,1.789697,0.21493289999999998,2.596294,1.2711789999999998e-05,68.0,1.8998228091461895
0.0027186,0.42213100000000003,0.0005156374,8.024521e-08,2.617469,6.1139269999999994,0.30051259999999996,0.274239,4.134623,2.450631e-05,72.0,2.680314043873008
0.0027186,0.6013319,0.001514983,9.185692999999998e-08,2.9323509999999997,3.671718,4.080342,0.46627029999999997,3.7577059999999998,1.681848e-05,64.0,2.2188610175439862
0.0027186,0.8044368000000001,0.0006769686999999999,2.5809570000000003e-08,3.063559,1.2114129999999999,3.21735,0.7214534,5.224383,3.0031890000000002e-05,54.0,3.1561487790767826
0.0027186,1.019598,0.001303724,1.490116e-08,0.9787591999999998,4.114368,3.444317,1.029469,4.631776,1.8753469999999999e-06,59.0,0.8845659487751683
0.0027186,1.31247,0.0007559042,1.219713e-07,0.09601233,1.302684,0.9376439000000001,1.503455,5.82146,8.719363e-06,88.0,1.4895868629459328
0.0029836,0.05543956,0.04291409,0.009969457,-2.948385,1.544735,5.970729,0.01305341,1.169189,2.715364e-05,0.0,2.937221863371084
0.0029836,0.1003058,0.0253503,0.03721605,-1.131877,4.840318,1.8594560000000002,0.03176693,4.385888,3.536358e-05,14.0,3.371387642009806
0.0029836,0.1570994,0.06086863,0.01578486,-0.9901370999999999,3.4441900000000003,4.846039,0.06226505,2.470468,1.768179e-05,31.0,2.2567856757655607
0.0029836,0.2133132,0.02393799,0.01895216,1.928191,3.4972980000000002,3.9549220000000003,0.0985148,4.764858,3.50995e-05,40.0,3.5188811028768407
0.0029836,0.3404824,0.08092763,0.02843619,2.137565,5.512633999999999,1.4079899999999999,0.19865410000000003,0.04834828,1.756138e-05,82.0,2.376920805331906
0.0029836,0.4829279,0.04512207,0.03619455,-0.6894973000000001,1.327962,1.86858,0.3355752,1.3166959999999999,2.3537059999999998e-06,65.0,0.9295919736523555
0.0029836,0.5891137,0.01000341,0.002079657,0.3991916,5.279342,1.048961,0.45213230000000004,1.673529,3.712343e-05,51.0,3.3441915404559976
0.0029836,1.099221,0.0005540697,0.0006961655000000001,-1.052355,2.867825,5.838217,1.152356,4.021893,2.70961e-05,76.0,2.896090290361165
0.0029836,1.6783150000000002,0.004602245,0.004173353,-2.430287,6.1691139999999995,2.103384,2.17408,4.638561,5.385659e-06,69.0,1.170461626314927
0.0032744999999999996,0.05177715,0.03548617,0.1360927,1.381397,0.5650477,2.398403,0.01178143,0.48423459999999996,4.1885459999999995e-05,0.0,3.948378901682083
0.0032744999999999996,0.11731269999999999,0.09558249,0.02754691,0.5896234,2.2151919999999996,0.32788740000000005,0.04017868,3.698718,5.7629340000000003e-05,24.0,4.630443537429418
0.0032744999999999996,0.2655132,0.07865442,0.03349935,2.836919,3.21909,1.671632,0.13680479999999998,2.042657,2.855104e-05,42.0,2.907758843144335
0.0032744999999999996,0.4460228,0.02633016,0.04613172,-0.83385,2.457475,1.233682,0.29785,5.872599,4.663741e-05,55.0,4.2805986045636395
0.0032744999999999996,0.8425701999999999,0.04379667,0.05712306,-2.54314,4.661727,3.622032,0.7733267,1.59105,3.771895e-05,56.0,3.8460095382013924
0.0032744999999999996,2.261737,0.2643086,0.05763495,0.4727857,3.092386,1.320958,3.401068,3.7028839999999996,7.367042e-06,84.0,1.3765005873153666
0.0035938000000000003,0.04917377,0.01342715,0.1431579,0.9475315000000001,3.9945699999999995,5.2333419999999995,0.01090415,0.2990776,3.966185e-05,0.0,3.5602807820931726
0.0035938000000000003,0.08702222,0.1031175,0.1290356,0.9321564,0.08973999,3.750255,0.02567031,2.802335,2.5874320000000002e-05,22.0,2.906296746209134
0.0035938000000000003,0.13373429999999997,0.04646948,0.10849260000000002,0.37413270000000004,4.3878260000000004,0.5365302,0.04890401,2.137632,2.5874320000000002e-05,32.0,2.8652502110899887
0.0035938000000000003,0.17793670000000003,0.08755588,0.1302827,0.9666593000000001,5.354234,2.111897,0.07505371,2.219364,2.907263e-05,44.0,3.061897340265678
0.0035938000000000003,0.3114031,0.0059408759999999994,0.09654414,-1.179064,5.7104040000000005,2.203804,0.1737616,3.947054,2.1333360000000002e-05,52.0,2.605671729549173
0.0035938000000000003,0.5360356,0.03857236,0.07811459,-2.341644,4.424021,4.8006459999999995,0.392416,2.748618,5.972364000000001e-05,53.0,4.774507053286083
0.0035938000000000003,1.85716,0.14835120000000002,0.01994419,0.9427126,5.506654,4.9871099999999995,2.5306130000000002,4.524348000000001,1.480961e-05,87.0,2.0660784636793252
0.0035938000000000003,2.287215,0.306384,0.13935029999999998,-3.111181,1.5896540000000001,2.898183,3.458718,3.913555,6.4315120000000005e-06,72.0,1.299131433076995
0.0039442,0.0578437,0.08856931,0.05218093,-2.696017,5.228863,2.865021,0.01391143,0.3966107,5.682951e-05,0.0,4.32960450301631
0.0039442,0.1672368,0.07378901,0.006972505,-2.417425,2.119248,4.143147,0.06838644,4.303005000000001,7.104286e-05,29.0,5.475743063365734
0.0039442,0.3623852,0.06240839,0.01729347,1.478442,4.849787999999999,4.088369,0.2181312,3.950078,4.6770879999999995e-05,58.0,3.813675555893391
0.0039442,0.8115460999999999,0.005835198000000001,0.03000525,-0.27243490000000004,3.186689,5.698385,0.7310034000000001,2.7881869999999997,4.4511040000000004e-05,79.0,4.044450324761015
0.0039442,1.2389370000000002,0.1700411,0.06227066,2.4326529999999997,2.9606470000000003,0.376652,1.378903,1.606295,9.375032e-06,74.0,1.5255181893760579
0.0039442,2.442528,0.3354517,0.03379087,-0.5322049,1.4975040000000002,4.261331,3.8169690000000003,3.223263,3.404316e-06,78.0,1.0422270115686603
0.004328800000000001,0.04937344,0.02207295,0.09537095,2.71654,3.306318,2.3027889999999998,0.01097077,2.586706,1.3853789999999999e-05,0.0,2.027816766429703
0.004328800000000001,0.07087893,0.02496811,0.09541985,2.728609,3.234439,0.6215281,0.01886966,0.9827833,3.991832e-05,8.0,3.4105758874342715
0.004328800000000001,0.1183039,0.02961152,0.09629635,2.7959549999999997,2.946913,5.966472,0.04068913,0.23722649999999998,3.868632e-05,20.0,3.582594265686825
0.004328800000000001,0.2401449,0.08968327,0.09774251,-3.048115,1.892652,1.0043879999999998,0.1176731,2.299771,5.928705e-05,38.0,4.5378569654936145
0.004328800000000001,0.5416713000000001,0.1246019,0.1145316,0.4665362,0.9480474,1.3891870000000002,0.39862020000000004,6.250303,5.248661e-05,40.0,4.4991768480750505
0.004328800000000001,1.669432,0.05670002,0.09625543,-1.1982709999999999,1.504009,1.248381,2.15677,1.03823,2.296453e-05,57.0,2.792442228909294
0.004328800000000001,81.17765,0.977513,0.08557354,0.7002956,3.255557,5.780834,731.3154,3.064685,3.1326819999999996e-06,67.0,1.0037520715847108
0.0047508,0.04713824,0.06627029,0.06003857,-2.808132,1.948223,3.6239470000000003,0.01023423,4.3574779999999995,2.256199e-05,0.0,2.7046128414166075
0.0047508,0.07082901,0.05249182,0.05592358,0.21352310000000002,6.169151,2.362086,0.01884979,2.340115,2.446667e-05,13.0,2.716045640503525
0.0047508,0.1095153,0.0423675,0.06212032,1.7670270000000001,0.02300577,5.624483000000001,0.0362406,3.7824730000000004,2.974918e-05,23.0,3.2807709706315986
0.0047508,0.1458807,0.05435575,0.05785066,-2.209247,2.836824,2.607536,0.05571545,2.076917,1.983279e-05,36.0,2.5696282324535984
0.0047508,0.2575795,0.04163072,0.02921205,-0.2707157,0.8864190000000001,5.869175,0.1307174,5.180207,5.685138000000001e-05,44.0,5.005557086016887
0.0047508,0.4986737,0.02051893,0.01176494,0.1152193,0.26998590000000006,1.388256,0.352112,1.038126,4.889439e-05,54.0,4.194855693669386
0.0047508,0.8739473,0.0428033,0.04158347,2.829059,3.671529,1.6565400000000001,0.816917,1.5245,2.7678109999999996e-05,71.0,2.843116816712583
0.0047508,1.29948,0.09315093,0.02184507,-1.588287,4.036598000000001,3.2040889999999997,1.481161,0.8948795,1.0418130000000002e-05,78.0,1.6290809643527342
0.0047508,2.147239,0.07536047,0.02009615,-0.005206205,2.872087,4.8932,3.1460630000000003,2.1559150000000002,5.0163979999999995e-06,82.0,1.1826649804533775
0.005214,0.03922896,0.04315138,0.0169055,-0.6864568,1.660581,2.714073,0.007769779,1.824154,6.6423019999999995e-06,0.0,1.309570155492763
0.005214,0.06045669,0.03225384,0.01551327,-1.712867,3.193397,4.570136,0.01486476,3.092828,3.2854250000000005e-05,4.0,3.2240128941032857
0.005214,0.10411530000000001,0.02252656,0.03281865,-1.7540189999999998,3.056025,1.18959,0.03359342,6.16557,4.0406149999999996e-05,16.0,3.744446627112999
0.005214,0.14660810000000002,0.030618700000000002,0.06553092,1.105383,2.550872,4.956933,0.05613238,1.360268,2.856857e-05,33.0,2.9099129936662336
0.005214,0.2330069,0.01682279,0.005308666,-2.359219,5.519324,3.855206,0.1124645,0.7170017,3.128785999999999e-05,47.0,3.1054628248801412
0.005214,0.3382695,0.01483646,0.0034264890000000004,0.4227839,1.8629369999999998,0.7060538000000001,0.1967267,4.673856,3.345106e-05,45.0,3.071666401029372
0.005214,0.4935129,0.02984786,0.01218813,2.529146,4.412026999999999,1.9643080000000002,0.3466591,1.364475,1.982813e-05,66.0,2.4151888458085704
0.005214,0.7465329,0.02472937,0.02774667,-2.26349,4.149729,2.415291,0.6449596,0.5546954000000001,1.5045639999999998e-05,63.0,2.032070116408015
0.005214,0.9981688,0.007374758,0.006380275,1.760809,0.5882235,0.7451649,0.9971327,4.664581,2.730406e-05,75.0,2.8760847652772954
0.005214,1.314152,0.01459101,0.01483079,-0.5501801,4.677688,6.25119,1.506334,2.148279,8.749213999999999e-06,71.0,1.5318609992650427
0.005214,1.728811,0.02328307,0.006381905,0.8903146000000001,5.375221,5.454828,2.272831,5.438045,5.386053000000001e-06,81.0,1.1969646537157073
0.0057224,0.04739931,0.00494465,9.556513000000002e-07,1.7530599999999998,6.132521,4.2891,0.01031945,2.691025,6.9298399999999995e-06,0.0,1.3175023604069456
0.0057224,0.05824101,0.003858287,1.0945e-06,1.8292,4.336197,0.1990231,0.014055200000000002,0.31922659999999997,2.218105e-05,4.0,2.680247563255893
0.0057224,0.0800536,0.0025706929999999998,1.461682e-06,1.886972,1.850956,4.317956,0.02264958,0.5828534000000001,2.2648779999999998e-05,15.0,2.609176508628899
0.0057224,0.1065833,0.004307186,1.8671700000000001e-06,1.925532,1.378232,1.332095,0.03479521,4.303602,1.360404e-05,24.0,2.1627858344948785
0.0057224,0.1312666,0.0016206810000000001,2.0554419999999997e-06,1.814399,5.298343,3.5345230000000005,0.04755678,2.706334,2.1766460000000003e-05,28.0,2.5301915838489326
0.0057224,0.17565229999999998,0.0002547109,2.6040390000000004e-06,1.467671,2.15041,0.9843465,0.07361335,3.649203,2.4487270000000003e-05,37.0,2.8964052990700133
0.0057224,0.24180839999999998,0.004937744,2.516665e-06,1.4459899999999999,4.547146,5.476022,0.1188992,5.761163,1.694529e-05,42.0,2.268877266015461
0.0057224,0.3347402,0.0014986589999999998,3.556074e-06,1.609353,2.4585939999999997,0.9211415000000001,0.1936525,3.136396,4.960335999999999e-05,47.0,4.425054579481255
0.0057224,0.47079719999999997,0.0008584997,3.742031e-06,1.8313549999999998,2.384768,2.508395,0.3230042,4.573757,1.828104e-05,53.0,2.271558725542456
0.0057224,0.8605783000000001,0.0002896595,4.822224e-05,0.1137223,3.6824550000000005,4.805796,0.7982427,1.010108,3.676484000000001e-05,64.0,3.609123149423972
0.0057224,1.167286,0.0033982070000000003,0.0005516444,-2.8706970000000003,3.574932,5.857019,1.260998,5.146625,4.724654e-06,73.0,1.1392873274256787
0.0057224,1.417815,0.001163061,6.448313e-05,0.32140250000000004,4.015674,1.512504,1.6880060000000001,3.4578879999999996,1.707145e-05,75.0,2.2064563017945447
0.006280300000000001,0.05812916,0.07497727,0.08620496,-0.4689374,6.133762,0.3305054,0.01401441,1.077407,7.524806e-05,0.0,5.528896052793017
0.006280300000000001,0.1373171,0.1091807,0.08924781,0.7216425999999999,2.5236709999999998,3.457389,0.05088157,0.2650375,4.766277e-05,33.0,3.934903633512604
0.006280300000000001,0.2455268,0.04737485,0.04763247,2.431117,2.948241,2.871885,0.12164939999999999,3.7221629999999997,5.3350859999999995e-05,39.0,4.311391510439991
0.006280300000000001,0.6479343000000001,0.04938173,0.01908919,1.928767,4.348924,0.34156390000000003,0.5214888,0.38270770000000004,6.063708000000001e-05,54.0,4.598076205150114
0.006280300000000001,1.508169,0.1149357,0.04138544,-2.910662,3.4719029999999997,2.272303,1.8519029999999999,1.9323759999999999,2.4621529999999997e-05,59.0,2.871190279174481
0.006280300000000001,2.708329,0.1643412,0.02637841,1.078067,1.211591,6.019893,4.456501,3.5750949999999997,6.487453000000001e-06,82.0,1.2947406872535865
0.0068926000000000005,0.05359987,0.09119682,0.1671981,1.8554540000000002,5.234336,1.542889,0.01240891,0.8696225000000001,5.543133000000001e-05,0.0,4.496767158004437
0.0068926000000000005,0.1269779,0.06139042,0.08319805,-1.194143,3.0523,3.2778080000000003,0.04524473,1.542143,5.653539000000001e-05,24.0,4.54329739304265
0.0068926000000000005,0.2327444,0.0268435,0.04791231,1.4922799999999998,0.08262278,4.308512,0.1122741,2.7542709999999997,6.923536e-05,30.0,4.922988741877103
0.0068926000000000005,0.5990833999999999,0.15361629999999998,0.1137221,2.0382759999999998,1.484532,5.628081,0.46363679999999996,2.343782,6.305991999999999e-05,50.0,5.085181244486019
0.0068926000000000005,1.743925,0.10243599999999999,0.08649504,-1.071955,5.234719999999999,5.539006,2.302692,1.580902,6.969780000000001e-06,80.0,1.3136109006959296
0.0068926000000000005,22.89755,0.6864226,0.1307488,2.462902,4.737721,0.41850770000000004,109.5542,4.351348000000001,5.482799e-06,74.0,1.22859468368608
0.0075646,0.06154077,0.0003103466,5.1619140000000005e-08,-0.452837,6.165302,4.780953,0.01526638,5.351175,3.794195e-05,0.0,3.579013597580369
0.0075646,0.10417089999999998,0.0002240628,3.650024e-08,1.2060629999999999,3.8124809999999996,5.267957,0.033620300000000006,0.2495235,4.480577e-05,12.0,3.8821145965701453
0.0075646,0.18492460000000002,0.0004614775,6.989264000000001e-08,1.606209,0.2325433,5.763737,0.07951799,3.9243339999999995,4.030469e-05,16.0,4.0477958918504156
0.0075646,0.3005202,0.0008032088000000001,2.1073419999999994e-08,-2.929239,2.7927939999999998,0.5895764,0.1647263,0.7270884,4.2215920000000005e-05,48.0,3.6303745411779205
0.0075646,0.4837576,0.0003241301,5.771195e-08,-0.4001099,5.400992,0.5082688,0.33643649999999997,1.791205,2.8822740000000004e-05,47.0,2.9247147863308243
0.0075646,0.6723597,0.0006222799,6.989264000000001e-08,0.12212750000000001,5.44717,2.0130630000000003,0.5512453,2.727452,2.5081729999999996e-05,63.0,2.651508370014808
0.0075646,0.918301,0.000211372,1.154239e-07,-0.3375736,5.441129,1.1703459999999999,0.879884,2.350277,2.026154e-05,59.0,2.3926199525204557
0.0075646,1.282967,0.001025039,5.37269e-08,-0.9178354999999999,1.466923,1.3612739999999999,1.453084,0.8136759,2.5954380000000002e-05,35.0,3.0753371714003968
0.008302200000000001,0.04491898,0.07881423,0.04138931,0.5307801999999999,1.750911,2.130376,0.009520062,6.105561,2.349475e-05,0.0,2.7621035356348234
0.008302200000000001,0.07981683,0.03670706,0.01071996,2.844838,1.269907,3.548832,0.02254896,5.676336,4.636834e-05,12.0,4.044918588198996
0.008302200000000001,0.120327,0.02600566,0.00391783,-2.690692,1.3956819999999999,6.072812,0.04173716,1.131313,2.9429790000000003e-05,30.0,3.2587224934685253
0.008302200000000001,0.17977839999999998,0.029113,0.006010268,-1.1552129999999998,2.1699610000000003,5.3772150000000005,0.0762208,4.3084690000000005,5.165585e-05,37.0,4.25375077326594
0.008302200000000001,0.27758109999999997,0.06237267,0.004688220999999999,-1.894109,5.752575,3.6287300000000005,0.1462269,6.022722,1.252593e-05,71.0,1.842843338498526
0.008302200000000001,0.4046464,0.03093806,0.008305112,-2.644239,2.1231880000000003,1.6626150000000002,0.2573799,2.233158,2.7701679999999998e-05,49.0,3.230373757141735
0.008302200000000001,0.5849821,0.008252097,0.002570984,0.9151855999999999,0.2216074,5.704768,0.4473636,4.551668,6.620828e-05,55.0,4.708090087726074
0.008302200000000001,0.9809761,0.009767535,0.002371111,-1.8964459999999999,1.8871229999999999,0.2890147,0.9714775999999999,0.3041481,7.593349e-06,62.0,1.397489771305667
0.008302200000000001,1.41734,0.003036792,0.000212074,0.7994744,2.521355,0.11638230000000001,1.687127,3.0791180000000002,2.6626020000000004e-05,76.0,2.8841835323607086
0.0091116,0.0534374,0.0004930631,1.316035e-07,1.7739099999999999,3.0114810000000003,5.960986,0.01235269,1.176505,2.9116700000000002e-05,0.0,3.1017895177019317
0.0091116,0.07228493,0.001007545,8.296614999999999e-08,2.0267630000000003,5.194285,1.158269,0.01943386,0.220848,1.153286e-05,21.0,1.8070927107560735
0.0091116,0.09243227,0.000389901,7.884953e-08,1.449386,2.456368,4.408601,0.02810122,0.503223,1.772321e-05,14.0,2.328422590678383
0.0091116,0.1248299,0.0009839439,3.942477e-08,1.741873,4.552958,3.9882809999999997,0.04410176,3.9751769999999995,4.3586909999999995e-05,25.0,4.0660132641784426
0.0091116,0.2078817,0.0006656841000000001,7.884953e-08,1.387685,1.002107,5.261198,0.09477469,2.8717610000000002,4.5242e-05,38.0,4.015789678808691
0.0091116,0.34654559999999995,0.0001466671,5.1619140000000005e-08,0.33350359999999996,5.3395470000000005,0.5085579000000001,0.20398329999999998,1.1189559999999998,6.409627e-05,40.0,4.920158119725536
0.0091116,0.4986947,0.001560126,8.024521e-08,0.9851594000000001,4.63619,5.436386,0.3521238,6.097647,5.212982e-06,67.0,1.179812764686246
0.0091116,0.5832435,0.0005312761,5.1619140000000005e-08,-2.546426,5.871639,3.066596,0.4453768,6.024296,6.866539e-06,55.0,1.3017128098462554
0.0091116,0.8089581,0.0001580071,2.5809570000000003e-08,3.025361,0.8180894000000001,5.598949,0.7275007,1.7558099999999999,3.794498e-05,62.0,3.330554787422998
0.0091116,1.191861,0.000118806,6.82857e-08,-2.4025380000000003,3.512929,0.5785573,1.3009950000000001,5.751231,2.7402940000000004e-05,71.0,3.1451020737290913
0.01,0.04896953,0.00018741740000000003,3.650024e-08,2.47701,1.071156,5.907481,0.01083627,2.359579,4.135239000000001e-05,0.0,3.5177395475603808
0.01,0.09824681,0.000261453,3.332001e-08,-0.37603990000000004,4.784326,6.2401029999999995,0.03079339,1.832322,5.137992e-05,14.0,4.192936000666924
0.01,0.1752437,0.0003830372,2.5809570000000003e-08,-0.7838419,5.591183,2.5718900000000002,0.07335475,4.04713,7.032406e-05,34.0,5.080481475544392
0.01,0.2852031,0.0001903132,5.5755040000000005e-08,-0.7751005,3.4710690000000004,3.871002,0.1522955,1.1753850000000001,2.295695e-05,47.0,2.7905946779943944
0.01,0.4177682,0.00034189,6.322026999999999e-08,1.095605,0.6359212,2.920354,0.27,1.189463,1.798374e-05,44.0,2.2112008142766584
0.01,0.604388,0.0006018730000000001,6.322026999999999e-08,0.74179,4.184214,0.49120969999999997,0.4698069,1.849549,4.629393e-05,48.0,4.118493643363362
0.01,1.0229780000000002,0.00035304190000000005,6.495266e-08,-0.8116768,4.611464,2.627923,1.034505,5.110671,5.9287349999999994e-05,62.0,4.732167792371721
