stokesnum,a,e,i,node,peri,M,P,f,mass,PlanetNum,mrRad_ChenKipping
1e-05,0.06179930000000001,0.03542908,0.01995084,-1.577509,0.04784579,0.41244390000000003,0.01536296,2.007046,1.392524e-06,0.0,0.8238621777826179
1e-05,0.07433557,0.02867367,0.0695381,-1.823425,2.648847,6.007028,0.02026724,5.129638,5.956392e-07,23.0,0.6514649145144575
1e-05,0.09023203,0.04515679,0.03391076,-1.244035,4.031821,1.928148,0.02710444,5.352572,1.153923e-06,36.0,0.7773253870997809
1e-05,0.11420930000000001,0.01493127,0.01294925,2.5856470000000003,3.25116,4.095394000000001,0.03859677,4.51244,1.5115969999999998e-06,55.0,0.8267978495348864
1e-05,0.1433514,0.02344368,0.04881584,-0.06613268,5.970511,0.9873334,0.05427523,1.412308,9.139221999999999e-07,88.0,0.7351144937879376
1e-05,0.17750610000000003,0.02676538,0.02219356,-0.5811092,2.791673,5.39346,0.07478571,3.180757,1.157328e-06,105.0,0.7630979423641033
1e-05,0.21705700000000003,0.01979519,0.00445256,2.711215,2.3126330000000004,3.122739,0.10112510000000001,4.344933,9.315013000000001e-07,127.0,0.7180414285173204
1e-05,0.27477890000000005,0.01176617,0.02449256,0.9427639999999999,0.8808584,2.037738,0.14403670000000002,0.21918890000000002,1.389375e-06,143.0,0.787881719089609
1e-05,0.3649074,0.01152014,0.0076631930000000004,-0.02201755,0.8900002,5.892004,0.2204304,5.001995,1.087268e-06,182.0,0.7600722359317666
1e-05,0.4902492,0.009137384,0.0038815,-2.130659,4.687952,5.831048,0.34326,3.2713740000000002,1.236013e-06,171.0,0.7908157993058327
1e-05,0.6239182,0.03676171,0.01996166,0.9374140999999999,4.518841,5.890651,0.49282040000000005,0.4666763,1.036079e-06,221.0,0.7345407228870566
1e-05,0.7990522,0.05030974,0.02436915,2.7144310000000003,3.207826,3.626123,0.7142662,3.914843,8.547516999999999e-07,196.0,0.6991486133602824
1e-05,0.9605379999999999,0.0737135,0.07994324,3.055948,3.7614,5.8451889999999995,0.9413884,5.182935,3.33889e-07,283.0,0.5447200280330097
1e-05,1.2523440000000001,0.07040324,0.04797643,-2.125121,3.748362,3.381335,1.4014659999999999,1.893789,1.0482849999999999e-07,266.0,0.39523331541431816
1e-05,1.4524629999999998,0.2864195,0.009069622,-0.23966479999999996,0.5875994999999999,3.969735,1.7504689999999998,3.4225269999999997,6.482569e-08,312.0,0.3439628453792697
1.07e-05,0.05883551,0.02199677,0.06157012,-1.102771,4.537113,4.002072,0.01427114,0.5919449999999999,2.163789e-06,0.0,0.9192047631416869
1.07e-05,0.08585019,0.04506503,0.03779337,-1.326125,2.5459080000000003,1.045037,0.02515423,6.091851999999999,1.931434e-06,26.0,0.8904210800755459
1.07e-05,0.1120099,0.05502952,0.05953647,0.34363119999999997,1.737927,4.498224,0.03748722,2.486008,1.1881390000000001e-06,67.0,0.7783137285765912
1.07e-05,0.1513717,0.02263546,0.02693887,2.4269819999999998,2.873918,1.259026,0.05889326,2.276161,1.7897210000000001e-06,92.0,0.8684253313778658
1.07e-05,0.19802160000000002,0.04567001,0.04131786,-2.550389,5.748919,2.039275,0.08811848,5.038366000000001,1.1194200000000002e-06,123.0,0.7852243525641659
1.07e-05,0.23713289999999998,0.04787066,0.0269774,2.0670669999999998,5.03106,2.92365,0.1154745,2.188396,8.843719e-07,120.0,0.7250950064326018
1.07e-05,0.2980198,0.002440461,0.0256118,2.295764,0.9509091999999999,3.793203,0.16269170000000002,0.5490729999999999,1.0826789999999999e-06,157.0,0.7498322259602429
1.07e-05,0.36583509999999997,0.03219411,0.03636316,2.581424,3.0999779999999997,2.0380849999999997,0.2212715,2.669775,9.812939e-07,190.0,0.743737476614573
1.07e-05,0.4681477,0.04905019,0.01446021,-1.0332299999999999,0.08715,5.5356510000000005,0.32031079999999995,0.21912820000000002,1.183002e-06,206.0,0.7742700707290954
1.07e-05,0.5942105,0.01529553,0.03452398,-0.4903767,5.760194,4.490385,0.4580444,5.481957,1.127107e-06,223.0,0.7554263737203537
1.07e-05,0.6965170999999999,0.06510224,0.03546928,1.8095400000000001,4.742397,3.0870490000000004,0.5812924,2.856682,4.472128e-07,261.0,0.5895159587338501
1.07e-05,0.9038546999999999,0.03303784,0.03011917,1.110895,1.535374,2.372633,0.8592998,5.990956,9.387158e-07,270.0,0.7348134049843633
1.07e-05,1.1065,0.08272301,0.08896201,-2.964979,1.728223,1.553892,1.163923,2.842453,2.136341e-07,297.0,0.48248332899575547
1.15e-05,0.04972584,0.02299305,0.09289533,-1.040025,2.906604,4.7668919999999995,0.01108851,2.911003,9.980031e-07,0.0,0.7293965003516829
1.15e-05,0.06051594,0.05177567,0.06855889,-0.3811434,4.428672,1.3415920000000001,0.0148869,3.5359879999999997,1.544494e-06,15.0,0.846797954001074
1.15e-05,0.07901158,0.009686272,0.04803266,-0.7148796,4.031174,2.33657,0.02220932,5.287267,1.360165e-06,38.0,0.82075282514084
1.15e-05,0.09852791,0.01155338,0.03964734,-2.568362,0.46690600000000004,5.6333519999999995,0.03092699,1.474603,1.593107e-06,60.0,0.8471656633491869
1.15e-05,0.13535439999999999,0.01341409,0.02489906,-9.353831e-05,3.055078,2.4426490000000003,0.04979746,5.655215,1.737518e-06,70.0,0.8652761741042212
1.15e-05,0.1736411,0.06103888,0.01946935,1.527965,1.39582,0.6775751999999999,0.07235638,3.9461699999999995,1.1631749999999999e-06,108.0,0.7855999119788373
1.15e-05,0.2081541,0.04175575,0.008056704,2.301333,3.257213,1.881857,0.09496763,2.647236,8.386034000000001e-07,96.0,0.6933189632658041
1.15e-05,0.2616035,0.04348146,0.042050300000000006,-2.842669,0.05997765,2.73084,0.1338021,5.450603,1.6253649999999998e-06,149.0,0.8288170652692203
1.15e-05,0.3604097,0.05001588,0.02129666,-1.86705,2.421838,1.804714,0.21636750000000002,1.346608,1.3288829999999998e-06,183.0,0.7988221317974215
1.15e-05,0.465376,0.02069343,0.03033719,-2.269836,1.8112599999999999,3.7718220000000002,0.3174703,4.1941690000000005,1.444856e-06,192.0,0.8263674665446599
1.15e-05,0.5765118,0.02142906,0.02680773,1.354372,3.232437,1.5806639999999998,0.4377326,3.271402,5.302144000000001e-07,253.0,0.6231363385405493
1.15e-05,0.7336446,0.013256,0.04719228,1.675682,4.214208999999999,5.382269,0.6283843000000001,5.762487,1.365472e-06,219.0,0.803839293761871
1.15e-05,0.9783445,0.08967927,0.05405818,1.2925,1.149126,4.215944,0.9676855,1.9452459999999998,5.090559e-07,267.0,0.6049029683052598
1.15e-05,1.133722,0.24395709999999998,0.05326109,-0.6319318,2.5180830000000003,4.999715,1.2071370000000001,3.1240259999999997,7.481741e-08,314.0,0.355314286057522
1.15e-05,1.186663,0.1792663,0.2315371,-1.039076,0.9116820999999999,2.2851209999999997,1.292669,2.615645,3.7808300000000006e-08,309.0,0.30089580358886636
1.15e-05,1.217135,0.1691923,0.1362499,-0.06139854,2.4752509999999996,3.862682,1.3427799999999999,1.7869830000000002,3.730049e-08,316.0,0.3021183535617567
1.15e-05,1.2644799999999998,0.11946400000000001,0.04961358,1.91277,6.221872,5.467896,1.421885,3.520202,3.802819e-08,306.0,0.2979459507998058
1.15e-05,1.298815,0.23201420000000003,0.1644606,2.048665,0.05502505,0.7554927,1.48019,4.469103,3.884609e-08,295.0,0.2948403446136647
1.23e-05,0.04875314,0.03270435,0.02754753,-2.578182,0.5627448,2.8651880000000003,0.01076474,4.815741,7.114018e-07,0.0,0.6732923500530787
1.23e-05,0.06224703,0.01755054,0.0058471140000000005,-0.6265096,4.175221,0.8638616,0.01553021,3.583155,1.994079e-06,10.0,0.8993212308714515
1.23e-05,0.08935660000000001,0.03113731,0.01349556,2.89752,0.2060326,5.646592,0.02671092,2.577026,2.39739e-06,39.0,0.9474580810173132
1.23e-05,0.1185566,0.01968132,0.05001748,-0.7841864000000001,0.8398438,1.0878079999999999,0.04082132,1.0663639999999999,1.1078200000000001e-06,75.0,0.7554802513299546
1.23e-05,0.1445297,0.03316163,0.04194183,0.6624257,3.043861,5.634261,0.05494575,1.9891849999999998,1.071798e-06,93.0,0.766009869137271
1.23e-05,0.1782746,0.06033014,0.02208566,1.200042,5.542278,1.6513900000000001,0.07527178,1.3073290000000002,1.534879e-06,112.0,0.8458910710527592
1.23e-05,0.226642,0.02017829,0.01591541,2.783718,4.359915,1.220437,0.1078968,0.3745482,1.1991379999999999e-06,131.0,0.7781825000061027
1.23e-05,0.2699993,0.04569356,0.02485842,0.8134241,5.436726999999999,3.165122,0.1402948,3.193269,7.80799e-07,158.0,0.6901774427495437
1.23e-05,0.3497282,0.03888362,0.0103836,0.44118140000000006,4.798973999999999,5.6529419999999995,0.20682029999999998,0.4454282,1.786684e-06,164.0,0.86169564387394
1.23e-05,0.468077,0.029870400000000002,0.0372205,0.9787805,0.09024052,3.998612,0.32023759999999996,2.941718,1.308441e-06,202.0,0.7880798887852225
1.23e-05,0.6464373999999999,0.009027384,0.04348798,-1.8611509999999998,4.840369,6.2190199999999995,0.5197404999999999,3.238052,1.6981729999999998e-06,183.0,0.8586600715873995
1.23e-05,0.8800022,0.007660289,0.01636198,2.476266,4.021730000000001,5.7152650000000005,0.8255101,5.489577,8.091656000000001e-07,195.0,0.6845940979907001
1.23e-05,1.052809,0.03418508,0.1034028,3.0615189999999997,2.351815,5.361244,1.080241,6.227377,2.454077e-07,286.0,0.5106472690157708
1.23e-05,1.19488,0.03821618,0.03592951,-0.8581562,4.265134,3.8575800000000005,1.306119,0.4853739,1.208998e-07,292.0,0.4138662553324999
1.32e-05,0.05101848,0.01664143,0.06246541,2.09822,0.6484694000000001,5.770396,0.01152367,3.027541,1.899694e-06,0.0,0.8674039778372198
1.32e-05,0.06731442,0.04810687,0.01248887,2.85296,0.8722996999999999,3.7144199999999996,0.01746471,6.271237,1.530242e-06,25.0,0.8350893260104157
1.32e-05,0.08763921,0.05199305,0.008514243000000001,1.304339,4.502004,1.9292029999999998,0.02594457,2.472556,1.94922e-06,45.0,0.8741314009541385
1.32e-05,0.1197982,0.02189222,0.02149249,-0.24798920000000002,2.907515,5.397031,0.04146423,2.754297,2.168843e-06,70.0,0.9112318219658475
1.32e-05,0.16601110000000002,0.03149643,0.0237572,-1.4488729999999999,5.951251999999999,5.42943,0.06763999999999999,0.9786306999999999,1.493878e-06,93.0,0.8329293920742186
1.32e-05,0.1965981,0.03207525,0.022952200000000002,-2.492604,5.953739,6.004245,0.08716993,2.5780849999999997,1.0159899999999998e-06,124.0,0.7325455538265192
1.32e-05,0.2381297,0.05323281,0.004614415,-3.072346,5.634056,4.145453,0.11620319999999999,1.6899080000000002,9.702639e-07,143.0,0.735790760879649
1.32e-05,0.2943933,0.02241635,0.04376268,1.252026,4.235812,4.019387999999999,0.15973099999999998,4.770023999999999,1.387283e-06,154.0,0.8158358230426803
1.32e-05,0.3582697,0.02725252,0.01993474,-0.3537824,3.9997019999999996,4.650982,0.2144431,1.0519129999999999,7.995355000000001e-07,167.0,0.6782966063933109
1.32e-05,0.4368607,0.03405711,0.04351121,-0.8010674,5.241986,0.7283866,0.2887429,2.606182,1.359738e-06,192.0,0.8072716932239363
1.32e-05,0.5607804,0.04301869,0.02650961,1.130633,1.8159889999999999,5.331218,0.41993859999999994,2.441425,1.2595969999999999e-06,213.0,0.8041569737188334
1.32e-05,0.6552891,0.05792655,0.02322192,-0.6382263000000001,3.9064099999999997,2.316177,0.5304515000000001,5.232837,3.995353e-07,263.0,0.579296893559129
1.32e-05,0.8000996,0.01791398,0.03203398,-2.781684,5.096232,2.4354810000000002,0.7156693000000001,0.1253536,1.025027e-06,220.0,0.7439046228814662
1.32e-05,0.9319584999999999,0.07202048,0.06703302,-2.6360330000000003,6.0151449999999995,4.595463,0.8996860999999999,1.355338,4.889573e-07,266.0,0.5989794106910373
1.32e-05,1.138881,0.05969484,0.03369889,-2.7325779999999997,3.3384669999999996,5.1002410000000005,1.215384,4.379892,8.61597e-08,300.0,0.37195591459516414
1.32e-05,1.261261,0.06719108,0.04616842,0.7181613,3.2884290000000003,1.368422,1.416457,3.584678,1.345977e-07,274.0,0.42658340933381045
1.42e-05,0.05220448,0.03528435,0.01849056,1.774787,6.172084,0.8047965,0.01192782,5.369312,2.031417e-06,0.0,0.8963626783849012
1.42e-05,0.0707309,0.03749132,0.01629372,-1.1035840000000001,0.5198157,4.049774,0.01881104,4.559136,2.163987e-06,25.0,0.9147372942397696
1.42e-05,0.09891386,0.02982262,0.02280122,1.714235,4.992316000000001,1.243974,0.03110887,0.8653649,2.411714e-06,48.0,0.9418258082897796
1.42e-05,0.1507339,0.06023792,0.01124647,1.805161,2.403047,4.362629,0.05852134,0.1744334,2.9084320000000004e-06,86.0,1.0140419338095135
1.42e-05,0.2068487,0.02518271,0.01943499,-0.7426704000000001,1.826343,4.32735,0.09407556,3.238701,1.2745019999999999e-06,125.0,0.7943642263362426
1.42e-05,0.2725701,0.00280766,0.0158947,-2.264199,6.273757,6.254326,0.14230320000000002,2.249146,1.748854e-06,143.0,0.8641119026594231
1.42e-05,0.3470812,0.03437244,0.02533293,-1.432775,2.2260299999999997,2.7278689999999997,0.2044766,1.99785,1.35858e-06,169.0,0.7949882000208746
1.42e-05,0.44045550000000006,0.04941362,0.0203752,0.25045120000000004,3.0339970000000003,5.822871,0.29231409999999997,2.59174,1.314e-06,189.0,0.8115970171041138
1.42e-05,0.5689995,0.04732064,0.01879808,1.598858,0.990626,2.061359,0.4292045,5.704829,1.292064e-06,211.0,0.8052134801059585
1.42e-05,0.7595713000000001,0.02946863,0.02523022,-1.9536619999999998,5.211144,3.106552,0.661986,6.123059,1.420909e-06,228.0,0.8225717247974357
1.42e-05,0.9385628,0.01801468,0.01223339,2.784511,1.6868779999999999,0.05265992,0.9092667,1.898713,6.191993e-07,223.0,0.6494489247342504
1.42e-05,1.187438,0.03293915,0.02679325,1.047392,6.172686,0.6133255999999999,1.293934,5.937825,1.416463e-07,276.0,0.4320472940547748
1.42e-05,1.517415,0.3624887,0.1888076,1.427435,4.390829,1.629551,1.8691849999999999,2.5862,4.8436949999999996e-08,270.0,0.3177305115539385
1.52e-05,0.06248102,0.08408999,0.03203794,-0.1412174,0.1275327,1.872659,0.01561787,2.040553,1.270487e-06,0.0,0.7942353811447644
1.52e-05,0.08308034,0.03235541,0.03746257,-1.3101399999999999,4.71204,4.236548,0.02394674,0.8839195,2.98105e-06,15.0,1.0117031130650587
1.52e-05,0.113072,0.11992850000000001,0.01734048,-0.05422963,4.345756,0.9068896000000001,0.0380217,2.94889,1.1465700000000002e-06,52.0,0.7571707183161953
1.52e-05,0.1475885,0.03400255,0.01872493,0.9702790000000001,1.732574,0.02877644,0.05669921,3.579587,2.475788e-06,65.0,0.9707861737459746
1.52e-05,0.22161109999999998,0.03051167,0.009158789,-2.0512610000000002,2.151063,2.00962,0.10432419999999999,1.9666169999999998,2.763628e-06,91.0,0.9804695159884994
1.52e-05,0.32532209999999995,0.03818781,0.00513219,2.172771,3.4260019999999995,5.430781,0.1855528,6.101794,2.175281e-06,140.0,0.9325093241007183
1.52e-05,0.4838726,0.01429249,0.02860565,2.276302,0.8015019,2.107196,0.33658390000000005,5.28875,2.1597370000000002e-06,168.0,0.9023674900715539
1.52e-05,0.6109865,0.009658774,0.02357662,0.5592185000000001,5.916474,3.8611940000000002,0.4775776,3.65907,1.049932e-06,179.0,0.7704289881441451
1.52e-05,0.8154696,0.03792387,0.01961073,-1.815505,1.1126639999999999,0.6910663,0.73639,1.469128,1.244954e-06,218.0,0.7822467128048607
1.52e-05,1.056218,0.1966371,0.148034,0.7222521,4.793412,1.277002,1.085492,2.3541540000000003,4.925741e-08,269.0,0.32020005001740537
1.52e-05,1.066645,0.038227300000000006,0.03793379,2.9664900000000003,3.4485089999999996,1.7044540000000001,1.101605,1.649013,5.09737e-07,243.0,0.6076076190289751
1.52e-05,1.369327,0.07864124,0.1344266,-1.068307,4.425581,4.482121,1.602347,1.272478,4.978204e-08,264.0,0.3161935738259731
1.63e-05,0.07403213,0.03384484,0.03595003,-0.878418,0.4941352,4.6555550000000006,0.02014325,4.974906,3.96043e-06,0.0,1.0952423813323389
1.63e-05,0.11550730000000001,0.01001154,0.03059257,-0.789876,2.590052,1.1440780000000002,0.03925663,5.614751,2.207836e-06,43.0,0.9521086540213771
1.63e-05,0.1510876,0.04975599,0.04233939,1.422166,5.752298000000001,2.348346,0.05872749,1.556475,1.93291e-06,60.0,0.8896888004050978
1.63e-05,0.196664,0.04529208,0.09097557,1.487599,3.8651489999999997,5.860957,0.08721378,0.554561,1.321162e-06,86.0,0.7994499856567474
1.63e-05,0.24780270000000001,0.01131188,0.045751099999999996,-3.065069,2.163434,1.50922,0.1233549,2.425796,1.974668e-06,105.0,0.9107354019426374
1.63e-05,0.3393962,0.008367854000000001,0.03433614,1.94029,4.859187,3.3436519999999996,0.19772320000000002,2.832482,2.071718e-06,126.0,0.906656010969987
1.63e-05,0.4911613,0.03951614,0.05140754,-1.369018,3.16665,1.5522479999999999,0.3442173,6.017639,2.714459e-06,165.0,0.9526000564665954
1.63e-05,0.7066374,0.05957682,0.04436422,2.477537,3.71481,2.919451,0.5940065,3.024813,9.690105e-07,195.0,0.738041241128284
1.63e-05,0.9672628000000001,0.10158400000000001,0.24607960000000004,0.3046942,3.7891,4.749156,0.9512894000000001,0.7925349,1.073658e-07,253.0,0.4022567973759395
1.63e-05,0.9786944,0.04761768,0.01372915,-2.21758,4.596985,3.9884,0.9682035,1.703803,1.338641e-06,206.0,0.8022682717237315
1.63e-05,1.367696,0.2227521,0.23513520000000004,0.8171484,3.215459,2.911624,1.599485,4.721063,5.492071e-08,244.0,0.33070360852524017
1.75e-05,0.06698012,0.02085081,0.04708203,-0.8230690999999999,6.157773000000001,2.38565,0.01733478,3.3263519999999995,2.880523e-06,0.0,1.008096682299918
1.75e-05,0.08881438,0.03879183,0.03403836,1.048927,4.260661,3.938335,0.02646818,4.835227,1.288022e-06,23.0,0.7775011942188343
1.75e-05,0.1090566,0.06374667,0.03146337,-0.01631065,6.168465,5.575784,0.03601445,5.6324440000000005,2.033791e-06,42.0,0.9005942540380873
1.75e-05,0.135905,0.01784837,0.01931398,1.4613,5.58817,1.24516,0.05010162,0.4956543,1.007256e-06,62.0,0.7403118239423894
1.75e-05,0.16904829999999998,0.01459081,0.03435364,1.157125,4.593627,5.235532,0.06950468,5.753355,2.201644e-06,68.0,0.9335061169774626
1.75e-05,0.21479339999999997,0.03640593,0.05111123,-0.08330486,4.424716,0.3581224,0.09954722,2.352574,1.263229e-06,86.0,0.7906668358743681
1.75e-05,0.2531106,0.02234618,0.0629749,3.065983,3.672807,0.1010784,0.12733930000000002,5.9127279999999995,1.272758e-06,120.0,0.797519847576341
1.75e-05,0.3037298,0.057082900000000006,0.04602293,-2.975069,3.367665,3.7152830000000003,0.1673894,3.3034779999999997,1.084378e-06,130.0,0.7486796300925624
1.75e-05,0.3813663,0.04266235,0.028629400000000003,-2.7908,1.977184,5.065938,0.2355103,5.844323,1.649884e-06,138.0,0.8532728163565919
1.75e-05,0.4900514,0.01197193,0.02995887,-0.25145170000000006,4.418696,3.581294,0.3430519,5.683827,1.7181039999999998e-06,100.0,0.8434202394247831
1.75e-05,0.6085783,0.04599207,0.03910768,2.110576,4.716954,0.2896196,0.4747564,6.003922,1.3802369999999999e-06,186.0,0.8186353809953509
1.75e-05,0.7403858,0.06482281,0.07164891,-0.37584259999999997,3.636207,5.069529,0.6370637,1.932466,4.045722e-07,238.0,0.5734426050915911
1.75e-05,0.8968575000000001,0.0243319,0.03313238,-2.2784709999999997,5.73577,4.6974029999999996,0.8493389000000001,1.286573,1.200802e-06,206.0,0.7856386094123173
1.75e-05,1.131833,0.03480634,0.04474543,-3.1330560000000003,0.09774704,4.423526,1.2041190000000002,1.240945,2.911266e-07,232.0,0.529261055246275
1.75e-05,1.193668,0.08032646,0.01009638,-0.06631485,2.296503,3.253625,1.304131,1.167659,6.385603e-08,204.0,0.35038814049953904
1.87e-05,0.04958714,0.01450648,0.04949528,-1.523025,4.508243,0.9680175,0.01104213,4.240022,3.674996e-06,0.0,1.0867977151189074
1.87e-05,0.07105214,0.05816087,0.02458814,-3.051216,5.562832,0.5301186999999999,0.01893933,4.198233999999999,1.6449170000000002e-06,33.0,0.854337570150044
1.87e-05,0.09070117,0.02733431,0.04604831,1.7704240000000002,6.173929,0.7909574,0.02731603,5.370255,2.9393830000000003e-06,50.0,0.9992823150243194
1.87e-05,0.12902349999999999,0.03543057,0.03990627,-2.651461,2.8896,1.9003889999999999,0.04634477,1.732474,2.488861e-06,80.0,0.978753797135936
1.87e-05,0.1719598,0.04115446,0.07301014,-0.3211491,0.6367435,5.550425,0.0713079,5.16169,2.003346e-06,107.0,0.9112986975953905
1.87e-05,0.22700120000000001,0.03260742,0.01168945,-2.797346,6.0530349999999995,5.25315,0.10815309999999999,2.0558110000000003,2.151986e-06,113.0,0.9308749674545591
1.87e-05,0.28743420000000003,0.03400301,0.01711724,-1.9710130000000001,3.6226190000000003,1.9879200000000001,0.1541005,0.3596908,1.569655e-06,155.0,0.8371261364278699
1.87e-05,0.3813978,0.01367939,0.02056848,0.9969538,0.7907974,2.265386,0.23553920000000003,0.4904049,2.023887e-06,175.0,0.8912084087568951
1.87e-05,0.5026701,0.02658446,0.03553854,2.155235,2.215459,1.286397,0.3563854,3.1959419999999996,1.725169e-06,195.0,0.8601072226446589
1.87e-05,0.6602387,0.0196192,0.03029268,1.360738,6.089583,5.0648230000000005,0.5364720000000001,3.8712419999999996,1.4242490000000001e-06,184.0,0.8133910679931142
1.87e-05,0.8852114999999999,0.02297661,0.02442339,-1.11135,3.092282,3.803902,0.8328476,1.8671389999999999,1.625412e-06,204.0,0.8558660465858379
1.87e-05,1.15913,0.08358325,0.02430605,2.4950259999999997,1.3441530000000002,0.3297153,1.247938,2.828456,2.455064e-07,270.0,0.4996459177945799
2.01e-05,0.04938609,0.03056803,0.07263955,-1.8084310000000001,1.604767,0.7614173000000001,0.01097504,1.0164360000000001,2.899344e-06,0.0,1.0175891311767815
2.01e-05,0.07256849,0.05386516,0.008208678,-2.192073,4.100469,6.08942,0.01954882,4.091336,3.808759e-06,25.0,1.074208747719155
2.01e-05,0.1013188,0.05800347,0.03727829,0.24805660000000002,5.708126999999999,5.736943,0.03225027,6.036803,1.8532589999999998e-06,50.0,0.8840222461441489
2.01e-05,0.15106689999999998,0.02882719,0.01839461,0.7944208,0.6418194,0.1786057,0.05871528,4.970113,4.306726e-06,76.0,1.0992501236073342
2.01e-05,0.22362470000000004,0.06831183,0.06494056,1.073508,2.186541,4.62352,0.105749,1.49914,2.2342590000000003e-06,96.0,0.9335355619238683
2.01e-05,0.2809483,0.03586126,0.07574835,-2.498965,1.690534,0.3075083,0.1489142,1.1816149999999999,1.097753e-06,135.0,0.7598922575392524
2.01e-05,0.3772337,0.03789434,0.0038155570000000002,-0.4627344,1.8607209999999998,3.8928599999999998,0.2316923,2.538862,3.232512e-06,146.0,1.0290370517164544
2.01e-05,0.47008809999999995,0.05712799,0.05929635,-1.515291,0.43244679999999996,2.568186,0.32230290000000006,3.59861,6.039977e-07,193.0,0.6453603707987383
2.01e-05,0.6097756,0.01845186,0.02401844,-1.3435620000000001,0.33143790000000006,3.654947,0.47615740000000006,4.630252,1.3276240000000002e-06,177.0,0.7913438664216625
2.01e-05,0.7962636,0.03433058,0.02600118,1.602028,1.6532959999999999,2.811598,0.7105263,5.808801,2.2328819999999998e-06,208.0,0.8953814019679894
2.01e-05,1.026672,0.01960039,0.06183774,-2.8292580000000003,5.6138,2.0960959999999997,1.040261,5.569357,5.32736e-07,248.0,0.619796128403295
2.01e-05,1.3194,0.1873735,0.07279057,1.094263,0.7111845,1.5063389999999999,1.515512,5.842773,6.617735999999999e-08,261.0,0.35577232628800554
2.3100000000000002e-05,0.05803484,0.08087418,0.06690789,1.8935099999999998,5.176845,5.977023,0.01398082,5.039778,2.208616e-06,0.0,0.9205373388159587
2.3100000000000002e-05,0.07852501,0.07612769999999999,0.01172007,1.136077,6.126469,0.05091277,0.02200446,5.225837,3.340631e-06,15.0,1.0489767404766486
2.3100000000000002e-05,0.10811169999999999,0.08860445,0.02880529,-0.5409721,2.021298,4.596201000000001,0.03554735,3.119977,2.812332e-06,42.0,0.969543801424561
2.3100000000000002e-05,0.1589907,0.08497603,0.02101802,2.734296,0.5454163000000001,1.6752529999999999,0.06339496,4.510275,4.11548e-06,68.0,1.1049772486897935
2.3100000000000002e-05,0.2359636,0.0535572,0.006696346,-2.897536,5.889513,0.9435148000000001,0.114621,4.142571,2.042208e-06,95.0,0.8915003312932787
2.3100000000000002e-05,0.30227329999999997,0.046398,0.02637991,-0.4001863,0.8123366999999999,3.261619,0.1661866,2.874781,2.353521e-06,117.0,0.9388023587958068
2.3100000000000002e-05,0.4015844,0.03358788,0.02654979,1.7293919999999998,3.171282,2.020391,0.2544843,3.386227,2.293584e-06,131.0,0.9416982479553819
2.3100000000000002e-05,0.5681063000000001,0.03085618,0.04283858,-1.083006,5.754671,0.277187,0.42819309999999994,1.946596,2.853906e-06,149.0,1.003118614063882
2.3100000000000002e-05,0.7528227,0.02672695,0.02879895,0.6984789,4.469213,6.015484,0.6531813,0.8887668,1.005861e-06,198.0,0.7525777010405348
2.3100000000000002e-05,0.9912323000000001,0.05851674,0.03394813,-2.948256,4.661839,6.039618,0.9868658000000001,4.220732,1.362079e-06,185.0,0.7917337232012338
2.3100000000000002e-05,1.347668,0.23891010000000001,0.1399156,-2.701431,3.041273,2.048396,1.5644770000000001,2.1486509999999996,7.949562e-08,216.0,0.37202409650122026
2.3100000000000002e-05,1.665144,0.1727364,0.1127078,2.0884259999999997,1.8941029999999999,0.2125478,2.148684,2.685127,7.47949e-08,241.0,0.3598884244848676
2.48e-05,0.04761114,0.03183583,0.02191696,-1.258027,5.587577,5.946519,0.01038873,1.6804130000000002,2.156551e-06,0.0,0.9229163048501763
2.48e-05,0.06196569999999999,0.03856825,0.02205995,-0.5815494999999999,1.684066,5.01858,0.01542503,3.8639419999999998,3.048501e-06,12.0,0.997274633718348
2.48e-05,0.08863869,0.04042874,0.007184082,-0.8878638000000001,0.8613165999999999,0.2787595,0.02638961,0.33083670000000004,4.394986e-06,37.0,1.1284104794771246
2.48e-05,0.1342969,0.007662099,0.03783115,-0.08738768,2.3311919999999997,4.953782,0.04921486,2.716333,3.048225e-06,54.0,1.0203325103251524
2.48e-05,0.1889953,0.002163924,0.007244873000000001,-1.749498,0.2923646,3.9722589999999998,0.08216236,5.426124,3.5088159999999998e-06,95.0,1.0739058228104792
2.48e-05,0.2709208,0.05284422,0.006644476999999999,3.0474650000000003,5.751702,2.950009,0.1410131,0.48128109999999996,2.938144e-06,126.0,1.021436476815564
2.48e-05,0.3500866,0.05744276,0.04519952,3.022792,0.22213139999999998,2.423213,0.2071375,5.373143,1.683519e-06,147.0,0.8583365310362094
2.48e-05,0.4545036,0.06355419,0.02592436,-1.9282240000000002,2.4639599999999997,4.806038,0.3064087,4.159422,1.720569e-06,167.0,0.8840916610981379
2.48e-05,0.563014,0.02670017,0.05350133,2.473488,3.0589459999999997,2.7753240000000003,0.4224483,3.506648,1.529346e-06,180.0,0.8188103848503752
2.48e-05,0.6945129,0.03603179,0.01855933,-0.16646670000000002,1.239444,1.7140540000000002,0.5787817,0.6857713000000001,2.2703450000000003e-06,192.0,0.9294534480678127
2.48e-05,0.8837117,0.04333219,0.05883742,-0.36418740000000005,1.955228,1.8055150000000002,0.8307303,0.23394679999999998,6.743038e-07,205.0,0.6689747319231043
2.48e-05,1.033663,0.1794828,0.1342222,0.6137593000000001,5.481904,1.1073709999999999,1.050902,1.654723,8.115296000000001e-08,245.0,0.36199572235619026
2.48e-05,1.048263,0.03483262,0.07011433,2.3492990000000002,0.07232463,5.15014,1.073246,2.755405,6.566321999999999e-07,232.0,0.64827649651092
2.48e-05,1.469818,0.15859189999999998,0.1021658,0.6266662,0.7400039,2.04631,1.781924,0.9128485000000001,8.155858999999999e-08,243.0,0.36239176830601627
2.6600000000000003e-05,0.05015063,0.04738149,0.09179574,3.033252,4.479664,2.857523,0.01123088,1.721945,3.208055e-06,0.0,1.0288639827820076
2.6600000000000003e-05,0.06927689999999999,0.06705634,0.06293634,0.6916165,3.516993,1.826587,0.01823397,3.814222,3.0589159999999996e-06,21.0,1.0085246779749335
2.6600000000000003e-05,0.09829078,0.04379998,0.02140532,-2.13164,5.583572,0.43417079999999997,0.03081533,3.255163,4.377611e-06,42.0,1.13788896735427
2.6600000000000003e-05,0.15524960000000002,0.03030158,0.03241055,1.428419,0.8720269,0.9649873,0.06117058,4.888304,4.648132e-06,72.0,1.1231127886794934
2.6600000000000003e-05,0.2071306,0.05179916,0.05874352,-1.747884,4.535126,3.855428,0.0942677,1.1617540000000002,1.3007669999999998e-06,105.0,0.8107215788442036
2.6600000000000003e-05,0.2572639,0.05246212,0.03233298,2.553731,0.21852739999999998,0.8475659999999999,0.130486,4.262407,2.706671e-06,115.0,0.986915820224175
2.6600000000000003e-05,0.3493765,0.03946137,0.01400594,-1.270646,5.500934,1.739641,0.20650749999999998,3.7465410000000006,2.306894e-06,123.0,0.9155106840409082
2.6600000000000003e-05,0.48870749999999996,0.01178963,0.006045567,-0.8909261,4.508685,1.0311709999999998,0.3416395,3.6843269999999997,3.2300850000000004e-06,150.0,1.0254743741374486
2.6600000000000003e-05,0.6226285,0.03296384,0.06580077,-0.6219904,0.907784,3.838968,0.49128999999999995,3.5277629999999998,7.413389000000001e-07,154.0,0.6874293429628087
2.6600000000000003e-05,0.817766,0.05598441,0.02202205,2.393602,2.50031,5.684508999999999,0.739499,0.8741940999999999,2.017246e-06,187.0,0.9075241924916841
2.6600000000000003e-05,1.003319,0.0242941,0.06852728,-0.7857844,1.397418,0.03903984,1.004969,5.68358,1.109222e-06,193.0,0.7413453305189828
2.6600000000000003e-05,2.041009,0.5048055,0.05088385,1.553987,5.701779,5.377353,2.915822,3.666226,8.602169e-08,242.0,0.37238185370219135
2.8499999999999998e-05,0.04452453,0.05550832,0.04870605,2.936573,0.32656490000000005,0.24805789999999997,0.009395035999999999,3.255002,2.334125e-06,0.0,0.942239949932026
2.8499999999999998e-05,0.05664215,0.05594059,0.008969013,0.04441352,4.461926,4.134811,0.01348058,5.868232,2.266122e-06,13.0,0.9327351759246651
2.8499999999999998e-05,0.07305477,0.02424822,0.006581875,-0.24591329999999997,5.819306,0.002074294,0.01974563,0.7442850000000001,3.715862e-06,24.0,1.05706816943347
2.8499999999999998e-05,0.09738065,0.03955588,0.01539152,2.43158,5.081868,3.34956,0.03038832,2.185058,2.2142740000000003e-06,52.0,0.954681962126507
2.8499999999999998e-05,0.1226856,0.02786046,0.01588283,-2.829167,6.124601999999999,3.208409,0.04297222,6.191143,2.686296e-06,66.0,0.99165386236048
2.8499999999999998e-05,0.1500108,0.0352404,0.02333578,-1.420393,1.068893,1.05839,0.05810058,1.479898,2.030963e-06,84.0,0.8983223505665632
2.8499999999999998e-05,0.1928426,0.028962599999999998,0.01277827,2.893719,0.5227994,2.8025349999999998,0.08468383,5.6348199999999995,2.701472e-06,96.0,0.9866843855170279
2.8499999999999998e-05,0.24832470000000004,0.03595191,0.03732054,1.233196,0.02612385,3.940352,0.12374439999999999,2.7117459999999998,2.196316e-06,112.0,0.9052652729621677
2.8499999999999998e-05,0.31617340000000005,0.0193536,0.01448737,-2.170273,1.6284290000000001,4.344899,0.17778,4.848472,2.601911e-06,131.0,0.9627471686276865
2.8499999999999998e-05,0.4090522,0.02616473,0.02145972,1.761116,0.2863716,1.8795810000000002,0.261615,6.106242,1.862903e-06,143.0,0.8808338039215919
2.8499999999999998e-05,0.44808059999999994,0.01626598,0.02866154,-1.8673490000000001,4.444811,3.118328,0.29993590000000003,0.5579119,5.233283e-07,157.0,0.6190043246125386
2.8499999999999998e-05,0.5995079000000001,0.03301419,0.005760769000000001,-1.9248560000000001,0.48182929999999996,3.5662730000000002,0.46417939999999996,4.945433,3.3832319999999997e-06,169.0,1.1081526426441792
2.8499999999999998e-05,0.7925214,0.02827,0.03541728,-1.6778009999999999,3.1109970000000002,4.426916,0.7055224,3.001769,1.427407e-06,152.0,0.8330110604780048
2.8499999999999998e-05,0.9938011999999998,0.04918418,0.05273398,0.5998573,1.4276389999999999,4.22374,0.990701,2.273141,7.592874e-07,219.0,0.6956870602967316
2.8499999999999998e-05,1.238063,0.006286440999999999,0.1181798,0.3546308,1.410079,2.317156,1.37755,0.5590888,2.818852e-07,227.0,0.5198248638044192
2.8499999999999998e-05,1.3721940000000001,0.2903535,0.07503925,-2.623211,1.991337,0.6074893,1.607373,1.825606,9.460794999999999e-08,232.0,0.37967831294608695
3.05e-05,0.04911731,0.03490128,0.03213985,0.5083826,0.9298548000000001,1.495226,0.01088556,0.06114536,5.112445e-06,0.0,1.1962030511645254
3.05e-05,0.06581826,0.05159164,0.01440379,1.205194,4.658531,0.1699714,0.01688566,0.6499949,2.018012e-06,25.0,0.9016216814034428
3.05e-05,0.08431345,0.03416974,0.02625417,-1.2978299999999998,4.696903,6.097737,0.02448179,2.72686,2.434199e-06,41.0,0.9516320839650012
3.05e-05,0.11419839999999999,0.01882477,0.01688312,-1.131156,0.9595203999999999,3.630201,0.03859107,3.7791699999999997,4.458628e-06,52.0,1.1184655962775845
3.05e-05,0.1588765,0.04624534,0.01806023,-2.691856,0.860284,1.345975,0.06332653,3.174404,3.4494580000000003e-06,79.0,1.0610759109978387
3.05e-05,0.21429220000000002,0.07532514,0.02466875,0.4589817,2.308027,1.359246,0.09919855,4.725034,2.4304359999999998e-06,91.0,0.9280590025681501
3.05e-05,0.267656,0.01716379,0.02646983,-2.783808,5.559969000000001,4.480995,0.1384716,1.738749,2.801538e-06,119.0,0.9853279807083232
3.05e-05,0.41801629999999995,0.01390835,0.03061337,-0.28823390000000004,6.19123,4.432448,0.2702613,4.784916,4.684083999999999e-06,131.0,1.1536584182699365
3.05e-05,0.5824501999999999,0.08114509,0.02350343,-1.699359,0.01224628,2.230672,0.4445103,3.811978,2.065091e-06,140.0,0.8887337267570248
3.05e-05,0.7816814999999999,0.009251637,0.01909073,1.353804,2.206082,1.0610549999999999,0.6910954,3.773365,1.821772e-06,178.0,0.8699787723651184
3.05e-05,1.02548,0.09487818,0.1059693,2.719622,0.5713172,5.537408999999999,1.038445,2.383856,1.2309610000000001e-06,199.0,0.7818554657773102
3.05e-05,1.455986,0.1765523,0.04178981,0.6350295,2.51837,1.6429099999999999,1.7568259999999998,4.422771,2.027684e-07,226.0,0.4835245248978316
3.27e-05,0.05500631,0.01919892,0.06096241,1.612632,4.393212,1.6981680000000001,0.01290084,2.010467,3.150632e-06,0.0,1.0182204464107325
3.27e-05,0.07522217,0.02707357,0.02366474,-1.4041780000000001,4.661101,4.237821,0.02063086,1.026742,3.1976119999999996e-06,16.0,1.0447973477260768
3.27e-05,0.09384662,0.01160386,0.03639681,1.139471,4.594767,0.1703831,0.02874922,0.7347895000000001,2.386473e-06,35.0,0.948768068175182
3.27e-05,0.1133788,0.03683798,0.04314572,-1.198409,4.404417,3.830835,0.03817645,0.6695781999999999,2.303127e-06,47.0,0.9149192277276605
3.27e-05,0.1483102,0.01114528,0.01788193,2.830596,5.120062,1.9922529999999998,0.05711542,0.33198920000000004,3.7304699999999997e-06,62.0,1.082330735478305
3.27e-05,0.2155667,0.009934393,0.03862901,-0.3180392,5.5754,1.437209,0.10008489999999999,2.4753849999999997,4.640988e-06,77.0,1.1435023118893177
3.27e-05,0.32974770000000003,0.02332227,0.03188315,3.098086,3.67516,2.735464,0.1893509,2.281172,4.414538e-06,108.0,1.139328441709776
3.27e-05,0.4368275,0.08013028,0.01293962,2.13816,4.9319,4.7617199999999995,0.28870840000000003,3.863961,1.604312e-06,142.0,0.8347960839889181
3.27e-05,0.5861818,0.04046665,0.04926153,0.8274431000000001,6.070232,2.442082,0.4487893,1.904802,2.48643e-06,152.0,0.9723195397350258
3.27e-05,0.85729,0.006796955,0.03404592,-2.489903,1.005874,5.247209,0.793752,0.45398710000000003,3.389572e-06,166.0,1.037317179712537
3.27e-05,1.256263,0.1255621,0.12170910000000001,-0.7205872,0.7208730999999999,3.313153,1.408037,3.275831,3.2568709999999996e-07,206.0,0.5522293934664266
3.5100000000000006e-05,0.06142456,0.01367916,0.04619867,0.6876171,6.107063,1.183611,0.01522341,0.6893809000000001,5.666788e-06,0.0,1.2091937004074924
3.5100000000000006e-05,0.08975846,0.08461475,0.07197889,-0.4401155,0.9806771000000001,6.048243,0.02689127,5.379916000000001,2.9521010000000003e-06,29.0,1.0018249287745622
3.5100000000000006e-05,0.1140098,0.08887656,0.06987726,-1.9338520000000001,4.928483,3.9129419999999997,0.03849555,1.0691549999999999,2.9909030000000003e-06,45.0,1.011043480285514
3.5100000000000006e-05,0.1497855,0.01788187,0.04457577,0.9545058000000001,1.21274,0.1162052,0.0579697,4.200756,3.9793790000000004e-06,61.0,1.0889943249177199
3.5100000000000006e-05,0.21428490000000003,0.02671288,0.01615463,-2.712174,1.691701,0.05173506,0.09919351,1.119872,3.905716e-06,74.0,1.0770122979273062
3.5100000000000006e-05,0.28316929999999996,0.07854768,0.04360742,2.528499,4.041551999999999,5.389407,0.1506829,4.952196,2.241633e-06,96.0,0.9036813034040267
3.5100000000000006e-05,0.3651614,0.05417235,0.04648082,-2.7200330000000004,0.3058827,3.623732,0.2206594,6.00973,2.673787e-06,85.0,0.9565405650728682
3.5100000000000006e-05,0.4649946,0.0230456,0.03495333,-1.027541,1.678761,5.44563,0.31707729999999995,4.748382,2.6480099999999997e-06,155.0,0.9713274039874981
3.5100000000000006e-05,0.6395894,0.03321118,0.033819699999999994,1.248737,3.602096,4.448486,0.5115003,5.8538,3.556565e-06,124.0,1.0485072190201452
3.5100000000000006e-05,0.9415902,0.04720629,0.03378059,-3.041789,4.664395,5.535775,0.9136624,3.8500550000000002,2.121428e-06,185.0,0.9037596836459793
3.5100000000000006e-05,1.203063,0.14104270000000002,0.08151777,-0.7618394,5.1446879999999995,2.8355490000000003,1.319548,4.456389,2.285079e-07,210.0,0.48818201782774406
3.76e-05,0.04649675,0.0694396,0.006544327,1.252891,4.114996,1.7255060000000002,0.01002613,2.702714,2.6296660000000003e-06,0.0,0.9664402767105102
3.76e-05,0.06250914,0.01659683,0.008068808,0.4659299,1.876034,5.882758,0.01562837,3.5281339999999997,5.019288e-06,12.0,1.1810284258191817
3.76e-05,0.08525081,0.06876056,0.04001332,-0.7232361999999999,0.4004876,2.734812,0.02489113,3.06819,2.7227299999999998e-06,37.0,0.9733922807766711
3.76e-05,0.11589239999999999,0.03751719,0.04752054,1.658002,2.420856,5.83053,0.03945297,1.824799,4.43619e-06,23.0,1.1513919800719863
3.76e-05,0.15431199999999998,0.06461902,0.06155998,-0.8906622,2.3044729999999998,0.6535086999999999,0.06061712,5.42844,4.077634e-06,70.0,1.1146234561498782
3.76e-05,0.21870810000000002,0.008774664,0.03266047,-2.123385,3.700649,2.7267,0.1022804,1.1655209999999998,4.260269e-06,90.0,1.1216217027861926
3.76e-05,0.3009711,0.06131716,0.03116775,3.129947,3.102266,3.142729,0.165113,3.18777,3.142595e-06,115.0,1.024118840438344
3.76e-05,0.44608400000000004,0.04741433,0.05169711,0.4189412,4.357138,4.520241,0.29793270000000005,6.0018970000000005,4.611602e-06,118.0,1.1651170840126055
3.76e-05,0.6114906,0.06625158,0.05255107,-2.804385,5.7172339999999995,2.574755,0.4781646,5.897448000000001,2.5794029999999997e-06,154.0,0.9568995577496586
3.76e-05,0.8784629999999999,0.04409866,0.02678021,2.212048,2.548579,4.110727,0.8233366,5.577501,2.3331389999999998e-06,164.0,0.9301863247488373
3.76e-05,1.198005,0.03458389,0.008561634,-3.025996,4.104426999999999,5.194361,1.311233,4.060092,8.74203e-07,198.0,0.7109141083048272
4.04e-05,0.04590524,0.05275602,0.03777849,1.430207,3.9693690000000004,5.9306980000000005,0.009835408,0.5877465999999999,4.715937e-06,0.0,1.129435616038398
4.04e-05,0.0636711,0.0627382,0.01979575,-2.84009,3.061398,1.57144,0.01606614,1.474381,3.9751e-06,19.0,1.0891894850081387
4.04e-05,0.07978278,0.01665559,0.03165359,-0.1254161,3.380957,1.7413319999999999,0.02253519,4.735686,2.6559620000000003e-06,28.0,0.9708833521136901
4.04e-05,0.1086403,0.008410179,0.01531899,-0.005608185,5.104413,3.199958,0.03580824,4.368469999999999,5.323981e-06,49.0,1.1862428572210963
4.04e-05,0.1540829,0.01970382,0.012542600000000001,2.482716,2.008796,1.284267,0.060482100000000004,3.078464,4.725059e-06,73.0,1.1467062460056745
4.04e-05,0.2193484,0.04296149,0.01086547,2.518298,2.442084,2.57035,0.1027298,3.836735,2.922109e-06,94.0,0.9840699311170794
4.04e-05,0.284893,0.04158552,0.01287132,1.310516,2.475381,4.455004,0.1520606,0.7228601,3.6595300000000003e-06,116.0,1.0598252135792599
4.04e-05,0.36461059999999995,0.02855022,0.01148459,-0.23272960000000004,0.218271,2.83612,0.22015900000000002,2.866419,2.745909e-06,131.0,0.9741560519511885
4.04e-05,0.4995598,0.04854985,0.009510799,0.23354029999999998,4.852186,4.516754,0.35308090000000003,5.659115,4.091096e-06,123.0,1.080834834318783
4.04e-05,0.6896386,0.04638693,0.02315717,3.090433,4.835907,3.5937230000000002,0.5726956,2.034818,1.567e-06,167.0,0.8378870923513353
4.04e-05,0.8335459000000001,0.04799989,0.0150049,-1.887545,0.6465398,3.168203,0.7610026,4.3193220000000005,2.49814e-06,156.0,0.9576453358723287
4.04e-05,1.175052,0.10644669999999999,0.05828686,-1.861005,4.5378169999999995,4.996065,1.2737290000000001,2.461781,8.191771e-07,179.0,0.6915053051258284
4.33e-05,0.05077869,0.04801888,0.03436427,-2.015229,0.8729056000000001,1.057607,0.01144251,2.274858,3.9803339999999995e-06,0.0,1.1259521872674552
4.33e-05,0.07627278,0.02088798,0.01583032,1.055747,3.9268080000000003,3.4599480000000002,0.02106453,4.7188099999999995,7.851477e-06,16.0,1.4283917791035383
4.33e-05,0.127908,0.005534873,0.01643157,0.7402227,1.204343,1.530852,0.04574491,5.864993,6.637708e-06,36.0,1.2895394282879806
4.33e-05,0.19343970000000002,0.05232864,0.040147300000000004,-1.075958,1.082262,4.502628,0.08507712,4.395685,2.9283499999999997e-06,84.0,0.9825191439055738
4.33e-05,0.247531,0.04089231,0.0107738,1.2079309999999999,3.589752,0.5572123000000001,0.1231514,2.113844,4.594712e-06,78.0,1.1326690328328706
4.33e-05,0.3538027,0.05776206,0.04280659,1.4498950000000002,3.099316,3.971166,0.21044290000000002,5.638019,4.621371e-06,109.0,1.1502249359923535
4.33e-05,0.5172180000000001,0.0642749,0.01446396,-2.167242,1.876316,2.6029400000000003,0.3719666,2.923098,3.930312e-06,98.0,1.0789450623134662
4.33e-05,0.7219376000000001,0.03753978,0.01516878,2.977024,5.197783,4.377908000000001,0.6133967,2.530382,2.5113659999999997e-06,141.0,0.9575654814869656
4.33e-05,0.9712924000000001,0.007296498,0.04053143,-1.512492,4.093336,1.093056,0.9572304,4.780844,2.337894e-06,175.0,0.9430140861745435
4.33e-05,1.2770920000000001,0.1345315,0.1184422,2.773356,3.533943,5.093775,1.443194,4.805023,1.4084579999999998e-07,203.0,0.43143948689809175
4.6399999999999996e-05,0.05609321,0.020969099999999997,0.03383393,0.5810936999999999,0.3208478,3.7652660000000004,0.01328509,2.874561,4.984161e-06,0.0,1.1873837338683635
4.6399999999999996e-05,0.072594,0.07032823,0.02613876,2.497492,1.202757,1.843066,0.01955913,4.2947239999999995,2.520508e-06,19.0,0.9849813443453195
4.6399999999999996e-05,0.09477211,0.02849145,0.01088822,-3.07198,0.03550317,0.30158140000000005,0.02917549,3.327311,4.832178e-06,29.0,1.1509491964580572
4.6399999999999996e-05,0.12927650000000002,0.054136699999999996,0.05516513,2.450272,1.642918,2.1120759999999996,0.04648102,4.205546,4.779513e-06,49.0,1.1349005688576126
4.6399999999999996e-05,0.177744,0.04998849,0.03283023,1.313513,1.213541,4.583423000000001,0.07493552,2.1421759999999996,4.233561e-06,69.0,1.09824863579753
4.6399999999999996e-05,0.231674,0.04301329,0.02098815,1.332546,0.959593,2.6013330000000003,0.11150919999999999,0.3367771,3.089875e-06,79.0,1.0162986082886052
4.6399999999999996e-05,0.30775040000000004,0.02913811,0.01542893,-2.06472,0.7007275,4.650298,0.1707229,5.998247,4.19843e-06,103.0,1.1183279807319124
4.6399999999999996e-05,0.39162009999999997,0.04605227,0.05225228,0.9055895,1.9497810000000002,2.480685,0.2450697,5.872895,2.8483510000000003e-06,112.0,1.004411980444038
4.6399999999999996e-05,0.5638463,0.02929327,0.02689962,-2.392705,3.7800300000000004,4.510549,0.42338329999999996,3.124261,5.194787e-06,107.0,1.208624695998782
4.6399999999999996e-05,0.9162248,0.03107376,0.05793022,-1.2215040000000001,1.472536,3.678576,0.8769896999999999,3.410646,2.93416e-06,156.0,1.0182148614444453
4.6399999999999996e-05,1.312471,0.06408388,0.09772244,0.7098488000000001,6.1995260000000005,4.016065,1.503577,3.3606589999999996,3.056261e-07,189.0,0.5448322835958811
4.6399999999999996e-05,1.3513700000000002,0.28454619999999997,0.03558215,2.9140490000000003,5.910337,6.148708,1.570916,3.414945,1.5806629999999998e-07,179.0,0.44154925200106554
4.6399999999999996e-05,1.645417,0.3310458,0.09430372,-1.593561,5.4355269999999996,1.288829,2.110598,3.460201,1.509479e-07,194.0,0.4371291308342053
4.98e-05,0.06740961,0.06199904,0.02910503,2.38766,3.349285,1.7152560000000001,0.01750174,2.3524439999999998,7.07562e-06,0.0,1.3217704793829692
4.98e-05,0.09721936,0.08977691,0.1176509,-2.1427009999999997,2.531748,3.9729120000000004,0.03031286,3.5141720000000003,3.3550540000000003e-06,24.0,1.0391603966029739
4.98e-05,0.1245661,0.06740766,0.07078518,-2.047888,2.832776,1.417106,0.04396394,0.7175726,3.9150420000000005e-06,39.0,1.0925107479310159
4.98e-05,0.1684703,0.01382688,0.02293553,-2.242413,2.416647,0.3152267,0.06914814,0.14494720000000003,6.470647e-06,47.0,1.2349722562972245
4.98e-05,0.24988779999999997,0.08887445,0.02912665,1.733511,3.98179,5.310407,0.1249144,5.80043,2.8297390000000002e-06,79.0,0.9844785023755085
4.98e-05,0.3208203,0.05641006,0.01771375,-1.306538,2.109743,2.332241,0.18171320000000002,1.64185,5.4526649999999996e-06,90.0,1.2378541823536668
4.98e-05,0.4956366,0.03530988,0.0396901,0.008383772,4.044275,5.993385,0.3489296,2.005489,4.507396e-06,110.0,1.1522434496361473
4.98e-05,0.683135,0.06008530000000001,0.04850241,0.889441,3.159448,0.01447335,0.5646140000000001,2.338028,3.993846e-06,123.0,1.076012706371408
4.98e-05,0.974698,0.1002755,0.01568916,-3.040327,2.085632,1.5751700000000002,0.9622690999999999,2.634099,1.879018e-06,148.0,0.8838196443575054
4.98e-05,1.423864,0.03090102,0.03279754,1.392403,2.110848,3.9700919999999997,1.6990040000000002,0.49564540000000007,1.701452e-07,166.0,0.44811942014878625
4.98e-05,1.467043,0.0619698,0.19271029999999997,1.8916560000000002,0.6763380999999999,2.070854,1.7768689999999998,5.722675,1.7068179999999998e-07,165.0,0.45894159713527133
4.98e-05,1.6140510000000001,0.1148238,0.2268613,1.7488810000000001,4.452961,0.939025,2.050536,1.2303600000000001,1.653952e-07,175.0,0.44418828180124437
5.3400000000000004e-05,0.04954908,0.02668645,0.01999357,-2.7292349999999996,1.463039,1.486428,0.01102941,2.7722569999999997,4.911674e-06,0.0,1.1417877579062763
5.3400000000000004e-05,0.0690567,0.003985382,0.03799988,-3.118461,3.5984830000000003,1.731744,0.01814707,1.259301,5.281272e-06,13.0,1.1780685852201151
5.3400000000000004e-05,0.08757305,0.05928484,0.06158683,1.501392,6.249643,1.6906849999999998,0.0259151,0.2510695,2.816698e-06,33.0,0.9888583642785668
5.3400000000000004e-05,0.1106363,0.04267767,0.02086115,0.9054139999999999,4.1150459999999995,3.586266,0.03679956,4.763916,5.116216e-06,44.0,1.2030291488150562
5.3400000000000004e-05,0.14771189999999998,0.03690595,0.03739589,-0.7578943,1.820639,5.949205999999999,0.05676991,4.813244,4.078463e-06,63.0,1.1144559540651344
5.3400000000000004e-05,0.197607,0.04363949,0.03808415,-0.7278932,2.168899,1.0683280000000002,0.0878411,5.877038,4.301304e-06,78.0,1.1257218823447297
5.3400000000000004e-05,0.25341199999999997,0.006102425999999999,0.03880259,0.23402729999999997,1.228097,0.2843453,0.1275658,5.0941,2.9823439999999997e-06,88.0,0.9983414561310314
5.3400000000000004e-05,0.3037873,0.042978300000000004,0.03696495,-0.26906230000000003,4.396954,0.10741600000000001,0.1674354,2.326659,3.126388e-06,97.0,1.0125389250743095
5.3400000000000004e-05,0.4111875,0.03533264,0.02172738,-3.095374,0.1965552,3.66475,0.2636645,0.3008022,4.960045e-06,110.0,1.143645118981778
5.3400000000000004e-05,0.5363634,0.006244977,0.03159641,2.2822080000000002,2.86022,2.87383,0.3928069,4.005065,2.303813e-06,147.0,0.9234967395278972
5.3400000000000004e-05,0.7171927,0.03485233,0.01640688,1.740947,1.650259,2.322148,0.607358,5.151747,3.988884e-06,129.0,1.1054163808834936
5.3400000000000004e-05,1.0282870000000002,0.05055636,0.0725761,-2.5096830000000003,3.7600919999999998,0.2861293,1.042706,5.232835,1.774136e-06,169.0,0.8740422851793821
5.3400000000000004e-05,1.39175,0.2038212,0.10673319999999999,-0.6467579999999999,2.830857,2.1021330000000003,1.641843,6.156708999999999,1.7758779999999998e-07,184.0,0.4570197520628917
5.3400000000000004e-05,1.5542989999999999,0.1039512,0.1492983,0.5134356,2.7482029999999997,3.252754,1.9377229999999999,6.2721800000000005,1.833993e-07,174.0,0.4753080920152991
5.720000000000001e-05,0.04693016,0.1340392,0.06587358,-3.081816,6.070463,5.535075,0.01016663,2.677969,4.29851e-06,0.0,1.1057637908975262
5.720000000000001e-05,0.07709553,0.03473214,0.02570568,-0.3114377,4.874527,1.202619,0.02140625,2.937184,1.07574e-05,13.0,1.7001868893357144
5.720000000000001e-05,0.11775129999999999,0.07542612,0.04136621,-1.903041,3.0331,5.827102,0.04040571,4.546991,3.7058960000000003e-06,45.0,1.0854915616004717
5.720000000000001e-05,0.1593994,0.08144278,0.01365158,-2.4783720000000002,3.702377,3.134082,0.06363927,2.058097,7.033497e-06,29.0,1.3851891744885956
5.720000000000001e-05,0.24051679999999998,0.07069229,0.01461001,2.6269419999999997,3.8674120000000003,3.825101,0.1179536,3.554346,6.890971e-06,85.0,1.2871877119675954
5.720000000000001e-05,0.39934179999999997,0.006327357,0.02541928,1.8619759999999999,2.6763060000000003,0.149566,0.2523531,1.906437,6.257939e-06,113.0,1.2554561238130728
5.720000000000001e-05,0.5639439,0.021075,0.00879233,-1.770048,0.4191183,5.036508,0.4234906,0.10875599999999999,2.633562e-06,124.0,0.9633888524920349
5.720000000000001e-05,0.7702073,0.03379618,0.01455221,0.6919575,3.427544,1.693253,0.6759301999999999,3.813989,5.061087999999999e-06,122.0,1.1945497459783572
5.720000000000001e-05,1.127319,0.10325730000000001,0.03407553,-0.8494004999999999,1.006557,5.162815,1.196906,4.801740000000001,1.3808029999999998e-06,135.0,0.7940634624742423
6.14e-05,0.05357785,0.03157952,0.04675918,-2.76634,0.7635483000000001,4.579729,0.01240155,0.3186875,8.36698e-06,0.0,1.5083314465377922
6.14e-05,0.08154949,0.03465855,0.01188699,-0.2563144,3.857168,0.37559699999999996,0.02328782,3.0634810000000003,5.589310000000001e-06,22.0,1.192302859129054
6.14e-05,0.10395539999999999,0.01520546,0.08785553,-0.1022755,1.596882,4.044232,0.03351712,2.56633,3.741574e-06,40.0,1.0650956409667613
6.14e-05,0.1408738,0.05700369,0.02301809,-0.8962968000000001,5.081329,5.814956,0.05287375,1.7430130000000001,7.386035000000001e-06,47.0,1.4248779626545196
6.14e-05,0.20934989999999998,0.10423769999999999,0.03757832,2.131961,0.8792315,0.7633945,0.09578607,3.88574,5.752368e-06,70.0,1.2207080553262895
6.14e-05,0.2753562,0.03936344,0.02749532,-1.2485620000000002,3.360518,0.8176281999999999,0.1444891,4.912165,2.8787220000000003e-06,86.0,0.9996875801505344
6.14e-05,0.3607152,0.02949782,0.03049123,-1.447592,0.3314512,1.8447200000000001,0.2166397,2.971093,5.838454e-06,104.0,1.2396362628691646
6.14e-05,0.48537079999999994,0.01094594,0.06644732,2.314022,1.054742,3.135659,0.3381433,6.044955,2.9163760000000003e-06,136.0,0.9912680918207041
6.14e-05,0.6120935000000001,0.05547751,0.02303276,0.8023351,3.534249,0.6190482,0.47886990000000007,2.622719,2.233586e-06,119.0,0.920463135741167
6.14e-05,0.7789315,0.02253514,0.0060267509999999995,-2.285109,3.736131,3.8008,0.6874456999999999,2.381223,3.623678e-06,144.0,1.065059043410348
6.14e-05,1.027124,0.05306916,0.03235323,1.0875190000000001,5.139914,5.48754,1.040935,5.468126,2.062107e-06,159.0,0.9166670182673295
6.14e-05,1.486432,0.09878252,0.07850856,-1.9582869999999999,1.3026959999999999,0.8345771999999999,1.812211,1.687774,2.488304e-07,117.0,0.5009199065699094
6.579999999999999e-05,0.04846796,0.02447365,0.02698331,1.929861,3.495607,5.033762,0.01067039,5.872251,7.982521000000001e-06,0.0,1.4744474463777233
6.579999999999999e-05,0.07051644,0.06728671,0.03274365,0.04940251,3.710776,5.529767,0.01872546,1.8989939999999998,6.10701e-06,18.0,1.2547889829208994
6.579999999999999e-05,0.1083654,0.01912727,0.01963102,1.5015479999999999,3.421159,4.183813,0.03567228,5.518068,9.001562e-06,38.0,1.5446208759116398
6.579999999999999e-05,0.1568015,0.07099952,0.05975167,-1.355276,1.536506,2.0772630000000003,0.06208963,2.026503,5.847892e-06,63.0,1.232408862969991
6.579999999999999e-05,0.2054601,0.04612654,0.08363575,-2.356314,2.355273,2.774609,0.09312879,2.806966,4.413436e-06,78.0,1.1161432863999312
6.579999999999999e-05,0.271337,0.05842265,0.02703067,-2.703138,3.586457,2.467458,0.1413369,1.700596,3.6120940000000004e-06,93.0,1.0640830613339864
6.579999999999999e-05,0.3744338,0.0524674,0.03937519,1.6409939999999998,2.932604,3.5106559999999996,0.22911479999999998,5.125677,6.5270069999999995e-06,106.0,1.3151271318606046
6.579999999999999e-05,0.5030212000000001,0.04816301,0.03111436,-2.849625,5.347546,3.3309580000000003,0.3567544,0.9072504000000001,2.936251e-06,128.0,0.989528619648844
6.579999999999999e-05,0.6353989999999999,0.03065651,0.03455173,1.063225,2.70742,1.115151,0.5064759,3.599991,4.0411079999999995e-06,133.0,1.114390115101123
6.579999999999999e-05,0.975884,0.35335679999999997,0.2578667,-1.624119,5.153106,0.6774217,0.9640187,3.290322,2.187031e-07,176.0,0.4858103282646746
6.579999999999999e-05,1.01853,0.01785737,0.03450803,0.005653133,5.5084599999999995,2.179106,1.027895,2.9548959999999997,3.779006e-06,148.0,1.069941733942831
7.049999999999999e-05,0.06734906,0.0235367,0.03318717,-0.11454469999999999,0.2372603,0.1277769,0.01747815,0.005306646,9.264444e-06,0.0,1.498535907503841
7.049999999999999e-05,0.1074453,0.102497,0.0184351,1.83621,4.260826,1.715788,0.03521902,2.086976,8.868869e-06,24.0,1.507569127274218
7.049999999999999e-05,0.1714746,0.05225239,0.04260312,0.3790381,6.0895790000000005,1.685289,0.0710058,1.604393,8.531369999999999e-06,45.0,1.433700691194726
7.049999999999999e-05,0.2991788,0.09377593,0.032547900000000005,2.497989,4.508229,5.520183,0.1636395,4.609508,1.078238e-05,71.0,1.6326091468498785
7.049999999999999e-05,0.4981018,0.1492041,0.10379980000000001,-1.291891,4.519151,5.974805,0.35153429999999997,2.845056,6.116387999999999e-06,103.0,1.3060099650197474
7.049999999999999e-05,0.7954988000000001,0.006939567,0.01670386,0.49211350000000004,5.719787999999999,0.009579186,0.7094943,0.08199423,4.135505e-06,106.0,1.1174251508511
7.049999999999999e-05,1.10337,0.03122065,0.09490789999999999,2.423994,4.495352,3.957289,1.158966,3.310392,2.865561e-06,135.0,1.00100705908684
7.56e-05,0.05224007,0.04548963,0.09323301,2.608879,3.9578290000000003,5.296677,0.01193999,4.924886,7.313252e-06,0.0,1.3485763841045049
7.56e-05,0.07965978,0.035306699999999996,0.03667468,-0.3527317,6.233338,1.163162,0.02248305,1.63631,8.489751e-06,13.0,1.483986964913456
7.56e-05,0.11749749999999999,0.0556862,0.02447196,2.4460919999999997,4.407609,5.948881,0.04027521,5.286992,7.954834e-06,35.0,1.403244781542239
7.56e-05,0.15643510000000002,0.07988729,0.11994500000000001,1.4714559999999999,4.26365,5.312718,0.06187192,5.7888269999999995,3.5262110000000003e-06,61.0,1.085214029128398
7.56e-05,0.2099451,0.01935196,0.05799064,2.487286,4.415132,3.849425,0.09619482,3.226849,8.409051e-06,57.0,1.4175780170704906
7.56e-05,0.3620266,0.01940324,0.02313784,-0.03598645,5.487964,0.48000429999999994,0.2178215,1.348945,1.0622680000000001e-05,87.0,1.6321855163709733
7.56e-05,0.559214,0.01247348,0.08698949,-1.6757090000000001,2.53077,1.306467,0.4181722,0.46244399999999997,4.453824e-06,111.0,1.136836280134658
7.56e-05,0.8058225999999999,0.11430610000000002,0.08624448,-0.7669505,2.707624,6.053456,0.7233470999999999,3.9390379999999996,2.338333e-06,116.0,0.9415291112104408
7.56e-05,1.023472,0.02454259,0.008267734,0.5811993000000001,6.108029,2.780945,1.035388,2.408212,4.036585e-06,110.0,1.0744475331639456
8.109999999999999e-05,0.04313802,0.1115864,0.06824865,2.529888,1.731353,2.991936,0.008959614,4.793392,4.738489e-06,0.0,1.1530615949488388
8.109999999999999e-05,0.07340972,0.05553113,0.02603083,1.4991139999999998,2.973952,3.132765,0.01988959,4.833238,1.5820379999999997e-05,10.0,2.32541356606761
8.109999999999999e-05,0.13033530000000002,0.03165242,0.03454764,0.18388329999999997,5.190067,5.039124,0.0470529,5.926752,9.890767e-06,45.0,1.6219566097688318
8.109999999999999e-05,0.20778249999999998,0.006864886999999999,0.04020836,-1.148009,2.198129,1.7925380000000002,0.094712,0.7517590000000001,7.987286e-06,70.0,1.5781058228994587
8.109999999999999e-05,0.28372909999999996,0.04476506,0.02506645,-2.7858009999999997,1.569922,0.2901543,0.1511284,1.595581,5.735109e-06,90.0,1.1902940093909005
8.109999999999999e-05,0.36749640000000006,0.0668826,0.02740137,0.09153416,5.794303,2.0090220000000003,0.22277489999999997,2.490744,4.6989620000000005e-06,111.0,1.1379015266112282
8.109999999999999e-05,0.5208274,0.07951395,0.01650324,-2.54124,2.905449,3.780418,0.375862,3.376872,4.709261e-06,109.0,1.1448688596989038
8.109999999999999e-05,0.8411091999999999,0.0740436,0.01351798,2.657856,3.379153,6.188045,0.7713781,0.1755501,7.679461e-06,107.0,1.4701567166408611
8.109999999999999e-05,1.305575,0.1552701,0.04529777,-2.280355,4.9709330000000005,1.077739,1.491726,4.367290000000001,8.76407e-07,138.0,0.7237137858069659
8.7e-05,0.06595343,0.07309046,0.1292077,0.4190278,2.203341,3.380238,0.01693768,0.8652607,1.001835e-05,0.0,1.7390266520815316
8.7e-05,0.1012373,0.08756644,0.05019632,-1.509075,5.417344,2.603863,0.03221118,4.805688,8.460668e-06,20.0,1.5670327265275996
8.7e-05,0.15669660000000002,0.03544203,0.05378437,-0.04816231,2.468667,3.153146,0.06202731,0.7816441999999999,1.066837e-05,39.0,1.698412347953103
8.7e-05,0.2790689,0.06226004,0.04930356,-3.0161279999999997,1.930604,0.3038493,0.14742049999999998,1.513274,1.4186189999999999e-05,59.0,1.9752025373509547
8.7e-05,0.5058792000000001,0.03423273,0.02041995,1.415952,0.3195011,1.474346,0.3597987,6.003644,6.088778999999999e-06,93.0,1.2532753043120057
8.7e-05,0.6942166999999999,0.031103500000000003,0.06024134,-3.119681,2.598002,0.5166393,0.5784034,1.092964,4.782841e-06,104.0,1.1486301004074408
8.7e-05,0.9224054,0.0521293,0.24833110000000003,2.4008700000000003,4.746018,4.794836,0.8858707,3.860418,1.20093e-06,122.0,0.7884079635637038
8.7e-05,1.2561280000000001,0.08474174,0.16686489999999998,-0.8329589,3.4899449999999996,1.109077,1.407793,4.566234,1.914562e-06,109.0,0.8928520914543415
8.7e-05,3.599564,0.5989522,0.3004393,0.6273033,3.77521,2.216591,6.8290820000000005,3.455276,5.877265999999999e-07,138.0,0.6506697364189362
8.7e-05,9.690766,0.9607123,0.9529791999999999,-2.671522,0.2927797,0.6651444999999999,30.16647,3.134536,2.867003e-07,148.0,0.5198736215790838
9.329999999999999e-05,0.07076261,0.038176199999999993,0.1200734,2.7320759999999997,5.7882620000000005,4.789238,0.01882361,2.5929,1.314372e-05,0.0,2.0411696711171836
9.329999999999999e-05,0.1202587,0.04899897,0.03326225,0.5137644,4.860212000000001,0.9942554,0.04170319,1.994148,1.100085e-05,26.0,1.8832669651432064
9.329999999999999e-05,0.18663229999999997,0.1489152,0.07375687,-0.9235636999999999,5.8724940000000005,2.961309,0.08062558,4.044985,9.156309e-06,39.0,1.5242822651995518
9.329999999999999e-05,0.271125,0.03738649,0.047542,-2.540293,0.11772439999999999,3.3626080000000003,0.1411706,5.747942,8.4775e-06,66.0,1.50939644413718
9.329999999999999e-05,0.405922,0.09691826,0.11701019999999998,0.730522,4.6528279999999995,4.493412,0.2586162,5.230962,4.075451e-06,63.0,1.1155549965962648
9.329999999999999e-05,0.6468756,0.04573729,0.02632508,-1.9988259999999998,4.83153,5.7568209999999995,0.5202579,2.9428080000000003,1.1639380000000001e-05,85.0,1.8187402973826603
9.329999999999999e-05,1.138991,0.1403083,0.05447545,0.6828542,3.003167,0.5600647,1.2155340000000001,3.153499,3.151159e-06,129.0,1.0262478077146941
0.0001,0.04869876,0.03560005,0.03797628,-0.9114526,3.6958330000000004,6.266518,0.01074669,3.459318,9.812207e-06,0.0,1.5263710538128237
0.0001,0.07608461,0.033507300000000004,0.02094822,2.470656,6.06418,2.613743,0.02098653,0.38679369999999996,1.1854110000000001e-05,17.0,1.7811750708278442
0.0001,0.11628720000000001,0.007324299,0.04551661,-1.25641,0.4715928,4.650583,0.03965441,5.42435,6.709207e-06,39.0,1.3347977407865694
0.0001,0.14391589999999999,0.037101499999999996,0.03263932,1.5394729999999999,4.363601,3.129934,0.05459529,3.484432,8.807454e-06,40.0,1.5543894429676337
0.0001,0.21153490000000003,0.03351558,0.00723611,-3.035534,1.080424,1.9677189999999998,0.09728894,3.8770089999999997,6.2894150000000005e-06,62.0,1.316776291029372
0.0001,0.2639897,0.02334591,0.0579332,-1.945222,1.543493,2.045338,0.1356338,2.476291,4.6792259999999995e-06,82.0,1.1185127762253977
0.0001,0.37814840000000005,0.01465174,0.01522019,1.550759,2.314432,4.876546,0.23253160000000003,1.036433,9.383967e-06,80.0,1.5811758944405592
0.0001,0.5580399,0.02620909,0.01318081,1.546176,3.002294,2.641211,0.4168536,4.326997,5.760578e-06,105.0,1.2573858755408307
0.0001,0.7706701,0.01914485,0.007467217,-0.3374028,5.168855000000001,0.8611283000000002,0.6765303,2.340631,5.2364459999999995e-06,120.0,1.1817249882537602
0.0001,1.047491,0.03343828,0.008813588,1.147766,2.271554,5.816419000000001,1.072044,2.441047,2.4689529999999998e-06,96.0,0.9533542078877912
0.0001,1.333847,0.09047622,0.01120653,2.780303,1.765452,4.004689,1.540439,5.6391480000000005,3.8354e-07,116.0,0.5686460330454282
0.0001072,0.05605917,0.04044537,0.05409061,2.326309,3.3376550000000003,3.5744569999999998,0.01327294,4.1252,1.3889849999999999e-05,0.0,1.94937257752111
0.0001072,0.09029861,0.03028753,0.04962371,0.3281387,6.021086,0.8341652,0.02713415,0.8113756999999999,1.115068e-05,23.0,1.8281914785553701
0.0001072,0.1344412,0.08699265,0.01065767,-1.155158,3.1556290000000002,2.590808,0.04929367,0.6965568,8.842737e-06,40.0,1.5263796415083286
0.0001072,0.1929605,0.04263573,0.05231819,1.8585209999999999,1.769252,2.003605,0.0847605,4.57421,8.356387e-06,59.0,1.462367428038032
0.0001072,0.2558762,0.01185392,0.08184317,-2.36236,4.489286,5.760025,0.1294298,3.622054,6.649571999999999e-06,63.0,1.3565662044564957
0.0001072,0.37448459999999995,0.02840002,0.02272654,1.383047,0.3986542,6.184692,0.22915860000000002,4.349492,9.496362e-06,91.0,1.5866593102883306
0.0001072,0.6396435,0.04860986,0.01414472,0.18454229999999996,0.769329,4.460333,0.5115573,3.473644,9.797769e-06,90.0,1.5608603550671223
0.0001072,0.9659184000000001,0.17292349999999998,0.03909495,-0.9182004,1.081442,4.432978,0.9492818000000001,3.987521,2.8699349999999997e-06,131.0,1.0033242642358378
0.0001072,1.572761,0.2032533,0.05482553,-1.873578,2.9868810000000003,0.1267208,1.972325,4.912503,7.37538e-07,134.0,0.6675771483088634
0.0001072,1.824815,0.06876968,0.1037182,-1.1023100000000001,3.624032,4.585229,2.464979,2.1796849999999997,4.089835e-07,111.0,0.586611794821708
0.0001072,1.982861,0.236127,0.2116335,-1.660886,1.353075,4.117883,2.792047,4.019035,3.665113e-07,138.0,0.5722075458805869
0.00011499999999999999,0.04731509,0.04233779,0.06478189,-0.33279840000000005,3.115463,0.7048644000000001,0.01029193,4.13328,1.19619e-05,0.0,1.8892211698476564
0.00011499999999999999,0.07988191,0.04058571,0.00608807,-2.5267049999999998,0.8143736,0.02992999,0.02257703,1.821473,1.47262e-05,17.0,2.122917304769563
0.00011499999999999999,0.1299881,0.07576743,0.03868568,-0.46995790000000004,6.103427,3.2414169999999998,0.04686476,3.794749,1.5200470000000001e-05,40.0,2.081638854574398
0.00011499999999999999,0.2185563,0.11625239999999999,0.06111789,1.395512,0.8457689,4.222014,0.1021725,2.180942,9.625755e-06,62.0,1.6067018697208162
0.00011499999999999999,0.3569168,0.01613458,0.02692981,-2.691984,1.0837379999999999,3.9173459999999998,0.2132243,5.503089,1.1814089999999999e-05,77.0,1.8895301848404729
0.00011499999999999999,0.5198083,0.01064,0.04896009,-0.4240339,2.800362,2.873986,0.37475690000000006,0.5079362000000001,6.202559e-06,108.0,1.2551267972946747
0.00011499999999999999,0.8145836999999999,0.06224344,0.03309468,2.915568,1.079711,0.3614263,0.7351681,2.704356,8.161452e-06,112.0,1.4879916849370858
0.00011499999999999999,1.329797,0.07867714,0.1093155,-2.71277,2.34405,2.347977,1.533419,2.776179,1.134937e-06,145.0,0.7722012784616499
0.00011499999999999999,1.4478309999999999,0.2068419,0.0437767,2.296282,4.760568,5.970864,1.742046,4.792823,3.798467e-07,148.0,0.5685765792890528
0.00011499999999999999,2.0676189999999997,0.3644394,0.1617721,0.9696912,0.4181509,2.913178,2.972958,2.211098,3.8942e-07,142.0,0.576415659150136
0.0001233,0.05451659999999999,0.12164870000000001,0.114076,-0.6387046,3.0574790000000003,1.674089,0.01272894,5.354036,3.473053e-06,0.0,1.0477217413208864
0.0001233,0.0715284,0.01135459,0.05199024,-2.159985,3.4271879999999997,4.006496,0.01912998,2.7480689999999997,1.2014589999999998e-05,3.0,1.8975400288626967
0.0001233,0.1063347,0.02053084,0.02709606,-0.8626045,4.648304,0.8443821,0.03467427,3.3339,7.505749e-06,23.0,1.317279581752866
0.0001233,0.1498543,0.06994953,0.05983144,-0.6817075,0.02518518,4.390414,0.05800908,4.911311,1.390527e-05,33.0,1.9206399841073276
0.0001233,0.23046039999999998,0.08334234,0.07579735,-0.7542053000000001,4.835928,4.738471,0.110633,0.767404,8.033537e-06,51.0,1.470043675956292
0.0001233,0.3297145,0.02985292,0.04971949,2.4829529999999997,2.563947,5.889782,0.18931889999999998,0.8885735999999999,1.096748e-05,75.0,1.6439280556918774
0.0001233,0.5081675,0.04306851,0.03693188,2.033988,1.644622,3.5756959999999998,0.36223890000000003,6.170923,9.225489e-06,80.0,1.5685151823251202
0.0001233,0.7787081,0.02453232,0.004129212,2.534168,2.1130619999999998,1.7330470000000002,0.6871494,3.358261,5.0727629999999996e-06,72.0,1.1690410969238783
0.0001233,1.140664,0.08241383,0.02020289,2.818629,5.49814,0.05111543,1.218205,4.156152,3.430877e-06,106.0,1.0611508101579394
0.0001233,1.55869,0.12106420000000001,0.1594492,1.6728419999999997,4.883717,3.74755,1.945914,3.4051099999999996,8.170791e-07,131.0,0.7101255860619291
0.0001322,0.07054618,0.0891353,0.12981800000000002,0.7569020000000001,1.058868,6.245229,0.01873721,4.264198,2.42524e-05,0.0,2.739549614397723
0.0001322,0.16285750000000002,0.09062561,0.01339759,-2.7305740000000003,4.368203,5.939612,0.0657206,4.143641000000001,2.172997e-05,34.0,2.662970513045533
0.0001322,0.3500042,0.08484272,0.07151796,-0.9677759,2.695882,1.98797,0.2070598,0.3083984,1.89414e-05,53.0,2.3717097429107614
0.0001322,0.5578529000000001,0.06945292,0.09892792,1.196915,3.2937190000000003,0.2063458,0.4166419,2.120567,5.032191e-06,104.0,1.1653979543224877
0.0001322,0.8192849,0.06353077,0.09454078,-2.959634,0.15866429999999998,1.373192,0.741544,4.069528,6.233352999999999e-06,91.0,1.2899711891443184
0.0001322,1.34239,0.1070134,0.14133220000000002,-2.947851,5.204244999999999,5.488036,1.555252,3.214668,3.603587e-06,105.0,1.0706872415144288
0.00014169999999999997,0.03735818,0.06496179,0.03422423,0.7011715999999999,0.5044377,2.041487,0.007220671,0.9376256,5.035778e-06,0.0,1.1686024261377228
0.00014169999999999997,0.05995874,0.05125642,0.0222188,-0.6733501000000001,2.56676,1.8778029999999999,0.01468161,6.265869,1.7521e-05,5.0,2.3142520691510917
0.00014169999999999997,0.09287539,0.01801316,0.03328019,-1.984629,1.7690759999999999,0.08324142,0.02830371,0.309632,1.255664e-05,27.0,1.8060411438903565
0.00014169999999999997,0.1389983,0.01535429,0.02403133,1.41687,3.3405709999999997,0.8152891999999999,0.05182075,2.362782,1.3606279999999999e-05,45.0,1.8250724164216363
0.00014169999999999997,0.2106823,0.04306184,0.01524535,-0.15186329999999998,5.899845,2.0957049999999997,0.09670068,2.6711009999999997,8.848313e-06,60.0,1.4820730019759012
0.00014169999999999997,0.2889285,0.02120505,0.02208457,-1.3630360000000001,0.11773879999999999,5.343861,0.1552993,0.31907820000000003,9.100946e-06,82.0,1.5505189152452412
0.00014169999999999997,0.36273720000000004,0.02141001,0.02213055,2.344519,3.897118,2.95436,0.2184612,3.001964,6.675349e-06,76.0,1.289838146929009
0.00014169999999999997,0.49438420000000005,0.01262747,0.02268584,-2.9721900000000003,5.692005,2.396791,0.3475988,5.952024,3.800917e-06,101.0,1.097254648557496
0.00014169999999999997,0.6215753,0.02667989,0.02361147,2.595545,1.0782889999999998,3.057907,0.49003009999999997,5.635575,6.938246e-06,95.0,1.3745648955220804
0.00014169999999999997,0.8754983000000001,0.02470534,0.02668135,0.791067,4.699375,0.1809291,0.819149,1.0152430000000001,6.561331e-06,103.0,1.2902164408169803
0.00014169999999999997,1.067027,0.02533293,0.0482784,-1.870161,5.782176,0.3895705,1.102166,2.7790340000000002,1.6360740000000002e-06,89.0,0.8669926747324255
0.00014169999999999997,1.336926,0.05014605,0.05064999,-2.020681,1.9043459999999999,2.068343,1.545756,2.263716,4.866051e-07,131.0,0.6041205130589937
0.000152,0.05571813,0.09454105,0.04584452,-1.8118720000000001,0.277613,2.7902099999999996,0.013152,4.157709,1.366851e-05,0.0,1.872032566611296
0.000152,0.09753753,0.04137586,0.02470639,-2.047181,3.4683300000000004,3.833975,0.03046143,2.465859,2.0312279999999997e-05,16.0,2.3511029543260715
0.000152,0.15245770000000003,0.07411114,0.1087031,1.399726,5.833838,3.4034410000000004,0.05952712,2.54083,7.876955000000001e-06,40.0,1.4960825644603024
0.000152,0.2037219,0.01893463,0.01926726,0.4761085,6.222762,2.442246,0.0919485,2.0602080000000003,1.358681e-05,49.0,2.015815827546815
0.000152,0.3329193,0.07707384,0.02633425,0.3670152,5.15646,0.34056279999999994,0.1920839,1.243439,1.444194e-05,72.0,2.066793730173033
0.000152,0.6067623000000001,0.05188316,0.04347563,2.573026,0.6401423,3.8195989999999997,0.4726215999999999,0.668851,1.042174e-05,69.0,1.613492240469196
0.000152,1.0162719999999998,0.1862746,0.04127317,-1.465882,2.578189,2.210482,1.024462,1.460791,9.067621e-06,77.0,1.524615710127272
0.00016299999999999998,0.05454298,0.04028244,0.04006496,-0.2142212,2.261136,1.19634,0.0127381,5.370017,1.655031e-05,0.0,2.334523611540421
0.00016299999999999998,0.09200897,0.02584917,0.0494993,-3.135186,1.395249,5.008508,0.02790858,0.4891417,1.788433e-05,13.0,2.2887116006098744
0.00016299999999999998,0.1435049,0.0324116,0.03577025,-0.9164123,5.969508,5.695158999999999,0.05436129,0.6821718000000001,1.236673e-05,34.0,1.7641001360425517
0.00016299999999999998,0.2174916,0.11494349999999999,0.047787199999999995,-0.7061063,0.8195888000000001,5.788009,0.1014262,5.5261830000000005,1.634848e-05,50.0,2.1822791566514015
0.00016299999999999998,0.3360342,0.05776098,0.1044777,2.2063080000000004,3.9100629999999996,0.4363242,0.19478689999999999,0.6727399000000001,8.514712e-06,70.0,1.5495774921984116
0.00016299999999999998,0.4712875,0.03091508,0.05966884,-0.8579913,0.1526454,4.283879,0.3235275,4.92915,9.983089e-06,76.0,1.5345403263839539
0.00016299999999999998,0.6976914000000001,0.06437131,0.05484361,-2.4178919999999997,2.294985,5.657661,0.5827401,5.713911,1.150183e-05,80.0,1.8437180926568648
0.00016299999999999998,1.1942959999999998,0.07332052,0.105301,2.814955,3.1845470000000002,5.349184999999999,1.305109,5.537272,1.648863e-06,115.0,0.8474864460890135
0.00016299999999999998,1.9962950000000002,0.1593463,0.2865394,1.0513569999999999,2.96172,0.9626674999999999,2.820437,3.208585,1.6873380000000001e-06,113.0,0.8502080846661344
0.00017480000000000002,0.07341786,0.04808375,0.02480118,-1.8078599999999998,4.785566,1.8787779999999998,0.01989289,5.096309,2.1560889999999998e-05,0.0,2.5452514402598307
0.00017480000000000002,0.1419009,0.05248418,0.04042777,-1.4999930000000001,0.7055623000000001,1.724696,0.05345241,2.5771919999999997,2.662715e-05,19.0,2.9191583386687165
0.00017480000000000002,0.260708,0.05831666,0.02370619,3.063312,6.130404,1.130364,0.13311070000000003,4.390871,7.362296e-06,64.0,1.351147437173667
0.00017480000000000002,0.3376059,0.0932474,0.00601948,2.790155,1.0455299999999998,0.5137049,0.196156,2.991206,1.314842e-05,54.0,1.8404533376698327
0.00017480000000000002,0.6366936,0.02355136,0.02968219,1.9215400000000002,4.748321,0.733847,0.5080174,0.363652,1.73816e-05,58.0,2.2293257577074734
0.00017480000000000002,0.9924569999999999,0.111421,0.0640445,0.6779991999999999,0.8367223,2.070437,0.9886617,0.6885569,4.051545e-06,111.0,1.0818623945082146
0.00017480000000000002,1.6824259999999998,0.32801290000000005,0.07688814,1.608839,4.046591,6.137204,2.182152,0.9365610999999999,5.951236e-07,109.0,0.6456673885011284
0.00017480000000000002,2.389837,0.4004793,0.1146573,-0.8934953999999999,1.148971,1.0692190000000001,3.6943129999999997,1.5990030000000002,6.008265e-07,107.0,0.6424790975941672
0.0001874,0.051159699999999995,0.04071227,0.06977232,2.6004259999999997,2.2111009999999998,4.109801999999999,0.01157141,5.526804,2.5606479999999998e-05,0.0,2.738699693969722
0.0001874,0.09137612,0.07482715,0.034969099999999996,-2.188693,5.922108000000001,3.959342,0.02762103,0.2627893,1.661664e-05,23.0,2.140259214708827
0.0001874,0.1349724,0.02221721,0.04358587,1.905957,5.49833,1.1096,0.04958555,6.271158,1.541646e-05,38.0,2.114893943287063
0.0001874,0.2168969,0.06615962,0.04524499,0.7555215999999999,1.104991,1.88445,0.10100980000000001,0.02738929,1.8885370000000002e-05,46.0,2.4965082581065063
0.0001874,0.36700759999999993,0.01166309,0.03219704,-1.576343,3.262137,4.7707489999999995,0.2223278,3.086257,1.071245e-05,72.0,1.6691802067403652
0.0001874,0.5171059,0.0128159,0.06367344,-0.8240732,5.585724,1.002065,0.37183249999999995,2.538259,1.3561279999999999e-05,84.0,1.9613622004201894
0.0001874,0.8560687,0.02234178,0.02588233,-0.02178105,1.589805,1.633102,0.7920265999999999,0.06806709,5.769754e-06,106.0,1.256503597783839
0.0001874,1.202735,0.0907535,0.05715601,2.781977,5.990906,1.784488,1.318957,5.449604,5.19168e-06,109.0,1.1966827183338098
0.00020089999999999998,0.05200663,0.05140518,0.06562425,-0.3141232,3.402431,1.917675,0.01185998,5.015589,1.93674e-05,0.0,2.288104557263481
0.00020089999999999998,0.08690442,0.0806123,0.03971329,-1.231228,1.3219319999999999,0.08980196,0.02561854,6.282122,1.98924e-05,17.0,2.3653735442633677
0.00020089999999999998,0.1583737,0.03965378,0.02237349,1.506543,4.288666,4.216497,0.06302469999999999,4.6252830000000005,2.434459e-05,33.0,2.9636745160549474
0.00020089999999999998,0.2920534,0.05600803,0.037698199999999994,-2.74441,3.7366089999999996,0.47232440000000003,0.1578249,5.704109,1.8597529999999998e-05,37.0,2.359059873392126
0.00020089999999999998,0.4549363,0.03488122,0.01472135,-0.9199896999999999,1.903273,0.17802300000000001,0.3068349,5.4260839999999995,1.457481e-05,68.0,2.0064228023998814
0.00020089999999999998,0.7574586999999999,0.04873697,0.04190788,0.6871656999999999,0.5559401999999999,0.7259386999999999,0.6591958,5.715159,6.44842e-06,95.0,1.2866874724963844
0.00020089999999999998,0.9847075000000001,0.04598518,0.05873608,2.193662,2.718125,0.4296157,0.9770988000000002,1.889284,6.518340000000001e-06,71.0,1.327165713630858
0.00020089999999999998,1.674294,0.1065869,0.09320084,-2.746249,3.73354,4.690148000000001,2.166332,3.601107,7.889631999999999e-07,85.0,0.6929045364160533
0.00020089999999999998,1.70816,0.22492289999999998,0.06557714,-1.1152,1.067725,0.5798989999999999,2.232384,0.9615814,6.526273e-07,123.0,0.6582200468719854
0.0002154,0.05737802,0.01380954,0.06304838,-0.8349357,4.501843,5.191284,0.01374403,1.551985,2.019283e-05,0.0,2.5484804231338787
0.0002154,0.1016158,0.04946295,0.01319803,1.038166,3.696648,6.009285,0.0323916,1.370675,2.200808e-05,10.0,2.594806743479338
0.0002154,0.1479023,0.08769482,0.02891704,-1.502887,2.5696849999999998,4.5181569999999995,0.0568788,3.4029830000000003,1.353693e-05,27.0,2.1315261833005072
0.0002154,0.2430359,0.04524753,0.02657873,1.517482,2.932865,3.927894,0.1198087,5.71327,2.369738e-05,47.0,2.7523749973048823
0.0002154,0.4569695,0.03031913,0.006684570999999999,-0.01463827,6.228258,5.255292,0.3088941,5.274158,1.837769e-05,69.0,2.2733924398332874
0.0002154,0.7975013000000001,0.02849432,0.02205333,-1.491694,1.9842080000000002,1.2463899999999999,0.7121535,0.7939111999999999,1.0352169999999998e-05,91.0,1.6481568116914613
0.0002154,1.106638,0.02524311,0.07771889,2.7770099999999998,0.5924763000000001,3.082153,1.164083,5.9811,4.424807e-06,98.0,1.1463451754427991
0.0002154,1.647418,0.05467802,0.10689480000000001,2.3045240000000002,1.148307,1.576373,2.114371,4.304721,7.604397e-07,101.0,0.6922809151519764
0.000231,0.04175533,0.04578319,0.02520818,-0.3699759,3.371956,2.242883,0.008532295,5.458389,9.487725e-06,0.0,1.6718277407079096
0.000231,0.05758014,0.1309012,0.04462341,2.334767,1.912552,2.316752,0.01381667,4.122969,1.6852539999999998e-05,6.0,2.2512869845060637
0.000231,0.09479557,0.02935784,0.05124047,0.117855,2.8396209999999997,4.506381,0.02918571,1.60762,2.7845009999999996e-05,20.0,3.1757767290554115
0.000231,0.15828820000000002,0.0424912,0.10850889999999999,-2.481824,3.461354,1.691343,0.0629735,0.7696129,1.4302120000000003e-05,33.0,1.9995464304867983
0.000231,0.2348627,0.03077117,0.04115326,-1.802686,3.033141,3.96067,0.11381569999999999,2.7539830000000003,1.776145e-05,51.0,2.2110928331482844
0.000231,0.3236111,0.04995897,0.02312547,0.9945896000000001,3.849037,2.388443,0.1840806,3.767637,9.933097e-06,73.0,1.545144214808115
0.000231,0.5106421,0.06487204,0.007790732,1.847433,2.335352,4.6940040000000005,0.36488200000000004,0.5794571999999999,1.74388e-05,60.0,2.334916054167331
0.000231,0.9690266,0.03247218,0.01268985,1.6874509999999998,5.321583,2.734752,0.9538466,2.0666860000000002,1.144208e-05,72.0,1.8536233588071922
0.000231,1.7330299999999998,0.2206259,0.10373810000000001,0.6650451000000001,5.771974,0.15554,2.2812959999999998,0.00274007,7.642381999999999e-07,117.0,0.6869359901891157
0.000231,1.8334009999999998,0.03955178,0.1080483,2.146306,2.263401,1.021064,2.482326,2.912999,8.35285e-07,100.0,0.6990531712680228
0.0002477,0.05802879,0.06787135,0.07035196,2.022712,0.3392766,2.005087,0.01397835,5.874802,4.239735e-05,0.0,3.894875452847586
0.0002477,0.1537686,0.08758411,0.05817902,-1.289321,0.2868835,2.1620470000000003,0.06029578,3.160872,2.4895370000000004e-05,31.0,2.753093228724638
0.0002477,0.22868899999999998,0.05832694,0.09505374,2.75858,1.8381919999999998,5.546304,0.1093579,1.048422,1.331285e-05,50.0,1.8911918741063776
0.0002477,0.36544879999999996,0.06215333,0.06757386,0.09010075,1.921827,3.419397,0.22091039999999998,1.531372,2.887587e-05,63.0,3.1709330274942706
0.0002477,0.6444426,0.05333757,0.05616705,-1.957482,2.956397,2.9305060000000003,0.517308,2.028947,1.539002e-05,92.0,2.08614124800701
0.0002477,1.020368,0.1271271,0.1092246,-2.442998,3.986554,1.742055,1.0306389999999999,0.2577706,3.519654e-06,96.0,1.0497612761618562
0.0002477,1.357202,0.10337529999999999,0.1150307,1.038814,2.171421,5.385193,1.581026,2.332794,1.816856e-06,93.0,0.8710614494498115
0.0002477,2.0710759999999997,0.1851649,0.2421861,1.528306,2.491716,3.4141199999999996,2.980338,5.420328,8.162196999999999e-07,114.0,0.6990286506903202
0.0002656,0.06104371,0.1058818,0.01892267,-1.6650470000000002,0.2628689,2.821585,0.015081899999999999,4.048632,2.475375e-05,0.0,2.9149499382190776
0.0002656,0.09963467,0.05048008,0.04336455,3.03455,5.68694,2.414471,0.031449,6.256785,1.649833e-05,9.0,2.2189824158605704
0.0002656,0.16678199999999999,0.06254732,0.0063524340000000006,2.1617990000000002,1.6139059999999998,5.816552,0.06810945,2.148348,3.43309e-05,24.0,3.546439276329452
0.0002656,0.3128022,0.06674512,0.02748083,-2.021503,0.7644295999999999,3.3441589999999994,0.17493770000000003,4.470159,2.253107e-05,42.0,2.8161671339602483
0.0002656,0.5227695,0.04933473,0.04181711,0.6451635,6.24241,2.066863,0.3779539,1.561064,1.23239e-05,71.0,1.7518510078643836
0.0002656,0.8255957,0.03590934,0.036406400000000005,1.552535,4.358257,4.851103,0.7501140000000001,5.1594940000000005,1.173906e-05,65.0,1.7493854334510384
0.0002656,1.197408,0.16299560000000002,0.06739966,-0.5043747000000001,3.9024059999999996,0.7395264,1.310195,3.496843,3.5472910000000003e-06,96.0,1.0594535910284373
0.0002656,1.667666,0.06325484,0.06864072,-1.790827,0.6853064,2.801495,2.1534560000000003,3.8241959999999997,1.7705609999999998e-06,102.0,0.8789334436380456
0.00028480000000000004,0.04103715,0.0465782,0.07018525,2.1533740000000003,1.120436,1.238556,0.00831309,4.166851,1.507116e-05,0.0,2.047166285926389
0.00028480000000000004,0.07086260000000001,0.01022867,0.05295125,-1.736391,0.8805995999999999,1.551599,0.01886317,2.4209669999999996,3.544067e-05,9.0,3.366035951293914
0.00028480000000000004,0.11575910000000002,0.03010012,0.08279692,-1.215058,2.939149,5.609733,0.03938392,3.8459790000000003,1.2916279999999999e-05,28.0,1.994483931444781
0.00028480000000000004,0.1529797,0.02969026,0.02322428,0.7816345,5.312638,3.108447,0.05983197,3.288474,1.6187860000000002e-05,40.0,2.1414354605803165
0.00028480000000000004,0.23966010000000001,0.01362415,0.06690996,1.804301,3.8865529999999997,3.181651,0.1173195,3.758096,2.7816129999999998e-05,52.0,2.995570736068002
0.00028480000000000004,0.5077225000000001,0.01977445,0.01633029,-0.4946799,6.100523,4.264195,0.3617513,4.902814,2.8854780000000002e-05,69.0,3.1322912362587916
0.00028480000000000004,0.9607595999999999,0.1266784,0.01467572,-2.2820669999999996,4.101776999999999,2.195648,0.9416528000000001,0.48467129999999997,7.825146e-06,84.0,1.495969661051944
0.00028480000000000004,1.338431,0.10146469999999999,0.02248081,-2.054361,2.2937790000000002,3.823772,1.548324,3.5064599999999997,3.893251000000001e-06,98.0,1.1075243566612996
0.0003054,0.05235,0.02176685,0.009149599,1.265929,0.9753868,2.662762,0.011977600000000001,0.43970600000000004,2.439591e-05,0.0,2.8473714465347677
0.0003054,0.08032841,0.04364965,0.005597828000000001,1.886061,3.203895,1.5373860000000001,0.02276641,2.763821,1.795195e-05,14.0,2.198675355482999
0.0003054,0.11115309999999999,0.0313298,0.02540754,-2.915012,2.7402029999999997,0.9268555,0.03705691,1.1585299999999998,1.847289e-05,24.0,2.366432567755184
0.0003054,0.1628062,0.01367504,0.03977123,-0.27786500000000003,1.033258,4.326643,0.06568839,3.560031,2.133294e-05,37.0,2.697304267379808
0.0003054,0.2722655,0.01252197,0.00768852,-2.988196,0.40024390000000004,5.038928,0.14205779999999998,1.368179,2.6748820000000002e-05,46.0,2.8899075624200727
0.0003054,0.47610600000000003,0.02985078,0.009923807,-2.9745779999999997,3.9161870000000003,2.6551099999999996,0.32849340000000005,1.7722490000000002,2.411672e-05,53.0,3.004683770904427
0.0003054,0.7291178,0.02672334,0.03084025,0.2796535,4.015757,4.147633,0.6225366999999999,6.127269999999999,5.195091e-06,87.0,1.1853864518182888
0.0003054,1.0056829999999999,0.01942507,0.01520714,1.991911,2.258371,3.73811,1.008465,5.751563,7.5214390000000005e-06,76.0,1.387731319659093
0.0003054,1.251951,0.05264638,0.01301566,-1.550247,3.473867,0.04240473,1.4007120000000002,4.303844000000001,3.147377e-06,88.0,1.0336264165904534
0.0003275,0.04644071,0.03918334,0.05864954,2.355626,0.2766519,3.382974,0.01000797,0.8061071,1.1276019999999998e-05,0.0,1.804757736370457
0.0003275,0.07569681,0.06322014,0.01772707,-0.6085798000000001,0.9956176,5.953052,0.02082608,5.477778,2.9655770000000003e-05,6.0,3.1504864329128206
0.0003275,0.12350560000000001,0.03387334,0.02008527,2.251223,5.281369000000001,1.155849,0.04340256,6.18302,2.7453649999999998e-05,15.0,2.9184756893883574
0.0003275,0.1967388,0.08036321,0.03862915,2.992882,3.4339449999999996,4.920907,0.08726006,4.616522,2.176515e-05,33.0,2.808673188674285
0.0003275,0.2956737,0.019380900000000003,0.04625353,-2.9648529999999997,6.066903,4.122479,0.16076500000000002,1.053885,1.582587e-05,49.0,2.1690287931527514
0.0003275,0.3983138,0.04731135,0.05448338,-0.9462021999999999,0.681118,5.2836989999999995,0.2513703,5.482515,2.0536289999999998e-05,38.0,2.466484238328963
0.0003275,0.7202246999999999,0.06810664,0.02006702,0.05619804,1.978236,3.075926,0.6111840000000001,1.1640270000000001,1.1757370000000002e-05,59.0,1.8262339505754723
0.0003275,0.9491315,0.07115807,0.04211999,0.3530474,5.492886,6.166434,0.9246066999999999,0.36943400000000004,1.1636349999999999e-05,74.0,1.9159202594659206
0.0003275,1.6688209999999999,0.05549825,0.19733299999999998,2.0890869999999997,5.968873,0.09496839,2.155669,4.494086,1.106751e-06,96.0,0.7582822564933414
0.0003511,0.07175621,0.01429064,0.06254765,2.337348,3.589861,3.0916189999999997,0.01922115,3.439129,4.5264629999999996e-05,0.0,3.9823874443329945
0.0003511,0.13213889999999998,0.02132344,0.07074149,-1.19472,2.167929,2.034591,0.04803213,1.099094,2.070225e-05,23.0,2.5408295488373804
0.0003511,0.1888701,0.01566211,0.1117336,-2.317911,0.3586719,3.590301,0.08207806,5.528258,1.625317e-05,26.0,2.049059947134315
0.0003511,0.27266809999999997,0.03156509,0.05148569,-1.0618530000000002,5.213305,6.270269,0.14237339999999998,2.171591,2.170484e-05,37.0,2.457892741382614
0.0003511,0.3873095,0.03855189,0.03030317,1.2707700000000002,2.945595,2.902392,0.24102440000000003,4.893785,1.6463150000000002e-05,50.0,2.2643004776451936
0.0003511,0.5390943,0.06575942,0.03142606,-0.07201443,1.688279,4.189243,0.39579309999999995,2.63915,1.2279690000000001e-05,55.0,1.7729034215713988
0.0003511,0.875243,0.004315984,0.04782161,1.413532,5.094457,1.7986970000000002,0.8187686,1.582525,1.368808e-05,71.0,2.066972709476738
0.0003511,1.2282170000000001,0.07801134,0.03218833,0.4454629,2.228186,4.9976959999999995,1.361069,2.430528,3.6833409999999996e-06,84.0,1.069790639768482
0.0003511,1.571218,0.2675499,0.06476186,1.477128,6.080122,4.396464,1.9693490000000002,3.130082,1.2651980000000001e-06,80.0,0.7953021707909211
0.0003765,0.04854663,0.006247641999999999,0.009384491,2.6938560000000003,1.41639,2.6345509999999996,0.01069641,4.795043,2.161164e-06,0.0,0.9304016526090826
0.0003765,0.05662361,0.0028947070000000003,0.009355067,2.698886,5.874337000000001,5.680285,0.01347391,3.3888269999999996,1.0632760000000002e-05,1.0,1.6149516050549313
0.0003765,0.07610045,0.0025342389999999998,0.009279210999999999,2.697779,1.0736809999999999,6.0321050000000005,0.02099286,2.2645470000000003,2.986962e-05,6.0,3.0182316545407035
0.0003765,0.124201,0.0031212559999999998,0.008733962,2.699349,0.7259861,2.489605,0.04376953,5.342418,2.9150259999999998e-05,17.0,3.0495057790608397
0.0003765,0.2000873,0.00789518,0.007028823000000001,2.704006,1.491726,2.546349,0.08949694,4.618073000000001,2.5352159999999998e-05,34.0,2.7479700548897013
0.0003765,0.3207855,0.02567193,0.002967208,2.972651,1.495056,3.242523,0.1816752,5.009182,2.411879e-05,42.0,2.5319291334854794
0.0003765,0.42314940000000006,0.01534391,0.00156604,-3.026437,2.326667,5.663066000000001,0.2752372,0.08214008,5.202854999999999e-06,77.0,1.1962550769861702
0.0003765,0.5254045999999999,0.02923152,0.0012719889999999998,-0.7100086999999999,3.995365,5.1384669999999995,0.3808125,1.908664,1.4686839999999999e-05,58.0,2.301769328598355
0.0003765,0.7784816,0.04574089,0.03336549,2.708123,0.02911356,1.435668,0.6868116,4.892189,4.977406e-06,91.0,1.18423709504036
0.0003765,0.9380806,0.03728953,0.03477867,-0.04298525,0.37346840000000003,4.469121,0.9085078000000001,4.077586,9.396164e-06,73.0,1.5988539669151787
0.0003765,1.1944290000000002,0.04322027,0.07557986,-0.7168002,5.3836580000000005,0.5294112,1.30529,2.216151,1.267372e-06,90.0,0.8108781668221037
0.0003765,1.441265,0.03354281,0.02342232,-1.39278,0.352145,4.0711889999999995,1.7301490000000002,5.049036,3.9394130000000005e-06,76.0,1.0913930504085132
0.0004037,0.05343747,0.009111353,0.01631296,3.1085119999999997,0.8015108,0.6017273,0.01235286,2.97788,6.822011e-06,0.0,1.3707697095441778
0.0004037,0.06553998,0.007639184,0.01624447,3.107943,1.769105,4.6350489999999995,0.01677857,6.03749,1.3254749999999999e-05,3.0,1.9446488568646823
0.0004037,0.08054792,0.003789406,0.01612721,3.107424,4.410565,2.0638259999999997,0.022859900000000002,0.8346279000000001,1.290615e-05,7.0,1.9502304556823769
0.0004037,0.10741310000000001,0.0039406020000000005,0.01558398,3.100922,5.032995,4.594837,0.03520256,2.747143,2.042704e-05,15.0,2.5923486964187834
0.0004037,0.14304270000000002,0.005953398,0.01456971,3.09665,3.126566,1.64608,0.05409828,1.7178349999999998,1.663233e-05,24.0,2.1731758375460055
0.0004037,0.2016724,0.005214787,0.01225671,3.076416,3.842344,3.200685,0.09056257,2.570764,2.70218e-05,27.0,3.045887553671692
0.0004037,0.3113783,0.01101864,0.0042119440000000005,2.616959,4.2696309999999995,1.213166,0.1737427,0.6225241,2.17419e-05,39.0,2.742407839482913
0.0004037,0.42443580000000003,0.015166599999999999,0.006269549,0.8845892,6.193233,1.0807790000000002,0.27649209999999996,0.2948622,1.2006680000000002e-05,60.0,1.806034777130421
0.0004037,0.5497663,0.01217011,0.01012787,0.8141792,0.5975590000000001,0.8680880999999999,0.40760029999999997,5.7267790000000005,1.174299e-05,59.0,1.8054132870589306
0.0004037,0.8003374,0.06438880000000001,0.03894181,-0.5581168000000001,0.703997,5.471061,0.715947,5.214957,1.394976e-05,50.0,1.991411531722223
0.0004037,1.6370200000000001,0.2431277,0.007465256,2.196801,4.233623000000001,0.3111348,2.094359,0.2761422,5.882845e-06,57.0,1.2780477555934322
0.00043289999999999995,0.05468085,0.03033993,0.02544405,-1.19686,5.246919,1.668538,0.01278646,3.860988,1.2229580000000001e-05,0.0,1.9155751116869288
0.00043289999999999995,0.06778799,0.02313005,0.02628164,-1.9967650000000001,1.116015,1.798615,0.01764911,2.699472,1.652863e-05,5.0,2.2589660338138056
0.00043289999999999995,0.09808361,0.02019397,0.00141813,-2.73929,3.7603940000000002,3.435578,0.03071714,2.44082,3.50992e-05,11.0,3.4684874420826253
0.00043289999999999995,0.1592877,0.008020014,0.01600582,1.9782959999999998,1.386508,2.958818,0.06357049,5.870807,1.8363770000000003e-05,24.0,2.2547550658382
0.00043289999999999995,0.20216779999999998,0.02347503,0.01410777,0.8751424999999999,2.224853,3.859968,0.09089652,0.7930128000000001,1.3859200000000001e-05,30.0,1.9450216871380699
0.00043289999999999995,0.2665531,0.011194200000000001,0.00505942,1.272165,1.173427,3.238325,0.1376098,0.8088380000000001,2.515987e-05,43.0,2.8231358961856197
0.00043289999999999995,0.35637179999999996,0.02502002,0.0149541,-1.167697,1.3723450000000001,0.1630993,0.2127264,6.239492,8.398828e-06,50.0,1.5813262261097218
0.00043289999999999995,0.45669269999999995,0.01722809,0.01675184,0.5230585999999999,4.487513,2.403349,0.3086023,3.658735,3.3394159999999998e-06,63.0,1.0449912870418514
0.00043289999999999995,0.5762805000000001,0.01844528,0.002542466,3.003861,2.269609,2.59476,0.4374406,3.588337,2.5291639999999996e-05,46.0,2.902559718485571
0.00043289999999999995,0.9270958,0.01362584,0.0023149,-1.371425,4.266653,0.29918920000000004,0.8925871999999999,3.6732089999999995,1.205193e-05,61.0,1.8295332455403925
0.00043289999999999995,1.231209,0.003760485,0.0031788109999999997,2.594203,4.040769999999999,4.223944,1.366028,3.8671550000000003,4.465281e-06,73.0,1.1394154064038178
0.00046419999999999995,0.04793688,0.08782943,0.06095887,-2.943607,3.590429,2.725445,0.01049542,2.2238130000000003,2.130455e-05,0.0,2.5258688209799045
0.00046419999999999995,0.07773755,0.03915837,0.008214332,-1.787775,5.828645,3.0438400000000003,0.02167362,5.218637999999999,4.67379e-05,8.0,4.30937514408442
0.00046419999999999995,0.1486313,0.02762063,0.01825205,0.2185363,2.318381,6.220328,0.05729844,3.6557459999999997,3.696562e-05,27.0,3.660218520712424
0.00046419999999999995,0.2141426,0.06444905,0.02204211,-0.05724308,5.008771,1.42511,0.09908835,2.8017689999999997,1.2236510000000001e-05,43.0,1.927825638613553
0.00046419999999999995,0.29270630000000003,0.04674191,0.0075794009999999995,-2.8882630000000002,5.9361239999999995,5.117886,0.1583503,2.149779,3.0257640000000003e-05,33.0,2.9592385618131622
0.00046419999999999995,0.44568640000000004,0.02387397,0.04184911,0.6630876,2.903668,0.3608524,0.2975107,3.080262,1.1649589999999999e-05,63.0,1.9369100822482013
0.00046419999999999995,0.7110314999999999,0.017793599999999996,0.007351811,2.801256,2.262137,4.5466940000000005,0.5995095,5.7485610000000005,2.363574e-05,57.0,2.531141399553097
0.00046419999999999995,0.9189023999999999,0.05362414,0.02981928,2.969125,4.461174,1.256062,0.8807688,0.12143949999999999,3.185793e-06,84.0,1.0201762833469736
0.00046419999999999995,1.334085,0.05358232,0.02107102,-1.6673959999999999,4.411672,3.68555,1.540764,1.031324,8.339015e-06,58.0,1.4741978807846174
0.0004977,0.04358926,0.04372548,0.04045146,-0.7942231,5.238625,5.338225,0.009100466,0.9643437,2.617074e-05,0.0,2.9360271214488423
0.0004977,0.06657053,0.009556135,0.04274116,-1.293533,2.000512,1.9973509999999999,0.01717551,1.308797,3.5225e-05,9.0,3.5578931161544194
0.0004977,0.1104874,0.0397232,0.03454949,-1.050577,1.475151,3.134103,0.03672385,2.7413540000000003,3.442929e-05,20.0,3.429979464883509
0.0004977,0.15881989999999999,0.06061274,0.03874797,-1.598544,3.542718,0.7557715,0.06328954,4.979303,2.075471e-05,28.0,2.484019615522514
0.0004977,0.24777649999999998,0.03274648,0.02120186,-1.095041,2.553488,5.242474,0.12332629999999999,3.7460430000000002,4.090033e-05,33.0,3.6697247798646755
0.0004977,0.44147390000000003,0.1051655,0.03162597,1.740258,4.356713,2.554031,0.2933039,2.813448,2.562631e-05,58.0,2.5992165557866134
0.0004977,0.7539564000000001,0.02040949,0.03334319,2.128782,0.8131859,0.6183696,0.6545970999999999,3.930313,2.531976e-05,62.0,2.7566889869550377
0.0004977,1.47441,0.04828454,0.06184863,2.107771,5.620043,1.9641810000000002,1.790114,0.570121,6.8373379999999995e-06,70.0,1.3264830349781431
0.0005337,0.04882416,0.1704205,0.08750936,-1.583323,1.604837,5.29895,0.01078813,4.958307,2.755275e-05,0.0,3.1348474186410584
0.0005337,0.0788682,0.1282261,0.08567152,2.303782,0.04810909,4.702418,0.02214822,2.5136439999999998,3.719893e-05,9.0,3.569580126037835
0.0005337,0.1347558,0.05557208,0.07401754,-1.219108,5.913437999999999,4.158247,0.04946486,5.686774,4.817001e-05,22.0,4.108233812248917
0.0005337,0.27517909999999995,0.07499185,0.03494524,1.37095,5.280659,0.8884350000000001,0.144341,0.6010208,4.213621e-05,34.0,3.7096042975499977
0.0005337,0.40334190000000003,0.04781663,0.04252006,-2.163216,5.542939,5.966832,0.2561361,2.635002,2.5706460000000003e-05,46.0,2.95882220232229
0.0005337,0.639992,0.1884689,0.05092867,1.511288,5.007213,5.51906,0.5119364000000001,4.9284349999999995,9.529600000000001e-06,72.0,1.6023653046841977
0.0005337,0.8793108000000001,0.01946538,0.03737795,1.268466,4.631962000000001,5.668327,0.8244604999999999,6.041912,2.080014e-05,65.0,2.550765821947381
0.0005337,1.285015,0.18597020000000003,0.05513992,-0.8551373,3.160764,0.258171,1.456518,3.941435,3.597395e-06,81.0,1.0668531846896623
0.0005722,0.05575588,0.001298651,3.900007e-07,1.013306,1.2597969999999998,4.6451459999999996,0.01316531,2.3738479999999997,2.2262510000000003e-05,0.0,2.4910153914135953
0.0005722,0.07052726,0.0008948649000000001,3.417535e-07,1.001064,3.3565139999999998,1.7709810000000001,0.01872955,3.695647,1.5605710000000003e-05,6.0,2.2358634336951404
0.0005722,0.09810448,0.00324598,3.772673e-07,1.0385010000000001,0.23485810000000001,1.563402,0.03072689,0.2919063,2.977792e-05,10.0,3.114837718982196
0.0005722,0.1252702,0.0022984670000000002,3.4434259999999993e-07,1.061379,1.027792,1.352938,0.04433554,5.543858999999999,2.201784e-05,20.0,2.8578816319029885
0.0005722,0.17631010000000003,0.002066437,2.63207e-07,0.9642586,2.995375,5.131544,0.07402715,1.1757229999999999,2.384344e-05,26.0,2.7240435989005847
0.0005722,0.299788,0.001946303,5.771195e-08,-2.452024,1.86713,4.7947,0.16412960000000001,5.376532,4.4745070000000004e-05,35.0,3.9729233015321235
0.0005722,0.42576769999999997,0.002087903,5.187659e-07,-2.3022560000000003,4.137725,0.7811924,0.277794,5.2252730000000005,9.006342e-06,44.0,1.4678696959129853
0.0005722,0.5680483000000001,0.0009458989,1.0120730000000001e-06,-2.292841,5.501759,2.11002,0.42809140000000007,5.182601999999999,2.314656e-05,51.0,2.740246017506318
0.0005722,0.6916419,0.001472209,7.049368e-07,-2.3970380000000002,2.837487,1.0958459999999999,0.5751447,0.6571942,4.133119e-06,68.0,1.1498638761249507
0.0005722,0.8607176,0.0034046840000000003,1.393e-06,0.93532,3.50072,2.1053040000000003,0.7984489,3.9475279999999997,1.1703050000000001e-05,67.0,1.8308037722742854
0.0005722,1.051295,0.004288383,8.471412e-07,-0.34356090000000006,1.605452,6.151137,1.077808,4.880795,3.921806e-06,72.0,1.0903426233888847
0.0005722,1.186933,0.003667596,2.7686900000000004e-06,-2.835457,2.188415,5.385768,1.292984,6.030985,1.879023e-06,82.0,0.8785725054925492
0.0005722,1.293722,0.00150171,8.388441e-07,-0.5803519,3.348788,1.768964,1.471349,5.281184,1.892286e-06,81.0,0.8906933563755522
0.0006136000000000001,0.06123573,0.1306694,0.03892841,-2.1230130000000003,1.863129,3.639935,0.01515256,3.7399050000000003,9.892961999999999e-05,0.0,5.965935226978345
0.0006136000000000001,0.1634596,0.13548570000000001,0.09966537,-0.7807214,1.688079,5.305244,0.06608241,4.155436,3.725282e-05,22.0,3.5068448820683114
0.0006136000000000001,0.3441051,0.04211948,0.02797555,0.5502767,6.191097,5.182242,0.2018324,4.639868,7.512886e-05,32.0,5.269958091189627
0.0006136000000000001,0.8922734,0.09365292,0.07757525,2.671842,6.022265,2.304239,0.8427408000000002,6.153948000000001,3.230085e-05,60.0,3.3423187898818143
0.0006136000000000001,2.526087,0.4936503,0.1838342,0.31878850000000003,0.6101236999999999,0.6326515,4.014387,5.369618,2.048777e-06,84.0,0.9127530377662754
0.0006579,0.04733352,0.012753299999999999,0.03479278,2.475573,3.8007720000000003,0.1628635,0.01029784,0.1740796,3.3114320000000004e-05,0.0,3.2448833147097362
0.0006579,0.08919452,0.08760698,0.03354174,-2.4872349999999996,3.599707,5.080971,0.02663702,3.8487760000000004,6.677610999999999e-05,9.0,4.9382832921882205
0.0006579,0.17412020000000003,0.03877469,0.01305627,-1.9110740000000002,1.240824,4.743377,0.07265097,5.352504,4.878237e-05,24.0,4.19264585582448
0.0006579,0.3023618,0.03427168,0.02124704,0.9652509,0.01772851,3.037586,0.1662448,2.114062,4.536695e-05,39.0,3.951569792900008
0.0006579,0.5335943,0.08053143,0.01176945,-1.476208,3.205093,0.9731823000000001,0.38972979999999996,5.408608,2.92058e-05,51.0,3.1527438508623398
0.0006579,0.8900598,0.01244808,0.02408429,0.5922894000000001,5.619524,1.3968459999999998,0.8396184999999999,1.493021,2.155044e-05,48.0,2.4478305112648178
0.0006579,1.597767,0.05660526,0.03134682,2.0641990000000003,2.96379,2.460798,2.019371,3.657972,4.6402480000000005e-06,68.0,1.151440116711669
0.0007055,0.0438084,0.009703812,0.01372522,-2.37986,2.8188459999999997,3.9839309999999997,0.009169176,3.537411,2.6669990000000003e-05,0.0,3.1704813423983804
0.0007055,0.06186839,0.005060563,0.0024342829999999998,3.048893,5.956946,3.416703,0.01538825,0.7005547,3.805093e-05,7.0,3.586808191358399
0.0007055,0.0834786,0.006068406,0.01107386,2.4833119999999997,0.2332351,3.684593,0.02411806,0.9780866,2.8699299999999998e-05,17.0,3.2824881997813162
0.0007055,0.1174058,0.002950349,0.004019279000000001,-1.984798,5.329122,0.7792925,0.04022611,3.714947,2.74668e-05,20.0,3.0605518431179117
0.0007055,0.1562608,0.0026280270000000002,0.006025515,2.149137,2.105412,4.310851,0.06176442,0.056598800000000005,2.903479e-05,29.0,3.1012030197537737
0.0007055,0.20750100000000002,0.006776259000000001,0.0026541190000000004,2.767311,2.4011150000000003,5.974530000000001,0.09451478,0.8159415,1.9213879999999998e-05,28.0,2.4406277259423494
0.0007055,0.33175509999999997,0.002469926,0.004768263,2.705972,6.2196370000000005,4.681845,0.19106510000000002,2.043822,3.903827e-05,42.0,3.5509581802790575
0.0007055,0.4513182,0.0068214059999999995,0.006726208000000001,-2.653679,0.7237262,0.597114,0.3031598,2.534878,2.735451e-06,60.0,0.9865660077574803
0.0007055,0.5321364000000001,0.005127027,0.005115682,-2.299223,3.1297509999999997,0.7671644,0.3881347,6.219168,2.309362e-05,58.0,2.5591802527036984
0.0007055,0.7714880000000001,0.01118585,0.01298737,-1.199295,6.038314,2.4413110000000002,0.6775479999999999,3.870483,4.97822e-06,72.0,1.1889806209758191
0.0007055,0.9081288000000001,0.004371184,0.008369985,-1.3431680000000001,1.5458459999999998,6.087546,0.8652953000000001,5.8814589999999995,1.1780989999999999e-05,76.0,1.873022359893052
0.0007055,1.281447,0.0117149,0.01516046,0.33301040000000004,5.794346,2.729676,1.4504540000000001,2.891356,8.415879e-06,54.0,1.450286460866408
0.0007055,1.531827,0.005003002,0.02593801,0.5047516,4.778018,5.314216,1.89566,0.0317635,2.4610509999999997e-06,74.0,0.9462249323456489
0.0007565,0.05760073,0.02911158,0.03400385,-1.008019,1.368232,2.549918,0.01382386,2.2361310000000003,5.892970999999999e-05,0.0,4.4638580712605265
0.0007565,0.10794619999999999,0.07096774,0.058967200000000004,0.5531792,2.1582470000000002,2.748497,0.03546408,0.042841199999999996,4.517466e-05,12.0,4.178496662698449
0.0007565,0.1655854,0.01354251,0.01265094,1.426509,3.58765,3.4838949999999995,0.06737542,4.725843,4.151571e-05,25.0,3.8733994919601904
0.0007565,0.2363386,0.03349733,0.09928898,1.239349,5.079804,5.3699650000000005,0.11488499999999999,5.2782029999999995,3.259165e-05,36.0,3.2352330374396834
0.0007565,0.3772459,0.0410058,0.06352192,2.211925,1.909836,3.089125,0.2316757,5.178294999999999,3.735158e-05,48.0,3.6827794974145167
0.0007565,0.5240635,0.04947745,0.1323501,-2.327459,1.79735,2.852878,0.3793391,3.360676,1.720129e-05,44.0,2.056048482139234
0.0007565,0.8882383,0.05525261,0.05388456,-0.9679021999999999,0.6307046,2.2679810000000002,0.8370468000000001,2.658457,2.690317e-05,40.0,3.023525933562774
0.0007565,2.169977,0.421059,0.1272729,-0.6586448,0.8393324000000001,5.752818,3.196134,4.771747,2.650011e-06,69.0,0.9581604135256749
0.0007565,3.142146,0.208562,0.23135509999999998,-2.481835,5.886508999999999,1.728084,5.569068,4.2132629999999995,2.691291e-06,67.0,0.9741693185928025
0.0008111,0.05351998,0.0004685805,0.007703303000000001,0.8953529,1.689307,4.333056,0.01238134,1.749318,2.859736e-05,0.0,3.0892723823288177
0.0008111,0.07217005,0.0005824755,0.007679854,0.8919870000000001,3.196832,4.070962000000001,0.01938756,6.265307,2.859736e-05,6.0,3.158494993110196
0.0008111,0.09608151,0.001482439,0.007615581,0.8843288,3.334204,5.631748,0.02978131,1.416145,1.6269470000000002e-05,14.0,2.0592827442815844
0.0008111,0.1214714,0.0004658596,0.007569694,0.8777116,4.622454,3.94004,0.04233382,4.722128,3.558663e-05,17.0,3.398496847152355
0.0008111,0.1627988,0.001780225,0.007439451999999999,0.8619962999999999,3.128304,0.49688409999999994,0.06568204,2.790994,2.91493e-05,24.0,3.1193895819480897
0.0008111,0.21507020000000002,0.0023917260000000003,0.0071883630000000006,0.8235716000000001,0.9694345,4.019127,0.09973247,2.229907,1.7829279999999997e-05,31.0,2.3018089116124427
0.0008111,0.2853844,0.002559429,0.006780988000000001,0.7425937,3.4062879999999995,3.256719,0.1524397,5.38703,2.9480100000000003e-05,37.0,3.013887896961881
0.0008111,0.39957420000000005,0.002788617,0.006106289,0.5319831,3.310682,1.763966,0.2525547,4.199622,3.1932490000000006e-05,36.0,3.230633620992414
0.0008111,0.49053729999999995,0.0026902909999999996,0.005694472,0.1890983,2.6431169999999997,4.151096,0.34352,1.324096,2.8491039999999996e-06,65.0,0.9966447707655581
0.0008111,0.6906441999999999,0.0219529,0.01464656,-1.054194,1.825477,6.279146,0.5738867,5.476523,2.2319980000000002e-05,58.0,2.5857607683419017
0.0008111,0.8992610999999999,0.015714099999999998,0.02486309,-1.156182,2.728908,0.5718962,0.8526658000000001,5.255616000000001,1.2412660000000001e-05,50.0,2.0008423546891505
0.0008111,1.503763,0.05451423,0.05057895,1.9962220000000002,1.083335,6.139771,1.8437919999999999,3.0685119999999997,5.480297000000001e-06,66.0,1.2194620180843576
0.0008111,2.253654,0.02670755,0.06171989,-2.195848,3.7663870000000004,4.171468,3.382831,2.627653,3.059236e-06,56.0,1.008518623455444
0.0008697,0.04870457,0.04069047,0.04803502,-0.09743291,2.603829,2.5167990000000002,0.01074835,0.01129409,5.922531999999999e-05,0.0,4.711234800656811
0.0008697,0.09065651,0.03268525,0.02409442,-3.0048939999999997,3.180822,2.369875,0.02729447,2.2457700000000003,5.076456e-05,13.0,4.05017904037795
0.0008697,0.1442273,0.002222638,0.01992275,0.08761515,4.073361,2.957293,0.0547688,5.075349,6.513886999999999e-05,25.0,5.082777891563127
0.0008697,0.23600059999999998,0.08253371,0.04371784,1.8028259999999998,5.124962,4.520366,0.1146345,3.773239,3.9055929999999995e-05,42.0,3.6948324943264357
0.0008697,0.37882509999999997,0.05080377,0.01146243,-0.941241,4.7118,3.4912339999999995,0.23313760000000003,5.974035,3.598833e-05,38.0,3.4944873074438485
0.0008697,0.5831429,0.08817293,0.04357298,-1.754507,4.610397,0.3955382,0.44524309999999995,3.720736,2.393522e-05,63.0,2.8197844674426067
0.0008697,0.9175046,0.06327674,0.04977226,-0.31103509999999995,0.47342890000000004,1.842489,0.8787234,1.8044959999999999,1.676011e-05,55.0,2.1587915269843716
0.0008697,1.8705060000000002,0.29735959999999995,0.1524759,-2.906409,3.112038,1.0733469999999998,2.557896,1.430475,6.508171e-06,49.0,1.3372888017193318
0.0008697,3.2536869999999998,0.306425,0.1161598,-3.076142,5.630367,6.065477,5.8682300000000005,3.3490620000000004,3.56269e-06,51.0,1.0621108062910882
0.0009326,0.05122427,0.1439007,0.09274096,-0.6165554,2.350661,1.314529,0.01159322,5.724005,4.380573e-05,0.0,3.9541543306024223
0.0009326,0.07909935,0.08155949,0.06302708,0.7942645,5.280948,0.7851076,0.02224536,1.137259,4.81863e-05,10.0,4.605016957231581
0.0009326,0.13728189999999998,0.04474171,0.008630691999999999,1.060577,4.711228,5.687582,0.05086083,6.190992,7.592651e-05,21.0,5.092734760579608
0.0009326,0.3076392,0.06421097,0.03858685,-1.387332,0.49362609999999996,1.942812,0.17061199999999999,2.872334,7.580857e-05,32.0,5.740959248835605
0.0009326,0.7717315,0.07097342,0.04716907,2.566855,0.4016893,6.207281,0.6778529999999999,3.226089,5.047251e-05,33.0,4.217932774857115
0.0009326,2.118386,0.04982453,0.02226023,1.305779,1.8733229999999998,5.530063,3.082779,2.418763,6.5493510000000005e-06,65.0,1.3014777225374154
0.001,0.07277713,0.08337308,0.129875,0.6735978,3.148493,2.36922,0.01963241,4.663451,8.618586e-05,0.0,6.065549590584434
0.001,0.1859264,0.08317467,0.0650259,-0.09286362,0.8742992,0.3994957,0.08016201,5.8327089999999995,0.0001114246,17.0,6.911949367621065
0.001,0.48367879999999996,0.13187929999999998,0.1440495,-2.5464900000000004,0.7433789000000001,3.420146,0.3363373,4.975661,4.678416e-05,45.0,4.151313002425566
0.001,0.9795215,0.08095578,0.07065117,2.478746,4.232292,3.9514089999999995,0.9693277,3.468428,3.406975e-05,34.0,3.4318213447406354
