SIID,simvar,transMult
280024.0,1.07e-05,2.0
280040.0,1.07e-05,1.0
280081.0,1.07e-05,1.0
280136.0,1.07e-05,2.0
280209.0,1.07e-05,1.0
280210.0,1.07e-05,1.0
280373.0,1.07e-05,1.0
280628.0,1.07e-05,1.0
280653.0,1.07e-05,1.0
280665.0,1.07e-05,3.0
280677.0,1.07e-05,1.0
280725.0,1.07e-05,2.0
280756.0,1.07e-05,2.0
280783.0,1.07e-05,2.0
280788.0,1.07e-05,2.0
280973.0,1.07e-05,1.0
280997.0,1.07e-05,2.0
281099.0,1.07e-05,3.0
281106.0,1.07e-05,1.0
281151.0,1.07e-05,1.0
281202.0,1.07e-05,3.0
281216.0,1.07e-05,1.0
281288.0,1.07e-05,1.0
281439.0,1.07e-05,1.0
281603.0,1.07e-05,1.0
281826.0,1.07e-05,1.0
281964.0,1.07e-05,1.0
281972.0,1.07e-05,1.0
281982.0,1.07e-05,1.0
282078.0,1.07e-05,1.0
282156.0,1.07e-05,1.0
282173.0,1.07e-05,1.0
282192.0,1.07e-05,1.0
282206.0,1.07e-05,1.0
282210.0,1.07e-05,1.0
282303.0,1.07e-05,1.0
282368.0,1.07e-05,1.0
282372.0,1.07e-05,1.0
282403.0,1.07e-05,2.0
282634.0,1.07e-05,2.0
282725.0,1.07e-05,1.0
282736.0,1.07e-05,1.0
282753.0,1.07e-05,2.0
282777.0,1.07e-05,1.0
283203.0,1.07e-05,1.0
283246.0,1.07e-05,1.0
283251.0,1.07e-05,1.0
283290.0,1.07e-05,2.0
283300.0,1.07e-05,1.0
283376.0,1.07e-05,1.0
283381.0,1.07e-05,1.0
283454.0,1.07e-05,1.0
283492.0,1.07e-05,2.0
283493.0,1.07e-05,2.0
283529.0,1.07e-05,1.0
283619.0,1.07e-05,1.0
283711.0,1.07e-05,1.0
283800.0,1.07e-05,1.0
283813.0,1.07e-05,1.0
283886.0,1.07e-05,2.0
283936.0,1.07e-05,1.0
283972.0,1.07e-05,1.0
283977.0,1.07e-05,1.0
283984.0,1.07e-05,1.0
284034.0,1.07e-05,1.0
284043.0,1.07e-05,1.0
284045.0,1.07e-05,3.0
284050.0,1.07e-05,1.0
284165.0,1.07e-05,2.0
284184.0,1.07e-05,1.0
284251.0,1.07e-05,1.0
284274.0,1.07e-05,1.0
284348.0,1.07e-05,2.0
284430.0,1.07e-05,1.0
284480.0,1.07e-05,1.0
284508.0,1.07e-05,2.0
284518.0,1.07e-05,1.0
284521.0,1.07e-05,2.0
284546.0,1.07e-05,1.0
284784.0,1.07e-05,1.0
284802.0,1.07e-05,2.0
284822.0,1.07e-05,1.0
284975.0,1.07e-05,1.0
284990.0,1.07e-05,1.0
285059.0,1.07e-05,1.0
285074.0,1.07e-05,1.0
285159.0,1.07e-05,1.0
285223.0,1.07e-05,1.0
285401.0,1.07e-05,1.0
285407.0,1.07e-05,1.0
285521.0,1.07e-05,1.0
285534.0,1.07e-05,2.0
285543.0,1.07e-05,2.0
285555.0,1.07e-05,2.0
285610.0,1.07e-05,1.0
285698.0,1.07e-05,1.0
285805.0,1.07e-05,2.0
286009.0,1.07e-05,2.0
286224.0,1.07e-05,1.0
286266.0,1.07e-05,1.0
286276.0,1.07e-05,1.0
286337.0,1.07e-05,1.0
286436.0,1.07e-05,1.0
286525.0,1.07e-05,1.0
286604.0,1.07e-05,1.0
286747.0,1.07e-05,1.0
286748.0,1.07e-05,1.0
287089.0,1.07e-05,1.0
287145.0,1.07e-05,2.0
287177.0,1.07e-05,1.0
287300.0,1.07e-05,1.0
287366.0,1.07e-05,2.0
287563.0,1.07e-05,2.0
287565.0,1.07e-05,1.0
287616.0,1.07e-05,2.0
287636.0,1.07e-05,1.0
287667.0,1.07e-05,1.0
287773.0,1.07e-05,1.0
287817.0,1.07e-05,1.0
287834.0,1.07e-05,1.0
287847.0,1.07e-05,2.0
287877.0,1.07e-05,3.0
287881.0,1.07e-05,2.0
287892.0,1.07e-05,1.0
287957.0,1.07e-05,1.0
287966.0,1.07e-05,2.0
288026.0,1.07e-05,2.0
288055.0,1.07e-05,1.0
288113.0,1.07e-05,1.0
288117.0,1.07e-05,1.0
288223.0,1.07e-05,1.0
288254.0,1.07e-05,1.0
288307.0,1.07e-05,1.0
288453.0,1.07e-05,3.0
288469.0,1.07e-05,1.0
288621.0,1.07e-05,1.0
288752.0,1.07e-05,1.0
288796.0,1.07e-05,2.0
288814.0,1.07e-05,2.0
288936.0,1.07e-05,2.0
289017.0,1.07e-05,1.0
289130.0,1.07e-05,1.0
289320.0,1.07e-05,1.0
289440.0,1.07e-05,1.0
289527.0,1.07e-05,1.0
289684.0,1.07e-05,1.0
289891.0,1.07e-05,2.0
289917.0,1.07e-05,1.0
289981.0,1.07e-05,2.0
280870.0,1.07e-05,1.0
284455.0,1.07e-05,1.0
289723.0,1.07e-05,1.0
290653.0,1.15e-05,2.0
290718.0,1.15e-05,2.0
290876.0,1.15e-05,2.0
292043.0,1.15e-05,3.0
292156.0,1.15e-05,2.0
292826.0,1.15e-05,2.0
293147.0,1.15e-05,1.0
293568.0,1.15e-05,4.0
293681.0,1.15e-05,2.0
293941.0,1.15e-05,1.0
295610.0,1.15e-05,2.0
295815.0,1.15e-05,4.0
295999.0,1.15e-05,2.0
296224.0,1.15e-05,3.0
296761.0,1.15e-05,2.0
297761.0,1.15e-05,4.0
297927.0,1.15e-05,1.0
298636.0,1.15e-05,2.0
299628.0,1.15e-05,3.0
299909.0,1.15e-05,1.0
290024.0,1.15e-05,2.0
290070.0,1.15e-05,1.0
290120.0,1.15e-05,1.0
290307.0,1.15e-05,1.0
290328.0,1.15e-05,1.0
290388.0,1.15e-05,1.0
290461.0,1.15e-05,1.0
290474.0,1.15e-05,1.0
290508.0,1.15e-05,2.0
290531.0,1.15e-05,1.0
290592.0,1.15e-05,1.0
290790.0,1.15e-05,1.0
290796.0,1.15e-05,1.0
290914.0,1.15e-05,1.0
290997.0,1.15e-05,3.0
291066.0,1.15e-05,1.0
291138.0,1.15e-05,1.0
291290.0,1.15e-05,1.0
291439.0,1.15e-05,1.0
291486.0,1.15e-05,1.0
291611.0,1.15e-05,1.0
291645.0,1.15e-05,3.0
291684.0,1.15e-05,1.0
292094.0,1.15e-05,1.0
292389.0,1.15e-05,2.0
292624.0,1.15e-05,1.0
292736.0,1.15e-05,1.0
292738.0,1.15e-05,1.0
292772.0,1.15e-05,1.0
292818.0,1.15e-05,1.0
292829.0,1.15e-05,1.0
292887.0,1.15e-05,1.0
292949.0,1.15e-05,2.0
293170.0,1.15e-05,1.0
293197.0,1.15e-05,1.0
293290.0,1.15e-05,1.0
293302.0,1.15e-05,1.0
293314.0,1.15e-05,1.0
293340.0,1.15e-05,1.0
293517.0,1.15e-05,1.0
293649.0,1.15e-05,1.0
293717.0,1.15e-05,1.0
293741.0,1.15e-05,1.0
293889.0,1.15e-05,1.0
293937.0,1.15e-05,1.0
293972.0,1.15e-05,3.0
294038.0,1.15e-05,1.0
294045.0,1.15e-05,1.0
294171.0,1.15e-05,1.0
294203.0,1.15e-05,3.0
294211.0,1.15e-05,1.0
294345.0,1.15e-05,1.0
294407.0,1.15e-05,1.0
294408.0,1.15e-05,1.0
294450.0,1.15e-05,1.0
294480.0,1.15e-05,1.0
294543.0,1.15e-05,1.0
294546.0,1.15e-05,1.0
294839.0,1.15e-05,1.0
295059.0,1.15e-05,1.0
295223.0,1.15e-05,1.0
295417.0,1.15e-05,1.0
295596.0,1.15e-05,1.0
295626.0,1.15e-05,1.0
295965.0,1.15e-05,1.0
295989.0,1.15e-05,1.0
296009.0,1.15e-05,1.0
296118.0,1.15e-05,1.0
296205.0,1.15e-05,1.0
296248.0,1.15e-05,1.0
296388.0,1.15e-05,1.0
296446.0,1.15e-05,2.0
296540.0,1.15e-05,1.0
296604.0,1.15e-05,1.0
296860.0,1.15e-05,2.0
296953.0,1.15e-05,1.0
297145.0,1.15e-05,1.0
297150.0,1.15e-05,1.0
297300.0,1.15e-05,1.0
297366.0,1.15e-05,1.0
297437.0,1.15e-05,1.0
297487.0,1.15e-05,1.0
297525.0,1.15e-05,1.0
297966.0,1.15e-05,1.0
298041.0,1.15e-05,1.0
298062.0,1.15e-05,1.0
298113.0,1.15e-05,1.0
298233.0,1.15e-05,2.0
298247.0,1.15e-05,1.0
298475.0,1.15e-05,1.0
298879.0,1.15e-05,1.0
299029.0,1.15e-05,1.0
299206.0,1.15e-05,1.0
299270.0,1.15e-05,1.0
299440.0,1.15e-05,1.0
299510.0,1.15e-05,1.0
299591.0,1.15e-05,1.0
299747.0,1.15e-05,1.0
299891.0,1.15e-05,1.0
299961.0,1.15e-05,1.0
299981.0,1.15e-05,1.0
290665.0,1.15e-05,1.0
290884.0,1.15e-05,1.0
291108.0,1.15e-05,1.0
293454.0,1.15e-05,1.0
294107.0,1.15e-05,1.0
294430.0,1.15e-05,1.0
294977.0,1.15e-05,1.0
296465.0,1.15e-05,1.0
297659.0,1.15e-05,1.0
297852.0,1.15e-05,1.0
298080.0,1.15e-05,1.0
298086.0,1.15e-05,1.0
299177.0,1.15e-05,1.0
299477.0,1.15e-05,1.0
300620.0,1.23e-05,3.0
300737.0,1.23e-05,4.0
301099.0,1.23e-05,3.0
301103.0,1.23e-05,1.0
301200.0,1.23e-05,4.0
301453.0,1.23e-05,1.0
302210.0,1.23e-05,2.0
302239.0,1.23e-05,2.0
302413.0,1.23e-05,4.0
302766.0,1.23e-05,3.0
303492.0,1.23e-05,3.0
304028.0,1.23e-05,4.0
304337.0,1.23e-05,3.0
304426.0,1.23e-05,1.0
306009.0,1.23e-05,2.0
306859.0,1.23e-05,3.0
307357.0,1.23e-05,1.0
308082.0,1.23e-05,1.0
309270.0,1.23e-05,3.0
309806.0,1.23e-05,1.0
300040.0,1.23e-05,1.0
300136.0,1.23e-05,1.0
300210.0,1.23e-05,1.0
300235.0,1.23e-05,1.0
300554.0,1.23e-05,1.0
300585.0,1.23e-05,1.0
300592.0,1.23e-05,1.0
300642.0,1.23e-05,1.0
300680.0,1.23e-05,1.0
300754.0,1.23e-05,2.0
300756.0,1.23e-05,1.0
300914.0,1.23e-05,1.0
300976.0,1.23e-05,1.0
300982.0,1.23e-05,2.0
301151.0,1.23e-05,1.0
301266.0,1.23e-05,1.0
301308.0,1.23e-05,1.0
301396.0,1.23e-05,2.0
301695.0,1.23e-05,1.0
301921.0,1.23e-05,2.0
301938.0,1.23e-05,1.0
301986.0,1.23e-05,1.0
301997.0,1.23e-05,1.0
302047.0,1.23e-05,1.0
302177.0,1.23e-05,1.0
302271.0,1.23e-05,1.0
302340.0,1.23e-05,1.0
302389.0,1.23e-05,1.0
302716.0,1.23e-05,1.0
302760.0,1.23e-05,1.0
302777.0,1.23e-05,1.0
303048.0,1.23e-05,2.0
303254.0,1.23e-05,1.0
303376.0,1.23e-05,1.0
303454.0,1.23e-05,1.0
303493.0,1.23e-05,2.0
303530.0,1.23e-05,1.0
303550.0,1.23e-05,1.0
303653.0,1.23e-05,1.0
303711.0,1.23e-05,1.0
303809.0,1.23e-05,1.0
303889.0,1.23e-05,1.0
303937.0,1.23e-05,1.0
303972.0,1.23e-05,1.0
304015.0,1.23e-05,1.0
304025.0,1.23e-05,1.0
304043.0,1.23e-05,1.0
304135.0,1.23e-05,1.0
304171.0,1.23e-05,1.0
304262.0,1.23e-05,1.0
304364.0,1.23e-05,2.0
304432.0,1.23e-05,1.0
304455.0,1.23e-05,2.0
304508.0,1.23e-05,1.0
304721.0,1.23e-05,1.0
304866.0,1.23e-05,1.0
304975.0,1.23e-05,1.0
304976.0,1.23e-05,1.0
305022.0,1.23e-05,1.0
305044.0,1.23e-05,1.0
305253.0,1.23e-05,1.0
305278.0,1.23e-05,1.0
305318.0,1.23e-05,1.0
305401.0,1.23e-05,1.0
305437.0,1.23e-05,2.0
305446.0,1.23e-05,1.0
305474.0,1.23e-05,1.0
305543.0,1.23e-05,1.0
305636.0,1.23e-05,1.0
305805.0,1.23e-05,1.0
306095.0,1.23e-05,1.0
306266.0,1.23e-05,1.0
306295.0,1.23e-05,1.0
306337.0,1.23e-05,1.0
306540.0,1.23e-05,1.0
306820.0,1.23e-05,1.0
306913.0,1.23e-05,1.0
307089.0,1.23e-05,1.0
307189.0,1.23e-05,1.0
307300.0,1.23e-05,1.0
307341.0,1.23e-05,1.0
307356.0,1.23e-05,1.0
307406.0,1.23e-05,2.0
307487.0,1.23e-05,1.0
307525.0,1.23e-05,1.0
307616.0,1.23e-05,2.0
307636.0,1.23e-05,2.0
307714.0,1.23e-05,1.0
307761.0,1.23e-05,2.0
307859.0,1.23e-05,1.0
307941.0,1.23e-05,1.0
308041.0,1.23e-05,1.0
308086.0,1.23e-05,2.0
308088.0,1.23e-05,1.0
308188.0,1.23e-05,1.0
308189.0,1.23e-05,1.0
308230.0,1.23e-05,1.0
308276.0,1.23e-05,1.0
308352.0,1.23e-05,1.0
308356.0,1.23e-05,2.0
308535.0,1.23e-05,2.0
308783.0,1.23e-05,1.0
308841.0,1.23e-05,1.0
308869.0,1.23e-05,1.0
308930.0,1.23e-05,1.0
309043.0,1.23e-05,1.0
309085.0,1.23e-05,2.0
309515.0,1.23e-05,1.0
309591.0,1.23e-05,1.0
309684.0,1.23e-05,1.0
309754.0,1.23e-05,1.0
309841.0,1.23e-05,1.0
310027.0,1.32e-05,2.0
310036.0,1.32e-05,2.0
310085.0,1.32e-05,2.0
310199.0,1.32e-05,3.0
310235.0,1.32e-05,2.0
310383.0,1.32e-05,1.0
310388.0,1.32e-05,2.0
310461.0,1.32e-05,1.0
310505.0,1.32e-05,1.0
310543.0,1.32e-05,2.0
310642.0,1.32e-05,1.0
310680.0,1.32e-05,1.0
310681.0,1.32e-05,3.0
310683.0,1.32e-05,2.0
310687.0,1.32e-05,3.0
310725.0,1.32e-05,3.0
310730.0,1.32e-05,1.0
310760.0,1.32e-05,1.0
310821.0,1.32e-05,1.0
310837.0,1.32e-05,4.0
310846.0,1.32e-05,2.0
310870.0,1.32e-05,3.0
310884.0,1.32e-05,2.0
310982.0,1.32e-05,5.0
311048.0,1.32e-05,2.0
311078.0,1.32e-05,3.0
311099.0,1.32e-05,4.0
311203.0,1.32e-05,1.0
311256.0,1.32e-05,2.0
311316.0,1.32e-05,2.0
311390.0,1.32e-05,1.0
311427.0,1.32e-05,2.0
311679.0,1.32e-05,1.0
311730.0,1.32e-05,2.0
311754.0,1.32e-05,1.0
311874.0,1.32e-05,1.0
311964.0,1.32e-05,2.0
311983.0,1.32e-05,1.0
312075.0,1.32e-05,1.0
312177.0,1.32e-05,2.0
312187.0,1.32e-05,1.0
312216.0,1.32e-05,2.0
312264.0,1.32e-05,4.0
312271.0,1.32e-05,1.0
312273.0,1.32e-05,3.0
312339.0,1.32e-05,2.0
312345.0,1.32e-05,1.0
312376.0,1.32e-05,1.0
312413.0,1.32e-05,5.0
312424.0,1.32e-05,2.0
312702.0,1.32e-05,2.0
312764.0,1.32e-05,2.0
312786.0,1.32e-05,1.0
312819.0,1.32e-05,1.0
312945.0,1.32e-05,1.0
313056.0,1.32e-05,1.0
313110.0,1.32e-05,1.0
313252.0,1.32e-05,1.0
313254.0,1.32e-05,2.0
313271.0,1.32e-05,1.0
313297.0,1.32e-05,1.0
313305.0,1.32e-05,1.0
313310.0,1.32e-05,1.0
313364.0,1.32e-05,1.0
313392.0,1.32e-05,2.0
313414.0,1.32e-05,2.0
313461.0,1.32e-05,3.0
313474.0,1.32e-05,2.0
313514.0,1.32e-05,1.0
313588.0,1.32e-05,1.0
313682.0,1.32e-05,2.0
313777.0,1.32e-05,2.0
313813.0,1.32e-05,1.0
313859.0,1.32e-05,1.0
313937.0,1.32e-05,1.0
313944.0,1.32e-05,1.0
313953.0,1.32e-05,1.0
314004.0,1.32e-05,3.0
314015.0,1.32e-05,1.0
314028.0,1.32e-05,2.0
314096.0,1.32e-05,2.0
314107.0,1.32e-05,1.0
314127.0,1.32e-05,1.0
314165.0,1.32e-05,2.0
314281.0,1.32e-05,5.0
314344.0,1.32e-05,3.0
314362.0,1.32e-05,2.0
314364.0,1.32e-05,4.0
314412.0,1.32e-05,1.0
314417.0,1.32e-05,1.0
314424.0,1.32e-05,1.0
314432.0,1.32e-05,2.0
314472.0,1.32e-05,1.0
314603.0,1.32e-05,2.0
314616.0,1.32e-05,3.0
314640.0,1.32e-05,4.0
314737.0,1.32e-05,1.0
314811.0,1.32e-05,1.0
314831.0,1.32e-05,1.0
314866.0,1.32e-05,1.0
314927.0,1.32e-05,1.0
314928.0,1.32e-05,2.0
314990.0,1.32e-05,3.0
315030.0,1.32e-05,3.0
315043.0,1.32e-05,2.0
315181.0,1.32e-05,1.0
315191.0,1.32e-05,2.0
315235.0,1.32e-05,1.0
315319.0,1.32e-05,1.0
315344.0,1.32e-05,2.0
315354.0,1.32e-05,1.0
315407.0,1.32e-05,1.0
315451.0,1.32e-05,2.0
315470.0,1.32e-05,1.0
315543.0,1.32e-05,4.0
315639.0,1.32e-05,3.0
315815.0,1.32e-05,4.0
315893.0,1.32e-05,1.0
315941.0,1.32e-05,1.0
315945.0,1.32e-05,2.0
315969.0,1.32e-05,1.0
316048.0,1.32e-05,2.0
316071.0,1.32e-05,1.0
316113.0,1.32e-05,2.0
316166.0,1.32e-05,1.0
316270.0,1.32e-05,2.0
316326.0,1.32e-05,4.0
316573.0,1.32e-05,1.0
316584.0,1.32e-05,1.0
316636.0,1.32e-05,1.0
316686.0,1.32e-05,1.0
316860.0,1.32e-05,3.0
316967.0,1.32e-05,2.0
317170.0,1.32e-05,1.0
317226.0,1.32e-05,1.0
317255.0,1.32e-05,1.0
317268.0,1.32e-05,2.0
317273.0,1.32e-05,1.0
317300.0,1.32e-05,1.0
317369.0,1.32e-05,2.0
317406.0,1.32e-05,3.0
317427.0,1.32e-05,1.0
317453.0,1.32e-05,3.0
317466.0,1.32e-05,2.0
317482.0,1.32e-05,2.0
317624.0,1.32e-05,1.0
317642.0,1.32e-05,1.0
317699.0,1.32e-05,4.0
317728.0,1.32e-05,1.0
317817.0,1.32e-05,1.0
317888.0,1.32e-05,1.0
318055.0,1.32e-05,2.0
318105.0,1.32e-05,3.0
318161.0,1.32e-05,1.0
318228.0,1.32e-05,1.0
318233.0,1.32e-05,2.0
318462.0,1.32e-05,3.0
318468.0,1.32e-05,1.0
318570.0,1.32e-05,1.0
318718.0,1.32e-05,3.0
318725.0,1.32e-05,2.0
318732.0,1.32e-05,1.0
318795.0,1.32e-05,2.0
318805.0,1.32e-05,1.0
318829.0,1.32e-05,1.0
318897.0,1.32e-05,2.0
318933.0,1.32e-05,1.0
318993.0,1.32e-05,1.0
319009.0,1.32e-05,2.0
319085.0,1.32e-05,5.0
319206.0,1.32e-05,4.0
319253.0,1.32e-05,1.0
319270.0,1.32e-05,5.0
319321.0,1.32e-05,1.0
319353.0,1.32e-05,2.0
319408.0,1.32e-05,1.0
319440.0,1.32e-05,3.0
319533.0,1.32e-05,1.0
319547.0,1.32e-05,1.0
319549.0,1.32e-05,5.0
319556.0,1.32e-05,1.0
319565.0,1.32e-05,1.0
319626.0,1.32e-05,2.0
319728.0,1.32e-05,1.0
319754.0,1.32e-05,1.0
319857.0,1.32e-05,2.0
311151.0,1.32e-05,3.0
311156.0,1.32e-05,3.0
311486.0,1.32e-05,1.0
312775.0,1.32e-05,1.0
313889.0,1.32e-05,1.0
314023.0,1.32e-05,1.0
314975.0,1.32e-05,1.0
315314.0,1.32e-05,1.0
315814.0,1.32e-05,1.0
317210.0,1.32e-05,1.0
317590.0,1.32e-05,1.0
317706.0,1.32e-05,1.0
317710.0,1.32e-05,1.0
317859.0,1.32e-05,1.0
317957.0,1.32e-05,1.0
317966.0,1.32e-05,1.0
318062.0,1.32e-05,1.0
320027.0,1.42e-05,1.0
320040.0,1.42e-05,2.0
320085.0,1.42e-05,2.0
320199.0,1.42e-05,3.0
320235.0,1.42e-05,2.0
320238.0,1.42e-05,2.0
320373.0,1.42e-05,1.0
320381.0,1.42e-05,1.0
320474.0,1.42e-05,1.0
320525.0,1.42e-05,1.0
320642.0,1.42e-05,1.0
320665.0,1.42e-05,3.0
320680.0,1.42e-05,1.0
320681.0,1.42e-05,3.0
320687.0,1.42e-05,1.0
320690.0,1.42e-05,1.0
320737.0,1.42e-05,2.0
320783.0,1.42e-05,2.0
320788.0,1.42e-05,2.0
320821.0,1.42e-05,1.0
320837.0,1.42e-05,4.0
320841.0,1.42e-05,2.0
320846.0,1.42e-05,3.0
320913.0,1.42e-05,3.0
321041.0,1.42e-05,2.0
321046.0,1.42e-05,3.0
321048.0,1.42e-05,1.0
321108.0,1.42e-05,1.0
321138.0,1.42e-05,1.0
321139.0,1.42e-05,1.0
321158.0,1.42e-05,1.0
321200.0,1.42e-05,1.0
321212.0,1.42e-05,2.0
321350.0,1.42e-05,1.0
321427.0,1.42e-05,1.0
321486.0,1.42e-05,2.0
321600.0,1.42e-05,1.0
321754.0,1.42e-05,1.0
321777.0,1.42e-05,1.0
321921.0,1.42e-05,3.0
321938.0,1.42e-05,1.0
321997.0,1.42e-05,1.0
322015.0,1.42e-05,1.0
322026.0,1.42e-05,1.0
322173.0,1.42e-05,2.0
322239.0,1.42e-05,2.0
322264.0,1.42e-05,1.0
322273.0,1.42e-05,4.0
322299.0,1.42e-05,1.0
322303.0,1.42e-05,1.0
322318.0,1.42e-05,2.0
322352.0,1.42e-05,1.0
322368.0,1.42e-05,1.0
322424.0,1.42e-05,3.0
322764.0,1.42e-05,3.0
322818.0,1.42e-05,1.0
322819.0,1.42e-05,1.0
322826.0,1.42e-05,1.0
322837.0,1.42e-05,1.0
322862.0,1.42e-05,1.0
322872.0,1.42e-05,1.0
323063.0,1.42e-05,1.0
323071.0,1.42e-05,1.0
323145.0,1.42e-05,2.0
323341.0,1.42e-05,1.0
323363.0,1.42e-05,1.0
323459.0,1.42e-05,1.0
323461.0,1.42e-05,1.0
323512.0,1.42e-05,1.0
323514.0,1.42e-05,1.0
323517.0,1.42e-05,1.0
323529.0,1.42e-05,2.0
323550.0,1.42e-05,1.0
323588.0,1.42e-05,2.0
323615.0,1.42e-05,1.0
323671.0,1.42e-05,1.0
323711.0,1.42e-05,1.0
323818.0,1.42e-05,3.0
323972.0,1.42e-05,2.0
323977.0,1.42e-05,1.0
324001.0,1.42e-05,1.0
324015.0,1.42e-05,1.0
324038.0,1.42e-05,1.0
324045.0,1.42e-05,3.0
324059.0,1.42e-05,1.0
324096.0,1.42e-05,1.0
324192.0,1.42e-05,3.0
324211.0,1.42e-05,1.0
324232.0,1.42e-05,1.0
324251.0,1.42e-05,2.0
324285.0,1.42e-05,2.0
324312.0,1.42e-05,1.0
324337.0,1.42e-05,2.0
324352.0,1.42e-05,1.0
324518.0,1.42e-05,4.0
324603.0,1.42e-05,2.0
324654.0,1.42e-05,1.0
324691.0,1.42e-05,4.0
324721.0,1.42e-05,1.0
324727.0,1.42e-05,1.0
324737.0,1.42e-05,2.0
324739.0,1.42e-05,3.0
324802.0,1.42e-05,3.0
324966.0,1.42e-05,1.0
324990.0,1.42e-05,3.0
325022.0,1.42e-05,2.0
325030.0,1.42e-05,3.0
325043.0,1.42e-05,2.0
325160.0,1.42e-05,1.0
325200.0,1.42e-05,1.0
325306.0,1.42e-05,2.0
325344.0,1.42e-05,1.0
325357.0,1.42e-05,2.0
325419.0,1.42e-05,2.0
325429.0,1.42e-05,2.0
325543.0,1.42e-05,2.0
325549.0,1.42e-05,1.0
325596.0,1.42e-05,2.0
325639.0,1.42e-05,1.0
325642.0,1.42e-05,1.0
325660.0,1.42e-05,3.0
325698.0,1.42e-05,2.0
325728.0,1.42e-05,2.0
325773.0,1.42e-05,1.0
325856.0,1.42e-05,2.0
325999.0,1.42e-05,1.0
326118.0,1.42e-05,1.0
326125.0,1.42e-05,1.0
326162.0,1.42e-05,1.0
326224.0,1.42e-05,2.0
326227.0,1.42e-05,1.0
326388.0,1.42e-05,2.0
326410.0,1.42e-05,4.0
326483.0,1.42e-05,2.0
326540.0,1.42e-05,2.0
326648.0,1.42e-05,1.0
326707.0,1.42e-05,1.0
326767.0,1.42e-05,1.0
326814.0,1.42e-05,1.0
326860.0,1.42e-05,1.0
327083.0,1.42e-05,2.0
327089.0,1.42e-05,1.0
327286.0,1.42e-05,1.0
327300.0,1.42e-05,1.0
327322.0,1.42e-05,1.0
327348.0,1.42e-05,2.0
327514.0,1.42e-05,1.0
327520.0,1.42e-05,1.0
327590.0,1.42e-05,2.0
327701.0,1.42e-05,2.0
327706.0,1.42e-05,1.0
327728.0,1.42e-05,1.0
327752.0,1.42e-05,1.0
327765.0,1.42e-05,2.0
327773.0,1.42e-05,2.0
327778.0,1.42e-05,1.0
327817.0,1.42e-05,1.0
327834.0,1.42e-05,2.0
327941.0,1.42e-05,2.0
327957.0,1.42e-05,2.0
327990.0,1.42e-05,2.0
328031.0,1.42e-05,1.0
328050.0,1.42e-05,1.0
328062.0,1.42e-05,2.0
328082.0,1.42e-05,1.0
328086.0,1.42e-05,2.0
328171.0,1.42e-05,3.0
328205.0,1.42e-05,2.0
328259.0,1.42e-05,3.0
328304.0,1.42e-05,1.0
328305.0,1.42e-05,3.0
328462.0,1.42e-05,1.0
328535.0,1.42e-05,1.0
328678.0,1.42e-05,2.0
328703.0,1.42e-05,1.0
328725.0,1.42e-05,2.0
328732.0,1.42e-05,1.0
328752.0,1.42e-05,1.0
328814.0,1.42e-05,2.0
328820.0,1.42e-05,3.0
328868.0,1.42e-05,1.0
328993.0,1.42e-05,1.0
329009.0,1.42e-05,3.0
329015.0,1.42e-05,2.0
329059.0,1.42e-05,1.0
329096.0,1.42e-05,3.0
329200.0,1.42e-05,1.0
329381.0,1.42e-05,2.0
329387.0,1.42e-05,1.0
329406.0,1.42e-05,1.0
329510.0,1.42e-05,1.0
329549.0,1.42e-05,1.0
329628.0,1.42e-05,1.0
329684.0,1.42e-05,3.0
329754.0,1.42e-05,1.0
329917.0,1.42e-05,2.0
331436.0,1.52e-05,2.0
335728.0,1.52e-05,3.0
337145.0,1.52e-05,2.0
337957.0,1.52e-05,2.0
338930.0,1.52e-05,3.0
339622.0,1.52e-05,4.0
330032.0,1.52e-05,1.0
330620.0,1.52e-05,1.0
330725.0,1.52e-05,1.0
330737.0,1.52e-05,1.0
330754.0,1.52e-05,2.0
330783.0,1.52e-05,1.0
330849.0,1.52e-05,1.0
330914.0,1.52e-05,1.0
330973.0,1.52e-05,1.0
331147.0,1.52e-05,1.0
331151.0,1.52e-05,1.0
331266.0,1.52e-05,1.0
332043.0,1.52e-05,1.0
332571.0,1.52e-05,1.0
332830.0,1.52e-05,1.0
333063.0,1.52e-05,2.0
333142.0,1.52e-05,2.0
333857.0,1.52e-05,1.0
333977.0,1.52e-05,1.0
333984.0,1.52e-05,1.0
334103.0,1.52e-05,1.0
334337.0,1.52e-05,1.0
334508.0,1.52e-05,1.0
334640.0,1.52e-05,1.0
334654.0,1.52e-05,1.0
334975.0,1.52e-05,1.0
335050.0,1.52e-05,1.0
335105.0,1.52e-05,1.0
335204.0,1.52e-05,1.0
335437.0,1.52e-05,1.0
335465.0,1.52e-05,1.0
335805.0,1.52e-05,1.0
336813.0,1.52e-05,1.0
336859.0,1.52e-05,1.0
337150.0,1.52e-05,1.0
337699.0,1.52e-05,2.0
338499.0,1.52e-05,1.0
338678.0,1.52e-05,1.0
338885.0,1.52e-05,1.0
338972.0,1.52e-05,1.0
339050.0,1.52e-05,1.0
339447.0,1.52e-05,1.0
339626.0,1.52e-05,1.0
339747.0,1.52e-05,1.0
339841.0,1.52e-05,1.0
339929.0,1.52e-05,1.0
332557.0,1.52e-05,1.0
340032.0,1.63e-05,1.0
340036.0,1.63e-05,1.0
340040.0,1.63e-05,1.0
340070.0,1.63e-05,1.0
340106.0,1.63e-05,1.0
340123.0,1.63e-05,1.0
340235.0,1.63e-05,1.0
340238.0,1.63e-05,1.0
340388.0,1.63e-05,1.0
340461.0,1.63e-05,1.0
340474.0,1.63e-05,1.0
340508.0,1.63e-05,1.0
340551.0,1.63e-05,1.0
340554.0,1.63e-05,3.0
340592.0,1.63e-05,1.0
340665.0,1.63e-05,1.0
340725.0,1.63e-05,1.0
340737.0,1.63e-05,1.0
340756.0,1.63e-05,1.0
340836.0,1.63e-05,1.0
340837.0,1.63e-05,1.0
340846.0,1.63e-05,1.0
340849.0,1.63e-05,1.0
340876.0,1.63e-05,1.0
340982.0,1.63e-05,3.0
341078.0,1.63e-05,1.0
341099.0,1.63e-05,2.0
341106.0,1.63e-05,1.0
341147.0,1.63e-05,1.0
341151.0,1.63e-05,1.0
341156.0,1.63e-05,2.0
341179.0,1.63e-05,1.0
341202.0,1.63e-05,1.0
341216.0,1.63e-05,1.0
341238.0,1.63e-05,1.0
341266.0,1.63e-05,1.0
341282.0,1.63e-05,2.0
341316.0,1.63e-05,1.0
341479.0,1.63e-05,1.0
341563.0,1.63e-05,1.0
341585.0,1.63e-05,3.0
341603.0,1.63e-05,1.0
341781.0,1.63e-05,1.0
341826.0,1.63e-05,1.0
341906.0,1.63e-05,1.0
341921.0,1.63e-05,1.0
341964.0,1.63e-05,1.0
342015.0,1.63e-05,1.0
342047.0,1.63e-05,1.0
342062.0,1.63e-05,1.0
342078.0,1.63e-05,1.0
342087.0,1.63e-05,1.0
342150.0,1.63e-05,1.0
342173.0,1.63e-05,1.0
342210.0,1.63e-05,1.0
342271.0,1.63e-05,1.0
342273.0,1.63e-05,1.0
342303.0,1.63e-05,1.0
342318.0,1.63e-05,1.0
342340.0,1.63e-05,1.0
342354.0,1.63e-05,1.0
342358.0,1.63e-05,1.0
342368.0,1.63e-05,3.0
342372.0,1.63e-05,1.0
342389.0,1.63e-05,1.0
342397.0,1.63e-05,1.0
342403.0,1.63e-05,1.0
342438.0,1.63e-05,1.0
342461.0,1.63e-05,1.0
342503.0,1.63e-05,1.0
342511.0,1.63e-05,1.0
342571.0,1.63e-05,1.0
342624.0,1.63e-05,1.0
342736.0,1.63e-05,1.0
342760.0,1.63e-05,1.0
342764.0,1.63e-05,1.0
342818.0,1.63e-05,1.0
342830.0,1.63e-05,1.0
342861.0,1.63e-05,1.0
342872.0,1.63e-05,1.0
342887.0,1.63e-05,1.0
342892.0,1.63e-05,1.0
342915.0,1.63e-05,1.0
342949.0,1.63e-05,1.0
343027.0,1.63e-05,1.0
343063.0,1.63e-05,1.0
343110.0,1.63e-05,1.0
343120.0,1.63e-05,1.0
343142.0,1.63e-05,1.0
343145.0,1.63e-05,1.0
343197.0,1.63e-05,1.0
343213.0,1.63e-05,1.0
343251.0,1.63e-05,1.0
343271.0,1.63e-05,1.0
343300.0,1.63e-05,1.0
343411.0,1.63e-05,1.0
343414.0,1.63e-05,1.0
343454.0,1.63e-05,1.0
343457.0,1.63e-05,1.0
343492.0,1.63e-05,1.0
343508.0,1.63e-05,1.0
343512.0,1.63e-05,1.0
343529.0,1.63e-05,1.0
343550.0,1.63e-05,1.0
343568.0,1.63e-05,2.0
343619.0,1.63e-05,1.0
343644.0,1.63e-05,1.0
343653.0,1.63e-05,1.0
343660.0,1.63e-05,1.0
343682.0,1.63e-05,1.0
343717.0,1.63e-05,1.0
343813.0,1.63e-05,1.0
343886.0,1.63e-05,1.0
343977.0,1.63e-05,1.0
343984.0,1.63e-05,1.0
344023.0,1.63e-05,1.0
344025.0,1.63e-05,1.0
344028.0,1.63e-05,1.0
344045.0,1.63e-05,1.0
344096.0,1.63e-05,1.0
344135.0,1.63e-05,1.0
344138.0,1.63e-05,1.0
344165.0,1.63e-05,1.0
344237.0,1.63e-05,1.0
344253.0,1.63e-05,1.0
344255.0,1.63e-05,1.0
344262.0,1.63e-05,1.0
344264.0,1.63e-05,1.0
344274.0,1.63e-05,3.0
344281.0,1.63e-05,1.0
344285.0,1.63e-05,1.0
344308.0,1.63e-05,1.0
344343.0,1.63e-05,1.0
344348.0,1.63e-05,1.0
344364.0,1.63e-05,1.0
344407.0,1.63e-05,1.0
344408.0,1.63e-05,1.0
344437.0,1.63e-05,1.0
344476.0,1.63e-05,1.0
344508.0,1.63e-05,1.0
344518.0,1.63e-05,1.0
344549.0,1.63e-05,1.0
344721.0,1.63e-05,1.0
344802.0,1.63e-05,1.0
344822.0,1.63e-05,2.0
344839.0,1.63e-05,1.0
344866.0,1.63e-05,2.0
344890.0,1.63e-05,1.0
344975.0,1.63e-05,1.0
345050.0,1.63e-05,1.0
345068.0,1.63e-05,1.0
345074.0,1.63e-05,1.0
345253.0,1.63e-05,1.0
345306.0,1.63e-05,1.0
345318.0,1.63e-05,1.0
345390.0,1.63e-05,1.0
345401.0,1.63e-05,1.0
345419.0,1.63e-05,1.0
345465.0,1.63e-05,1.0
345503.0,1.63e-05,1.0
345543.0,1.63e-05,1.0
345596.0,1.63e-05,1.0
345608.0,1.63e-05,1.0
345610.0,1.63e-05,1.0
345639.0,1.63e-05,1.0
345728.0,1.63e-05,1.0
345749.0,1.63e-05,1.0
345773.0,1.63e-05,1.0
345803.0,1.63e-05,1.0
345805.0,1.63e-05,1.0
345818.0,1.63e-05,1.0
345856.0,1.63e-05,1.0
345874.0,1.63e-05,1.0
345945.0,1.63e-05,1.0
345989.0,1.63e-05,1.0
346009.0,1.63e-05,1.0
346046.0,1.63e-05,1.0
346113.0,1.63e-05,1.0
346125.0,1.63e-05,1.0
346172.0,1.63e-05,1.0
346205.0,1.63e-05,1.0
346224.0,1.63e-05,1.0
346322.0,1.63e-05,1.0
346326.0,1.63e-05,1.0
346334.0,1.63e-05,1.0
346337.0,1.63e-05,1.0
346517.0,1.63e-05,1.0
346520.0,1.63e-05,1.0
346592.0,1.63e-05,1.0
346602.0,1.63e-05,1.0
346604.0,1.63e-05,1.0
346634.0,1.63e-05,1.0
346648.0,1.63e-05,1.0
346813.0,1.63e-05,1.0
346860.0,1.63e-05,1.0
347050.0,1.63e-05,1.0
347150.0,1.63e-05,2.0
347177.0,1.63e-05,1.0
347189.0,1.63e-05,1.0
347210.0,1.63e-05,1.0
347300.0,1.63e-05,1.0
347308.0,1.63e-05,1.0
347341.0,1.63e-05,1.0
347356.0,1.63e-05,1.0
347366.0,1.63e-05,1.0
347369.0,1.63e-05,1.0
347406.0,1.63e-05,3.0
347525.0,1.63e-05,1.0
347535.0,1.63e-05,1.0
347563.0,1.63e-05,1.0
347565.0,1.63e-05,1.0
347694.0,1.63e-05,1.0
347699.0,1.63e-05,1.0
347701.0,1.63e-05,1.0
347711.0,1.63e-05,1.0
347721.0,1.63e-05,1.0
347765.0,1.63e-05,1.0
347773.0,1.63e-05,1.0
347829.0,1.63e-05,1.0
347834.0,1.63e-05,1.0
347847.0,1.63e-05,1.0
347859.0,1.63e-05,2.0
347877.0,1.63e-05,1.0
347881.0,1.63e-05,1.0
347941.0,1.63e-05,1.0
348026.0,1.63e-05,1.0
348041.0,1.63e-05,1.0
348055.0,1.63e-05,1.0
348058.0,1.63e-05,1.0
348062.0,1.63e-05,1.0
348088.0,1.63e-05,1.0
348105.0,1.63e-05,1.0
348113.0,1.63e-05,3.0
348117.0,1.63e-05,1.0
348146.0,1.63e-05,2.0
348163.0,1.63e-05,1.0
348171.0,1.63e-05,1.0
348188.0,1.63e-05,1.0
348207.0,1.63e-05,1.0
348230.0,1.63e-05,1.0
348233.0,1.63e-05,1.0
348276.0,1.63e-05,1.0
348307.0,1.63e-05,1.0
348388.0,1.63e-05,1.0
348453.0,1.63e-05,1.0
348462.0,1.63e-05,1.0
348469.0,1.63e-05,1.0
348473.0,1.63e-05,1.0
348565.0,1.63e-05,1.0
348621.0,1.63e-05,1.0
348678.0,1.63e-05,1.0
348725.0,1.63e-05,1.0
348796.0,1.63e-05,1.0
348814.0,1.63e-05,1.0
348869.0,1.63e-05,1.0
348936.0,1.63e-05,1.0
349015.0,1.63e-05,1.0
349017.0,1.63e-05,1.0
349043.0,1.63e-05,1.0
349082.0,1.63e-05,1.0
349085.0,1.63e-05,2.0
349220.0,1.63e-05,1.0
349320.0,1.63e-05,1.0
349321.0,1.63e-05,1.0
349363.0,1.63e-05,1.0
349477.0,1.63e-05,1.0
349515.0,1.63e-05,1.0
349549.0,1.63e-05,1.0
349591.0,1.63e-05,1.0
349622.0,1.63e-05,1.0
349626.0,1.63e-05,1.0
349628.0,1.63e-05,1.0
349658.0,1.63e-05,1.0
349681.0,1.63e-05,1.0
349684.0,1.63e-05,1.0
349747.0,1.63e-05,1.0
349841.0,1.63e-05,1.0
349891.0,1.63e-05,1.0
349917.0,1.63e-05,1.0
349929.0,1.63e-05,1.0
349944.0,1.63e-05,1.0
349981.0,1.63e-05,2.0
350032.0,1.75e-05,2.0
350106.0,1.75e-05,1.0
350209.0,1.75e-05,1.0
350238.0,1.75e-05,1.0
350244.0,1.75e-05,1.0
350554.0,1.75e-05,2.0
350725.0,1.75e-05,1.0
350737.0,1.75e-05,1.0
350783.0,1.75e-05,1.0
350836.0,1.75e-05,1.0
350837.0,1.75e-05,2.0
350876.0,1.75e-05,1.0
350997.0,1.75e-05,4.0
351122.0,1.75e-05,1.0
351124.0,1.75e-05,2.0
351216.0,1.75e-05,1.0
351238.0,1.75e-05,1.0
351316.0,1.75e-05,1.0
351458.0,1.75e-05,1.0
351576.0,1.75e-05,1.0
351603.0,1.75e-05,1.0
351972.0,1.75e-05,1.0
352210.0,1.75e-05,1.0
352303.0,1.75e-05,1.0
352414.0,1.75e-05,1.0
352438.0,1.75e-05,2.0
352461.0,1.75e-05,1.0
352571.0,1.75e-05,1.0
352949.0,1.75e-05,1.0
353019.0,1.75e-05,2.0
353300.0,1.75e-05,1.0
353568.0,1.75e-05,2.0
353682.0,1.75e-05,2.0
353813.0,1.75e-05,2.0
353818.0,1.75e-05,1.0
354015.0,1.75e-05,1.0
354138.0,1.75e-05,1.0
354233.0,1.75e-05,1.0
354251.0,1.75e-05,1.0
354255.0,1.75e-05,1.0
354262.0,1.75e-05,1.0
354345.0,1.75e-05,1.0
354352.0,1.75e-05,1.0
354362.0,1.75e-05,3.0
354407.0,1.75e-05,1.0
354437.0,1.75e-05,1.0
354476.0,1.75e-05,1.0
354480.0,1.75e-05,1.0
354546.0,1.75e-05,1.0
354741.0,1.75e-05,1.0
354866.0,1.75e-05,1.0
354936.0,1.75e-05,2.0
354990.0,1.75e-05,1.0
355005.0,1.75e-05,1.0
355043.0,1.75e-05,1.0
355051.0,1.75e-05,1.0
355247.0,1.75e-05,1.0
355278.0,1.75e-05,1.0
355306.0,1.75e-05,1.0
355314.0,1.75e-05,1.0
355474.0,1.75e-05,1.0
355596.0,1.75e-05,1.0
355615.0,1.75e-05,1.0
355639.0,1.75e-05,2.0
355856.0,1.75e-05,1.0
355945.0,1.75e-05,1.0
356062.0,1.75e-05,1.0
356101.0,1.75e-05,1.0
356224.0,1.75e-05,1.0
356344.0,1.75e-05,1.0
356520.0,1.75e-05,1.0
356813.0,1.75e-05,1.0
356860.0,1.75e-05,1.0
356969.0,1.75e-05,1.0
357177.0,1.75e-05,1.0
357366.0,1.75e-05,2.0
357369.0,1.75e-05,1.0
357699.0,1.75e-05,1.0
357819.0,1.75e-05,1.0
357877.0,1.75e-05,2.0
358031.0,1.75e-05,1.0
358105.0,1.75e-05,3.0
358163.0,1.75e-05,1.0
358247.0,1.75e-05,1.0
358307.0,1.75e-05,1.0
358388.0,1.75e-05,1.0
358462.0,1.75e-05,3.0
358473.0,1.75e-05,1.0
358475.0,1.75e-05,1.0
358621.0,1.75e-05,1.0
359029.0,1.75e-05,1.0
359082.0,1.75e-05,1.0
359085.0,1.75e-05,2.0
359096.0,1.75e-05,1.0
359190.0,1.75e-05,1.0
359206.0,1.75e-05,2.0
359381.0,1.75e-05,1.0
359510.0,1.75e-05,1.0
359681.0,1.75e-05,1.0
359806.0,1.75e-05,1.0
359981.0,1.75e-05,1.0
350870.0,1.75e-05,1.0
360024.0,1.87e-05,1.0
360032.0,1.87e-05,1.0
360036.0,1.87e-05,1.0
360040.0,1.87e-05,1.0
360063.0,1.87e-05,1.0
360070.0,1.87e-05,1.0
360081.0,1.87e-05,1.0
360106.0,1.87e-05,1.0
360107.0,1.87e-05,1.0
360109.0,1.87e-05,1.0
360136.0,1.87e-05,1.0
360209.0,1.87e-05,1.0
360235.0,1.87e-05,1.0
360250.0,1.87e-05,1.0
360278.0,1.87e-05,1.0
360328.0,1.87e-05,1.0
360373.0,1.87e-05,1.0
360381.0,1.87e-05,1.0
360389.0,1.87e-05,2.0
360425.0,1.87e-05,1.0
360438.0,1.87e-05,1.0
360441.0,1.87e-05,1.0
360508.0,1.87e-05,1.0
360515.0,1.87e-05,1.0
360543.0,1.87e-05,2.0
360551.0,1.87e-05,2.0
360554.0,1.87e-05,3.0
360583.0,1.87e-05,1.0
360585.0,1.87e-05,1.0
360592.0,1.87e-05,1.0
360628.0,1.87e-05,1.0
360653.0,1.87e-05,1.0
360665.0,1.87e-05,1.0
360673.0,1.87e-05,1.0
360677.0,1.87e-05,1.0
360702.0,1.87e-05,1.0
360718.0,1.87e-05,1.0
360727.0,1.87e-05,1.0
360783.0,1.87e-05,3.0
360788.0,1.87e-05,1.0
360836.0,1.87e-05,1.0
360841.0,1.87e-05,1.0
360849.0,1.87e-05,1.0
360853.0,1.87e-05,1.0
360870.0,1.87e-05,3.0
360876.0,1.87e-05,1.0
360884.0,1.87e-05,1.0
360906.0,1.87e-05,1.0
360914.0,1.87e-05,1.0
360973.0,1.87e-05,1.0
360982.0,1.87e-05,4.0
360997.0,1.87e-05,4.0
360999.0,1.87e-05,1.0
361000.0,1.87e-05,1.0
361031.0,1.87e-05,1.0
361048.0,1.87e-05,1.0
361078.0,1.87e-05,1.0
361099.0,1.87e-05,1.0
361103.0,1.87e-05,1.0
361106.0,1.87e-05,2.0
361122.0,1.87e-05,1.0
361147.0,1.87e-05,1.0
361151.0,1.87e-05,1.0
361179.0,1.87e-05,1.0
361202.0,1.87e-05,1.0
361212.0,1.87e-05,2.0
361216.0,1.87e-05,1.0
361238.0,1.87e-05,1.0
361247.0,1.87e-05,1.0
361266.0,1.87e-05,2.0
361282.0,1.87e-05,1.0
361288.0,1.87e-05,1.0
361316.0,1.87e-05,3.0
361396.0,1.87e-05,1.0
361416.0,1.87e-05,1.0
361436.0,1.87e-05,1.0
361453.0,1.87e-05,1.0
361458.0,1.87e-05,1.0
361512.0,1.87e-05,2.0
361535.0,1.87e-05,1.0
361563.0,1.87e-05,2.0
361568.0,1.87e-05,1.0
361572.0,1.87e-05,1.0
361580.0,1.87e-05,1.0
361600.0,1.87e-05,1.0
361609.0,1.87e-05,1.0
361645.0,1.87e-05,1.0
361684.0,1.87e-05,1.0
361695.0,1.87e-05,1.0
361720.0,1.87e-05,1.0
361730.0,1.87e-05,1.0
361741.0,1.87e-05,1.0
361756.0,1.87e-05,1.0
361777.0,1.87e-05,1.0
361781.0,1.87e-05,1.0
361790.0,1.87e-05,1.0
361811.0,1.87e-05,1.0
361824.0,1.87e-05,1.0
361826.0,1.87e-05,1.0
361905.0,1.87e-05,1.0
361906.0,1.87e-05,1.0
361921.0,1.87e-05,1.0
361938.0,1.87e-05,1.0
361964.0,1.87e-05,1.0
361972.0,1.87e-05,1.0
361982.0,1.87e-05,1.0
361986.0,1.87e-05,2.0
361997.0,1.87e-05,1.0
362015.0,1.87e-05,2.0
362026.0,1.87e-05,1.0
362029.0,1.87e-05,1.0
362043.0,1.87e-05,1.0
362047.0,1.87e-05,1.0
362087.0,1.87e-05,1.0
362089.0,1.87e-05,1.0
362094.0,1.87e-05,1.0
362150.0,1.87e-05,1.0
362173.0,1.87e-05,1.0
362192.0,1.87e-05,1.0
362210.0,1.87e-05,1.0
362216.0,1.87e-05,1.0
362239.0,1.87e-05,1.0
362271.0,1.87e-05,3.0
362273.0,1.87e-05,2.0
362303.0,1.87e-05,1.0
362331.0,1.87e-05,1.0
362340.0,1.87e-05,1.0
362354.0,1.87e-05,1.0
362376.0,1.87e-05,1.0
362403.0,1.87e-05,1.0
362404.0,1.87e-05,4.0
362409.0,1.87e-05,1.0
362413.0,1.87e-05,1.0
362414.0,1.87e-05,1.0
362434.0,1.87e-05,1.0
362438.0,1.87e-05,1.0
362453.0,1.87e-05,1.0
362461.0,1.87e-05,4.0
362483.0,1.87e-05,1.0
362503.0,1.87e-05,1.0
362557.0,1.87e-05,1.0
362568.0,1.87e-05,1.0
362571.0,1.87e-05,1.0
362624.0,1.87e-05,1.0
362633.0,1.87e-05,1.0
362634.0,1.87e-05,1.0
362716.0,1.87e-05,1.0
362738.0,1.87e-05,1.0
362753.0,1.87e-05,1.0
362760.0,1.87e-05,1.0
362764.0,1.87e-05,1.0
362772.0,1.87e-05,1.0
362775.0,1.87e-05,1.0
362777.0,1.87e-05,1.0
362812.0,1.87e-05,1.0
362816.0,1.87e-05,1.0
362818.0,1.87e-05,2.0
362825.0,1.87e-05,1.0
362830.0,1.87e-05,1.0
362837.0,1.87e-05,1.0
362861.0,1.87e-05,1.0
362871.0,1.87e-05,1.0
362887.0,1.87e-05,1.0
362892.0,1.87e-05,1.0
362949.0,1.87e-05,1.0
362978.0,1.87e-05,2.0
363005.0,1.87e-05,1.0
363048.0,1.87e-05,1.0
363085.0,1.87e-05,1.0
363088.0,1.87e-05,2.0
363108.0,1.87e-05,1.0
363120.0,1.87e-05,1.0
363142.0,1.87e-05,2.0
363145.0,1.87e-05,1.0
363147.0,1.87e-05,1.0
363162.0,1.87e-05,2.0
363197.0,1.87e-05,1.0
363203.0,1.87e-05,1.0
363205.0,1.87e-05,1.0
363213.0,1.87e-05,1.0
363218.0,1.87e-05,1.0
363246.0,1.87e-05,2.0
363251.0,1.87e-05,1.0
363252.0,1.87e-05,1.0
363271.0,1.87e-05,1.0
363290.0,1.87e-05,1.0
363302.0,1.87e-05,1.0
363341.0,1.87e-05,1.0
363381.0,1.87e-05,1.0
363411.0,1.87e-05,1.0
363414.0,1.87e-05,1.0
363454.0,1.87e-05,1.0
363457.0,1.87e-05,1.0
363471.0,1.87e-05,1.0
363492.0,1.87e-05,1.0
363493.0,1.87e-05,1.0
363495.0,1.87e-05,1.0
363514.0,1.87e-05,2.0
363517.0,1.87e-05,1.0
363529.0,1.87e-05,1.0
363530.0,1.87e-05,1.0
363550.0,1.87e-05,1.0
363552.0,1.87e-05,1.0
363554.0,1.87e-05,1.0
363568.0,1.87e-05,2.0
363588.0,1.87e-05,1.0
363619.0,1.87e-05,1.0
363628.0,1.87e-05,1.0
363649.0,1.87e-05,1.0
363653.0,1.87e-05,1.0
363682.0,1.87e-05,1.0
363686.0,1.87e-05,1.0
363696.0,1.87e-05,1.0
363711.0,1.87e-05,2.0
363717.0,1.87e-05,3.0
363721.0,1.87e-05,1.0
363775.0,1.87e-05,1.0
363800.0,1.87e-05,1.0
363813.0,1.87e-05,1.0
363818.0,1.87e-05,2.0
363847.0,1.87e-05,1.0
363851.0,1.87e-05,1.0
363857.0,1.87e-05,2.0
363886.0,1.87e-05,1.0
363972.0,1.87e-05,1.0
363977.0,1.87e-05,1.0
363984.0,1.87e-05,1.0
363985.0,1.87e-05,1.0
363996.0,1.87e-05,1.0
364001.0,1.87e-05,1.0
364023.0,1.87e-05,1.0
364028.0,1.87e-05,1.0
364043.0,1.87e-05,2.0
364096.0,1.87e-05,1.0
364103.0,1.87e-05,1.0
364107.0,1.87e-05,2.0
364135.0,1.87e-05,1.0
364171.0,1.87e-05,1.0
364173.0,1.87e-05,1.0
364203.0,1.87e-05,2.0
364211.0,1.87e-05,1.0
364232.0,1.87e-05,1.0
364233.0,1.87e-05,1.0
364253.0,1.87e-05,1.0
364262.0,1.87e-05,2.0
364264.0,1.87e-05,1.0
364281.0,1.87e-05,1.0
364308.0,1.87e-05,1.0
364337.0,1.87e-05,1.0
364343.0,1.87e-05,1.0
364345.0,1.87e-05,1.0
364352.0,1.87e-05,1.0
364364.0,1.87e-05,3.0
364376.0,1.87e-05,1.0
364407.0,1.87e-05,1.0
364408.0,1.87e-05,4.0
364421.0,1.87e-05,1.0
364426.0,1.87e-05,1.0
364430.0,1.87e-05,1.0
364450.0,1.87e-05,1.0
364480.0,1.87e-05,1.0
364508.0,1.87e-05,1.0
364518.0,1.87e-05,1.0
364521.0,1.87e-05,1.0
364528.0,1.87e-05,1.0
364546.0,1.87e-05,1.0
364549.0,1.87e-05,1.0
364572.0,1.87e-05,1.0
364579.0,1.87e-05,1.0
364590.0,1.87e-05,1.0
364603.0,1.87e-05,1.0
364614.0,1.87e-05,1.0
364640.0,1.87e-05,2.0
364642.0,1.87e-05,1.0
364691.0,1.87e-05,3.0
364737.0,1.87e-05,4.0
364739.0,1.87e-05,2.0
364802.0,1.87e-05,1.0
364822.0,1.87e-05,1.0
364839.0,1.87e-05,1.0
364841.0,1.87e-05,1.0
364866.0,1.87e-05,1.0
364909.0,1.87e-05,1.0
364917.0,1.87e-05,1.0
364928.0,1.87e-05,1.0
364929.0,1.87e-05,1.0
364966.0,1.87e-05,1.0
364975.0,1.87e-05,1.0
364977.0,1.87e-05,2.0
364990.0,1.87e-05,1.0
365022.0,1.87e-05,1.0
365043.0,1.87e-05,1.0
365050.0,1.87e-05,1.0
365051.0,1.87e-05,3.0
365059.0,1.87e-05,2.0
365060.0,1.87e-05,1.0
365068.0,1.87e-05,1.0
365069.0,1.87e-05,1.0
365074.0,1.87e-05,1.0
365105.0,1.87e-05,1.0
365146.0,1.87e-05,1.0
365159.0,1.87e-05,1.0
365160.0,1.87e-05,1.0
365204.0,1.87e-05,1.0
365247.0,1.87e-05,1.0
365253.0,1.87e-05,2.0
365278.0,1.87e-05,1.0
365306.0,1.87e-05,1.0
365314.0,1.87e-05,1.0
365357.0,1.87e-05,3.0
365390.0,1.87e-05,1.0
365401.0,1.87e-05,1.0
365407.0,1.87e-05,1.0
365410.0,1.87e-05,1.0
365419.0,1.87e-05,1.0
365446.0,1.87e-05,1.0
365451.0,1.87e-05,1.0
365465.0,1.87e-05,1.0
365488.0,1.87e-05,1.0
365503.0,1.87e-05,1.0
365521.0,1.87e-05,1.0
365534.0,1.87e-05,2.0
365542.0,1.87e-05,1.0
365543.0,1.87e-05,1.0
365548.0,1.87e-05,1.0
365574.0,1.87e-05,1.0
365608.0,1.87e-05,1.0
365610.0,1.87e-05,1.0
365621.0,1.87e-05,3.0
365626.0,1.87e-05,2.0
365636.0,1.87e-05,1.0
365698.0,1.87e-05,1.0
365728.0,1.87e-05,1.0
365749.0,1.87e-05,1.0
365756.0,1.87e-05,1.0
365773.0,1.87e-05,1.0
365803.0,1.87e-05,1.0
365805.0,1.87e-05,1.0
365814.0,1.87e-05,1.0
365815.0,1.87e-05,1.0
365866.0,1.87e-05,1.0
365874.0,1.87e-05,1.0
365893.0,1.87e-05,1.0
365895.0,1.87e-05,1.0
365936.0,1.87e-05,1.0
365969.0,1.87e-05,1.0
365974.0,1.87e-05,1.0
365989.0,1.87e-05,1.0
366009.0,1.87e-05,1.0
366012.0,1.87e-05,1.0
366046.0,1.87e-05,1.0
366062.0,1.87e-05,1.0
366095.0,1.87e-05,1.0
366125.0,1.87e-05,3.0
366131.0,1.87e-05,1.0
366172.0,1.87e-05,1.0
366180.0,1.87e-05,1.0
366270.0,1.87e-05,1.0
366276.0,1.87e-05,1.0
366295.0,1.87e-05,1.0
366322.0,1.87e-05,1.0
366326.0,1.87e-05,1.0
366334.0,1.87e-05,1.0
366337.0,1.87e-05,1.0
366344.0,1.87e-05,1.0
366353.0,1.87e-05,1.0
366392.0,1.87e-05,1.0
366407.0,1.87e-05,1.0
366410.0,1.87e-05,1.0
366432.0,1.87e-05,3.0
366450.0,1.87e-05,1.0
366465.0,1.87e-05,1.0
366483.0,1.87e-05,1.0
366506.0,1.87e-05,1.0
366540.0,1.87e-05,1.0
366551.0,1.87e-05,1.0
366556.0,1.87e-05,1.0
366587.0,1.87e-05,1.0
366604.0,1.87e-05,1.0
366634.0,1.87e-05,1.0
366648.0,1.87e-05,3.0
366714.0,1.87e-05,1.0
366747.0,1.87e-05,1.0
366761.0,1.87e-05,1.0
366767.0,1.87e-05,1.0
366820.0,1.87e-05,1.0
366911.0,1.87e-05,1.0
366913.0,1.87e-05,1.0
366953.0,1.87e-05,1.0
366969.0,1.87e-05,1.0
366974.0,1.87e-05,1.0
366986.0,1.87e-05,1.0
367050.0,1.87e-05,1.0
367083.0,1.87e-05,1.0
367126.0,1.87e-05,1.0
367150.0,1.87e-05,1.0
367177.0,1.87e-05,1.0
367187.0,1.87e-05,1.0
367189.0,1.87e-05,1.0
367197.0,1.87e-05,1.0
367210.0,1.87e-05,1.0
367214.0,1.87e-05,1.0
367226.0,1.87e-05,1.0
367253.0,1.87e-05,1.0
367255.0,1.87e-05,1.0
367264.0,1.87e-05,2.0
367268.0,1.87e-05,1.0
367273.0,1.87e-05,4.0
367286.0,1.87e-05,2.0
367298.0,1.87e-05,1.0
367300.0,1.87e-05,1.0
367309.0,1.87e-05,1.0
367324.0,1.87e-05,1.0
367336.0,1.87e-05,1.0
367341.0,1.87e-05,1.0
367348.0,1.87e-05,1.0
367356.0,1.87e-05,3.0
367366.0,1.87e-05,1.0
367369.0,1.87e-05,1.0
367385.0,1.87e-05,1.0
367426.0,1.87e-05,1.0
367437.0,1.87e-05,1.0
367453.0,1.87e-05,3.0
367469.0,1.87e-05,1.0
367471.0,1.87e-05,1.0
367525.0,1.87e-05,1.0
367535.0,1.87e-05,1.0
367558.0,1.87e-05,1.0
367563.0,1.87e-05,1.0
367590.0,1.87e-05,1.0
367616.0,1.87e-05,2.0
367620.0,1.87e-05,1.0
367636.0,1.87e-05,2.0
367659.0,1.87e-05,1.0
367694.0,1.87e-05,1.0
367701.0,1.87e-05,5.0
367706.0,1.87e-05,2.0
367710.0,1.87e-05,1.0
367711.0,1.87e-05,1.0
367714.0,1.87e-05,1.0
367765.0,1.87e-05,1.0
367773.0,1.87e-05,1.0
367817.0,1.87e-05,1.0
367829.0,1.87e-05,3.0
367847.0,1.87e-05,1.0
367852.0,1.87e-05,1.0
367859.0,1.87e-05,1.0
367877.0,1.87e-05,2.0
367903.0,1.87e-05,1.0
367917.0,1.87e-05,3.0
367941.0,1.87e-05,3.0
367943.0,1.87e-05,1.0
367957.0,1.87e-05,1.0
368025.0,1.87e-05,1.0
368026.0,1.87e-05,1.0
368041.0,1.87e-05,1.0
368058.0,1.87e-05,1.0
368086.0,1.87e-05,1.0
368113.0,1.87e-05,3.0
368117.0,1.87e-05,1.0
368171.0,1.87e-05,1.0
368189.0,1.87e-05,1.0
368205.0,1.87e-05,1.0
368223.0,1.87e-05,1.0
368228.0,1.87e-05,1.0
368233.0,1.87e-05,1.0
368245.0,1.87e-05,1.0
368247.0,1.87e-05,1.0
368254.0,1.87e-05,1.0
368305.0,1.87e-05,1.0
368307.0,1.87e-05,1.0
368333.0,1.87e-05,1.0
368352.0,1.87e-05,1.0
368356.0,1.87e-05,1.0
368366.0,1.87e-05,1.0
368453.0,1.87e-05,1.0
368467.0,1.87e-05,1.0
368475.0,1.87e-05,1.0
368493.0,1.87e-05,1.0
368499.0,1.87e-05,1.0
368540.0,1.87e-05,1.0
368565.0,1.87e-05,1.0
368621.0,1.87e-05,1.0
368623.0,1.87e-05,1.0
368678.0,1.87e-05,1.0
368691.0,1.87e-05,4.0
368725.0,1.87e-05,2.0
368732.0,1.87e-05,1.0
368734.0,1.87e-05,1.0
368769.0,1.87e-05,1.0
368794.0,1.87e-05,1.0
368795.0,1.87e-05,1.0
368796.0,1.87e-05,1.0
368814.0,1.87e-05,3.0
368820.0,1.87e-05,1.0
368885.0,1.87e-05,1.0
368897.0,1.87e-05,1.0
368898.0,1.87e-05,1.0
368912.0,1.87e-05,2.0
368930.0,1.87e-05,1.0
368972.0,1.87e-05,1.0
368986.0,1.87e-05,1.0
369009.0,1.87e-05,2.0
369014.0,1.87e-05,1.0
369015.0,1.87e-05,1.0
369029.0,1.87e-05,1.0
369043.0,1.87e-05,2.0
369050.0,1.87e-05,1.0
369082.0,1.87e-05,1.0
369096.0,1.87e-05,1.0
369133.0,1.87e-05,2.0
369151.0,1.87e-05,1.0
369185.0,1.87e-05,1.0
369189.0,1.87e-05,1.0
369190.0,1.87e-05,1.0
369200.0,1.87e-05,2.0
369218.0,1.87e-05,1.0
369220.0,1.87e-05,1.0
369241.0,1.87e-05,1.0
369295.0,1.87e-05,1.0
369298.0,1.87e-05,1.0
369371.0,1.87e-05,2.0
369381.0,1.87e-05,1.0
369387.0,1.87e-05,1.0
369406.0,1.87e-05,1.0
369408.0,1.87e-05,1.0
369440.0,1.87e-05,1.0
369510.0,1.87e-05,1.0
369515.0,1.87e-05,1.0
369549.0,1.87e-05,1.0
369626.0,1.87e-05,1.0
369681.0,1.87e-05,1.0
369682.0,1.87e-05,1.0
369684.0,1.87e-05,1.0
369727.0,1.87e-05,1.0
369828.0,1.87e-05,4.0
369857.0,1.87e-05,1.0
369891.0,1.87e-05,1.0
369929.0,1.87e-05,1.0
369944.0,1.87e-05,1.0
369981.0,1.87e-05,1.0
360027.0,1.87e-05,1.0
360687.0,1.87e-05,1.0
363240.0,1.87e-05,1.0
366573.0,1.87e-05,1.0
368304.0,1.87e-05,1.0
370024.0,2.01e-05,1.0
370032.0,2.01e-05,4.0
370062.0,2.01e-05,1.0
370085.0,2.01e-05,3.0
370128.0,2.01e-05,1.0
370204.0,2.01e-05,1.0
370209.0,2.01e-05,1.0
370316.0,2.01e-05,1.0
370327.0,2.01e-05,1.0
370381.0,2.01e-05,1.0
370400.0,2.01e-05,1.0
370508.0,2.01e-05,4.0
370515.0,2.01e-05,1.0
370543.0,2.01e-05,1.0
370554.0,2.01e-05,3.0
370583.0,2.01e-05,1.0
370620.0,2.01e-05,2.0
370665.0,2.01e-05,2.0
370673.0,2.01e-05,1.0
370681.0,2.01e-05,1.0
370702.0,2.01e-05,1.0
370783.0,2.01e-05,2.0
370884.0,2.01e-05,2.0
370889.0,2.01e-05,1.0
370973.0,2.01e-05,1.0
370999.0,2.01e-05,1.0
371000.0,2.01e-05,4.0
371046.0,2.01e-05,1.0
371099.0,2.01e-05,2.0
371103.0,2.01e-05,1.0
371118.0,2.01e-05,2.0
371147.0,2.01e-05,1.0
371202.0,2.01e-05,2.0
371212.0,2.01e-05,1.0
371238.0,2.01e-05,2.0
371288.0,2.01e-05,1.0
371341.0,2.01e-05,4.0
371568.0,2.01e-05,1.0
371581.0,2.01e-05,1.0
371720.0,2.01e-05,1.0
371756.0,2.01e-05,1.0
371790.0,2.01e-05,1.0
371906.0,2.01e-05,1.0
371964.0,2.01e-05,2.0
372029.0,2.01e-05,1.0
372043.0,2.01e-05,1.0
372047.0,2.01e-05,4.0
372062.0,2.01e-05,1.0
372075.0,2.01e-05,1.0
372156.0,2.01e-05,1.0
372173.0,2.01e-05,1.0
372239.0,2.01e-05,1.0
372303.0,2.01e-05,2.0
372403.0,2.01e-05,1.0
372438.0,2.01e-05,3.0
372461.0,2.01e-05,2.0
372503.0,2.01e-05,1.0
372624.0,2.01e-05,1.0
372738.0,2.01e-05,1.0
372753.0,2.01e-05,1.0
372812.0,2.01e-05,1.0
372829.0,2.01e-05,1.0
372915.0,2.01e-05,1.0
372949.0,2.01e-05,1.0
373019.0,2.01e-05,1.0
373027.0,2.01e-05,1.0
373063.0,2.01e-05,4.0
373088.0,2.01e-05,1.0
373106.0,2.01e-05,1.0
373108.0,2.01e-05,1.0
373110.0,2.01e-05,1.0
373120.0,2.01e-05,4.0
373145.0,2.01e-05,1.0
373197.0,2.01e-05,4.0
373198.0,2.01e-05,1.0
373203.0,2.01e-05,1.0
373246.0,2.01e-05,1.0
373252.0,2.01e-05,1.0
373254.0,2.01e-05,1.0
373392.0,2.01e-05,1.0
373411.0,2.01e-05,1.0
373471.0,2.01e-05,1.0
373512.0,2.01e-05,2.0
373517.0,2.01e-05,4.0
373529.0,2.01e-05,2.0
373530.0,2.01e-05,2.0
373628.0,2.01e-05,1.0
373644.0,2.01e-05,3.0
373649.0,2.01e-05,1.0
373655.0,2.01e-05,1.0
373697.0,2.01e-05,1.0
373721.0,2.01e-05,1.0
373741.0,2.01e-05,1.0
373809.0,2.01e-05,1.0
373857.0,2.01e-05,1.0
373886.0,2.01e-05,1.0
373985.0,2.01e-05,1.0
374023.0,2.01e-05,1.0
374050.0,2.01e-05,1.0
374096.0,2.01e-05,2.0
374103.0,2.01e-05,4.0
374130.0,2.01e-05,1.0
374165.0,2.01e-05,3.0
374253.0,2.01e-05,1.0
374264.0,2.01e-05,2.0
374281.0,2.01e-05,3.0
374285.0,2.01e-05,2.0
374288.0,2.01e-05,1.0
374348.0,2.01e-05,1.0
374421.0,2.01e-05,1.0
374426.0,2.01e-05,1.0
374430.0,2.01e-05,1.0
374446.0,2.01e-05,1.0
374480.0,2.01e-05,1.0
374518.0,2.01e-05,2.0
374546.0,2.01e-05,4.0
374549.0,2.01e-05,3.0
374780.0,2.01e-05,2.0
374784.0,2.01e-05,1.0
374839.0,2.01e-05,1.0
374866.0,2.01e-05,1.0
374890.0,2.01e-05,3.0
374909.0,2.01e-05,3.0
374928.0,2.01e-05,1.0
374929.0,2.01e-05,1.0
374966.0,2.01e-05,2.0
374990.0,2.01e-05,1.0
375051.0,2.01e-05,2.0
375053.0,2.01e-05,1.0
375060.0,2.01e-05,1.0
375167.0,2.01e-05,1.0
375278.0,2.01e-05,1.0
375287.0,2.01e-05,1.0
375306.0,2.01e-05,1.0
375465.0,2.01e-05,2.0
375474.0,2.01e-05,2.0
375548.0,2.01e-05,1.0
375555.0,2.01e-05,3.0
375574.0,2.01e-05,1.0
375608.0,2.01e-05,1.0
375626.0,2.01e-05,1.0
375639.0,2.01e-05,2.0
375756.0,2.01e-05,1.0
375870.0,2.01e-05,1.0
375936.0,2.01e-05,1.0
376059.0,2.01e-05,1.0
376101.0,2.01e-05,1.0
376276.0,2.01e-05,2.0
376295.0,2.01e-05,1.0
376392.0,2.01e-05,1.0
376516.0,2.01e-05,1.0
376517.0,2.01e-05,1.0
376546.0,2.01e-05,1.0
376551.0,2.01e-05,1.0
376587.0,2.01e-05,1.0
376590.0,2.01e-05,1.0
376592.0,2.01e-05,1.0
376613.0,2.01e-05,1.0
376748.0,2.01e-05,1.0
376790.0,2.01e-05,1.0
376794.0,2.01e-05,1.0
376813.0,2.01e-05,1.0
376820.0,2.01e-05,1.0
376859.0,2.01e-05,3.0
376875.0,2.01e-05,1.0
376911.0,2.01e-05,1.0
376913.0,2.01e-05,3.0
376986.0,2.01e-05,1.0
376994.0,2.01e-05,1.0
377126.0,2.01e-05,2.0
377150.0,2.01e-05,1.0
377187.0,2.01e-05,4.0
377210.0,2.01e-05,2.0
377253.0,2.01e-05,1.0
377349.0,2.01e-05,1.0
377390.0,2.01e-05,1.0
377406.0,2.01e-05,4.0
377434.0,2.01e-05,1.0
377471.0,2.01e-05,3.0
377477.0,2.01e-05,1.0
377520.0,2.01e-05,3.0
377565.0,2.01e-05,1.0
377636.0,2.01e-05,2.0
377659.0,2.01e-05,3.0
377711.0,2.01e-05,1.0
377752.0,2.01e-05,2.0
377817.0,2.01e-05,4.0
377819.0,2.01e-05,1.0
377881.0,2.01e-05,1.0
377957.0,2.01e-05,2.0
377966.0,2.01e-05,1.0
377990.0,2.01e-05,1.0
377991.0,2.01e-05,1.0
378050.0,2.01e-05,1.0
378055.0,2.01e-05,1.0
378080.0,2.01e-05,1.0
378171.0,2.01e-05,2.0
378228.0,2.01e-05,1.0
378233.0,2.01e-05,2.0
378245.0,2.01e-05,1.0
378247.0,2.01e-05,1.0
378333.0,2.01e-05,1.0
378356.0,2.01e-05,4.0
378535.0,2.01e-05,2.0
378540.0,2.01e-05,1.0
378678.0,2.01e-05,3.0
378725.0,2.01e-05,1.0
378732.0,2.01e-05,1.0
378795.0,2.01e-05,2.0
378820.0,2.01e-05,1.0
378829.0,2.01e-05,1.0
378841.0,2.01e-05,4.0
378857.0,2.01e-05,3.0
378912.0,2.01e-05,1.0
379009.0,2.01e-05,2.0
379014.0,2.01e-05,1.0
379015.0,2.01e-05,1.0
379017.0,2.01e-05,1.0
379295.0,2.01e-05,1.0
379371.0,2.01e-05,1.0
379406.0,2.01e-05,1.0
379549.0,2.01e-05,3.0
379626.0,2.01e-05,1.0
379658.0,2.01e-05,1.0
379682.0,2.01e-05,1.0
379693.0,2.01e-05,1.0
379891.0,2.01e-05,2.0
379999.0,2.01e-05,1.0
370683.0,2.01e-05,1.0
373314.0,2.01e-05,1.0
374043.0,2.01e-05,3.0
376118.0,2.01e-05,3.0
379661.0,2.01e-05,2.0
374059.0,2.01e-05,1.0
373071.0,2.01e-05,1.0
375818.0,2.01e-05,1.0
377415.0,2.01e-05,1.0
380027.0,2.31e-05,1.0
380029.0,2.31e-05,1.0
380199.0,2.31e-05,3.0
380235.0,2.31e-05,2.0
380383.0,2.31e-05,1.0
380388.0,2.31e-05,1.0
380474.0,2.31e-05,1.0
380515.0,2.31e-05,1.0
380683.0,2.31e-05,1.0
380687.0,2.31e-05,2.0
380690.0,2.31e-05,1.0
380737.0,2.31e-05,3.0
380754.0,2.31e-05,3.0
380788.0,2.31e-05,1.0
380841.0,2.31e-05,3.0
380846.0,2.31e-05,4.0
380884.0,2.31e-05,1.0
380896.0,2.31e-05,1.0
380899.0,2.31e-05,1.0
381000.0,2.31e-05,4.0
381108.0,2.31e-05,3.0
381158.0,2.31e-05,1.0
381200.0,2.31e-05,3.0
381266.0,2.31e-05,1.0
381290.0,2.31e-05,1.0
381403.0,2.31e-05,1.0
381572.0,2.31e-05,4.0
381777.0,2.31e-05,1.0
381826.0,2.31e-05,1.0
382031.0,2.31e-05,1.0
382043.0,2.31e-05,1.0
382177.0,2.31e-05,1.0
382187.0,2.31e-05,1.0
382264.0,2.31e-05,1.0
382313.0,2.31e-05,1.0
382343.0,2.31e-05,1.0
382345.0,2.31e-05,1.0
382354.0,2.31e-05,4.0
382358.0,2.31e-05,3.0
382424.0,2.31e-05,1.0
382634.0,2.31e-05,2.0
382702.0,2.31e-05,1.0
382861.0,2.31e-05,4.0
382886.0,2.31e-05,1.0
382888.0,2.31e-05,1.0
382892.0,2.31e-05,4.0
383142.0,2.31e-05,1.0
383251.0,2.31e-05,4.0
383492.0,2.31e-05,3.0
383493.0,2.31e-05,3.0
383527.0,2.31e-05,1.0
383530.0,2.31e-05,1.0
383544.0,2.31e-05,2.0
383577.0,2.31e-05,1.0
383771.0,2.31e-05,1.0
383972.0,2.31e-05,2.0
384004.0,2.31e-05,2.0
384043.0,2.31e-05,2.0
384059.0,2.31e-05,1.0
384103.0,2.31e-05,1.0
384107.0,2.31e-05,1.0
384237.0,2.31e-05,3.0
384251.0,2.31e-05,3.0
384262.0,2.31e-05,2.0
384308.0,2.31e-05,3.0
384362.0,2.31e-05,2.0
384522.0,2.31e-05,1.0
384603.0,2.31e-05,3.0
384691.0,2.31e-05,4.0
384704.0,2.31e-05,1.0
384721.0,2.31e-05,2.0
384727.0,2.31e-05,1.0
384737.0,2.31e-05,3.0
384780.0,2.31e-05,3.0
384811.0,2.31e-05,1.0
384928.0,2.31e-05,1.0
384977.0,2.31e-05,1.0
384990.0,2.31e-05,4.0
384996.0,2.31e-05,1.0
385157.0,2.31e-05,1.0
385160.0,2.31e-05,1.0
385319.0,2.31e-05,1.0
385354.0,2.31e-05,2.0
385357.0,2.31e-05,2.0
385543.0,2.31e-05,2.0
385548.0,2.31e-05,1.0
385642.0,2.31e-05,2.0
385660.0,2.31e-05,1.0
385663.0,2.31e-05,1.0
385767.0,2.31e-05,1.0
385844.0,2.31e-05,1.0
385856.0,2.31e-05,1.0
385969.0,2.31e-05,2.0
386118.0,2.31e-05,2.0
386180.0,2.31e-05,3.0
386344.0,2.31e-05,2.0
386347.0,2.31e-05,2.0
386519.0,2.31e-05,1.0
386574.0,2.31e-05,1.0
386818.0,2.31e-05,1.0
386913.0,2.31e-05,1.0
386969.0,2.31e-05,3.0
386970.0,2.31e-05,1.0
387255.0,2.31e-05,1.0
387273.0,2.31e-05,2.0
387286.0,2.31e-05,4.0
387305.0,2.31e-05,1.0
387626.0,2.31e-05,1.0
387694.0,2.31e-05,2.0
387711.0,2.31e-05,4.0
387721.0,2.31e-05,2.0
387878.0,2.31e-05,1.0
388008.0,2.31e-05,1.0
388026.0,2.31e-05,2.0
388080.0,2.31e-05,1.0
388082.0,2.31e-05,1.0
388113.0,2.31e-05,4.0
388146.0,2.31e-05,1.0
388228.0,2.31e-05,1.0
388468.0,2.31e-05,1.0
388493.0,2.31e-05,1.0
388513.0,2.31e-05,3.0
388519.0,2.31e-05,1.0
388535.0,2.31e-05,1.0
388691.0,2.31e-05,3.0
388703.0,2.31e-05,2.0
388769.0,2.31e-05,4.0
388805.0,2.31e-05,1.0
388857.0,2.31e-05,2.0
388868.0,2.31e-05,1.0
388869.0,2.31e-05,3.0
388930.0,2.31e-05,1.0
388993.0,2.31e-05,1.0
389054.0,2.31e-05,2.0
389059.0,2.31e-05,1.0
389253.0,2.31e-05,1.0
389295.0,2.31e-05,1.0
389298.0,2.31e-05,1.0
389406.0,2.31e-05,1.0
389440.0,2.31e-05,1.0
389550.0,2.31e-05,1.0
389626.0,2.31e-05,4.0
389826.0,2.31e-05,1.0
389829.0,2.31e-05,3.0
380725.0,2.31e-05,2.0
381118.0,2.31e-05,1.0
381458.0,2.31e-05,2.0
383644.0,2.31e-05,3.0
383857.0,2.31e-05,2.0
384203.0,2.31e-05,2.0
384343.0,2.31e-05,2.0
384975.0,2.31e-05,3.0
385278.0,2.31e-05,2.0
385503.0,2.31e-05,1.0
387487.0,2.31e-05,2.0
387706.0,2.31e-05,1.0
387761.0,2.31e-05,2.0
388189.0,2.31e-05,2.0
381179.0,2.31e-05,1.0
387990.0,2.31e-05,1.0
390024.0,2.48e-05,2.0
390027.0,2.48e-05,1.0
390040.0,2.48e-05,3.0
390081.0,2.48e-05,1.0
390109.0,2.48e-05,2.0
390136.0,2.48e-05,2.0
390209.0,2.48e-05,1.0
390210.0,2.48e-05,3.0
390344.0,2.48e-05,2.0
390383.0,2.48e-05,2.0
390402.0,2.48e-05,2.0
390461.0,2.48e-05,3.0
390551.0,2.48e-05,2.0
390585.0,2.48e-05,3.0
390592.0,2.48e-05,3.0
390620.0,2.48e-05,3.0
390642.0,2.48e-05,1.0
390653.0,2.48e-05,1.0
390680.0,2.48e-05,2.0
390702.0,2.48e-05,1.0
390737.0,2.48e-05,3.0
390754.0,2.48e-05,3.0
390756.0,2.48e-05,2.0
390841.0,2.48e-05,4.0
390914.0,2.48e-05,3.0
390973.0,2.48e-05,3.0
391048.0,2.48e-05,3.0
391078.0,2.48e-05,3.0
391108.0,2.48e-05,2.0
391124.0,2.48e-05,3.0
391147.0,2.48e-05,2.0
391158.0,2.48e-05,2.0
391202.0,2.48e-05,2.0
391290.0,2.48e-05,2.0
391341.0,2.48e-05,3.0
391427.0,2.48e-05,2.0
391589.0,2.48e-05,3.0
391629.0,2.48e-05,1.0
391645.0,2.48e-05,2.0
391811.0,2.48e-05,1.0
391824.0,2.48e-05,3.0
391906.0,2.48e-05,1.0
391921.0,2.48e-05,2.0
391938.0,2.48e-05,3.0
391964.0,2.48e-05,3.0
391997.0,2.48e-05,2.0
392043.0,2.48e-05,2.0
392047.0,2.48e-05,3.0
392089.0,2.48e-05,1.0
392094.0,2.48e-05,1.0
392156.0,2.48e-05,2.0
392173.0,2.48e-05,3.0
392177.0,2.48e-05,2.0
392210.0,2.48e-05,3.0
392239.0,2.48e-05,2.0
392303.0,2.48e-05,3.0
392358.0,2.48e-05,1.0
392368.0,2.48e-05,2.0
392397.0,2.48e-05,4.0
392401.0,2.48e-05,1.0
392624.0,2.48e-05,3.0
392716.0,2.48e-05,2.0
392725.0,2.48e-05,3.0
392738.0,2.48e-05,1.0
392760.0,2.48e-05,3.0
392766.0,2.48e-05,1.0
392775.0,2.48e-05,1.0
392818.0,2.48e-05,2.0
392871.0,2.48e-05,2.0
392872.0,2.48e-05,2.0
392894.0,2.48e-05,1.0
392945.0,2.48e-05,1.0
393048.0,2.48e-05,2.0
393162.0,2.48e-05,3.0
393205.0,2.48e-05,2.0
393213.0,2.48e-05,2.0
393252.0,2.48e-05,3.0
393254.0,2.48e-05,3.0
393300.0,2.48e-05,2.0
393340.0,2.48e-05,1.0
393341.0,2.48e-05,3.0
393376.0,2.48e-05,3.0
393414.0,2.48e-05,3.0
393454.0,2.48e-05,3.0
393493.0,2.48e-05,3.0
393512.0,2.48e-05,2.0
393552.0,2.48e-05,1.0
393649.0,2.48e-05,1.0
393653.0,2.48e-05,2.0
393711.0,2.48e-05,2.0
393717.0,2.48e-05,2.0
393800.0,2.48e-05,1.0
393813.0,2.48e-05,3.0
393847.0,2.48e-05,1.0
393857.0,2.48e-05,3.0
393972.0,2.48e-05,2.0
393985.0,2.48e-05,1.0
393996.0,2.48e-05,3.0
394001.0,2.48e-05,3.0
394015.0,2.48e-05,3.0
394045.0,2.48e-05,3.0
394096.0,2.48e-05,3.0
394103.0,2.48e-05,3.0
394171.0,2.48e-05,3.0
394274.0,2.48e-05,4.0
394345.0,2.48e-05,2.0
394407.0,2.48e-05,3.0
394408.0,2.48e-05,5.0
394430.0,2.48e-05,3.0
394431.0,2.48e-05,4.0
394432.0,2.48e-05,2.0
394433.0,2.48e-05,1.0
394455.0,2.48e-05,3.0
394508.0,2.48e-05,2.0
394603.0,2.48e-05,2.0
394640.0,2.48e-05,3.0
394691.0,2.48e-05,3.0
394701.0,2.48e-05,2.0
394721.0,2.48e-05,3.0
394823.0,2.48e-05,1.0
394890.0,2.48e-05,2.0
394917.0,2.48e-05,3.0
394936.0,2.48e-05,2.0
394966.0,2.48e-05,2.0
394990.0,2.48e-05,3.0
395005.0,2.48e-05,3.0
395044.0,2.48e-05,1.0
395059.0,2.48e-05,3.0
395074.0,2.48e-05,4.0
395088.0,2.48e-05,1.0
395314.0,2.48e-05,1.0
395344.0,2.48e-05,1.0
395353.0,2.48e-05,1.0
395401.0,2.48e-05,2.0
395419.0,2.48e-05,1.0
395429.0,2.48e-05,3.0
395446.0,2.48e-05,3.0
395465.0,2.48e-05,2.0
395474.0,2.48e-05,3.0
395488.0,2.48e-05,3.0
395608.0,2.48e-05,1.0
395610.0,2.48e-05,2.0
395615.0,2.48e-05,1.0
395621.0,2.48e-05,1.0
395728.0,2.48e-05,3.0
395773.0,2.48e-05,2.0
395818.0,2.48e-05,3.0
395866.0,2.48e-05,1.0
395950.0,2.48e-05,3.0
395965.0,2.48e-05,1.0
396095.0,2.48e-05,4.0
396101.0,2.48e-05,3.0
396166.0,2.48e-05,1.0
396180.0,2.48e-05,3.0
396199.0,2.48e-05,1.0
396224.0,2.48e-05,1.0
396248.0,2.48e-05,1.0
396295.0,2.48e-05,2.0
396326.0,2.48e-05,3.0
396337.0,2.48e-05,3.0
396344.0,2.48e-05,2.0
396392.0,2.48e-05,1.0
396446.0,2.48e-05,2.0
396450.0,2.48e-05,1.0
396525.0,2.48e-05,2.0
396573.0,2.48e-05,2.0
396587.0,2.48e-05,1.0
396814.0,2.48e-05,2.0
396859.0,2.48e-05,4.0
396913.0,2.48e-05,3.0
397177.0,2.48e-05,3.0
397187.0,2.48e-05,2.0
397238.0,2.48e-05,1.0
397286.0,2.48e-05,2.0
397298.0,2.48e-05,2.0
397341.0,2.48e-05,2.0
397366.0,2.48e-05,3.0
397369.0,2.48e-05,2.0
397406.0,2.48e-05,3.0
397415.0,2.48e-05,4.0
397434.0,2.48e-05,1.0
397437.0,2.48e-05,2.0
397469.0,2.48e-05,1.0
397520.0,2.48e-05,2.0
397563.0,2.48e-05,3.0
397612.0,2.48e-05,3.0
397620.0,2.48e-05,1.0
397699.0,2.48e-05,5.0
397706.0,2.48e-05,3.0
397710.0,2.48e-05,2.0
397765.0,2.48e-05,2.0
397773.0,2.48e-05,2.0
397820.0,2.48e-05,2.0
397840.0,2.48e-05,1.0
397847.0,2.48e-05,2.0
397877.0,2.48e-05,4.0
397881.0,2.48e-05,2.0
397892.0,2.48e-05,1.0
397941.0,2.48e-05,2.0
397991.0,2.48e-05,1.0
398058.0,2.48e-05,2.0
398088.0,2.48e-05,3.0
398163.0,2.48e-05,2.0
398171.0,2.48e-05,3.0
398188.0,2.48e-05,3.0
398247.0,2.48e-05,2.0
398254.0,2.48e-05,1.0
398307.0,2.48e-05,3.0
398388.0,2.48e-05,2.0
398499.0,2.48e-05,3.0
398513.0,2.48e-05,3.0
398535.0,2.48e-05,1.0
398725.0,2.48e-05,3.0
398869.0,2.48e-05,3.0
398936.0,2.48e-05,3.0
398972.0,2.48e-05,3.0
398986.0,2.48e-05,1.0
399029.0,2.48e-05,1.0
399043.0,2.48e-05,3.0
399059.0,2.48e-05,3.0
399200.0,2.48e-05,1.0
399206.0,2.48e-05,2.0
399220.0,2.48e-05,2.0
399353.0,2.48e-05,1.0
399371.0,2.48e-05,1.0
399549.0,2.48e-05,3.0
399628.0,2.48e-05,2.0
399642.0,2.48e-05,2.0
399682.0,2.48e-05,2.0
399684.0,2.48e-05,2.0
399693.0,2.48e-05,3.0
399747.0,2.48e-05,2.0
399828.0,2.48e-05,3.0
399891.0,2.48e-05,3.0
399917.0,2.48e-05,3.0
399919.0,2.48e-05,3.0
399924.0,2.48e-05,1.0
399937.0,2.48e-05,1.0
390388.0,2.48e-05,1.0
390870.0,2.48e-05,1.0
391000.0,2.48e-05,1.0
391212.0,2.48e-05,1.0
391479.0,2.48e-05,1.0
391790.0,2.48e-05,1.0
392087.0,2.48e-05,1.0
392150.0,2.48e-05,1.0
392318.0,2.48e-05,1.0
392736.0,2.48e-05,1.0
392837.0,2.48e-05,1.0
393145.0,2.48e-05,1.0
393517.0,2.48e-05,1.0
393775.0,2.48e-05,1.0
394028.0,2.48e-05,1.0
394654.0,2.48e-05,1.0
394866.0,2.48e-05,1.0
395390.0,2.48e-05,1.0
395555.0,2.48e-05,1.0
395639.0,2.48e-05,1.0
395815.0,2.48e-05,1.0
396483.0,2.48e-05,1.0
397273.0,2.48e-05,1.0
397308.0,2.48e-05,1.0
397694.0,2.48e-05,1.0
397701.0,2.48e-05,1.0
397711.0,2.48e-05,1.0
398031.0,2.48e-05,1.0
398462.0,2.48e-05,1.0
399009.0,2.48e-05,1.0
399096.0,2.48e-05,1.0
400005.0,2.66e-05,1.0
400024.0,2.66e-05,3.0
400036.0,2.66e-05,2.0
400085.0,2.66e-05,2.0
400199.0,2.66e-05,2.0
400207.0,2.66e-05,1.0
400334.0,2.66e-05,1.0
400365.0,2.66e-05,1.0
400373.0,2.66e-05,2.0
400439.0,2.66e-05,1.0
400461.0,2.66e-05,3.0
400474.0,2.66e-05,3.0
400503.0,2.66e-05,1.0
400505.0,2.66e-05,2.0
400515.0,2.66e-05,1.0
400525.0,2.66e-05,1.0
400585.0,2.66e-05,2.0
400620.0,2.66e-05,2.0
400634.0,2.66e-05,1.0
400638.0,2.66e-05,1.0
400702.0,2.66e-05,1.0
400730.0,2.66e-05,1.0
400788.0,2.66e-05,2.0
400821.0,2.66e-05,1.0
400884.0,2.66e-05,2.0
400906.0,2.66e-05,1.0
400973.0,2.66e-05,2.0
400997.0,2.66e-05,4.0
401008.0,2.66e-05,1.0
401048.0,2.66e-05,3.0
401103.0,2.66e-05,1.0
401285.0,2.66e-05,1.0
401298.0,2.66e-05,1.0
401316.0,2.66e-05,2.0
401600.0,2.66e-05,4.0
401602.0,2.66e-05,1.0
401629.0,2.66e-05,1.0
401645.0,2.66e-05,4.0
401666.0,2.66e-05,1.0
401741.0,2.66e-05,1.0
401811.0,2.66e-05,1.0
401824.0,2.66e-05,2.0
401826.0,2.66e-05,2.0
401906.0,2.66e-05,1.0
401982.0,2.66e-05,1.0
402029.0,2.66e-05,1.0
402043.0,2.66e-05,4.0
402075.0,2.66e-05,1.0
402318.0,2.66e-05,2.0
402331.0,2.66e-05,1.0
402434.0,2.66e-05,1.0
402633.0,2.66e-05,4.0
402634.0,2.66e-05,2.0
402702.0,2.66e-05,3.0
402753.0,2.66e-05,1.0
402760.0,2.66e-05,4.0
402764.0,2.66e-05,2.0
402786.0,2.66e-05,1.0
402819.0,2.66e-05,1.0
402861.0,2.66e-05,3.0
402978.0,2.66e-05,2.0
403038.0,2.66e-05,1.0
403048.0,2.66e-05,2.0
403056.0,2.66e-05,1.0
403063.0,2.66e-05,2.0
403071.0,2.66e-05,3.0
403142.0,2.66e-05,3.0
403220.0,2.66e-05,1.0
403251.0,2.66e-05,2.0
403252.0,2.66e-05,4.0
403297.0,2.66e-05,1.0
403310.0,2.66e-05,1.0
403414.0,2.66e-05,2.0
403474.0,2.66e-05,3.0
403495.0,2.66e-05,2.0
403512.0,2.66e-05,2.0
403513.0,2.66e-05,1.0
403529.0,2.66e-05,3.0
403550.0,2.66e-05,2.0
403672.0,2.66e-05,1.0
403686.0,2.66e-05,1.0
403697.0,2.66e-05,1.0
403777.0,2.66e-05,1.0
403857.0,2.66e-05,3.0
403994.0,2.66e-05,1.0
404001.0,2.66e-05,2.0
404130.0,2.66e-05,1.0
404135.0,2.66e-05,3.0
404139.0,2.66e-05,1.0
404192.0,2.66e-05,2.0
404227.0,2.66e-05,1.0
404255.0,2.66e-05,1.0
404337.0,2.66e-05,2.0
404343.0,2.66e-05,2.0
404344.0,2.66e-05,2.0
404412.0,2.66e-05,1.0
404424.0,2.66e-05,1.0
404430.0,2.66e-05,1.0
404455.0,2.66e-05,1.0
404509.0,2.66e-05,1.0
404614.0,2.66e-05,2.0
404615.0,2.66e-05,3.0
404704.0,2.66e-05,1.0
404727.0,2.66e-05,1.0
404739.0,2.66e-05,2.0
404758.0,2.66e-05,1.0
404780.0,2.66e-05,2.0
404833.0,2.66e-05,1.0
404906.0,2.66e-05,1.0
405022.0,2.66e-05,2.0
405051.0,2.66e-05,3.0
405105.0,2.66e-05,1.0
405235.0,2.66e-05,1.0
405287.0,2.66e-05,1.0
405410.0,2.66e-05,1.0
405446.0,2.66e-05,4.0
405465.0,2.66e-05,2.0
405532.0,2.66e-05,1.0
405534.0,2.66e-05,2.0
405549.0,2.66e-05,4.0
405582.0,2.66e-05,1.0
405596.0,2.66e-05,3.0
405608.0,2.66e-05,2.0
405610.0,2.66e-05,2.0
405626.0,2.66e-05,3.0
405747.0,2.66e-05,2.0
405756.0,2.66e-05,3.0
405773.0,2.66e-05,2.0
405803.0,2.66e-05,2.0
405814.0,2.66e-05,1.0
405818.0,2.66e-05,5.0
405856.0,2.66e-05,3.0
405941.0,2.66e-05,1.0
405945.0,2.66e-05,3.0
405973.0,2.66e-05,1.0
406059.0,2.66e-05,2.0
406071.0,2.66e-05,1.0
406095.0,2.66e-05,2.0
406166.0,2.66e-05,1.0
406225.0,2.66e-05,1.0
406270.0,2.66e-05,2.0
406322.0,2.66e-05,2.0
406334.0,2.66e-05,1.0
406446.0,2.66e-05,2.0
406483.0,2.66e-05,4.0
406551.0,2.66e-05,1.0
406592.0,2.66e-05,2.0
406609.0,2.66e-05,1.0
406790.0,2.66e-05,2.0
407029.0,2.66e-05,1.0
407050.0,2.66e-05,2.0
407080.0,2.66e-05,1.0
407187.0,2.66e-05,2.0
407255.0,2.66e-05,1.0
407308.0,2.66e-05,2.0
407309.0,2.66e-05,1.0
407322.0,2.66e-05,1.0
407406.0,2.66e-05,4.0
407558.0,2.66e-05,1.0
407616.0,2.66e-05,2.0
407620.0,2.66e-05,1.0
407694.0,2.66e-05,2.0
407699.0,2.66e-05,2.0
407721.0,2.66e-05,4.0
407737.0,2.66e-05,1.0
407752.0,2.66e-05,2.0
407778.0,2.66e-05,2.0
407852.0,2.66e-05,1.0
407923.0,2.66e-05,1.0
408123.0,2.66e-05,1.0
408221.0,2.66e-05,1.0
408245.0,2.66e-05,1.0
408277.0,2.66e-05,1.0
408304.0,2.66e-05,1.0
408322.0,2.66e-05,2.0
408334.0,2.66e-05,1.0
408461.0,2.66e-05,1.0
408473.0,2.66e-05,2.0
408553.0,2.66e-05,1.0
408679.0,2.66e-05,1.0
408686.0,2.66e-05,1.0
408691.0,2.66e-05,4.0
408725.0,2.66e-05,2.0
408769.0,2.66e-05,2.0
408795.0,2.66e-05,4.0
408805.0,2.66e-05,2.0
408898.0,2.66e-05,1.0
408910.0,2.66e-05,1.0
408917.0,2.66e-05,1.0
408934.0,2.66e-05,1.0
408972.0,2.66e-05,2.0
408994.0,2.66e-05,1.0
409017.0,2.66e-05,1.0
409082.0,2.66e-05,1.0
409133.0,2.66e-05,1.0
409185.0,2.66e-05,1.0
409200.0,2.66e-05,1.0
409206.0,2.66e-05,1.0
409218.0,2.66e-05,1.0
409267.0,2.66e-05,1.0
409298.0,2.66e-05,3.0
409371.0,2.66e-05,1.0
409406.0,2.66e-05,1.0
409461.0,2.66e-05,1.0
409533.0,2.66e-05,1.0
409585.0,2.66e-05,1.0
409626.0,2.66e-05,2.0
409723.0,2.66e-05,3.0
409842.0,2.66e-05,1.0
409924.0,2.66e-05,1.0
409929.0,2.66e-05,2.0
400307.0,2.66e-05,1.0
400441.0,2.66e-05,1.0
400796.0,2.66e-05,1.0
400800.0,2.66e-05,1.0
401132.0,2.66e-05,1.0
401156.0,2.66e-05,2.0
401436.0,2.66e-05,1.0
401479.0,2.66e-05,2.0
401572.0,2.66e-05,2.0
401611.0,2.66e-05,1.0
401790.0,2.66e-05,2.0
402424.0,2.66e-05,2.0
402568.0,2.66e-05,3.0
402725.0,2.66e-05,2.0
403120.0,2.66e-05,1.0
403145.0,2.66e-05,2.0
403376.0,2.66e-05,2.0
403501.0,2.66e-05,1.0
403711.0,2.66e-05,3.0
403977.0,2.66e-05,2.0
403982.0,2.66e-05,1.0
404025.0,2.66e-05,2.0
404028.0,2.66e-05,3.0
404165.0,2.66e-05,3.0
404234.0,2.66e-05,1.0
404251.0,2.66e-05,2.0
404476.0,2.66e-05,1.0
404691.0,2.66e-05,3.0
404936.0,2.66e-05,2.0
405059.0,2.66e-05,1.0
405278.0,2.66e-05,1.0
405844.0,2.66e-05,1.0
406333.0,2.66e-05,1.0
406450.0,2.66e-05,1.0
406602.0,2.66e-05,1.0
406820.0,2.66e-05,1.0
406949.0,2.66e-05,1.0
407150.0,2.66e-05,1.0
407298.0,2.66e-05,2.0
407369.0,2.66e-05,3.0
407514.0,2.66e-05,1.0
407563.0,2.66e-05,2.0
407622.0,2.66e-05,1.0
407714.0,2.66e-05,1.0
407847.0,2.66e-05,3.0
408986.0,2.66e-05,1.0
409043.0,2.66e-05,2.0
409215.0,2.66e-05,1.0
409253.0,2.66e-05,1.0
409318.0,2.66e-05,1.0
409515.0,2.66e-05,1.0
409684.0,2.66e-05,2.0
409917.0,2.66e-05,1.0
409932.0,2.66e-05,1.0
400109.0,2.66e-05,1.0
400665.0,2.66e-05,1.0
401576.0,2.66e-05,1.0
401603.0,2.66e-05,1.0
401730.0,2.66e-05,1.0
402413.0,2.66e-05,1.0
402503.0,2.66e-05,1.0
402571.0,2.66e-05,1.0
402892.0,2.66e-05,1.0
403019.0,2.66e-05,1.0
403254.0,2.66e-05,1.0
403300.0,2.66e-05,1.0
403682.0,2.66e-05,1.0
403818.0,2.66e-05,1.0
404103.0,2.66e-05,1.0
404171.0,2.66e-05,1.0
404237.0,2.66e-05,1.0
404281.0,2.66e-05,1.0
404308.0,2.66e-05,1.0
404518.0,2.66e-05,1.0
404737.0,2.66e-05,1.0
404866.0,2.66e-05,1.0
405390.0,2.66e-05,1.0
405401.0,2.66e-05,1.0
405555.0,2.66e-05,1.0
405639.0,2.66e-05,1.0
405815.0,2.66e-05,1.0
406180.0,2.66e-05,1.0
406337.0,2.66e-05,1.0
406540.0,2.66e-05,1.0
407520.0,2.66e-05,1.0
407535.0,2.66e-05,1.0
407701.0,2.66e-05,1.0
407711.0,2.66e-05,1.0
407859.0,2.66e-05,1.0
408041.0,2.66e-05,1.0
408307.0,2.66e-05,1.0
408356.0,2.66e-05,1.0
408718.0,2.66e-05,2.0
408930.0,2.66e-05,1.0
409693.0,2.66e-05,1.0
410024.0,2.85e-05,1.0
410027.0,2.85e-05,2.0
410040.0,2.85e-05,2.0
410085.0,2.85e-05,3.0
410144.0,2.85e-05,1.0
410210.0,2.85e-05,2.0
410235.0,2.85e-05,3.0
410334.0,2.85e-05,1.0
410373.0,2.85e-05,1.0
410388.0,2.85e-05,2.0
410508.0,2.85e-05,1.0
410525.0,2.85e-05,1.0
410543.0,2.85e-05,1.0
410551.0,2.85e-05,3.0
410554.0,2.85e-05,5.0
410592.0,2.85e-05,3.0
410604.0,2.85e-05,1.0
410634.0,2.85e-05,1.0
410681.0,2.85e-05,4.0
410683.0,2.85e-05,3.0
410702.0,2.85e-05,1.0
410725.0,2.85e-05,5.0
410727.0,2.85e-05,1.0
410730.0,2.85e-05,1.0
410800.0,2.85e-05,1.0
410841.0,2.85e-05,1.0
410871.0,2.85e-05,1.0
410884.0,2.85e-05,3.0
410889.0,2.85e-05,1.0
410896.0,2.85e-05,1.0
410914.0,2.85e-05,1.0
410976.0,2.85e-05,1.0
411000.0,2.85e-05,5.0
411023.0,2.85e-05,1.0
411048.0,2.85e-05,2.0
411078.0,2.85e-05,1.0
411106.0,2.85e-05,3.0
411158.0,2.85e-05,1.0
411161.0,2.85e-05,1.0
411200.0,2.85e-05,1.0
411203.0,2.85e-05,2.0
411247.0,2.85e-05,1.0
411286.0,2.85e-05,1.0
411390.0,2.85e-05,1.0
411486.0,2.85e-05,2.0
411494.0,2.85e-05,1.0
411512.0,2.85e-05,1.0
411537.0,2.85e-05,1.0
411580.0,2.85e-05,1.0
411602.0,2.85e-05,1.0
411603.0,2.85e-05,2.0
411666.0,2.85e-05,1.0
411687.0,2.85e-05,1.0
411695.0,2.85e-05,3.0
411720.0,2.85e-05,1.0
411741.0,2.85e-05,1.0
411777.0,2.85e-05,3.0
411820.0,2.85e-05,1.0
411867.0,2.85e-05,1.0
411874.0,2.85e-05,1.0
411906.0,2.85e-05,2.0
411908.0,2.85e-05,1.0
411921.0,2.85e-05,5.0
411938.0,2.85e-05,1.0
411957.0,2.85e-05,1.0
411997.0,2.85e-05,2.0
412029.0,2.85e-05,1.0
412087.0,2.85e-05,1.0
412123.0,2.85e-05,1.0
412150.0,2.85e-05,3.0
412313.0,2.85e-05,1.0
412343.0,2.85e-05,1.0
412345.0,2.85e-05,1.0
412354.0,2.85e-05,5.0
412358.0,2.85e-05,2.0
412389.0,2.85e-05,2.0
412404.0,2.85e-05,1.0
412557.0,2.85e-05,1.0
412633.0,2.85e-05,4.0
412736.0,2.85e-05,2.0
412764.0,2.85e-05,1.0
412830.0,2.85e-05,1.0
412837.0,2.85e-05,2.0
412862.0,2.85e-05,1.0
412871.0,2.85e-05,1.0
412886.0,2.85e-05,2.0
412894.0,2.85e-05,1.0
412949.0,2.85e-05,3.0
412978.0,2.85e-05,2.0
413005.0,2.85e-05,1.0
413063.0,2.85e-05,5.0
413071.0,2.85e-05,4.0
413093.0,2.85e-05,1.0
413108.0,2.85e-05,1.0
413205.0,2.85e-05,4.0
413271.0,2.85e-05,3.0
413303.0,2.85e-05,1.0
413310.0,2.85e-05,1.0
413341.0,2.85e-05,1.0
413363.0,2.85e-05,5.0
413376.0,2.85e-05,3.0
413388.0,2.85e-05,1.0
413392.0,2.85e-05,1.0
413410.0,2.85e-05,1.0
413461.0,2.85e-05,1.0
413493.0,2.85e-05,4.0
413501.0,2.85e-05,1.0
413512.0,2.85e-05,5.0
413514.0,2.85e-05,3.0
413517.0,2.85e-05,1.0
413566.0,2.85e-05,1.0
413588.0,2.85e-05,2.0
413671.0,2.85e-05,2.0
413711.0,2.85e-05,1.0
413777.0,2.85e-05,1.0
413827.0,2.85e-05,1.0
413953.0,2.85e-05,1.0
413987.0,2.85e-05,1.0
413994.0,2.85e-05,1.0
414001.0,2.85e-05,2.0
414004.0,2.85e-05,4.0
414015.0,2.85e-05,2.0
414023.0,2.85e-05,3.0
414034.0,2.85e-05,3.0
414045.0,2.85e-05,4.0
414107.0,2.85e-05,1.0
414135.0,2.85e-05,2.0
414165.0,2.85e-05,4.0
414173.0,2.85e-05,1.0
414184.0,2.85e-05,3.0
414187.0,2.85e-05,1.0
414255.0,2.85e-05,1.0
414264.0,2.85e-05,1.0
414274.0,2.85e-05,1.0
414285.0,2.85e-05,2.0
414294.0,2.85e-05,3.0
414337.0,2.85e-05,1.0
414344.0,2.85e-05,2.0
414348.0,2.85e-05,3.0
414349.0,2.85e-05,1.0
414376.0,2.85e-05,1.0
414430.0,2.85e-05,3.0
414431.0,2.85e-05,3.0
414518.0,2.85e-05,1.0
414572.0,2.85e-05,1.0
414590.0,2.85e-05,1.0
414615.0,2.85e-05,3.0
414616.0,2.85e-05,1.0
414691.0,2.85e-05,2.0
414704.0,2.85e-05,1.0
414727.0,2.85e-05,1.0
414739.0,2.85e-05,2.0
414741.0,2.85e-05,3.0
414780.0,2.85e-05,2.0
414866.0,2.85e-05,1.0
414906.0,2.85e-05,1.0
414909.0,2.85e-05,2.0
414917.0,2.85e-05,1.0
414927.0,2.85e-05,1.0
415005.0,2.85e-05,4.0
415044.0,2.85e-05,1.0
415050.0,2.85e-05,1.0
415074.0,2.85e-05,1.0
415088.0,2.85e-05,1.0
415101.0,2.85e-05,1.0
415121.0,2.85e-05,1.0
415191.0,2.85e-05,4.0
415200.0,2.85e-05,1.0
415204.0,2.85e-05,1.0
415314.0,2.85e-05,3.0
415318.0,2.85e-05,3.0
415357.0,2.85e-05,3.0
415390.0,2.85e-05,2.0
415407.0,2.85e-05,3.0
415419.0,2.85e-05,1.0
415437.0,2.85e-05,1.0
415465.0,2.85e-05,1.0
415474.0,2.85e-05,3.0
415488.0,2.85e-05,2.0
415503.0,2.85e-05,2.0
415540.0,2.85e-05,2.0
415555.0,2.85e-05,2.0
415636.0,2.85e-05,1.0
415686.0,2.85e-05,1.0
415747.0,2.85e-05,1.0
415756.0,2.85e-05,1.0
415803.0,2.85e-05,2.0
415886.0,2.85e-05,1.0
415895.0,2.85e-05,2.0
415945.0,2.85e-05,2.0
415965.0,2.85e-05,3.0
415987.0,2.85e-05,1.0
416118.0,2.85e-05,3.0
416180.0,2.85e-05,6.0
416241.0,2.85e-05,1.0
416270.0,2.85e-05,1.0
416322.0,2.85e-05,3.0
416326.0,2.85e-05,1.0
416353.0,2.85e-05,1.0
416432.0,2.85e-05,2.0
416436.0,2.85e-05,4.0
416446.0,2.85e-05,1.0
416465.0,2.85e-05,2.0
416551.0,2.85e-05,1.0
416574.0,2.85e-05,1.0
416587.0,2.85e-05,1.0
416590.0,2.85e-05,1.0
416592.0,2.85e-05,1.0
416613.0,2.85e-05,1.0
416634.0,2.85e-05,1.0
416650.0,2.85e-05,1.0
416660.0,2.85e-05,1.0
416767.0,2.85e-05,1.0
416805.0,2.85e-05,1.0
416820.0,2.85e-05,3.0
416860.0,2.85e-05,2.0
416923.0,2.85e-05,1.0
416935.0,2.85e-05,1.0
416949.0,2.85e-05,2.0
416970.0,2.85e-05,1.0
417080.0,2.85e-05,1.0
417170.0,2.85e-05,1.0
417199.0,2.85e-05,1.0
417238.0,2.85e-05,1.0
417268.0,2.85e-05,1.0
417273.0,2.85e-05,2.0
417286.0,2.85e-05,1.0
417322.0,2.85e-05,2.0
417324.0,2.85e-05,1.0
417357.0,2.85e-05,1.0
417406.0,2.85e-05,1.0
417415.0,2.85e-05,3.0
417427.0,2.85e-05,1.0
417466.0,2.85e-05,2.0
417471.0,2.85e-05,4.0
417477.0,2.85e-05,1.0
417558.0,2.85e-05,1.0
417616.0,2.85e-05,3.0
417659.0,2.85e-05,4.0
417737.0,2.85e-05,1.0
417829.0,2.85e-05,3.0
417840.0,2.85e-05,1.0
417852.0,2.85e-05,1.0
417879.0,2.85e-05,1.0
417888.0,2.85e-05,1.0
417923.0,2.85e-05,1.0
417941.0,2.85e-05,1.0
418005.0,2.85e-05,1.0
418050.0,2.85e-05,1.0
418062.0,2.85e-05,2.0
418080.0,2.85e-05,1.0
418082.0,2.85e-05,1.0
418171.0,2.85e-05,1.0
418177.0,2.85e-05,1.0
418277.0,2.85e-05,1.0
418304.0,2.85e-05,1.0
418352.0,2.85e-05,3.0
418356.0,2.85e-05,6.0
418405.0,2.85e-05,1.0
418453.0,2.85e-05,4.0
418493.0,2.85e-05,1.0
418513.0,2.85e-05,2.0
418570.0,2.85e-05,3.0
418678.0,2.85e-05,2.0
418718.0,2.85e-05,2.0
418725.0,2.85e-05,1.0
418788.0,2.85e-05,2.0
418794.0,2.85e-05,1.0
418795.0,2.85e-05,2.0
418796.0,2.85e-05,2.0
418841.0,2.85e-05,3.0
418972.0,2.85e-05,1.0
418994.0,2.85e-05,1.0
419050.0,2.85e-05,5.0
419154.0,2.85e-05,1.0
419177.0,2.85e-05,1.0
419200.0,2.85e-05,1.0
419233.0,2.85e-05,1.0
419241.0,2.85e-05,1.0
419253.0,2.85e-05,1.0
419270.0,2.85e-05,2.0
419298.0,2.85e-05,1.0
419353.0,2.85e-05,1.0
419381.0,2.85e-05,1.0
419440.0,2.85e-05,2.0
419549.0,2.85e-05,5.0
419591.0,2.85e-05,3.0
419622.0,2.85e-05,2.0
419626.0,2.85e-05,4.0
419723.0,2.85e-05,2.0
419826.0,2.85e-05,1.0
419929.0,2.85e-05,2.0
410425.0,2.85e-05,1.0
410998.0,2.85e-05,1.0
412078.0,2.85e-05,1.0
413120.0,2.85e-05,1.0
413619.0,2.85e-05,1.0
413717.0,2.85e-05,1.0
416450.0,2.85e-05,1.0
416636.0,2.85e-05,1.0
417264.0,2.85e-05,1.0
418565.0,2.85e-05,1.0
418621.0,2.85e-05,1.0
420004.0,3.05e-05,1.0
420024.0,3.05e-05,4.0
420027.0,3.05e-05,1.0
420032.0,3.05e-05,1.0
420036.0,3.05e-05,3.0
420063.0,3.05e-05,1.0
420070.0,3.05e-05,1.0
420081.0,3.05e-05,1.0
420106.0,3.05e-05,1.0
420107.0,3.05e-05,1.0
420126.0,3.05e-05,2.0
420207.0,3.05e-05,1.0
420209.0,3.05e-05,1.0
420235.0,3.05e-05,1.0
420250.0,3.05e-05,1.0
420307.0,3.05e-05,1.0
420334.0,3.05e-05,1.0
420344.0,3.05e-05,1.0
420346.0,3.05e-05,1.0
420383.0,3.05e-05,1.0
420388.0,3.05e-05,1.0
420425.0,3.05e-05,1.0
420461.0,3.05e-05,1.0
420474.0,3.05e-05,1.0
420490.0,3.05e-05,1.0
420508.0,3.05e-05,1.0
420551.0,3.05e-05,1.0
420554.0,3.05e-05,2.0
420585.0,3.05e-05,1.0
420592.0,3.05e-05,4.0
420620.0,3.05e-05,4.0
420628.0,3.05e-05,2.0
420634.0,3.05e-05,1.0
420642.0,3.05e-05,2.0
420653.0,3.05e-05,1.0
420680.0,3.05e-05,1.0
420681.0,3.05e-05,2.0
420683.0,3.05e-05,1.0
420687.0,3.05e-05,1.0
420690.0,3.05e-05,1.0
420718.0,3.05e-05,1.0
420725.0,3.05e-05,4.0
420737.0,3.05e-05,1.0
420754.0,3.05e-05,3.0
420756.0,3.05e-05,2.0
420760.0,3.05e-05,1.0
420783.0,3.05e-05,3.0
420788.0,3.05e-05,1.0
420790.0,3.05e-05,1.0
420800.0,3.05e-05,1.0
420841.0,3.05e-05,5.0
420846.0,3.05e-05,1.0
420849.0,3.05e-05,1.0
420870.0,3.05e-05,1.0
420876.0,3.05e-05,1.0
420896.0,3.05e-05,1.0
420914.0,3.05e-05,1.0
420973.0,3.05e-05,3.0
420976.0,3.05e-05,1.0
420982.0,3.05e-05,4.0
420997.0,3.05e-05,4.0
420998.0,3.05e-05,1.0
421041.0,3.05e-05,1.0
421046.0,3.05e-05,1.0
421048.0,3.05e-05,1.0
421078.0,3.05e-05,5.0
421099.0,3.05e-05,5.0
421106.0,3.05e-05,1.0
421108.0,3.05e-05,1.0
421118.0,3.05e-05,1.0
421132.0,3.05e-05,1.0
421138.0,3.05e-05,1.0
421139.0,3.05e-05,1.0
421147.0,3.05e-05,1.0
421151.0,3.05e-05,4.0
421161.0,3.05e-05,1.0
421192.0,3.05e-05,1.0
421200.0,3.05e-05,1.0
421203.0,3.05e-05,1.0
421212.0,3.05e-05,3.0
421238.0,3.05e-05,1.0
421256.0,3.05e-05,1.0
421282.0,3.05e-05,4.0
421288.0,3.05e-05,1.0
421290.0,3.05e-05,1.0
421316.0,3.05e-05,4.0
421341.0,3.05e-05,1.0
421354.0,3.05e-05,1.0
421396.0,3.05e-05,1.0
421403.0,3.05e-05,2.0
421427.0,3.05e-05,1.0
421439.0,3.05e-05,1.0
421449.0,3.05e-05,1.0
421454.0,3.05e-05,1.0
421458.0,3.05e-05,1.0
421479.0,3.05e-05,1.0
421512.0,3.05e-05,1.0
421537.0,3.05e-05,1.0
421563.0,3.05e-05,1.0
421580.0,3.05e-05,3.0
421585.0,3.05e-05,1.0
421589.0,3.05e-05,1.0
421602.0,3.05e-05,1.0
421603.0,3.05e-05,1.0
421611.0,3.05e-05,1.0
421645.0,3.05e-05,1.0
421684.0,3.05e-05,1.0
421730.0,3.05e-05,2.0
421777.0,3.05e-05,1.0
421781.0,3.05e-05,1.0
421790.0,3.05e-05,2.0
421816.0,3.05e-05,1.0
421824.0,3.05e-05,1.0
421848.0,3.05e-05,1.0
421874.0,3.05e-05,1.0
421875.0,3.05e-05,1.0
421907.0,3.05e-05,1.0
421921.0,3.05e-05,1.0
421938.0,3.05e-05,1.0
421964.0,3.05e-05,3.0
421972.0,3.05e-05,1.0
421983.0,3.05e-05,1.0
421986.0,3.05e-05,1.0
421997.0,3.05e-05,1.0
422015.0,3.05e-05,1.0
422026.0,3.05e-05,1.0
422043.0,3.05e-05,1.0
422047.0,3.05e-05,1.0
422062.0,3.05e-05,1.0
422078.0,3.05e-05,1.0
422087.0,3.05e-05,3.0
422150.0,3.05e-05,5.0
422156.0,3.05e-05,1.0
422173.0,3.05e-05,4.0
422177.0,3.05e-05,1.0
422202.0,3.05e-05,1.0
422210.0,3.05e-05,1.0
422271.0,3.05e-05,3.0
422273.0,3.05e-05,1.0
422299.0,3.05e-05,1.0
422303.0,3.05e-05,2.0
422324.0,3.05e-05,1.0
422339.0,3.05e-05,1.0
422340.0,3.05e-05,1.0
422358.0,3.05e-05,2.0
422368.0,3.05e-05,3.0
422372.0,3.05e-05,1.0
422397.0,3.05e-05,1.0
422404.0,3.05e-05,1.0
422409.0,3.05e-05,1.0
422413.0,3.05e-05,1.0
422461.0,3.05e-05,1.0
422557.0,3.05e-05,1.0
422568.0,3.05e-05,1.0
422571.0,3.05e-05,4.0
422576.0,3.05e-05,1.0
422624.0,3.05e-05,1.0
422633.0,3.05e-05,1.0
422702.0,3.05e-05,1.0
422711.0,3.05e-05,1.0
422716.0,3.05e-05,1.0
422725.0,3.05e-05,4.0
422736.0,3.05e-05,1.0
422752.0,3.05e-05,1.0
422764.0,3.05e-05,2.0
422766.0,3.05e-05,1.0
422772.0,3.05e-05,1.0
422775.0,3.05e-05,1.0
422818.0,3.05e-05,1.0
422819.0,3.05e-05,1.0
422829.0,3.05e-05,1.0
422862.0,3.05e-05,1.0
422871.0,3.05e-05,1.0
422872.0,3.05e-05,1.0
422875.0,3.05e-05,1.0
422886.0,3.05e-05,1.0
422887.0,3.05e-05,1.0
422892.0,3.05e-05,1.0
422894.0,3.05e-05,1.0
422915.0,3.05e-05,1.0
422949.0,3.05e-05,2.0
422978.0,3.05e-05,1.0
422989.0,3.05e-05,1.0
423048.0,3.05e-05,1.0
423063.0,3.05e-05,2.0
423071.0,3.05e-05,1.0
423088.0,3.05e-05,1.0
423089.0,3.05e-05,1.0
423142.0,3.05e-05,1.0
423145.0,3.05e-05,1.0
423197.0,3.05e-05,1.0
423205.0,3.05e-05,1.0
423213.0,3.05e-05,3.0
423218.0,3.05e-05,1.0
423250.0,3.05e-05,1.0
423251.0,3.05e-05,2.0
423252.0,3.05e-05,1.0
423271.0,3.05e-05,1.0
423290.0,3.05e-05,3.0
423297.0,3.05e-05,1.0
423303.0,3.05e-05,1.0
423314.0,3.05e-05,2.0
423319.0,3.05e-05,1.0
423340.0,3.05e-05,1.0
423341.0,3.05e-05,4.0
423363.0,3.05e-05,1.0
423376.0,3.05e-05,2.0
423381.0,3.05e-05,1.0
423411.0,3.05e-05,4.0
423414.0,3.05e-05,4.0
423454.0,3.05e-05,2.0
423461.0,3.05e-05,1.0
423474.0,3.05e-05,1.0
423492.0,3.05e-05,2.0
423495.0,3.05e-05,2.0
423501.0,3.05e-05,1.0
423508.0,3.05e-05,1.0
423512.0,3.05e-05,1.0
423517.0,3.05e-05,1.0
423529.0,3.05e-05,1.0
423544.0,3.05e-05,2.0
423568.0,3.05e-05,1.0
423577.0,3.05e-05,1.0
423588.0,3.05e-05,1.0
423615.0,3.05e-05,1.0
423653.0,3.05e-05,2.0
423655.0,3.05e-05,1.0
423660.0,3.05e-05,1.0
423671.0,3.05e-05,1.0
423682.0,3.05e-05,1.0
423736.0,3.05e-05,1.0
423745.0,3.05e-05,1.0
423771.0,3.05e-05,1.0
423775.0,3.05e-05,1.0
423809.0,3.05e-05,1.0
423813.0,3.05e-05,1.0
423818.0,3.05e-05,4.0
423851.0,3.05e-05,1.0
423857.0,3.05e-05,4.0
423886.0,3.05e-05,1.0
423936.0,3.05e-05,1.0
423937.0,3.05e-05,1.0
423977.0,3.05e-05,1.0
423984.0,3.05e-05,1.0
423995.0,3.05e-05,1.0
423996.0,3.05e-05,4.0
424001.0,3.05e-05,3.0
424004.0,3.05e-05,1.0
424015.0,3.05e-05,2.0
424023.0,3.05e-05,1.0
424025.0,3.05e-05,1.0
424028.0,3.05e-05,1.0
424034.0,3.05e-05,1.0
424043.0,3.05e-05,1.0
424045.0,3.05e-05,3.0
424054.0,3.05e-05,1.0
424059.0,3.05e-05,1.0
424096.0,3.05e-05,3.0
424103.0,3.05e-05,4.0
424107.0,3.05e-05,1.0
424171.0,3.05e-05,3.0
424184.0,3.05e-05,1.0
424192.0,3.05e-05,1.0
424203.0,3.05e-05,1.0
424211.0,3.05e-05,1.0
424233.0,3.05e-05,1.0
424237.0,3.05e-05,1.0
424253.0,3.05e-05,1.0
424274.0,3.05e-05,4.0
424285.0,3.05e-05,1.0
424294.0,3.05e-05,1.0
424337.0,3.05e-05,1.0
424343.0,3.05e-05,1.0
424344.0,3.05e-05,4.0
424348.0,3.05e-05,1.0
424362.0,3.05e-05,3.0
424364.0,3.05e-05,5.0
424408.0,3.05e-05,1.0
424430.0,3.05e-05,1.0
424431.0,3.05e-05,4.0
424432.0,3.05e-05,2.0
424437.0,3.05e-05,2.0
424461.0,3.05e-05,1.0
424484.0,3.05e-05,1.0
424518.0,3.05e-05,1.0
424543.0,3.05e-05,1.0
424546.0,3.05e-05,1.0
424575.0,3.05e-05,1.0
424603.0,3.05e-05,1.0
424615.0,3.05e-05,4.0
424616.0,3.05e-05,1.0
424640.0,3.05e-05,3.0
424654.0,3.05e-05,4.0
424691.0,3.05e-05,4.0
424701.0,3.05e-05,1.0
424739.0,3.05e-05,1.0
424780.0,3.05e-05,1.0
424823.0,3.05e-05,1.0
424831.0,3.05e-05,1.0
424834.0,3.05e-05,1.0
424839.0,3.05e-05,1.0
424866.0,3.05e-05,1.0
424876.0,3.05e-05,1.0
424890.0,3.05e-05,1.0
424909.0,3.05e-05,1.0
424917.0,3.05e-05,2.0
424928.0,3.05e-05,1.0
424936.0,3.05e-05,1.0
424966.0,3.05e-05,3.0
424975.0,3.05e-05,5.0
424976.0,3.05e-05,1.0
425005.0,3.05e-05,1.0
425022.0,3.05e-05,1.0
425043.0,3.05e-05,4.0
425059.0,3.05e-05,2.0
425060.0,3.05e-05,1.0
425105.0,3.05e-05,1.0
425159.0,3.05e-05,1.0
425160.0,3.05e-05,1.0
425204.0,3.05e-05,1.0
425212.0,3.05e-05,1.0
425223.0,3.05e-05,2.0
425253.0,3.05e-05,2.0
425281.0,3.05e-05,1.0
425304.0,3.05e-05,1.0
425306.0,3.05e-05,1.0
425314.0,3.05e-05,1.0
425318.0,3.05e-05,1.0
425344.0,3.05e-05,1.0
425353.0,3.05e-05,2.0
425354.0,3.05e-05,1.0
425357.0,3.05e-05,4.0
425390.0,3.05e-05,1.0
425401.0,3.05e-05,2.0
425407.0,3.05e-05,4.0
425417.0,3.05e-05,1.0
425419.0,3.05e-05,1.0
425429.0,3.05e-05,1.0
425437.0,3.05e-05,1.0
425446.0,3.05e-05,1.0
425448.0,3.05e-05,1.0
425450.0,3.05e-05,1.0
425465.0,3.05e-05,1.0
425470.0,3.05e-05,1.0
425474.0,3.05e-05,1.0
425488.0,3.05e-05,3.0
425503.0,3.05e-05,3.0
425521.0,3.05e-05,1.0
425534.0,3.05e-05,2.0
425543.0,3.05e-05,1.0
425596.0,3.05e-05,4.0
425610.0,3.05e-05,1.0
425615.0,3.05e-05,1.0
425621.0,3.05e-05,1.0
425626.0,3.05e-05,2.0
425642.0,3.05e-05,1.0
425652.0,3.05e-05,1.0
425660.0,3.05e-05,1.0
425672.0,3.05e-05,1.0
425728.0,3.05e-05,1.0
425747.0,3.05e-05,1.0
425756.0,3.05e-05,4.0
425767.0,3.05e-05,1.0
425773.0,3.05e-05,1.0
425803.0,3.05e-05,1.0
425805.0,3.05e-05,1.0
425856.0,3.05e-05,1.0
425893.0,3.05e-05,1.0
425895.0,3.05e-05,1.0
425945.0,3.05e-05,5.0
425950.0,3.05e-05,5.0
425965.0,3.05e-05,1.0
425989.0,3.05e-05,1.0
426012.0,3.05e-05,1.0
426046.0,3.05e-05,1.0
426057.0,3.05e-05,1.0
426059.0,3.05e-05,1.0
426062.0,3.05e-05,2.0
426095.0,3.05e-05,1.0
426101.0,3.05e-05,1.0
426113.0,3.05e-05,1.0
426118.0,3.05e-05,1.0
426125.0,3.05e-05,2.0
426172.0,3.05e-05,1.0
426180.0,3.05e-05,4.0
426199.0,3.05e-05,1.0
426205.0,3.05e-05,1.0
426224.0,3.05e-05,1.0
426266.0,3.05e-05,2.0
426276.0,3.05e-05,1.0
426295.0,3.05e-05,1.0
426326.0,3.05e-05,2.0
426333.0,3.05e-05,1.0
426344.0,3.05e-05,1.0
426398.0,3.05e-05,1.0
426410.0,3.05e-05,1.0
426450.0,3.05e-05,4.0
426456.0,3.05e-05,1.0
426519.0,3.05e-05,1.0
426520.0,3.05e-05,1.0
426525.0,3.05e-05,1.0
426556.0,3.05e-05,1.0
426573.0,3.05e-05,1.0
426592.0,3.05e-05,1.0
426602.0,3.05e-05,1.0
426634.0,3.05e-05,1.0
426636.0,3.05e-05,1.0
426648.0,3.05e-05,1.0
426686.0,3.05e-05,1.0
426747.0,3.05e-05,1.0
426767.0,3.05e-05,1.0
426790.0,3.05e-05,1.0
426793.0,3.05e-05,1.0
426813.0,3.05e-05,2.0
426820.0,3.05e-05,3.0
426834.0,3.05e-05,1.0
426840.0,3.05e-05,1.0
426859.0,3.05e-05,1.0
426909.0,3.05e-05,1.0
426953.0,3.05e-05,1.0
426967.0,3.05e-05,1.0
426969.0,3.05e-05,1.0
426970.0,3.05e-05,1.0
426986.0,3.05e-05,2.0
427126.0,3.05e-05,1.0
427150.0,3.05e-05,4.0
427177.0,3.05e-05,1.0
427187.0,3.05e-05,2.0
427189.0,3.05e-05,1.0
427210.0,3.05e-05,1.0
427219.0,3.05e-05,1.0
427238.0,3.05e-05,1.0
427276.0,3.05e-05,1.0
427286.0,3.05e-05,1.0
427322.0,3.05e-05,2.0
427341.0,3.05e-05,1.0
427356.0,3.05e-05,3.0
427357.0,3.05e-05,2.0
427366.0,3.05e-05,1.0
427369.0,3.05e-05,3.0
427406.0,3.05e-05,1.0
427434.0,3.05e-05,3.0
427453.0,3.05e-05,1.0
427466.0,3.05e-05,1.0
427471.0,3.05e-05,1.0
427487.0,3.05e-05,1.0
427520.0,3.05e-05,1.0
427525.0,3.05e-05,3.0
427563.0,3.05e-05,3.0
427565.0,3.05e-05,1.0
427590.0,3.05e-05,1.0
427612.0,3.05e-05,1.0
427616.0,3.05e-05,1.0
427622.0,3.05e-05,1.0
427636.0,3.05e-05,3.0
427642.0,3.05e-05,1.0
427659.0,3.05e-05,5.0
427694.0,3.05e-05,4.0
427699.0,3.05e-05,4.0
427701.0,3.05e-05,1.0
427706.0,3.05e-05,1.0
427714.0,3.05e-05,1.0
427721.0,3.05e-05,1.0
427728.0,3.05e-05,1.0
427752.0,3.05e-05,2.0
427755.0,3.05e-05,1.0
427761.0,3.05e-05,1.0
427773.0,3.05e-05,2.0
427817.0,3.05e-05,1.0
427819.0,3.05e-05,1.0
427820.0,3.05e-05,1.0
427829.0,3.05e-05,1.0
427852.0,3.05e-05,2.0
427870.0,3.05e-05,1.0
427877.0,3.05e-05,4.0
427878.0,3.05e-05,1.0
427879.0,3.05e-05,1.0
427881.0,3.05e-05,1.0
427948.0,3.05e-05,1.0
427957.0,3.05e-05,1.0
427966.0,3.05e-05,1.0
427990.0,3.05e-05,1.0
428031.0,3.05e-05,4.0
428041.0,3.05e-05,1.0
428055.0,3.05e-05,1.0
428062.0,3.05e-05,2.0
428082.0,3.05e-05,1.0
428088.0,3.05e-05,1.0
428113.0,3.05e-05,5.0
428117.0,3.05e-05,2.0
428146.0,3.05e-05,3.0
428163.0,3.05e-05,1.0
428171.0,3.05e-05,1.0
428188.0,3.05e-05,1.0
428223.0,3.05e-05,1.0
428230.0,3.05e-05,2.0
428234.0,3.05e-05,1.0
428259.0,3.05e-05,2.0
428305.0,3.05e-05,1.0
428307.0,3.05e-05,1.0
428322.0,3.05e-05,1.0
428333.0,3.05e-05,1.0
428356.0,3.05e-05,1.0
428453.0,3.05e-05,4.0
428462.0,3.05e-05,3.0
428469.0,3.05e-05,4.0
428475.0,3.05e-05,1.0
428519.0,3.05e-05,1.0
428535.0,3.05e-05,1.0
428565.0,3.05e-05,1.0
428570.0,3.05e-05,1.0
428623.0,3.05e-05,1.0
428691.0,3.05e-05,1.0
428725.0,3.05e-05,4.0
428732.0,3.05e-05,1.0
428777.0,3.05e-05,1.0
428783.0,3.05e-05,1.0
428795.0,3.05e-05,1.0
428796.0,3.05e-05,1.0
428814.0,3.05e-05,1.0
428820.0,3.05e-05,3.0
428835.0,3.05e-05,1.0
428841.0,3.05e-05,1.0
428857.0,3.05e-05,1.0
428868.0,3.05e-05,1.0
428879.0,3.05e-05,2.0
428885.0,3.05e-05,1.0
428897.0,3.05e-05,2.0
428930.0,3.05e-05,3.0
428936.0,3.05e-05,1.0
428972.0,3.05e-05,1.0
428986.0,3.05e-05,1.0
429015.0,3.05e-05,3.0
429020.0,3.05e-05,1.0
429039.0,3.05e-05,1.0
429043.0,3.05e-05,1.0
429050.0,3.05e-05,1.0
429059.0,3.05e-05,1.0
429085.0,3.05e-05,1.0
429096.0,3.05e-05,3.0
429120.0,3.05e-05,1.0
429151.0,3.05e-05,1.0
429154.0,3.05e-05,1.0
429160.0,3.05e-05,1.0
429177.0,3.05e-05,3.0
429185.0,3.05e-05,1.0
429206.0,3.05e-05,1.0
429215.0,3.05e-05,1.0
429253.0,3.05e-05,1.0
429298.0,3.05e-05,1.0
429318.0,3.05e-05,1.0
429320.0,3.05e-05,3.0
429321.0,3.05e-05,1.0
429353.0,3.05e-05,2.0
429358.0,3.05e-05,1.0
429363.0,3.05e-05,1.0
429434.0,3.05e-05,1.0
429440.0,3.05e-05,1.0
429447.0,3.05e-05,1.0
429494.0,3.05e-05,1.0
429510.0,3.05e-05,2.0
429515.0,3.05e-05,1.0
429533.0,3.05e-05,1.0
429549.0,3.05e-05,1.0
429565.0,3.05e-05,1.0
429566.0,3.05e-05,1.0
429586.0,3.05e-05,1.0
429626.0,3.05e-05,2.0
429628.0,3.05e-05,1.0
429642.0,3.05e-05,1.0
429658.0,3.05e-05,1.0
429661.0,3.05e-05,1.0
429682.0,3.05e-05,1.0
429684.0,3.05e-05,1.0
429723.0,3.05e-05,1.0
429754.0,3.05e-05,1.0
429806.0,3.05e-05,1.0
429828.0,3.05e-05,1.0
429829.0,3.05e-05,2.0
429841.0,3.05e-05,5.0
429857.0,3.05e-05,5.0
429891.0,3.05e-05,2.0
429917.0,3.05e-05,1.0
429929.0,3.05e-05,1.0
429944.0,3.05e-05,2.0
429961.0,3.05e-05,1.0
430027.0,3.27e-05,1.0
430036.0,3.27e-05,3.0
430126.0,3.27e-05,1.0
430207.0,3.27e-05,1.0
430346.0,3.27e-05,1.0
430388.0,3.27e-05,1.0
430461.0,3.27e-05,1.0
430505.0,3.27e-05,2.0
430592.0,3.27e-05,1.0
430620.0,3.27e-05,3.0
430634.0,3.27e-05,1.0
430665.0,3.27e-05,3.0
430683.0,3.27e-05,1.0
430730.0,3.27e-05,1.0
430737.0,3.27e-05,4.0
430760.0,3.27e-05,1.0
430790.0,3.27e-05,1.0
430870.0,3.27e-05,5.0
430982.0,3.27e-05,2.0
430998.0,3.27e-05,1.0
431000.0,3.27e-05,5.0
431048.0,3.27e-05,1.0
431099.0,3.27e-05,7.0
431106.0,3.27e-05,2.0
431147.0,3.27e-05,3.0
431161.0,3.27e-05,1.0
431200.0,3.27e-05,1.0
431256.0,3.27e-05,1.0
431290.0,3.27e-05,1.0
431350.0,3.27e-05,1.0
431406.0,3.27e-05,1.0
431600.0,3.27e-05,3.0
431629.0,3.27e-05,1.0
431826.0,3.27e-05,1.0
431874.0,3.27e-05,1.0
432026.0,3.27e-05,2.0
432087.0,3.27e-05,1.0
432173.0,3.27e-05,5.0
432177.0,3.27e-05,1.0
432187.0,3.27e-05,1.0
432216.0,3.27e-05,1.0
432352.0,3.27e-05,1.0
432389.0,3.27e-05,5.0
432397.0,3.27e-05,1.0
432725.0,3.27e-05,2.0
432760.0,3.27e-05,5.0
432764.0,3.27e-05,3.0
433213.0,3.27e-05,1.0
433218.0,3.27e-05,2.0
433252.0,3.27e-05,1.0
433297.0,3.27e-05,1.0
433363.0,3.27e-05,5.0
433454.0,3.27e-05,5.0
433459.0,3.27e-05,2.0
433501.0,3.27e-05,1.0
433514.0,3.27e-05,1.0
433568.0,3.27e-05,5.0
433655.0,3.27e-05,1.0
433827.0,3.27e-05,1.0
433853.0,3.27e-05,1.0
433936.0,3.27e-05,1.0
433995.0,3.27e-05,2.0
434004.0,3.27e-05,5.0
434103.0,3.27e-05,4.0
434107.0,3.27e-05,1.0
434171.0,3.27e-05,2.0
434237.0,3.27e-05,2.0
434288.0,3.27e-05,1.0
434348.0,3.27e-05,4.0
434407.0,3.27e-05,1.0
434408.0,3.27e-05,5.0
434430.0,3.27e-05,2.0
434431.0,3.27e-05,2.0
434432.0,3.27e-05,2.0
434614.0,3.27e-05,1.0
434616.0,3.27e-05,1.0
434637.0,3.27e-05,1.0
434640.0,3.27e-05,4.0
434822.0,3.27e-05,1.0
434831.0,3.27e-05,1.0
434928.0,3.27e-05,2.0
434976.0,3.27e-05,1.0
434996.0,3.27e-05,1.0
435044.0,3.27e-05,1.0
435181.0,3.27e-05,1.0
435318.0,3.27e-05,3.0
435354.0,3.27e-05,2.0
435390.0,3.27e-05,3.0
435470.0,3.27e-05,1.0
435474.0,3.27e-05,3.0
435555.0,3.27e-05,5.0
435642.0,3.27e-05,2.0
435708.0,3.27e-05,1.0
435856.0,3.27e-05,4.0
435866.0,3.27e-05,1.0
435969.0,3.27e-05,1.0
436046.0,3.27e-05,1.0
436113.0,3.27e-05,1.0
436118.0,3.27e-05,1.0
436166.0,3.27e-05,1.0
436308.0,3.27e-05,1.0
436337.0,3.27e-05,5.0
436573.0,3.27e-05,1.0
436634.0,3.27e-05,6.0
436650.0,3.27e-05,1.0
436850.0,3.27e-05,1.0
436949.0,3.27e-05,2.0
437148.0,3.27e-05,1.0
437226.0,3.27e-05,5.0
437238.0,3.27e-05,1.0
437273.0,3.27e-05,4.0
437356.0,3.27e-05,3.0
437434.0,3.27e-05,2.0
437453.0,3.27e-05,3.0
437471.0,3.27e-05,4.0
437482.0,3.27e-05,1.0
437543.0,3.27e-05,1.0
437659.0,3.27e-05,4.0
437694.0,3.27e-05,3.0
437752.0,3.27e-05,1.0
437852.0,3.27e-05,1.0
437878.0,3.27e-05,1.0
437917.0,3.27e-05,3.0
438008.0,3.27e-05,1.0
438026.0,3.27e-05,5.0
438055.0,3.27e-05,4.0
438105.0,3.27e-05,2.0
438177.0,3.27e-05,1.0
438188.0,3.27e-05,4.0
438259.0,3.27e-05,1.0
438307.0,3.27e-05,3.0
438519.0,3.27e-05,1.0
438679.0,3.27e-05,1.0
438691.0,3.27e-05,1.0
438703.0,3.27e-05,1.0
438777.0,3.27e-05,1.0
438788.0,3.27e-05,1.0
438805.0,3.27e-05,1.0
438869.0,3.27e-05,2.0
438912.0,3.27e-05,1.0
438933.0,3.27e-05,1.0
439054.0,3.27e-05,1.0
439068.0,3.27e-05,2.0
439202.0,3.27e-05,1.0
439253.0,3.27e-05,1.0
439270.0,3.27e-05,5.0
439320.0,3.27e-05,1.0
439353.0,3.27e-05,1.0
439408.0,3.27e-05,1.0
439440.0,3.27e-05,1.0
439510.0,3.27e-05,1.0
439515.0,3.27e-05,1.0
439527.0,3.27e-05,1.0
439533.0,3.27e-05,1.0
439549.0,3.27e-05,1.0
439550.0,3.27e-05,1.0
439591.0,3.27e-05,1.0
439682.0,3.27e-05,3.0
439723.0,3.27e-05,1.0
439829.0,3.27e-05,1.0
430210.0,3.27e-05,1.0
430783.0,3.27e-05,2.0
430788.0,3.27e-05,1.0
432303.0,3.27e-05,1.0
432624.0,3.27e-05,2.0
433019.0,3.27e-05,2.0
433300.0,3.27e-05,2.0
434001.0,3.27e-05,1.0
435043.0,3.27e-05,2.0
435253.0,3.27e-05,2.0
435328.0,3.27e-05,1.0
436101.0,3.27e-05,1.0
437210.0,3.27e-05,1.0
437366.0,3.27e-05,1.0
437590.0,3.27e-05,2.0
437819.0,3.27e-05,1.0
437881.0,3.27e-05,2.0
438189.0,3.27e-05,1.0
438388.0,3.27e-05,1.0
438972.0,3.27e-05,1.0
440024.0,3.51e-05,1.0
440027.0,3.51e-05,1.0
440032.0,3.51e-05,1.0
440040.0,3.51e-05,1.0
440064.0,3.51e-05,1.0
440085.0,3.51e-05,1.0
440107.0,3.51e-05,1.0
440109.0,3.51e-05,1.0
440210.0,3.51e-05,1.0
440307.0,3.51e-05,1.0
440346.0,3.51e-05,1.0
440388.0,3.51e-05,2.0
440389.0,3.51e-05,1.0
440425.0,3.51e-05,1.0
440474.0,3.51e-05,1.0
440505.0,3.51e-05,2.0
440551.0,3.51e-05,1.0
440554.0,3.51e-05,1.0
440592.0,3.51e-05,2.0
440620.0,3.51e-05,2.0
440628.0,3.51e-05,2.0
440642.0,3.51e-05,1.0
440665.0,3.51e-05,2.0
440681.0,3.51e-05,1.0
440683.0,3.51e-05,1.0
440687.0,3.51e-05,1.0
440725.0,3.51e-05,4.0
440754.0,3.51e-05,3.0
440760.0,3.51e-05,1.0
440837.0,3.51e-05,3.0
440870.0,3.51e-05,1.0
440896.0,3.51e-05,1.0
440913.0,3.51e-05,3.0
440914.0,3.51e-05,3.0
440973.0,3.51e-05,1.0
440998.0,3.51e-05,1.0
441008.0,3.51e-05,1.0
441041.0,3.51e-05,1.0
441046.0,3.51e-05,1.0
441048.0,3.51e-05,2.0
441078.0,3.51e-05,1.0
441099.0,3.51e-05,1.0
441124.0,3.51e-05,1.0
441138.0,3.51e-05,1.0
441151.0,3.51e-05,1.0
441158.0,3.51e-05,1.0
441200.0,3.51e-05,1.0
441202.0,3.51e-05,1.0
441212.0,3.51e-05,1.0
441216.0,3.51e-05,1.0
441256.0,3.51e-05,1.0
441282.0,3.51e-05,1.0
441290.0,3.51e-05,2.0
441308.0,3.51e-05,1.0
441341.0,3.51e-05,4.0
441350.0,3.51e-05,1.0
441403.0,3.51e-05,1.0
441427.0,3.51e-05,1.0
441436.0,3.51e-05,1.0
441454.0,3.51e-05,1.0
441458.0,3.51e-05,1.0
441479.0,3.51e-05,1.0
441494.0,3.51e-05,1.0
441537.0,3.51e-05,1.0
441576.0,3.51e-05,2.0
441580.0,3.51e-05,1.0
441585.0,3.51e-05,1.0
441600.0,3.51e-05,1.0
441611.0,3.51e-05,1.0
441679.0,3.51e-05,1.0
441695.0,3.51e-05,1.0
441713.0,3.51e-05,1.0
441730.0,3.51e-05,2.0
441781.0,3.51e-05,1.0
441816.0,3.51e-05,1.0
441820.0,3.51e-05,1.0
441824.0,3.51e-05,1.0
441826.0,3.51e-05,1.0
441938.0,3.51e-05,1.0
441964.0,3.51e-05,1.0
441972.0,3.51e-05,1.0
441983.0,3.51e-05,1.0
441986.0,3.51e-05,1.0
441997.0,3.51e-05,2.0
442015.0,3.51e-05,1.0
442026.0,3.51e-05,1.0
442043.0,3.51e-05,3.0
442047.0,3.51e-05,1.0
442078.0,3.51e-05,1.0
442087.0,3.51e-05,2.0
442177.0,3.51e-05,1.0
442239.0,3.51e-05,1.0
442271.0,3.51e-05,2.0
442273.0,3.51e-05,1.0
442299.0,3.51e-05,1.0
442324.0,3.51e-05,2.0
442339.0,3.51e-05,1.0
442340.0,3.51e-05,1.0
442358.0,3.51e-05,1.0
442389.0,3.51e-05,1.0
442424.0,3.51e-05,3.0
442438.0,3.51e-05,1.0
442461.0,3.51e-05,1.0
442503.0,3.51e-05,1.0
442511.0,3.51e-05,1.0
442557.0,3.51e-05,1.0
442568.0,3.51e-05,3.0
442571.0,3.51e-05,1.0
442576.0,3.51e-05,1.0
442633.0,3.51e-05,1.0
442702.0,3.51e-05,1.0
442725.0,3.51e-05,1.0
442736.0,3.51e-05,1.0
442772.0,3.51e-05,1.0
442775.0,3.51e-05,1.0
442818.0,3.51e-05,1.0
442819.0,3.51e-05,1.0
442825.0,3.51e-05,1.0
442837.0,3.51e-05,3.0
442872.0,3.51e-05,1.0
442886.0,3.51e-05,1.0
442894.0,3.51e-05,1.0
443019.0,3.51e-05,1.0
443055.0,3.51e-05,1.0
443063.0,3.51e-05,1.0
443071.0,3.51e-05,2.0
443088.0,3.51e-05,1.0
443110.0,3.51e-05,1.0
443218.0,3.51e-05,1.0
443246.0,3.51e-05,1.0
443251.0,3.51e-05,1.0
443252.0,3.51e-05,4.0
443271.0,3.51e-05,1.0
443290.0,3.51e-05,1.0
443305.0,3.51e-05,1.0
443314.0,3.51e-05,2.0
443319.0,3.51e-05,1.0
443363.0,3.51e-05,1.0
443376.0,3.51e-05,1.0
443381.0,3.51e-05,1.0
443411.0,3.51e-05,1.0
443454.0,3.51e-05,1.0
443461.0,3.51e-05,1.0
443493.0,3.51e-05,2.0
443514.0,3.51e-05,1.0
443530.0,3.51e-05,1.0
443544.0,3.51e-05,1.0
443550.0,3.51e-05,1.0
443588.0,3.51e-05,2.0
443615.0,3.51e-05,1.0
443619.0,3.51e-05,1.0
443644.0,3.51e-05,1.0
443671.0,3.51e-05,1.0
443682.0,3.51e-05,3.0
443717.0,3.51e-05,3.0
443745.0,3.51e-05,1.0
443771.0,3.51e-05,1.0
443775.0,3.51e-05,1.0
443850.0,3.51e-05,1.0
443857.0,3.51e-05,2.0
443889.0,3.51e-05,2.0
443936.0,3.51e-05,3.0
443937.0,3.51e-05,1.0
443944.0,3.51e-05,1.0
443972.0,3.51e-05,1.0
443977.0,3.51e-05,1.0
443984.0,3.51e-05,1.0
443995.0,3.51e-05,1.0
443996.0,3.51e-05,2.0
444004.0,3.51e-05,1.0
444015.0,3.51e-05,3.0
444023.0,3.51e-05,3.0
444025.0,3.51e-05,1.0
444045.0,3.51e-05,1.0
444054.0,3.51e-05,1.0
444059.0,3.51e-05,1.0
444096.0,3.51e-05,1.0
444103.0,3.51e-05,1.0
444135.0,3.51e-05,1.0
444192.0,3.51e-05,1.0
444234.0,3.51e-05,1.0
444262.0,3.51e-05,1.0
444274.0,3.51e-05,3.0
444281.0,3.51e-05,1.0
444343.0,3.51e-05,2.0
444348.0,3.51e-05,2.0
444352.0,3.51e-05,3.0
444362.0,3.51e-05,2.0
444364.0,3.51e-05,4.0
444432.0,3.51e-05,2.0
444450.0,3.51e-05,1.0
444480.0,3.51e-05,1.0
444546.0,3.51e-05,2.0
444549.0,3.51e-05,3.0
444640.0,3.51e-05,1.0
444701.0,3.51e-05,1.0
444721.0,3.51e-05,1.0
444737.0,3.51e-05,1.0
444741.0,3.51e-05,2.0
444780.0,3.51e-05,1.0
444802.0,3.51e-05,1.0
444822.0,3.51e-05,1.0
444831.0,3.51e-05,1.0
444909.0,3.51e-05,1.0
444917.0,3.51e-05,1.0
444936.0,3.51e-05,2.0
444990.0,3.51e-05,2.0
445044.0,3.51e-05,1.0
445050.0,3.51e-05,1.0
445074.0,3.51e-05,1.0
445121.0,3.51e-05,1.0
445146.0,3.51e-05,2.0
445160.0,3.51e-05,1.0
445212.0,3.51e-05,1.0
445253.0,3.51e-05,1.0
445305.0,3.51e-05,1.0
445306.0,3.51e-05,1.0
445318.0,3.51e-05,3.0
445344.0,3.51e-05,1.0
445354.0,3.51e-05,1.0
445357.0,3.51e-05,1.0
445390.0,3.51e-05,1.0
445429.0,3.51e-05,1.0
445448.0,3.51e-05,1.0
445451.0,3.51e-05,1.0
445456.0,3.51e-05,1.0
445482.0,3.51e-05,1.0
445543.0,3.51e-05,3.0
445549.0,3.51e-05,1.0
445555.0,3.51e-05,1.0
445615.0,3.51e-05,1.0
445626.0,3.51e-05,2.0
445652.0,3.51e-05,1.0
445660.0,3.51e-05,3.0
445663.0,3.51e-05,1.0
445672.0,3.51e-05,1.0
445708.0,3.51e-05,1.0
445756.0,3.51e-05,1.0
445815.0,3.51e-05,3.0
445818.0,3.51e-05,3.0
445844.0,3.51e-05,1.0
445895.0,3.51e-05,2.0
445950.0,3.51e-05,1.0
445965.0,3.51e-05,1.0
445969.0,3.51e-05,2.0
445989.0,3.51e-05,1.0
445999.0,3.51e-05,1.0
446009.0,3.51e-05,1.0
446012.0,3.51e-05,1.0
446095.0,3.51e-05,1.0
446101.0,3.51e-05,1.0
446113.0,3.51e-05,1.0
446118.0,3.51e-05,2.0
446166.0,3.51e-05,1.0
446224.0,3.51e-05,1.0
446248.0,3.51e-05,1.0
446295.0,3.51e-05,1.0
446337.0,3.51e-05,4.0
446347.0,3.51e-05,1.0
446388.0,3.51e-05,1.0
446410.0,3.51e-05,1.0
446450.0,3.51e-05,1.0
446520.0,3.51e-05,1.0
446525.0,3.51e-05,1.0
446556.0,3.51e-05,1.0
446602.0,3.51e-05,1.0
446648.0,3.51e-05,2.0
446707.0,3.51e-05,1.0
446747.0,3.51e-05,1.0
446820.0,3.51e-05,1.0
446834.0,3.51e-05,1.0
446840.0,3.51e-05,1.0
446859.0,3.51e-05,1.0
446860.0,3.51e-05,1.0
446928.0,3.51e-05,1.0
446967.0,3.51e-05,1.0
446986.0,3.51e-05,1.0
447050.0,3.51e-05,1.0
447083.0,3.51e-05,1.0
447126.0,3.51e-05,1.0
447145.0,3.51e-05,1.0
447197.0,3.51e-05,1.0
447264.0,3.51e-05,1.0
447273.0,3.51e-05,1.0
447276.0,3.51e-05,1.0
447286.0,3.51e-05,4.0
447298.0,3.51e-05,1.0
447300.0,3.51e-05,1.0
447305.0,3.51e-05,1.0
447341.0,3.51e-05,1.0
447406.0,3.51e-05,1.0
447437.0,3.51e-05,1.0
447453.0,3.51e-05,1.0
447466.0,3.51e-05,2.0
447471.0,3.51e-05,1.0
447487.0,3.51e-05,1.0
447520.0,3.51e-05,2.0
447525.0,3.51e-05,1.0
447535.0,3.51e-05,4.0
447563.0,3.51e-05,1.0
447565.0,3.51e-05,1.0
447622.0,3.51e-05,1.0
447642.0,3.51e-05,3.0
447659.0,3.51e-05,1.0
447701.0,3.51e-05,3.0
447711.0,3.51e-05,1.0
447714.0,3.51e-05,1.0
447755.0,3.51e-05,1.0
447765.0,3.51e-05,2.0
447778.0,3.51e-05,1.0
447817.0,3.51e-05,1.0
447859.0,3.51e-05,1.0
447877.0,3.51e-05,1.0
447879.0,3.51e-05,1.0
447917.0,3.51e-05,1.0
447941.0,3.51e-05,1.0
447957.0,3.51e-05,1.0
448031.0,3.51e-05,3.0
448041.0,3.51e-05,3.0
448055.0,3.51e-05,2.0
448113.0,3.51e-05,1.0
448117.0,3.51e-05,3.0
448189.0,3.51e-05,2.0
448234.0,3.51e-05,1.0
448247.0,3.51e-05,1.0
448304.0,3.51e-05,1.0
448305.0,3.51e-05,3.0
448307.0,3.51e-05,2.0
448352.0,3.51e-05,1.0
448453.0,3.51e-05,1.0
448570.0,3.51e-05,2.0
448621.0,3.51e-05,1.0
448678.0,3.51e-05,1.0
448691.0,3.51e-05,1.0
448718.0,3.51e-05,1.0
448752.0,3.51e-05,1.0
448777.0,3.51e-05,1.0
448805.0,3.51e-05,2.0
448814.0,3.51e-05,1.0
448820.0,3.51e-05,2.0
448833.0,3.51e-05,1.0
448857.0,3.51e-05,1.0
448872.0,3.51e-05,1.0
448885.0,3.51e-05,1.0
448930.0,3.51e-05,1.0
448936.0,3.51e-05,1.0
448972.0,3.51e-05,1.0
449009.0,3.51e-05,1.0
449029.0,3.51e-05,1.0
449043.0,3.51e-05,1.0
449054.0,3.51e-05,1.0
449059.0,3.51e-05,1.0
449068.0,3.51e-05,1.0
449085.0,3.51e-05,1.0
449096.0,3.51e-05,1.0
449120.0,3.51e-05,1.0
449160.0,3.51e-05,1.0
449185.0,3.51e-05,1.0
449206.0,3.51e-05,1.0
449215.0,3.51e-05,1.0
449220.0,3.51e-05,1.0
449318.0,3.51e-05,1.0
449320.0,3.51e-05,1.0
449363.0,3.51e-05,1.0
449387.0,3.51e-05,1.0
449408.0,3.51e-05,2.0
449434.0,3.51e-05,1.0
449510.0,3.51e-05,3.0
449515.0,3.51e-05,1.0
449527.0,3.51e-05,1.0
449549.0,3.51e-05,1.0
449556.0,3.51e-05,1.0
449586.0,3.51e-05,1.0
449622.0,3.51e-05,2.0
449626.0,3.51e-05,1.0
449658.0,3.51e-05,2.0
449661.0,3.51e-05,2.0
449682.0,3.51e-05,2.0
449693.0,3.51e-05,1.0
449723.0,3.51e-05,1.0
449826.0,3.51e-05,1.0
449919.0,3.51e-05,2.0
449929.0,3.51e-05,1.0
449932.0,3.51e-05,1.0
440718.0,3.51e-05,1.0
442062.0,3.51e-05,1.0
444528.0,3.51e-05,1.0
444841.0,3.51e-05,1.0
446632.0,3.51e-05,1.0
447773.0,3.51e-05,1.0
449681.0,3.51e-05,2.0
449082.0,3.51e-05,1.0
450024.0,3.76e-05,5.0
450036.0,3.76e-05,3.0
450081.0,3.76e-05,1.0
450109.0,3.76e-05,2.0
450136.0,3.76e-05,3.0
450210.0,3.76e-05,3.0
450344.0,3.76e-05,2.0
450346.0,3.76e-05,3.0
450388.0,3.76e-05,3.0
450389.0,3.76e-05,3.0
450425.0,3.76e-05,2.0
450505.0,3.76e-05,3.0
450620.0,3.76e-05,3.0
450628.0,3.76e-05,4.0
450634.0,3.76e-05,1.0
450642.0,3.76e-05,3.0
450665.0,3.76e-05,4.0
450680.0,3.76e-05,3.0
450683.0,3.76e-05,3.0
450687.0,3.76e-05,3.0
450737.0,3.76e-05,5.0
450754.0,3.76e-05,5.0
450788.0,3.76e-05,2.0
450790.0,3.76e-05,1.0
450800.0,3.76e-05,1.0
450821.0,3.76e-05,3.0
450841.0,3.76e-05,2.0
450889.0,3.76e-05,1.0
450913.0,3.76e-05,2.0
450998.0,3.76e-05,1.0
451008.0,3.76e-05,3.0
451041.0,3.76e-05,3.0
451046.0,3.76e-05,3.0
451099.0,3.76e-05,2.0
451106.0,3.76e-05,2.0
451122.0,3.76e-05,2.0
451124.0,3.76e-05,4.0
451151.0,3.76e-05,2.0
451179.0,3.76e-05,2.0
451203.0,3.76e-05,3.0
451288.0,3.76e-05,2.0
451316.0,3.76e-05,2.0
451350.0,3.76e-05,2.0
451427.0,3.76e-05,3.0
451486.0,3.76e-05,4.0
451600.0,3.76e-05,3.0
451741.0,3.76e-05,2.0
451826.0,3.76e-05,3.0
451921.0,3.76e-05,3.0
451938.0,3.76e-05,3.0
451986.0,3.76e-05,2.0
451997.0,3.76e-05,3.0
452015.0,3.76e-05,2.0
452150.0,3.76e-05,3.0
452210.0,3.76e-05,4.0
452216.0,3.76e-05,3.0
452264.0,3.76e-05,5.0
452271.0,3.76e-05,3.0
452273.0,3.76e-05,5.0
452303.0,3.76e-05,3.0
452352.0,3.76e-05,3.0
452354.0,3.76e-05,2.0
452368.0,3.76e-05,2.0
452401.0,3.76e-05,1.0
452414.0,3.76e-05,4.0
452424.0,3.76e-05,3.0
452568.0,3.76e-05,3.0
452753.0,3.76e-05,1.0
452775.0,3.76e-05,2.0
452777.0,3.76e-05,5.0
452818.0,3.76e-05,4.0
452826.0,3.76e-05,2.0
452871.0,3.76e-05,2.0
452915.0,3.76e-05,2.0
452978.0,3.76e-05,2.0
453071.0,3.76e-05,3.0
453089.0,3.76e-05,3.0
453271.0,3.76e-05,2.0
453290.0,3.76e-05,2.0
453300.0,3.76e-05,2.0
453305.0,3.76e-05,3.0
453314.0,3.76e-05,3.0
453363.0,3.76e-05,4.0
453376.0,3.76e-05,3.0
453411.0,3.76e-05,2.0
453459.0,3.76e-05,3.0
453461.0,3.76e-05,3.0
453474.0,3.76e-05,3.0
453495.0,3.76e-05,2.0
453514.0,3.76e-05,5.0
453517.0,3.76e-05,3.0
453529.0,3.76e-05,2.0
453550.0,3.76e-05,2.0
453568.0,3.76e-05,2.0
453588.0,3.76e-05,2.0
453682.0,3.76e-05,4.0
453813.0,3.76e-05,5.0
453818.0,3.76e-05,3.0
453857.0,3.76e-05,2.0
453936.0,3.76e-05,3.0
453944.0,3.76e-05,3.0
453984.0,3.76e-05,2.0
453995.0,3.76e-05,3.0
454001.0,3.76e-05,2.0
454015.0,3.76e-05,3.0
454023.0,3.76e-05,3.0
454025.0,3.76e-05,3.0
454103.0,3.76e-05,4.0
454130.0,3.76e-05,2.0
454135.0,3.76e-05,3.0
454165.0,3.76e-05,3.0
454171.0,3.76e-05,2.0
454237.0,3.76e-05,3.0
454255.0,3.76e-05,2.0
454262.0,3.76e-05,4.0
454264.0,3.76e-05,3.0
454308.0,3.76e-05,3.0
454348.0,3.76e-05,2.0
454407.0,3.76e-05,2.0
454431.0,3.76e-05,5.0
454518.0,3.76e-05,4.0
454549.0,3.76e-05,3.0
454572.0,3.76e-05,1.0
454603.0,3.76e-05,4.0
454614.0,3.76e-05,2.0
454615.0,3.76e-05,2.0
454616.0,3.76e-05,3.0
454691.0,3.76e-05,4.0
454721.0,3.76e-05,3.0
454822.0,3.76e-05,2.0
454909.0,3.76e-05,4.0
454917.0,3.76e-05,2.0
454928.0,3.76e-05,2.0
454936.0,3.76e-05,4.0
454966.0,3.76e-05,5.0
455043.0,3.76e-05,2.0
455051.0,3.76e-05,2.0
455088.0,3.76e-05,3.0
455146.0,3.76e-05,2.0
455160.0,3.76e-05,3.0
455200.0,3.76e-05,1.0
455204.0,3.76e-05,2.0
455253.0,3.76e-05,2.0
455304.0,3.76e-05,1.0
455318.0,3.76e-05,4.0
455328.0,3.76e-05,2.0
455446.0,3.76e-05,2.0
455465.0,3.76e-05,3.0
455470.0,3.76e-05,2.0
455521.0,3.76e-05,4.0
455534.0,3.76e-05,2.0
455543.0,3.76e-05,2.0
455548.0,3.76e-05,3.0
455555.0,3.76e-05,3.0
455574.0,3.76e-05,3.0
455608.0,3.76e-05,2.0
455615.0,3.76e-05,2.0
455621.0,3.76e-05,2.0
455636.0,3.76e-05,3.0
455728.0,3.76e-05,2.0
455756.0,3.76e-05,3.0
455767.0,3.76e-05,3.0
455773.0,3.76e-05,2.0
455803.0,3.76e-05,2.0
455893.0,3.76e-05,3.0
455945.0,3.76e-05,2.0
455950.0,3.76e-05,3.0
456009.0,3.76e-05,2.0
456048.0,3.76e-05,3.0
456113.0,3.76e-05,3.0
456118.0,3.76e-05,3.0
456266.0,3.76e-05,5.0
456270.0,3.76e-05,3.0
456337.0,3.76e-05,3.0
456388.0,3.76e-05,2.0
456410.0,3.76e-05,3.0
456436.0,3.76e-05,3.0
456446.0,3.76e-05,2.0
456450.0,3.76e-05,2.0
456465.0,3.76e-05,2.0
456539.0,3.76e-05,1.0
456540.0,3.76e-05,2.0
456556.0,3.76e-05,3.0
456573.0,3.76e-05,3.0
456602.0,3.76e-05,3.0
456707.0,3.76e-05,3.0
456818.0,3.76e-05,3.0
456860.0,3.76e-05,4.0
457170.0,3.76e-05,2.0
457187.0,3.76e-05,2.0
457210.0,3.76e-05,3.0
457238.0,3.76e-05,3.0
457268.0,3.76e-05,1.0
457286.0,3.76e-05,2.0
457356.0,3.76e-05,2.0
457366.0,3.76e-05,4.0
457369.0,3.76e-05,3.0
457466.0,3.76e-05,3.0
457487.0,3.76e-05,2.0
457514.0,3.76e-05,2.0
457525.0,3.76e-05,2.0
457535.0,3.76e-05,2.0
457612.0,3.76e-05,3.0
457616.0,3.76e-05,2.0
457642.0,3.76e-05,2.0
457659.0,3.76e-05,3.0
457699.0,3.76e-05,4.0
457701.0,3.76e-05,5.0
457706.0,3.76e-05,2.0
457710.0,3.76e-05,2.0
457711.0,3.76e-05,2.0
457721.0,3.76e-05,3.0
457761.0,3.76e-05,2.0
457829.0,3.76e-05,3.0
457847.0,3.76e-05,4.0
457859.0,3.76e-05,4.0
457877.0,3.76e-05,2.0
457881.0,3.76e-05,2.0
457941.0,3.76e-05,4.0
457948.0,3.76e-05,2.0
457966.0,3.76e-05,4.0
457990.0,3.76e-05,3.0
458041.0,3.76e-05,2.0
458055.0,3.76e-05,3.0
458058.0,3.76e-05,2.0
458086.0,3.76e-05,3.0
458113.0,3.76e-05,3.0
458117.0,3.76e-05,2.0
458171.0,3.76e-05,4.0
458189.0,3.76e-05,3.0
458205.0,3.76e-05,4.0
458230.0,3.76e-05,2.0
458276.0,3.76e-05,3.0
458356.0,3.76e-05,4.0
458462.0,3.76e-05,3.0
458493.0,3.76e-05,2.0
458513.0,3.76e-05,3.0
458519.0,3.76e-05,3.0
458535.0,3.76e-05,3.0
458570.0,3.76e-05,2.0
458691.0,3.76e-05,3.0
458703.0,3.76e-05,3.0
458769.0,3.76e-05,3.0
458795.0,3.76e-05,2.0
458796.0,3.76e-05,5.0
458814.0,3.76e-05,2.0
458857.0,3.76e-05,4.0
458868.0,3.76e-05,1.0
458869.0,3.76e-05,3.0
458930.0,3.76e-05,3.0
458994.0,3.76e-05,1.0
459043.0,3.76e-05,4.0
459050.0,3.76e-05,3.0
459177.0,3.76e-05,2.0
459218.0,3.76e-05,2.0
459220.0,3.76e-05,2.0
459233.0,3.76e-05,2.0
459270.0,3.76e-05,2.0
459320.0,3.76e-05,3.0
459338.0,3.76e-05,1.0
459408.0,3.76e-05,2.0
459510.0,3.76e-05,3.0
459556.0,3.76e-05,3.0
459586.0,3.76e-05,3.0
459591.0,3.76e-05,2.0
459622.0,3.76e-05,2.0
459693.0,3.76e-05,3.0
459723.0,3.76e-05,3.0
459730.0,3.76e-05,1.0
459919.0,3.76e-05,3.0
450027.0,3.76e-05,1.0
450032.0,3.76e-05,1.0
450063.0,3.76e-05,1.0
450070.0,3.76e-05,1.0
450107.0,3.76e-05,1.0
450474.0,3.76e-05,1.0
450554.0,3.76e-05,1.0
450585.0,3.76e-05,1.0
450725.0,3.76e-05,1.0
450837.0,3.76e-05,1.0
450914.0,3.76e-05,1.0
450997.0,3.76e-05,1.0
451000.0,3.76e-05,1.0
451118.0,3.76e-05,1.0
451147.0,3.76e-05,1.0
451200.0,3.76e-05,1.0
451202.0,3.76e-05,1.0
451216.0,3.76e-05,1.0
451266.0,3.76e-05,1.0
451396.0,3.76e-05,1.0
451436.0,3.76e-05,1.0
451479.0,3.76e-05,1.0
451494.0,3.76e-05,1.0
451563.0,3.76e-05,1.0
451576.0,3.76e-05,1.0
451580.0,3.76e-05,1.0
451603.0,3.76e-05,1.0
451629.0,3.76e-05,1.0
451781.0,3.76e-05,1.0
451964.0,3.76e-05,1.0
452026.0,3.76e-05,1.0
452043.0,3.76e-05,1.0
452047.0,3.76e-05,1.0
452177.0,3.76e-05,1.0
452239.0,3.76e-05,1.0
452318.0,3.76e-05,1.0
452358.0,3.76e-05,1.0
452389.0,3.76e-05,1.0
452404.0,3.76e-05,1.0
452503.0,3.76e-05,1.0
452557.0,3.76e-05,1.0
452571.0,3.76e-05,1.0
452634.0,3.76e-05,1.0
452760.0,3.76e-05,1.0
452764.0,3.76e-05,1.0
452766.0,3.76e-05,1.0
452819.0,3.76e-05,1.0
452837.0,3.76e-05,1.0
452872.0,3.76e-05,1.0
453019.0,3.76e-05,1.0
453048.0,3.76e-05,1.0
453055.0,3.76e-05,1.0
453120.0,3.76e-05,1.0
453197.0,3.76e-05,1.0
453251.0,3.76e-05,1.0
453454.0,3.76e-05,1.0
453493.0,3.76e-05,1.0
453512.0,3.76e-05,1.0
453530.0,3.76e-05,1.0
453644.0,3.76e-05,1.0
453771.0,3.76e-05,1.0
453775.0,3.76e-05,1.0
453937.0,3.76e-05,1.0
453972.0,3.76e-05,1.0
454004.0,3.76e-05,1.0
454096.0,3.76e-05,1.0
454138.0,3.76e-05,1.0
454184.0,3.76e-05,1.0
454192.0,3.76e-05,1.0
454203.0,3.76e-05,1.0
454337.0,3.76e-05,1.0
454343.0,3.76e-05,1.0
454344.0,3.76e-05,1.0
454345.0,3.76e-05,1.0
454408.0,3.76e-05,1.0
454739.0,3.76e-05,1.0
454866.0,3.76e-05,1.0
454975.0,3.76e-05,1.0
455059.0,3.76e-05,1.0
455191.0,3.76e-05,1.0
455278.0,3.76e-05,1.0
455357.0,3.76e-05,1.0
455390.0,3.76e-05,1.0
455429.0,3.76e-05,1.0
455437.0,3.76e-05,1.0
455482.0,3.76e-05,1.0
455610.0,3.76e-05,1.0
455626.0,3.76e-05,1.0
455639.0,3.76e-05,1.0
455642.0,3.76e-05,1.0
455652.0,3.76e-05,1.0
455660.0,3.76e-05,1.0
455747.0,3.76e-05,1.0
455815.0,3.76e-05,1.0
455936.0,3.76e-05,1.0
455965.0,3.76e-05,1.0
455999.0,3.76e-05,1.0
456125.0,3.76e-05,1.0
456162.0,3.76e-05,1.0
456276.0,3.76e-05,1.0
456344.0,3.76e-05,1.0
456432.0,3.76e-05,1.0
456525.0,3.76e-05,1.0
456634.0,3.76e-05,1.0
456747.0,3.76e-05,1.0
456790.0,3.76e-05,1.0
456949.0,3.76e-05,1.0
457083.0,3.76e-05,1.0
457089.0,3.76e-05,1.0
457126.0,3.76e-05,1.0
457145.0,3.76e-05,1.0
457226.0,3.76e-05,1.0
457273.0,3.76e-05,1.0
457434.0,3.76e-05,1.0
457453.0,3.76e-05,1.0
457482.0,3.76e-05,1.0
457694.0,3.76e-05,1.0
457752.0,3.76e-05,1.0
457773.0,3.76e-05,1.0
457817.0,3.76e-05,1.0
457879.0,3.76e-05,1.0
457943.0,3.76e-05,1.0
457957.0,3.76e-05,1.0
457991.0,3.76e-05,1.0
458062.0,3.76e-05,1.0
458207.0,3.76e-05,1.0
458305.0,3.76e-05,1.0
458307.0,3.76e-05,1.0
458841.0,3.76e-05,1.0
458972.0,3.76e-05,1.0
459096.0,3.76e-05,1.0
459298.0,3.76e-05,1.0
459381.0,3.76e-05,1.0
459440.0,3.76e-05,1.0
459447.0,3.76e-05,1.0
459515.0,3.76e-05,1.0
459549.0,3.76e-05,1.0
459658.0,3.76e-05,1.0
459682.0,3.76e-05,1.0
459684.0,3.76e-05,1.0
459747.0,3.76e-05,1.0
459754.0,3.76e-05,1.0
459857.0,3.76e-05,1.0
459917.0,3.76e-05,1.0
460004.0,4.04e-05,1.0
460024.0,4.04e-05,4.0
460027.0,4.04e-05,2.0
460029.0,4.04e-05,1.0
460032.0,4.04e-05,3.0
460040.0,4.04e-05,2.0
460064.0,4.04e-05,1.0
460080.0,4.04e-05,2.0
460106.0,4.04e-05,2.0
460107.0,4.04e-05,2.0
460126.0,4.04e-05,1.0
460207.0,4.04e-05,1.0
460210.0,4.04e-05,3.0
460235.0,4.04e-05,1.0
460250.0,4.04e-05,2.0
460291.0,4.04e-05,2.0
460334.0,4.04e-05,2.0
460344.0,4.04e-05,1.0
460383.0,4.04e-05,2.0
460388.0,4.04e-05,2.0
460402.0,4.04e-05,2.0
460461.0,4.04e-05,2.0
460474.0,4.04e-05,4.0
460490.0,4.04e-05,1.0
460515.0,4.04e-05,1.0
460525.0,4.04e-05,1.0
460543.0,4.04e-05,2.0
460551.0,4.04e-05,1.0
460554.0,4.04e-05,4.0
460568.0,4.04e-05,1.0
460585.0,4.04e-05,2.0
460592.0,4.04e-05,5.0
460620.0,4.04e-05,2.0
460628.0,4.04e-05,1.0
460634.0,4.04e-05,1.0
460665.0,4.04e-05,2.0
460680.0,4.04e-05,2.0
460681.0,4.04e-05,2.0
460683.0,4.04e-05,1.0
460687.0,4.04e-05,1.0
460690.0,4.04e-05,2.0
460725.0,4.04e-05,4.0
460730.0,4.04e-05,1.0
460754.0,4.04e-05,4.0
460760.0,4.04e-05,1.0
460783.0,4.04e-05,3.0
460788.0,4.04e-05,2.0
460790.0,4.04e-05,1.0
460821.0,4.04e-05,1.0
460870.0,4.04e-05,2.0
460884.0,4.04e-05,2.0
460899.0,4.04e-05,1.0
460914.0,4.04e-05,2.0
460973.0,4.04e-05,4.0
460976.0,4.04e-05,2.0
460982.0,4.04e-05,5.0
460997.0,4.04e-05,5.0
460998.0,4.04e-05,1.0
461021.0,4.04e-05,1.0
461041.0,4.04e-05,1.0
461046.0,4.04e-05,2.0
461048.0,4.04e-05,1.0
461051.0,4.04e-05,1.0
461078.0,4.04e-05,5.0
461099.0,4.04e-05,5.0
461106.0,4.04e-05,1.0
461108.0,4.04e-05,2.0
461118.0,4.04e-05,2.0
461138.0,4.04e-05,1.0
461139.0,4.04e-05,1.0
461147.0,4.04e-05,2.0
461151.0,4.04e-05,1.0
461156.0,4.04e-05,4.0
461170.0,4.04e-05,1.0
461200.0,4.04e-05,2.0
461203.0,4.04e-05,2.0
461238.0,4.04e-05,2.0
461266.0,4.04e-05,3.0
461282.0,4.04e-05,1.0
461286.0,4.04e-05,1.0
461290.0,4.04e-05,1.0
461298.0,4.04e-05,1.0
461316.0,4.04e-05,2.0
461341.0,4.04e-05,2.0
461350.0,4.04e-05,2.0
461354.0,4.04e-05,1.0
461403.0,4.04e-05,1.0
461427.0,4.04e-05,1.0
461436.0,4.04e-05,1.0
461458.0,4.04e-05,1.0
461479.0,4.04e-05,3.0
461494.0,4.04e-05,2.0
461512.0,4.04e-05,1.0
461536.0,4.04e-05,1.0
461563.0,4.04e-05,1.0
461572.0,4.04e-05,3.0
461576.0,4.04e-05,1.0
461580.0,4.04e-05,1.0
461589.0,4.04e-05,4.0
461600.0,4.04e-05,3.0
461602.0,4.04e-05,1.0
461611.0,4.04e-05,1.0
461666.0,4.04e-05,1.0
461684.0,4.04e-05,1.0
461695.0,4.04e-05,2.0
461713.0,4.04e-05,1.0
461730.0,4.04e-05,4.0
461741.0,4.04e-05,2.0
461754.0,4.04e-05,1.0
461777.0,4.04e-05,3.0
461790.0,4.04e-05,3.0
461811.0,4.04e-05,2.0
461816.0,4.04e-05,1.0
461820.0,4.04e-05,1.0
461824.0,4.04e-05,2.0
461826.0,4.04e-05,2.0
461848.0,4.04e-05,1.0
461874.0,4.04e-05,1.0
461875.0,4.04e-05,1.0
461908.0,4.04e-05,1.0
461921.0,4.04e-05,4.0
461938.0,4.04e-05,3.0
461964.0,4.04e-05,2.0
461972.0,4.04e-05,1.0
461983.0,4.04e-05,2.0
461986.0,4.04e-05,2.0
461997.0,4.04e-05,2.0
462015.0,4.04e-05,2.0
462026.0,4.04e-05,3.0
462031.0,4.04e-05,1.0
462043.0,4.04e-05,5.0
462047.0,4.04e-05,2.0
462087.0,4.04e-05,1.0
462150.0,4.04e-05,4.0
462156.0,4.04e-05,1.0
462173.0,4.04e-05,2.0
462177.0,4.04e-05,2.0
462210.0,4.04e-05,1.0
462216.0,4.04e-05,2.0
462239.0,4.04e-05,1.0
462264.0,4.04e-05,3.0
462271.0,4.04e-05,3.0
462273.0,4.04e-05,2.0
462313.0,4.04e-05,1.0
462318.0,4.04e-05,4.0
462324.0,4.04e-05,1.0
462339.0,4.04e-05,1.0
462340.0,4.04e-05,1.0
462345.0,4.04e-05,1.0
462352.0,4.04e-05,2.0
462354.0,4.04e-05,2.0
462358.0,4.04e-05,1.0
462376.0,4.04e-05,2.0
462397.0,4.04e-05,1.0
462404.0,4.04e-05,2.0
462413.0,4.04e-05,2.0
462438.0,4.04e-05,3.0
462461.0,4.04e-05,2.0
462503.0,4.04e-05,3.0
462511.0,4.04e-05,2.0
462514.0,4.04e-05,1.0
462568.0,4.04e-05,3.0
462571.0,4.04e-05,2.0
462576.0,4.04e-05,1.0
462624.0,4.04e-05,1.0
462633.0,4.04e-05,2.0
462634.0,4.04e-05,2.0
462702.0,4.04e-05,1.0
462725.0,4.04e-05,2.0
462764.0,4.04e-05,2.0
462766.0,4.04e-05,1.0
462775.0,4.04e-05,1.0
462777.0,4.04e-05,3.0
462786.0,4.04e-05,1.0
462818.0,4.04e-05,2.0
462819.0,4.04e-05,1.0
462825.0,4.04e-05,2.0
462837.0,4.04e-05,1.0
462861.0,4.04e-05,5.0
462872.0,4.04e-05,2.0
462875.0,4.04e-05,1.0
462888.0,4.04e-05,1.0
462892.0,4.04e-05,2.0
462894.0,4.04e-05,2.0
462978.0,4.04e-05,2.0
463027.0,4.04e-05,2.0
463048.0,4.04e-05,2.0
463055.0,4.04e-05,2.0
463056.0,4.04e-05,1.0
463088.0,4.04e-05,4.0
463089.0,4.04e-05,2.0
463093.0,4.04e-05,1.0
463110.0,4.04e-05,1.0
463120.0,4.04e-05,4.0
463124.0,4.04e-05,1.0
463197.0,4.04e-05,2.0
463205.0,4.04e-05,2.0
463213.0,4.04e-05,3.0
463218.0,4.04e-05,3.0
463246.0,4.04e-05,2.0
463251.0,4.04e-05,3.0
463252.0,4.04e-05,1.0
463254.0,4.04e-05,2.0
463271.0,4.04e-05,2.0
463287.0,4.04e-05,1.0
463290.0,4.04e-05,3.0
463297.0,4.04e-05,1.0
463300.0,4.04e-05,2.0
463303.0,4.04e-05,2.0
463305.0,4.04e-05,1.0
463314.0,4.04e-05,2.0
463340.0,4.04e-05,1.0
463341.0,4.04e-05,2.0
463345.0,4.04e-05,1.0
463363.0,4.04e-05,2.0
463381.0,4.04e-05,1.0
463411.0,4.04e-05,4.0
463454.0,4.04e-05,2.0
463459.0,4.04e-05,1.0
463461.0,4.04e-05,2.0
463493.0,4.04e-05,4.0
463495.0,4.04e-05,3.0
463501.0,4.04e-05,1.0
463512.0,4.04e-05,2.0
463514.0,4.04e-05,2.0
463529.0,4.04e-05,4.0
463530.0,4.04e-05,2.0
463544.0,4.04e-05,1.0
463550.0,4.04e-05,2.0
463568.0,4.04e-05,3.0
463577.0,4.04e-05,1.0
463588.0,4.04e-05,2.0
463619.0,4.04e-05,1.0
463644.0,4.04e-05,5.0
463653.0,4.04e-05,2.0
463655.0,4.04e-05,2.0
463671.0,4.04e-05,1.0
463682.0,4.04e-05,1.0
463736.0,4.04e-05,1.0
463771.0,4.04e-05,2.0
463775.0,4.04e-05,2.0
463777.0,4.04e-05,2.0
463809.0,4.04e-05,2.0
463813.0,4.04e-05,2.0
463818.0,4.04e-05,4.0
463827.0,4.04e-05,1.0
463850.0,4.04e-05,1.0
463853.0,4.04e-05,1.0
463857.0,4.04e-05,2.0
463936.0,4.04e-05,1.0
463937.0,4.04e-05,2.0
463944.0,4.04e-05,1.0
463972.0,4.04e-05,2.0
463977.0,4.04e-05,4.0
463982.0,4.04e-05,1.0
463984.0,4.04e-05,3.0
463995.0,4.04e-05,1.0
464001.0,4.04e-05,2.0
464004.0,4.04e-05,3.0
464015.0,4.04e-05,1.0
464023.0,4.04e-05,1.0
464025.0,4.04e-05,1.0
464028.0,4.04e-05,3.0
464034.0,4.04e-05,1.0
464045.0,4.04e-05,1.0
464059.0,4.04e-05,1.0
464096.0,4.04e-05,1.0
464130.0,4.04e-05,2.0
464165.0,4.04e-05,1.0
464192.0,4.04e-05,2.0
464203.0,4.04e-05,2.0
464211.0,4.04e-05,2.0
464251.0,4.04e-05,3.0
464253.0,4.04e-05,4.0
464262.0,4.04e-05,1.0
464264.0,4.04e-05,4.0
464274.0,4.04e-05,5.0
464281.0,4.04e-05,4.0
464285.0,4.04e-05,5.0
464294.0,4.04e-05,1.0
464308.0,4.04e-05,5.0
464343.0,4.04e-05,4.0
464344.0,4.04e-05,1.0
464348.0,4.04e-05,2.0
464362.0,4.04e-05,1.0
464364.0,4.04e-05,2.0
464407.0,4.04e-05,1.0
464417.0,4.04e-05,1.0
464430.0,4.04e-05,2.0
464432.0,4.04e-05,2.0
464437.0,4.04e-05,1.0
464450.0,4.04e-05,1.0
464455.0,4.04e-05,2.0
464476.0,4.04e-05,4.0
464484.0,4.04e-05,1.0
464543.0,4.04e-05,2.0
464549.0,4.04e-05,2.0
464572.0,4.04e-05,2.0
464575.0,4.04e-05,1.0
464579.0,4.04e-05,2.0
464603.0,4.04e-05,4.0
464614.0,4.04e-05,2.0
464616.0,4.04e-05,2.0
464637.0,4.04e-05,1.0
464654.0,4.04e-05,3.0
464691.0,4.04e-05,2.0
464701.0,4.04e-05,1.0
464704.0,4.04e-05,2.0
464721.0,4.04e-05,1.0
464739.0,4.04e-05,4.0
464741.0,4.04e-05,1.0
464780.0,4.04e-05,1.0
464802.0,4.04e-05,5.0
464833.0,4.04e-05,1.0
464834.0,4.04e-05,1.0
464866.0,4.04e-05,1.0
464906.0,4.04e-05,1.0
464909.0,4.04e-05,1.0
464936.0,4.04e-05,2.0
464966.0,4.04e-05,2.0
464975.0,4.04e-05,2.0
464977.0,4.04e-05,1.0
464990.0,4.04e-05,2.0
464996.0,4.04e-05,1.0
465005.0,4.04e-05,2.0
465030.0,4.04e-05,2.0
465043.0,4.04e-05,1.0
465050.0,4.04e-05,4.0
465051.0,4.04e-05,3.0
465074.0,4.04e-05,3.0
465088.0,4.04e-05,2.0
465105.0,4.04e-05,2.0
465121.0,4.04e-05,1.0
465146.0,4.04e-05,5.0
465157.0,4.04e-05,1.0
465159.0,4.04e-05,2.0
465160.0,4.04e-05,2.0
465170.0,4.04e-05,1.0
465181.0,4.04e-05,1.0
465191.0,4.04e-05,2.0
465204.0,4.04e-05,2.0
465212.0,4.04e-05,2.0
465223.0,4.04e-05,1.0
465260.0,4.04e-05,1.0
465278.0,4.04e-05,2.0
465281.0,4.04e-05,1.0
465305.0,4.04e-05,1.0
465306.0,4.04e-05,2.0
465314.0,4.04e-05,2.0
465318.0,4.04e-05,3.0
465328.0,4.04e-05,2.0
465344.0,4.04e-05,2.0
465407.0,4.04e-05,5.0
465429.0,4.04e-05,1.0
465437.0,4.04e-05,2.0
465446.0,4.04e-05,2.0
465448.0,4.04e-05,1.0
465450.0,4.04e-05,1.0
465465.0,4.04e-05,2.0
465470.0,4.04e-05,1.0
465474.0,4.04e-05,3.0
465488.0,4.04e-05,4.0
465534.0,4.04e-05,1.0
465540.0,4.04e-05,1.0
465542.0,4.04e-05,2.0
465543.0,4.04e-05,3.0
465548.0,4.04e-05,2.0
465549.0,4.04e-05,2.0
465555.0,4.04e-05,2.0
465610.0,4.04e-05,2.0
465615.0,4.04e-05,1.0
465639.0,4.04e-05,5.0
465642.0,4.04e-05,2.0
465652.0,4.04e-05,2.0
465663.0,4.04e-05,1.0
465708.0,4.04e-05,1.0
465728.0,4.04e-05,2.0
465747.0,4.04e-05,1.0
465749.0,4.04e-05,2.0
465756.0,4.04e-05,2.0
465767.0,4.04e-05,1.0
465773.0,4.04e-05,2.0
465785.0,4.04e-05,1.0
465803.0,4.04e-05,2.0
465805.0,4.04e-05,2.0
465856.0,4.04e-05,3.0
465874.0,4.04e-05,1.0
465893.0,4.04e-05,1.0
465895.0,4.04e-05,2.0
465936.0,4.04e-05,2.0
465965.0,4.04e-05,4.0
465987.0,4.04e-05,1.0
465999.0,4.04e-05,1.0
466009.0,4.04e-05,2.0
466048.0,4.04e-05,2.0
466101.0,4.04e-05,2.0
466113.0,4.04e-05,1.0
466131.0,4.04e-05,2.0
466162.0,4.04e-05,1.0
466166.0,4.04e-05,2.0
466180.0,4.04e-05,2.0
466199.0,4.04e-05,1.0
466227.0,4.04e-05,1.0
466241.0,4.04e-05,2.0
466270.0,4.04e-05,2.0
466276.0,4.04e-05,2.0
466295.0,4.04e-05,2.0
466308.0,4.04e-05,1.0
466322.0,4.04e-05,2.0
466326.0,4.04e-05,2.0
466344.0,4.04e-05,2.0
466388.0,4.04e-05,2.0
466410.0,4.04e-05,3.0
466432.0,4.04e-05,1.0
466436.0,4.04e-05,4.0
466463.0,4.04e-05,1.0
466483.0,4.04e-05,2.0
466519.0,4.04e-05,1.0
466539.0,4.04e-05,1.0
466556.0,4.04e-05,1.0
466584.0,4.04e-05,1.0
466590.0,4.04e-05,2.0
466592.0,4.04e-05,2.0
466602.0,4.04e-05,1.0
466650.0,4.04e-05,1.0
466707.0,4.04e-05,1.0
466747.0,4.04e-05,2.0
466790.0,4.04e-05,2.0
466793.0,4.04e-05,1.0
466813.0,4.04e-05,2.0
466818.0,4.04e-05,1.0
466820.0,4.04e-05,2.0
466840.0,4.04e-05,3.0
466888.0,4.04e-05,1.0
466909.0,4.04e-05,1.0
466967.0,4.04e-05,2.0
466969.0,4.04e-05,3.0
466970.0,4.04e-05,1.0
466973.0,4.04e-05,2.0
466986.0,4.04e-05,5.0
467050.0,4.04e-05,3.0
467080.0,4.04e-05,2.0
467083.0,4.04e-05,2.0
467126.0,4.04e-05,3.0
467148.0,4.04e-05,1.0
467150.0,4.04e-05,2.0
467170.0,4.04e-05,2.0
467187.0,4.04e-05,2.0
467197.0,4.04e-05,1.0
467199.0,4.04e-05,1.0
467226.0,4.04e-05,4.0
467238.0,4.04e-05,2.0
467255.0,4.04e-05,2.0
467264.0,4.04e-05,1.0
467268.0,4.04e-05,2.0
467273.0,4.04e-05,2.0
467276.0,4.04e-05,1.0
467286.0,4.04e-05,1.0
467298.0,4.04e-05,4.0
467300.0,4.04e-05,1.0
467305.0,4.04e-05,1.0
467308.0,4.04e-05,2.0
467322.0,4.04e-05,2.0
467334.0,4.04e-05,1.0
467341.0,4.04e-05,2.0
467357.0,4.04e-05,2.0
467358.0,4.04e-05,1.0
467363.0,4.04e-05,1.0
467364.0,4.04e-05,1.0
467366.0,4.04e-05,2.0
467369.0,4.04e-05,1.0
467415.0,4.04e-05,5.0
467434.0,4.04e-05,1.0
467437.0,4.04e-05,1.0
467453.0,4.04e-05,2.0
467466.0,4.04e-05,1.0
467487.0,4.04e-05,4.0
467514.0,4.04e-05,1.0
467520.0,4.04e-05,4.0
467525.0,4.04e-05,4.0
467535.0,4.04e-05,2.0
467537.0,4.04e-05,1.0
467612.0,4.04e-05,3.0
467616.0,4.04e-05,2.0
467620.0,4.04e-05,2.0
467622.0,4.04e-05,1.0
467626.0,4.04e-05,1.0
467642.0,4.04e-05,1.0
467659.0,4.04e-05,2.0
467694.0,4.04e-05,2.0
467699.0,4.04e-05,1.0
467701.0,4.04e-05,4.0
467706.0,4.04e-05,1.0
467714.0,4.04e-05,1.0
467728.0,4.04e-05,4.0
467752.0,4.04e-05,3.0
467755.0,4.04e-05,1.0
467761.0,4.04e-05,1.0
467765.0,4.04e-05,3.0
467829.0,4.04e-05,5.0
467834.0,4.04e-05,2.0
467847.0,4.04e-05,1.0
467859.0,4.04e-05,1.0
467870.0,4.04e-05,1.0
467879.0,4.04e-05,1.0
467881.0,4.04e-05,1.0
467917.0,4.04e-05,2.0
467923.0,4.04e-05,1.0
467943.0,4.04e-05,2.0
467966.0,4.04e-05,1.0
467990.0,4.04e-05,2.0
467991.0,4.04e-05,2.0
468008.0,4.04e-05,1.0
468026.0,4.04e-05,1.0
468055.0,4.04e-05,1.0
468058.0,4.04e-05,1.0
468080.0,4.04e-05,1.0
468082.0,4.04e-05,1.0
468088.0,4.04e-05,3.0
468163.0,4.04e-05,1.0
468171.0,4.04e-05,2.0
468189.0,4.04e-05,1.0
468205.0,4.04e-05,1.0
468234.0,4.04e-05,1.0
468245.0,4.04e-05,2.0
468259.0,4.04e-05,2.0
468276.0,4.04e-05,2.0
468304.0,4.04e-05,1.0
468305.0,4.04e-05,2.0
468333.0,4.04e-05,2.0
468352.0,4.04e-05,3.0
468356.0,4.04e-05,3.0
468359.0,4.04e-05,1.0
468366.0,4.04e-05,1.0
468388.0,4.04e-05,2.0
468462.0,4.04e-05,4.0
468469.0,4.04e-05,4.0
468493.0,4.04e-05,2.0
468499.0,4.04e-05,2.0
468513.0,4.04e-05,2.0
468535.0,4.04e-05,2.0
468553.0,4.04e-05,1.0
468565.0,4.04e-05,1.0
468580.0,4.04e-05,1.0
468621.0,4.04e-05,1.0
468679.0,4.04e-05,1.0
468686.0,4.04e-05,1.0
468691.0,4.04e-05,2.0
468703.0,4.04e-05,2.0
468718.0,4.04e-05,3.0
468732.0,4.04e-05,2.0
468752.0,4.04e-05,3.0
468769.0,4.04e-05,4.0
468788.0,4.04e-05,1.0
468805.0,4.04e-05,2.0
468814.0,4.04e-05,2.0
468820.0,4.04e-05,4.0
468829.0,4.04e-05,2.0
468833.0,4.04e-05,1.0
468841.0,4.04e-05,2.0
468857.0,4.04e-05,1.0
468897.0,4.04e-05,1.0
468904.0,4.04e-05,1.0
468921.0,4.04e-05,1.0
468930.0,4.04e-05,5.0
468933.0,4.04e-05,1.0
468972.0,4.04e-05,2.0
468986.0,4.04e-05,1.0
469009.0,4.04e-05,3.0
469015.0,4.04e-05,5.0
469039.0,4.04e-05,2.0
469043.0,4.04e-05,4.0
469050.0,4.04e-05,1.0
469054.0,4.04e-05,1.0
469068.0,4.04e-05,1.0
469086.0,4.04e-05,1.0
469096.0,4.04e-05,5.0
469120.0,4.04e-05,1.0
469154.0,4.04e-05,1.0
469160.0,4.04e-05,1.0
469177.0,4.04e-05,2.0
469185.0,4.04e-05,3.0
469200.0,4.04e-05,2.0
469202.0,4.04e-05,1.0
469215.0,4.04e-05,1.0
469320.0,4.04e-05,5.0
469321.0,4.04e-05,3.0
469353.0,4.04e-05,2.0
469363.0,4.04e-05,1.0
469381.0,4.04e-05,2.0
469406.0,4.04e-05,2.0
469408.0,4.04e-05,4.0
469434.0,4.04e-05,2.0
469440.0,4.04e-05,1.0
469447.0,4.04e-05,2.0
469510.0,4.04e-05,1.0
469533.0,4.04e-05,1.0
469549.0,4.04e-05,2.0
469586.0,4.04e-05,2.0
469591.0,4.04e-05,1.0
469622.0,4.04e-05,2.0
469642.0,4.04e-05,1.0
469658.0,4.04e-05,1.0
469693.0,4.04e-05,1.0
469730.0,4.04e-05,2.0
469824.0,4.04e-05,1.0
469826.0,4.04e-05,1.0
469829.0,4.04e-05,1.0
469847.0,4.04e-05,1.0
469857.0,4.04e-05,2.0
469891.0,4.04e-05,1.0
469917.0,4.04e-05,1.0
469919.0,4.04e-05,5.0
469929.0,4.04e-05,2.0
469932.0,4.04e-05,1.0
469944.0,4.04e-05,3.0
460005.0,4.04e-05,1.0
460756.0,4.04e-05,1.0
460849.0,4.04e-05,2.0
461206.0,4.04e-05,1.0
462029.0,4.04e-05,1.0
462075.0,4.04e-05,1.0
462403.0,4.04e-05,1.0
462434.0,4.04e-05,1.0
463147.0,4.04e-05,1.0
463203.0,4.04e-05,1.0
465814.0,4.04e-05,1.0
466334.0,4.04e-05,1.0
467309.0,4.04e-05,1.0
469017.0,4.04e-05,1.0
469082.0,4.04e-05,1.0
469233.0,4.04e-05,1.0
469338.0,4.04e-05,1.0
470005.0,4.33e-05,1.0
470024.0,4.33e-05,2.0
470027.0,4.33e-05,2.0
470032.0,4.33e-05,2.0
470036.0,4.33e-05,2.0
470040.0,4.33e-05,2.0
470063.0,4.33e-05,1.0
470070.0,4.33e-05,2.0
470081.0,4.33e-05,1.0
470107.0,4.33e-05,2.0
470109.0,4.33e-05,2.0
470136.0,4.33e-05,1.0
470209.0,4.33e-05,1.0
470235.0,4.33e-05,2.0
470250.0,4.33e-05,2.0
470277.0,4.33e-05,1.0
470316.0,4.33e-05,2.0
470327.0,4.33e-05,1.0
470328.0,4.33e-05,1.0
470366.0,4.33e-05,1.0
470383.0,4.33e-05,2.0
470389.0,4.33e-05,2.0
470400.0,4.33e-05,1.0
470402.0,4.33e-05,2.0
470438.0,4.33e-05,1.0
470474.0,4.33e-05,2.0
470505.0,4.33e-05,2.0
470508.0,4.33e-05,2.0
470515.0,4.33e-05,1.0
470525.0,4.33e-05,1.0
470543.0,4.33e-05,1.0
470551.0,4.33e-05,3.0
470554.0,4.33e-05,2.0
470585.0,4.33e-05,1.0
470592.0,4.33e-05,3.0
470628.0,4.33e-05,1.0
470642.0,4.33e-05,2.0
470665.0,4.33e-05,2.0
470673.0,4.33e-05,1.0
470680.0,4.33e-05,2.0
470681.0,4.33e-05,2.0
470683.0,4.33e-05,2.0
470690.0,4.33e-05,1.0
470702.0,4.33e-05,1.0
470718.0,4.33e-05,1.0
470725.0,4.33e-05,3.0
470727.0,4.33e-05,1.0
470737.0,4.33e-05,2.0
470756.0,4.33e-05,1.0
470837.0,4.33e-05,5.0
470841.0,4.33e-05,2.0
470846.0,4.33e-05,2.0
470849.0,4.33e-05,1.0
470876.0,4.33e-05,1.0
470889.0,4.33e-05,1.0
470896.0,4.33e-05,2.0
470904.0,4.33e-05,1.0
470906.0,4.33e-05,1.0
470913.0,4.33e-05,3.0
470914.0,4.33e-05,2.0
470997.0,4.33e-05,2.0
471000.0,4.33e-05,2.0
471008.0,4.33e-05,2.0
471046.0,4.33e-05,2.0
471048.0,4.33e-05,4.0
471078.0,4.33e-05,2.0
471099.0,4.33e-05,2.0
471103.0,4.33e-05,1.0
471106.0,4.33e-05,2.0
471122.0,4.33e-05,1.0
471124.0,4.33e-05,2.0
471147.0,4.33e-05,2.0
471151.0,4.33e-05,2.0
471156.0,4.33e-05,4.0
471200.0,4.33e-05,2.0
471206.0,4.33e-05,1.0
471216.0,4.33e-05,1.0
471238.0,4.33e-05,2.0
471266.0,4.33e-05,2.0
471341.0,4.33e-05,3.0
471396.0,4.33e-05,2.0
471436.0,4.33e-05,1.0
471458.0,4.33e-05,2.0
471479.0,4.33e-05,2.0
471486.0,4.33e-05,1.0
471494.0,4.33e-05,2.0
471512.0,4.33e-05,2.0
471563.0,4.33e-05,2.0
471568.0,4.33e-05,1.0
471572.0,4.33e-05,2.0
471580.0,4.33e-05,2.0
471603.0,4.33e-05,2.0
471684.0,4.33e-05,1.0
471687.0,4.33e-05,1.0
471720.0,4.33e-05,1.0
471756.0,4.33e-05,1.0
471790.0,4.33e-05,2.0
471824.0,4.33e-05,1.0
471826.0,4.33e-05,2.0
471905.0,4.33e-05,1.0
471906.0,4.33e-05,1.0
471921.0,4.33e-05,2.0
471957.0,4.33e-05,1.0
471964.0,4.33e-05,2.0
471972.0,4.33e-05,1.0
471982.0,4.33e-05,1.0
471983.0,4.33e-05,2.0
471997.0,4.33e-05,2.0
472015.0,4.33e-05,2.0
472026.0,4.33e-05,2.0
472029.0,4.33e-05,1.0
472043.0,4.33e-05,2.0
472047.0,4.33e-05,2.0
472062.0,4.33e-05,1.0
472075.0,4.33e-05,1.0
472078.0,4.33e-05,1.0
472087.0,4.33e-05,2.0
472089.0,4.33e-05,1.0
472094.0,4.33e-05,1.0
472150.0,4.33e-05,3.0
472156.0,4.33e-05,1.0
472173.0,4.33e-05,4.0
472177.0,4.33e-05,2.0
472192.0,4.33e-05,1.0
472210.0,4.33e-05,2.0
472216.0,4.33e-05,2.0
472239.0,4.33e-05,2.0
472264.0,4.33e-05,2.0
472318.0,4.33e-05,3.0
472331.0,4.33e-05,1.0
472339.0,4.33e-05,2.0
472340.0,4.33e-05,2.0
472354.0,4.33e-05,2.0
472368.0,4.33e-05,2.0
472372.0,4.33e-05,1.0
472376.0,4.33e-05,1.0
472389.0,4.33e-05,2.0
472403.0,4.33e-05,1.0
472404.0,4.33e-05,2.0
472409.0,4.33e-05,1.0
472414.0,4.33e-05,1.0
472424.0,4.33e-05,2.0
472438.0,4.33e-05,2.0
472461.0,4.33e-05,2.0
472483.0,4.33e-05,1.0
472503.0,4.33e-05,1.0
472624.0,4.33e-05,1.0
472634.0,4.33e-05,2.0
472646.0,4.33e-05,1.0
472716.0,4.33e-05,2.0
472736.0,4.33e-05,3.0
472738.0,4.33e-05,1.0
472753.0,4.33e-05,1.0
472760.0,4.33e-05,4.0
472764.0,4.33e-05,2.0
472766.0,4.33e-05,2.0
472777.0,4.33e-05,3.0
472812.0,4.33e-05,1.0
472820.0,4.33e-05,1.0
472825.0,4.33e-05,2.0
472830.0,4.33e-05,1.0
472871.0,4.33e-05,2.0
472872.0,4.33e-05,2.0
472878.0,4.33e-05,1.0
472886.0,4.33e-05,2.0
472887.0,4.33e-05,1.0
472892.0,4.33e-05,2.0
472894.0,4.33e-05,2.0
472915.0,4.33e-05,2.0
472978.0,4.33e-05,3.0
473019.0,4.33e-05,3.0
473048.0,4.33e-05,1.0
473081.0,4.33e-05,1.0
473088.0,4.33e-05,2.0
473089.0,4.33e-05,2.0
473142.0,4.33e-05,2.0
473145.0,4.33e-05,2.0
473170.0,4.33e-05,1.0
473197.0,4.33e-05,2.0
473203.0,4.33e-05,1.0
473205.0,4.33e-05,2.0
473246.0,4.33e-05,2.0
473251.0,4.33e-05,2.0
473252.0,4.33e-05,2.0
473290.0,4.33e-05,2.0
473300.0,4.33e-05,2.0
473340.0,4.33e-05,1.0
473341.0,4.33e-05,2.0
473363.0,4.33e-05,3.0
473376.0,4.33e-05,3.0
473392.0,4.33e-05,1.0
473411.0,4.33e-05,2.0
473414.0,4.33e-05,2.0
473454.0,4.33e-05,2.0
473457.0,4.33e-05,1.0
473459.0,4.33e-05,2.0
473461.0,4.33e-05,2.0
473474.0,4.33e-05,2.0
473493.0,4.33e-05,2.0
473495.0,4.33e-05,2.0
473508.0,4.33e-05,1.0
473514.0,4.33e-05,3.0
473517.0,4.33e-05,3.0
473529.0,4.33e-05,2.0
473530.0,4.33e-05,2.0
473550.0,4.33e-05,2.0
473566.0,4.33e-05,1.0
473619.0,4.33e-05,1.0
473644.0,4.33e-05,2.0
473655.0,4.33e-05,1.0
473660.0,4.33e-05,1.0
473672.0,4.33e-05,1.0
473682.0,4.33e-05,2.0
473711.0,4.33e-05,3.0
473717.0,4.33e-05,2.0
473721.0,4.33e-05,1.0
473775.0,4.33e-05,2.0
473777.0,4.33e-05,2.0
473800.0,4.33e-05,1.0
473813.0,4.33e-05,4.0
473818.0,4.33e-05,2.0
473827.0,4.33e-05,1.0
473847.0,4.33e-05,1.0
473857.0,4.33e-05,2.0
473889.0,4.33e-05,2.0
473972.0,4.33e-05,2.0
473984.0,4.33e-05,2.0
473985.0,4.33e-05,1.0
473996.0,4.33e-05,2.0
474001.0,4.33e-05,1.0
474004.0,4.33e-05,2.0
474015.0,4.33e-05,2.0
474023.0,4.33e-05,1.0
474025.0,4.33e-05,2.0
474043.0,4.33e-05,2.0
474045.0,4.33e-05,2.0
474096.0,4.33e-05,3.0
474103.0,4.33e-05,2.0
474135.0,4.33e-05,2.0
474165.0,4.33e-05,2.0
474171.0,4.33e-05,2.0
474173.0,4.33e-05,1.0
474184.0,4.33e-05,1.0
474192.0,4.33e-05,2.0
474203.0,4.33e-05,2.0
474237.0,4.33e-05,2.0
474253.0,4.33e-05,2.0
474255.0,4.33e-05,1.0
474264.0,4.33e-05,3.0
474281.0,4.33e-05,2.0
474285.0,4.33e-05,2.0
474308.0,4.33e-05,2.0
474337.0,4.33e-05,1.0
474343.0,4.33e-05,2.0
474344.0,4.33e-05,2.0
474345.0,4.33e-05,1.0
474362.0,4.33e-05,3.0
474364.0,4.33e-05,5.0
474408.0,4.33e-05,4.0
474421.0,4.33e-05,1.0
474424.0,4.33e-05,1.0
474426.0,4.33e-05,1.0
474432.0,4.33e-05,2.0
474455.0,4.33e-05,2.0
474508.0,4.33e-05,1.0
474543.0,4.33e-05,1.0
474546.0,4.33e-05,2.0
474572.0,4.33e-05,1.0
474590.0,4.33e-05,1.0
474614.0,4.33e-05,1.0
474615.0,4.33e-05,2.0
474616.0,4.33e-05,2.0
474640.0,4.33e-05,3.0
474642.0,4.33e-05,1.0
474654.0,4.33e-05,2.0
474691.0,4.33e-05,2.0
474739.0,4.33e-05,2.0
474780.0,4.33e-05,2.0
474784.0,4.33e-05,1.0
474802.0,4.33e-05,2.0
474811.0,4.33e-05,1.0
474823.0,4.33e-05,1.0
474839.0,4.33e-05,1.0
474866.0,4.33e-05,2.0
474890.0,4.33e-05,2.0
474917.0,4.33e-05,2.0
474928.0,4.33e-05,1.0
474929.0,4.33e-05,1.0
474936.0,4.33e-05,3.0
474966.0,4.33e-05,2.0
474977.0,4.33e-05,1.0
474990.0,4.33e-05,2.0
475022.0,4.33e-05,2.0
475050.0,4.33e-05,2.0
475051.0,4.33e-05,3.0
475074.0,4.33e-05,2.0
475105.0,4.33e-05,1.0
475159.0,4.33e-05,2.0
475160.0,4.33e-05,2.0
475191.0,4.33e-05,2.0
475204.0,4.33e-05,1.0
475212.0,4.33e-05,2.0
475223.0,4.33e-05,2.0
475235.0,4.33e-05,1.0
475253.0,4.33e-05,2.0
475278.0,4.33e-05,2.0
475306.0,4.33e-05,1.0
475314.0,4.33e-05,1.0
475328.0,4.33e-05,1.0
475344.0,4.33e-05,2.0
475353.0,4.33e-05,2.0
475357.0,4.33e-05,3.0
475383.0,4.33e-05,1.0
475390.0,4.33e-05,2.0
475401.0,4.33e-05,2.0
475407.0,4.33e-05,2.0
475410.0,4.33e-05,1.0
475419.0,4.33e-05,1.0
475429.0,4.33e-05,2.0
475437.0,4.33e-05,2.0
475446.0,4.33e-05,2.0
475451.0,4.33e-05,2.0
475465.0,4.33e-05,1.0
475474.0,4.33e-05,2.0
475482.0,4.33e-05,1.0
475521.0,4.33e-05,2.0
475534.0,4.33e-05,2.0
475543.0,4.33e-05,3.0
475548.0,4.33e-05,2.0
475549.0,4.33e-05,2.0
475555.0,4.33e-05,3.0
475596.0,4.33e-05,2.0
475608.0,4.33e-05,1.0
475639.0,4.33e-05,2.0
475652.0,4.33e-05,2.0
475660.0,4.33e-05,2.0
475686.0,4.33e-05,1.0
475698.0,4.33e-05,1.0
475728.0,4.33e-05,2.0
475756.0,4.33e-05,2.0
475773.0,4.33e-05,2.0
475803.0,4.33e-05,2.0
475805.0,4.33e-05,2.0
475818.0,4.33e-05,2.0
475856.0,4.33e-05,2.0
475866.0,4.33e-05,1.0
475867.0,4.33e-05,1.0
475874.0,4.33e-05,1.0
475886.0,4.33e-05,1.0
475945.0,4.33e-05,2.0
475950.0,4.33e-05,2.0
475989.0,4.33e-05,4.0
475999.0,4.33e-05,1.0
476009.0,4.33e-05,2.0
476046.0,4.33e-05,2.0
476059.0,4.33e-05,2.0
476062.0,4.33e-05,1.0
476095.0,4.33e-05,2.0
476101.0,4.33e-05,2.0
476113.0,4.33e-05,2.0
476118.0,4.33e-05,3.0
476125.0,4.33e-05,2.0
476131.0,4.33e-05,1.0
476166.0,4.33e-05,2.0
476172.0,4.33e-05,2.0
476224.0,4.33e-05,1.0
476241.0,4.33e-05,2.0
476248.0,4.33e-05,2.0
476266.0,4.33e-05,2.0
476270.0,4.33e-05,2.0
476326.0,4.33e-05,3.0
476337.0,4.33e-05,2.0
476344.0,4.33e-05,1.0
476353.0,4.33e-05,1.0
476388.0,4.33e-05,2.0
476410.0,4.33e-05,2.0
476450.0,4.33e-05,2.0
476465.0,4.33e-05,1.0
476517.0,4.33e-05,1.0
476520.0,4.33e-05,3.0
476525.0,4.33e-05,1.0
476539.0,4.33e-05,1.0
476540.0,4.33e-05,2.0
476551.0,4.33e-05,1.0
476590.0,4.33e-05,2.0
476604.0,4.33e-05,1.0
476634.0,4.33e-05,2.0
476648.0,4.33e-05,2.0
476714.0,4.33e-05,1.0
476761.0,4.33e-05,1.0
476790.0,4.33e-05,1.0
476813.0,4.33e-05,1.0
476814.0,4.33e-05,3.0
476820.0,4.33e-05,4.0
476860.0,4.33e-05,3.0
476913.0,4.33e-05,2.0
476935.0,4.33e-05,1.0
476969.0,4.33e-05,2.0
477080.0,4.33e-05,1.0
477083.0,4.33e-05,2.0
477089.0,4.33e-05,1.0
477126.0,4.33e-05,2.0
477145.0,4.33e-05,2.0
477177.0,4.33e-05,2.0
477189.0,4.33e-05,1.0
477214.0,4.33e-05,1.0
477226.0,4.33e-05,2.0
477238.0,4.33e-05,2.0
477264.0,4.33e-05,1.0
477268.0,4.33e-05,1.0
477286.0,4.33e-05,2.0
477309.0,4.33e-05,1.0
477322.0,4.33e-05,2.0
477356.0,4.33e-05,3.0
477357.0,4.33e-05,1.0
477366.0,4.33e-05,2.0
477369.0,4.33e-05,5.0
477385.0,4.33e-05,1.0
477406.0,4.33e-05,3.0
477415.0,4.33e-05,2.0
477434.0,4.33e-05,1.0
477453.0,4.33e-05,2.0
477482.0,4.33e-05,2.0
477525.0,4.33e-05,2.0
477535.0,4.33e-05,3.0
477563.0,4.33e-05,2.0
477565.0,4.33e-05,1.0
477590.0,4.33e-05,1.0
477612.0,4.33e-05,2.0
477616.0,4.33e-05,2.0
477620.0,4.33e-05,1.0
477659.0,4.33e-05,2.0
477667.0,4.33e-05,1.0
477694.0,4.33e-05,2.0
477699.0,4.33e-05,4.0
477701.0,4.33e-05,3.0
477706.0,4.33e-05,2.0
477710.0,4.33e-05,1.0
477721.0,4.33e-05,2.0
477752.0,4.33e-05,2.0
477761.0,4.33e-05,3.0
477765.0,4.33e-05,2.0
477773.0,4.33e-05,1.0
477817.0,4.33e-05,4.0
477829.0,4.33e-05,3.0
477834.0,4.33e-05,2.0
477859.0,4.33e-05,3.0
477881.0,4.33e-05,2.0
477888.0,4.33e-05,1.0
477892.0,4.33e-05,1.0
477903.0,4.33e-05,1.0
477966.0,4.33e-05,2.0
477990.0,4.33e-05,1.0
477991.0,4.33e-05,1.0
478005.0,4.33e-05,1.0
478026.0,4.33e-05,2.0
478041.0,4.33e-05,2.0
478050.0,4.33e-05,1.0
478062.0,4.33e-05,1.0
478080.0,4.33e-05,2.0
478086.0,4.33e-05,2.0
478105.0,4.33e-05,3.0
478117.0,4.33e-05,3.0
478123.0,4.33e-05,1.0
478144.0,4.33e-05,1.0
478146.0,4.33e-05,2.0
478171.0,4.33e-05,2.0
478228.0,4.33e-05,1.0
478230.0,4.33e-05,1.0
478245.0,4.33e-05,1.0
478259.0,4.33e-05,2.0
478305.0,4.33e-05,2.0
478307.0,4.33e-05,2.0
478333.0,4.33e-05,1.0
478352.0,4.33e-05,3.0
478462.0,4.33e-05,2.0
478467.0,4.33e-05,1.0
478469.0,4.33e-05,4.0
478473.0,4.33e-05,2.0
478493.0,4.33e-05,1.0
478565.0,4.33e-05,1.0
478570.0,4.33e-05,2.0
478623.0,4.33e-05,1.0
478678.0,4.33e-05,2.0
478686.0,4.33e-05,1.0
478725.0,4.33e-05,1.0
478742.0,4.33e-05,1.0
478752.0,4.33e-05,3.0
478783.0,4.33e-05,2.0
478795.0,4.33e-05,2.0
478796.0,4.33e-05,2.0
478814.0,4.33e-05,2.0
478820.0,4.33e-05,3.0
478841.0,4.33e-05,2.0
478857.0,4.33e-05,2.0
478869.0,4.33e-05,2.0
478897.0,4.33e-05,3.0
478898.0,4.33e-05,1.0
478912.0,4.33e-05,1.0
478921.0,4.33e-05,1.0
478930.0,4.33e-05,2.0
478936.0,4.33e-05,2.0
478972.0,4.33e-05,2.0
478993.0,4.33e-05,1.0
479009.0,4.33e-05,2.0
479026.0,4.33e-05,2.0
479029.0,4.33e-05,1.0
479039.0,4.33e-05,1.0
479050.0,4.33e-05,2.0
479059.0,4.33e-05,2.0
479085.0,4.33e-05,3.0
479096.0,4.33e-05,2.0
479133.0,4.33e-05,1.0
479151.0,4.33e-05,2.0
479169.0,4.33e-05,1.0
479177.0,4.33e-05,1.0
479185.0,4.33e-05,2.0
479190.0,4.33e-05,1.0
479200.0,4.33e-05,1.0
479206.0,4.33e-05,3.0
479233.0,4.33e-05,1.0
479241.0,4.33e-05,1.0
479298.0,4.33e-05,2.0
479320.0,4.33e-05,3.0
479321.0,4.33e-05,2.0
479338.0,4.33e-05,1.0
479353.0,4.33e-05,2.0
479363.0,4.33e-05,2.0
479434.0,4.33e-05,2.0
479440.0,4.33e-05,2.0
479447.0,4.33e-05,2.0
479477.0,4.33e-05,1.0
479510.0,4.33e-05,2.0
479515.0,4.33e-05,2.0
479549.0,4.33e-05,2.0
479560.0,4.33e-05,1.0
479585.0,4.33e-05,1.0
479622.0,4.33e-05,3.0
479626.0,4.33e-05,4.0
479661.0,4.33e-05,2.0
479681.0,4.33e-05,1.0
479682.0,4.33e-05,2.0
479684.0,4.33e-05,2.0
479693.0,4.33e-05,2.0
479727.0,4.33e-05,1.0
479730.0,4.33e-05,1.0
479754.0,4.33e-05,1.0
479806.0,4.33e-05,1.0
479841.0,4.33e-05,3.0
479857.0,4.33e-05,4.0
479891.0,4.33e-05,5.0
479919.0,4.33e-05,2.0
479924.0,4.33e-05,1.0
479937.0,4.33e-05,1.0
470106.0,4.33e-05,1.0
470461.0,4.33e-05,1.0
470982.0,4.33e-05,1.0
471041.0,4.33e-05,1.0
471203.0,4.33e-05,1.0
471256.0,4.33e-05,1.0
471308.0,4.33e-05,1.0
471427.0,4.33e-05,1.0
471537.0,4.33e-05,1.0
471576.0,4.33e-05,1.0
471600.0,4.33e-05,1.0
471679.0,4.33e-05,1.0
471986.0,4.33e-05,1.0
472273.0,4.33e-05,1.0
472358.0,4.33e-05,1.0
472633.0,4.33e-05,1.0
472702.0,4.33e-05,1.0
472819.0,4.33e-05,1.0
472837.0,4.33e-05,1.0
472862.0,4.33e-05,1.0
473055.0,4.33e-05,1.0
473071.0,4.33e-05,1.0
473093.0,4.33e-05,1.0
473213.0,4.33e-05,1.0
473271.0,4.33e-05,1.0
473305.0,4.33e-05,1.0
473314.0,4.33e-05,1.0
473568.0,4.33e-05,1.0
473577.0,4.33e-05,1.0
473588.0,4.33e-05,1.0
473671.0,4.33e-05,1.0
473936.0,4.33e-05,1.0
473995.0,4.33e-05,1.0
474028.0,4.33e-05,1.0
474034.0,4.33e-05,1.0
474059.0,4.33e-05,1.0
474251.0,4.33e-05,1.0
474294.0,4.33e-05,1.0
474407.0,4.33e-05,1.0
474431.0,4.33e-05,1.0
474476.0,4.33e-05,1.0
474721.0,4.33e-05,1.0
474737.0,4.33e-05,1.0
474822.0,4.33e-05,1.0
475059.0,4.33e-05,1.0
475146.0,4.33e-05,1.0
475488.0,4.33e-05,1.0
475540.0,4.33e-05,1.0
475844.0,4.33e-05,1.0
475893.0,4.33e-05,1.0
475969.0,4.33e-05,1.0
476162.0,4.33e-05,1.0
476986.0,4.33e-05,1.0
477050.0,4.33e-05,1.0
477197.0,4.33e-05,1.0
477466.0,4.33e-05,1.0
477471.0,4.33e-05,1.0
477514.0,4.33e-05,1.0
477626.0,4.33e-05,1.0
477642.0,4.33e-05,1.0
477711.0,4.33e-05,1.0
477728.0,4.33e-05,1.0
477877.0,4.33e-05,1.0
477879.0,4.33e-05,1.0
478188.0,4.33e-05,1.0
478366.0,4.33e-05,1.0
478513.0,4.33e-05,1.0
478769.0,4.33e-05,1.0
478872.0,4.33e-05,1.0
479068.0,4.33e-05,1.0
480024.0,4.64e-05,3.0
480027.0,4.64e-05,1.0
480032.0,4.64e-05,1.0
480036.0,4.64e-05,4.0
480070.0,4.64e-05,1.0
480085.0,4.64e-05,4.0
480107.0,4.64e-05,1.0
480109.0,4.64e-05,1.0
480199.0,4.64e-05,4.0
480210.0,4.64e-05,2.0
480235.0,4.64e-05,4.0
480307.0,4.64e-05,1.0
480328.0,4.64e-05,1.0
480373.0,4.64e-05,1.0
480381.0,4.64e-05,1.0
480383.0,4.64e-05,5.0
480402.0,4.64e-05,1.0
480425.0,4.64e-05,1.0
480474.0,4.64e-05,3.0
480508.0,4.64e-05,1.0
480525.0,4.64e-05,3.0
480551.0,4.64e-05,1.0
480592.0,4.64e-05,1.0
480620.0,4.64e-05,1.0
480628.0,4.64e-05,1.0
480642.0,4.64e-05,4.0
480665.0,4.64e-05,4.0
480680.0,4.64e-05,1.0
480681.0,4.64e-05,5.0
480683.0,4.64e-05,1.0
480687.0,4.64e-05,3.0
480690.0,4.64e-05,2.0
480737.0,4.64e-05,2.0
480754.0,4.64e-05,4.0
480790.0,4.64e-05,1.0
480796.0,4.64e-05,1.0
480800.0,4.64e-05,1.0
480841.0,4.64e-05,2.0
480846.0,4.64e-05,5.0
480849.0,4.64e-05,1.0
480870.0,4.64e-05,5.0
480896.0,4.64e-05,1.0
480976.0,4.64e-05,3.0
480982.0,4.64e-05,1.0
480997.0,4.64e-05,1.0
480998.0,4.64e-05,1.0
481000.0,4.64e-05,1.0
481046.0,4.64e-05,1.0
481048.0,4.64e-05,4.0
481078.0,4.64e-05,5.0
481099.0,4.64e-05,4.0
481124.0,4.64e-05,2.0
481139.0,4.64e-05,1.0
481151.0,4.64e-05,1.0
481156.0,4.64e-05,3.0
481158.0,4.64e-05,3.0
481200.0,4.64e-05,1.0
481202.0,4.64e-05,3.0
481216.0,4.64e-05,1.0
481238.0,4.64e-05,2.0
481256.0,4.64e-05,1.0
481266.0,4.64e-05,1.0
481282.0,4.64e-05,2.0
481290.0,4.64e-05,1.0
481316.0,4.64e-05,1.0
481341.0,4.64e-05,1.0
481354.0,4.64e-05,1.0
481396.0,4.64e-05,4.0
481427.0,4.64e-05,1.0
481436.0,4.64e-05,1.0
481449.0,4.64e-05,1.0
481458.0,4.64e-05,1.0
481479.0,4.64e-05,1.0
481494.0,4.64e-05,4.0
481512.0,4.64e-05,1.0
481537.0,4.64e-05,1.0
481563.0,4.64e-05,4.0
481580.0,4.64e-05,2.0
481585.0,4.64e-05,2.0
481600.0,4.64e-05,2.0
481629.0,4.64e-05,1.0
481645.0,4.64e-05,1.0
481679.0,4.64e-05,1.0
481790.0,4.64e-05,2.0
481816.0,4.64e-05,1.0
481824.0,4.64e-05,1.0
481921.0,4.64e-05,2.0
481964.0,4.64e-05,1.0
481972.0,4.64e-05,1.0
481983.0,4.64e-05,3.0
481986.0,4.64e-05,1.0
481997.0,4.64e-05,1.0
482026.0,4.64e-05,2.0
482047.0,4.64e-05,2.0
482078.0,4.64e-05,1.0
482087.0,4.64e-05,1.0
482150.0,4.64e-05,2.0
482173.0,4.64e-05,1.0
482177.0,4.64e-05,2.0
482210.0,4.64e-05,1.0
482264.0,4.64e-05,1.0
482271.0,4.64e-05,3.0
482273.0,4.64e-05,2.0
482303.0,4.64e-05,1.0
482318.0,4.64e-05,2.0
482324.0,4.64e-05,1.0
482339.0,4.64e-05,2.0
482340.0,4.64e-05,4.0
482352.0,4.64e-05,2.0
482354.0,4.64e-05,5.0
482358.0,4.64e-05,1.0
482368.0,4.64e-05,4.0
482372.0,4.64e-05,1.0
482404.0,4.64e-05,1.0
482413.0,4.64e-05,2.0
482424.0,4.64e-05,1.0
482438.0,4.64e-05,1.0
482503.0,4.64e-05,1.0
482511.0,4.64e-05,2.0
482571.0,4.64e-05,1.0
482576.0,4.64e-05,1.0
482624.0,4.64e-05,1.0
482702.0,4.64e-05,1.0
482716.0,4.64e-05,1.0
482725.0,4.64e-05,2.0
482736.0,4.64e-05,1.0
482760.0,4.64e-05,1.0
482819.0,4.64e-05,4.0
482825.0,4.64e-05,1.0
482826.0,4.64e-05,1.0
482861.0,4.64e-05,3.0
482862.0,4.64e-05,1.0
482871.0,4.64e-05,2.0
482872.0,4.64e-05,3.0
482875.0,4.64e-05,1.0
482886.0,4.64e-05,2.0
482892.0,4.64e-05,3.0
482894.0,4.64e-05,1.0
482915.0,4.64e-05,1.0
482945.0,4.64e-05,1.0
482978.0,4.64e-05,1.0
482989.0,4.64e-05,1.0
483019.0,4.64e-05,1.0
483055.0,4.64e-05,1.0
483088.0,4.64e-05,2.0
483089.0,4.64e-05,1.0
483110.0,4.64e-05,3.0
483120.0,4.64e-05,1.0
483142.0,4.64e-05,2.0
483145.0,4.64e-05,1.0
483162.0,4.64e-05,1.0
483205.0,4.64e-05,3.0
483218.0,4.64e-05,4.0
483252.0,4.64e-05,1.0
483290.0,4.64e-05,1.0
483345.0,4.64e-05,1.0
483381.0,4.64e-05,1.0
483411.0,4.64e-05,1.0
483414.0,4.64e-05,3.0
483461.0,4.64e-05,1.0
483474.0,4.64e-05,2.0
483501.0,4.64e-05,1.0
483508.0,4.64e-05,1.0
483517.0,4.64e-05,2.0
483530.0,4.64e-05,1.0
483544.0,4.64e-05,1.0
483550.0,4.64e-05,3.0
483568.0,4.64e-05,3.0
483577.0,4.64e-05,4.0
483615.0,4.64e-05,1.0
483619.0,4.64e-05,1.0
483653.0,4.64e-05,1.0
483671.0,4.64e-05,1.0
483682.0,4.64e-05,2.0
483711.0,4.64e-05,1.0
483736.0,4.64e-05,1.0
483745.0,4.64e-05,1.0
483771.0,4.64e-05,2.0
483777.0,4.64e-05,3.0
483809.0,4.64e-05,3.0
483813.0,4.64e-05,1.0
483818.0,4.64e-05,2.0
483857.0,4.64e-05,3.0
483936.0,4.64e-05,1.0
483937.0,4.64e-05,1.0
483944.0,4.64e-05,1.0
483972.0,4.64e-05,1.0
483984.0,4.64e-05,3.0
483995.0,4.64e-05,1.0
483996.0,4.64e-05,1.0
484023.0,4.64e-05,1.0
484025.0,4.64e-05,1.0
484028.0,4.64e-05,2.0
484034.0,4.64e-05,1.0
484043.0,4.64e-05,1.0
484045.0,4.64e-05,1.0
484054.0,4.64e-05,1.0
484096.0,4.64e-05,2.0
484103.0,4.64e-05,1.0
484135.0,4.64e-05,3.0
484165.0,4.64e-05,1.0
484203.0,4.64e-05,2.0
484237.0,4.64e-05,5.0
484251.0,4.64e-05,1.0
484253.0,4.64e-05,1.0
484262.0,4.64e-05,1.0
484264.0,4.64e-05,4.0
484274.0,4.64e-05,2.0
484281.0,4.64e-05,2.0
484285.0,4.64e-05,2.0
484294.0,4.64e-05,1.0
484343.0,4.64e-05,2.0
484344.0,4.64e-05,1.0
484348.0,4.64e-05,3.0
484352.0,4.64e-05,2.0
484407.0,4.64e-05,1.0
484431.0,4.64e-05,1.0
484432.0,4.64e-05,1.0
484437.0,4.64e-05,1.0
484450.0,4.64e-05,1.0
484499.0,4.64e-05,1.0
484543.0,4.64e-05,1.0
484615.0,4.64e-05,1.0
484616.0,4.64e-05,5.0
484721.0,4.64e-05,3.0
484741.0,4.64e-05,3.0
484780.0,4.64e-05,5.0
484802.0,4.64e-05,3.0
484822.0,4.64e-05,3.0
484834.0,4.64e-05,1.0
484876.0,4.64e-05,1.0
484890.0,4.64e-05,1.0
484917.0,4.64e-05,2.0
484975.0,4.64e-05,2.0
484976.0,4.64e-05,1.0
484990.0,4.64e-05,2.0
485022.0,4.64e-05,1.0
485043.0,4.64e-05,3.0
485044.0,4.64e-05,1.0
485050.0,4.64e-05,2.0
485051.0,4.64e-05,5.0
485059.0,4.64e-05,1.0
485074.0,4.64e-05,1.0
485159.0,4.64e-05,2.0
485212.0,4.64e-05,1.0
485223.0,4.64e-05,1.0
485253.0,4.64e-05,3.0
485278.0,4.64e-05,1.0
485304.0,4.64e-05,1.0
485305.0,4.64e-05,1.0
485314.0,4.64e-05,1.0
485318.0,4.64e-05,1.0
485344.0,4.64e-05,4.0
485390.0,4.64e-05,4.0
485401.0,4.64e-05,1.0
485417.0,4.64e-05,1.0
485446.0,4.64e-05,5.0
485474.0,4.64e-05,1.0
485521.0,4.64e-05,1.0
485534.0,4.64e-05,1.0
485540.0,4.64e-05,1.0
485543.0,4.64e-05,1.0
485548.0,4.64e-05,1.0
485549.0,4.64e-05,2.0
485555.0,4.64e-05,5.0
485626.0,4.64e-05,2.0
485642.0,4.64e-05,1.0
485652.0,4.64e-05,2.0
485663.0,4.64e-05,1.0
485672.0,4.64e-05,1.0
485708.0,4.64e-05,1.0
485728.0,4.64e-05,2.0
485747.0,4.64e-05,3.0
485749.0,4.64e-05,3.0
485756.0,4.64e-05,1.0
485767.0,4.64e-05,1.0
485773.0,4.64e-05,1.0
485803.0,4.64e-05,1.0
485805.0,4.64e-05,1.0
485815.0,4.64e-05,1.0
485818.0,4.64e-05,3.0
485874.0,4.64e-05,1.0
485893.0,4.64e-05,1.0
485936.0,4.64e-05,4.0
485945.0,4.64e-05,4.0
485950.0,4.64e-05,2.0
485965.0,4.64e-05,1.0
485989.0,4.64e-05,1.0
485999.0,4.64e-05,1.0
486059.0,4.64e-05,4.0
486095.0,4.64e-05,1.0
486101.0,4.64e-05,1.0
486113.0,4.64e-05,1.0
486118.0,4.64e-05,1.0
486125.0,4.64e-05,1.0
486166.0,4.64e-05,1.0
486172.0,4.64e-05,1.0
486180.0,4.64e-05,2.0
486205.0,4.64e-05,1.0
486241.0,4.64e-05,1.0
486266.0,4.64e-05,1.0
486270.0,4.64e-05,4.0
486276.0,4.64e-05,2.0
486295.0,4.64e-05,2.0
486322.0,4.64e-05,2.0
486326.0,4.64e-05,1.0
486347.0,4.64e-05,1.0
486450.0,4.64e-05,1.0
486483.0,4.64e-05,2.0
486540.0,4.64e-05,2.0
486573.0,4.64e-05,2.0
486590.0,4.64e-05,1.0
486592.0,4.64e-05,1.0
486602.0,4.64e-05,1.0
486634.0,4.64e-05,2.0
486636.0,4.64e-05,1.0
486648.0,4.64e-05,2.0
486686.0,4.64e-05,1.0
486767.0,4.64e-05,2.0
486793.0,4.64e-05,1.0
486813.0,4.64e-05,1.0
486814.0,4.64e-05,3.0
486818.0,4.64e-05,1.0
486859.0,4.64e-05,4.0
486888.0,4.64e-05,1.0
486909.0,4.64e-05,1.0
486928.0,4.64e-05,1.0
486949.0,4.64e-05,1.0
486969.0,4.64e-05,1.0
487050.0,4.64e-05,2.0
487145.0,4.64e-05,1.0
487150.0,4.64e-05,1.0
487177.0,4.64e-05,2.0
487187.0,4.64e-05,1.0
487189.0,4.64e-05,1.0
487226.0,4.64e-05,2.0
487273.0,4.64e-05,2.0
487276.0,4.64e-05,1.0
487286.0,4.64e-05,1.0
487298.0,4.64e-05,1.0
487300.0,4.64e-05,1.0
487305.0,4.64e-05,1.0
487322.0,4.64e-05,3.0
487356.0,4.64e-05,3.0
487366.0,4.64e-05,1.0
487415.0,4.64e-05,4.0
487437.0,4.64e-05,1.0
487471.0,4.64e-05,1.0
487525.0,4.64e-05,1.0
487535.0,4.64e-05,2.0
487563.0,4.64e-05,1.0
487622.0,4.64e-05,1.0
487626.0,4.64e-05,3.0
487642.0,4.64e-05,1.0
487659.0,4.64e-05,2.0
487694.0,4.64e-05,2.0
487701.0,4.64e-05,2.0
487706.0,4.64e-05,2.0
487711.0,4.64e-05,2.0
487752.0,4.64e-05,4.0
487817.0,4.64e-05,5.0
487819.0,4.64e-05,1.0
487820.0,4.64e-05,1.0
487829.0,4.64e-05,4.0
487834.0,4.64e-05,1.0
487847.0,4.64e-05,2.0
487877.0,4.64e-05,3.0
487879.0,4.64e-05,1.0
487881.0,4.64e-05,1.0
487941.0,4.64e-05,2.0
487966.0,4.64e-05,1.0
487990.0,4.64e-05,1.0
488031.0,4.64e-05,3.0
488041.0,4.64e-05,1.0
488055.0,4.64e-05,1.0
488058.0,4.64e-05,1.0
488062.0,4.64e-05,1.0
488080.0,4.64e-05,3.0
488086.0,4.64e-05,5.0
488088.0,4.64e-05,2.0
488105.0,4.64e-05,4.0
488113.0,4.64e-05,1.0
488117.0,4.64e-05,1.0
488146.0,4.64e-05,5.0
488163.0,4.64e-05,1.0
488171.0,4.64e-05,1.0
488205.0,4.64e-05,1.0
488207.0,4.64e-05,1.0
488230.0,4.64e-05,1.0
488233.0,4.64e-05,1.0
488247.0,4.64e-05,1.0
488304.0,4.64e-05,2.0
488305.0,4.64e-05,2.0
488352.0,4.64e-05,4.0
488359.0,4.64e-05,1.0
488366.0,4.64e-05,1.0
488388.0,4.64e-05,1.0
488453.0,4.64e-05,3.0
488499.0,4.64e-05,2.0
488513.0,4.64e-05,1.0
488519.0,4.64e-05,1.0
488535.0,4.64e-05,1.0
488565.0,4.64e-05,1.0
488621.0,4.64e-05,1.0
488691.0,4.64e-05,5.0
488718.0,4.64e-05,1.0
488732.0,4.64e-05,2.0
488769.0,4.64e-05,4.0
488777.0,4.64e-05,1.0
488783.0,4.64e-05,2.0
488795.0,4.64e-05,2.0
488833.0,4.64e-05,1.0
488835.0,4.64e-05,1.0
488857.0,4.64e-05,1.0
488879.0,4.64e-05,1.0
488930.0,4.64e-05,2.0
488936.0,4.64e-05,3.0
488986.0,4.64e-05,1.0
489026.0,4.64e-05,4.0
489029.0,4.64e-05,1.0
489050.0,4.64e-05,1.0
489085.0,4.64e-05,1.0
489096.0,4.64e-05,2.0
489160.0,4.64e-05,1.0
489220.0,4.64e-05,1.0
489270.0,4.64e-05,1.0
489295.0,4.64e-05,1.0
489318.0,4.64e-05,1.0
489320.0,4.64e-05,1.0
489353.0,4.64e-05,4.0
489387.0,4.64e-05,1.0
489434.0,4.64e-05,4.0
489440.0,4.64e-05,4.0
489447.0,4.64e-05,3.0
489477.0,4.64e-05,3.0
489510.0,4.64e-05,1.0
489515.0,4.64e-05,1.0
489527.0,4.64e-05,1.0
489549.0,4.64e-05,2.0
489556.0,4.64e-05,1.0
489591.0,4.64e-05,1.0
489622.0,4.64e-05,2.0
489626.0,4.64e-05,1.0
489642.0,4.64e-05,1.0
489661.0,4.64e-05,1.0
489681.0,4.64e-05,1.0
489684.0,4.64e-05,2.0
489693.0,4.64e-05,1.0
489747.0,4.64e-05,1.0
489824.0,4.64e-05,3.0
489826.0,4.64e-05,1.0
489829.0,4.64e-05,1.0
489841.0,4.64e-05,2.0
489857.0,4.64e-05,2.0
489917.0,4.64e-05,1.0
489919.0,4.64e-05,1.0
489944.0,4.64e-05,1.0
489981.0,4.64e-05,2.0
483660.0,4.64e-05,3.0
484255.0,4.64e-05,1.0
485621.0,4.64e-05,2.0
486465.0,4.64e-05,1.0
487558.0,4.64e-05,2.0
481741.0,4.64e-05,2.0
482331.0,4.64e-05,1.0
484107.0,4.64e-05,1.0
484130.0,4.64e-05,1.0
485450.0,4.64e-05,1.0
486539.0,4.64e-05,1.0
487148.0,4.64e-05,1.0
488050.0,4.64e-05,1.0
489039.0,4.64e-05,1.0
490024.0,4.98e-05,1.0
490027.0,4.98e-05,1.0
490036.0,4.98e-05,1.0
490063.0,4.98e-05,1.0
490199.0,4.98e-05,2.0
490250.0,4.98e-05,1.0
490291.0,4.98e-05,1.0
490316.0,4.98e-05,1.0
490383.0,4.98e-05,1.0
490402.0,4.98e-05,1.0
490461.0,4.98e-05,1.0
490474.0,4.98e-05,1.0
490508.0,4.98e-05,1.0
490515.0,4.98e-05,3.0
490525.0,4.98e-05,1.0
490543.0,4.98e-05,3.0
490551.0,4.98e-05,1.0
490554.0,4.98e-05,1.0
490592.0,4.98e-05,1.0
490620.0,4.98e-05,2.0
490642.0,4.98e-05,1.0
490665.0,4.98e-05,3.0
490683.0,4.98e-05,1.0
490687.0,4.98e-05,1.0
490690.0,4.98e-05,1.0
490725.0,4.98e-05,1.0
490837.0,4.98e-05,1.0
490841.0,4.98e-05,1.0
490870.0,4.98e-05,1.0
490884.0,4.98e-05,3.0
490889.0,4.98e-05,3.0
490896.0,4.98e-05,1.0
490914.0,4.98e-05,1.0
490976.0,4.98e-05,1.0
490982.0,4.98e-05,5.0
490997.0,4.98e-05,2.0
491000.0,4.98e-05,1.0
491008.0,4.98e-05,1.0
491048.0,4.98e-05,1.0
491078.0,4.98e-05,2.0
491099.0,4.98e-05,1.0
491108.0,4.98e-05,4.0
491124.0,4.98e-05,1.0
491147.0,4.98e-05,1.0
491158.0,4.98e-05,1.0
491202.0,4.98e-05,1.0
491203.0,4.98e-05,1.0
491212.0,4.98e-05,3.0
491266.0,4.98e-05,1.0
491316.0,4.98e-05,2.0
491396.0,4.98e-05,1.0
491479.0,4.98e-05,1.0
491494.0,4.98e-05,1.0
491585.0,4.98e-05,1.0
491589.0,4.98e-05,1.0
491600.0,4.98e-05,2.0
491645.0,4.98e-05,1.0
491695.0,4.98e-05,1.0
491741.0,4.98e-05,1.0
491754.0,4.98e-05,1.0
491756.0,4.98e-05,1.0
491777.0,4.98e-05,1.0
491811.0,4.98e-05,2.0
491826.0,4.98e-05,2.0
491938.0,4.98e-05,1.0
491964.0,4.98e-05,1.0
491997.0,4.98e-05,1.0
492026.0,4.98e-05,1.0
492043.0,4.98e-05,1.0
492047.0,4.98e-05,1.0
492087.0,4.98e-05,1.0
492150.0,4.98e-05,4.0
492177.0,4.98e-05,1.0
492264.0,4.98e-05,1.0
492271.0,4.98e-05,1.0
492273.0,4.98e-05,1.0
492318.0,4.98e-05,1.0
492340.0,4.98e-05,1.0
492352.0,4.98e-05,1.0
492354.0,4.98e-05,1.0
492368.0,4.98e-05,2.0
492376.0,4.98e-05,1.0
492404.0,4.98e-05,1.0
492413.0,4.98e-05,1.0
492461.0,4.98e-05,1.0
492568.0,4.98e-05,1.0
492633.0,4.98e-05,1.0
492634.0,4.98e-05,2.0
492702.0,4.98e-05,1.0
492716.0,4.98e-05,1.0
492736.0,4.98e-05,1.0
492764.0,4.98e-05,1.0
492766.0,4.98e-05,1.0
492777.0,4.98e-05,1.0
492819.0,4.98e-05,1.0
492837.0,4.98e-05,1.0
492861.0,4.98e-05,1.0
492871.0,4.98e-05,1.0
492886.0,4.98e-05,1.0
492949.0,4.98e-05,1.0
493093.0,4.98e-05,1.0
493108.0,4.98e-05,2.0
493110.0,4.98e-05,2.0
493142.0,4.98e-05,1.0
493145.0,4.98e-05,1.0
493197.0,4.98e-05,3.0
493218.0,4.98e-05,1.0
493240.0,4.98e-05,1.0
493246.0,4.98e-05,1.0
493251.0,4.98e-05,2.0
493254.0,4.98e-05,1.0
493271.0,4.98e-05,1.0
493300.0,4.98e-05,1.0
493303.0,4.98e-05,1.0
493305.0,4.98e-05,1.0
493341.0,4.98e-05,1.0
493363.0,4.98e-05,1.0
493392.0,4.98e-05,1.0
493414.0,4.98e-05,1.0
493454.0,4.98e-05,1.0
493493.0,4.98e-05,1.0
493495.0,4.98e-05,1.0
493517.0,4.98e-05,1.0
493529.0,4.98e-05,1.0
493530.0,4.98e-05,1.0
493550.0,4.98e-05,1.0
493568.0,4.98e-05,1.0
493577.0,4.98e-05,1.0
493644.0,4.98e-05,1.0
493660.0,4.98e-05,2.0
493682.0,4.98e-05,2.0
493745.0,4.98e-05,1.0
493775.0,4.98e-05,1.0
493777.0,4.98e-05,1.0
493809.0,4.98e-05,1.0
493813.0,4.98e-05,1.0
493818.0,4.98e-05,1.0
493827.0,4.98e-05,1.0
493850.0,4.98e-05,1.0
493857.0,4.98e-05,1.0
493944.0,4.98e-05,1.0
493984.0,4.98e-05,3.0
493985.0,4.98e-05,3.0
494015.0,4.98e-05,1.0
494025.0,4.98e-05,1.0
494028.0,4.98e-05,1.0
494034.0,4.98e-05,1.0
494043.0,4.98e-05,1.0
494096.0,4.98e-05,1.0
494130.0,4.98e-05,2.0
494184.0,4.98e-05,1.0
494192.0,4.98e-05,3.0
494251.0,4.98e-05,1.0
494262.0,4.98e-05,2.0
494264.0,4.98e-05,4.0
494274.0,4.98e-05,1.0
494281.0,4.98e-05,3.0
494308.0,4.98e-05,3.0
494337.0,4.98e-05,2.0
494362.0,4.98e-05,1.0
494364.0,4.98e-05,1.0
494408.0,4.98e-05,1.0
494424.0,4.98e-05,1.0
494430.0,4.98e-05,3.0
494431.0,4.98e-05,1.0
494522.0,4.98e-05,1.0
494546.0,4.98e-05,1.0
494549.0,4.98e-05,1.0
494579.0,4.98e-05,1.0
494614.0,4.98e-05,1.0
494615.0,4.98e-05,1.0
494640.0,4.98e-05,1.0
494654.0,4.98e-05,2.0
494727.0,4.98e-05,1.0
494780.0,4.98e-05,1.0
494890.0,4.98e-05,1.0
494936.0,4.98e-05,1.0
494966.0,4.98e-05,3.0
494976.0,4.98e-05,1.0
494990.0,4.98e-05,1.0
495005.0,4.98e-05,1.0
495043.0,4.98e-05,1.0
495044.0,4.98e-05,1.0
495050.0,4.98e-05,1.0
495051.0,4.98e-05,3.0
495059.0,4.98e-05,1.0
495074.0,4.98e-05,1.0
495088.0,4.98e-05,1.0
495146.0,4.98e-05,1.0
495160.0,4.98e-05,1.0
495212.0,4.98e-05,1.0
495253.0,4.98e-05,2.0
495281.0,4.98e-05,1.0
495357.0,4.98e-05,1.0
495390.0,4.98e-05,1.0
495401.0,4.98e-05,1.0
495407.0,4.98e-05,1.0
495437.0,4.98e-05,1.0
495474.0,4.98e-05,2.0
495488.0,4.98e-05,1.0
495503.0,4.98e-05,1.0
495534.0,4.98e-05,1.0
495540.0,4.98e-05,1.0
495549.0,4.98e-05,1.0
495621.0,4.98e-05,3.0
495626.0,4.98e-05,4.0
495728.0,4.98e-05,1.0
495747.0,4.98e-05,1.0
495749.0,4.98e-05,1.0
495756.0,4.98e-05,1.0
495773.0,4.98e-05,1.0
495818.0,4.98e-05,1.0
495844.0,4.98e-05,1.0
495856.0,4.98e-05,1.0
495866.0,4.98e-05,1.0
495895.0,4.98e-05,1.0
495945.0,4.98e-05,1.0
495950.0,4.98e-05,1.0
496059.0,4.98e-05,2.0
496118.0,4.98e-05,1.0
496125.0,4.98e-05,1.0
496166.0,4.98e-05,1.0
496270.0,4.98e-05,1.0
496276.0,4.98e-05,1.0
496295.0,4.98e-05,1.0
496322.0,4.98e-05,1.0
496326.0,4.98e-05,1.0
496432.0,4.98e-05,1.0
496465.0,4.98e-05,1.0
496540.0,4.98e-05,1.0
496556.0,4.98e-05,1.0
496573.0,4.98e-05,1.0
496634.0,4.98e-05,1.0
496648.0,4.98e-05,1.0
496767.0,4.98e-05,1.0
496820.0,4.98e-05,1.0
496840.0,4.98e-05,1.0
496913.0,4.98e-05,1.0
496949.0,4.98e-05,1.0
496967.0,4.98e-05,1.0
496969.0,4.98e-05,1.0
496970.0,4.98e-05,1.0
497050.0,4.98e-05,1.0
497126.0,4.98e-05,1.0
497170.0,4.98e-05,1.0
497177.0,4.98e-05,1.0
497187.0,4.98e-05,1.0
497210.0,4.98e-05,1.0
497226.0,4.98e-05,1.0
497238.0,4.98e-05,1.0
497255.0,4.98e-05,3.0
497268.0,4.98e-05,1.0
497273.0,4.98e-05,1.0
497286.0,4.98e-05,1.0
497308.0,4.98e-05,1.0
497322.0,4.98e-05,1.0
497369.0,4.98e-05,1.0
497415.0,4.98e-05,2.0
497427.0,4.98e-05,1.0
497434.0,4.98e-05,2.0
497453.0,4.98e-05,1.0
497466.0,4.98e-05,1.0
497471.0,4.98e-05,2.0
497514.0,4.98e-05,1.0
497520.0,4.98e-05,1.0
497525.0,4.98e-05,1.0
497535.0,4.98e-05,1.0
497558.0,4.98e-05,1.0
497616.0,4.98e-05,1.0
497626.0,4.98e-05,1.0
497694.0,4.98e-05,3.0
497699.0,4.98e-05,1.0
497706.0,4.98e-05,1.0
497752.0,4.98e-05,2.0
497761.0,4.98e-05,5.0
497829.0,4.98e-05,1.0
497847.0,4.98e-05,1.0
497852.0,4.98e-05,1.0
497877.0,4.98e-05,1.0
497917.0,4.98e-05,1.0
497941.0,4.98e-05,3.0
498026.0,4.98e-05,1.0
498105.0,4.98e-05,1.0
498113.0,4.98e-05,1.0
498188.0,4.98e-05,1.0
498228.0,4.98e-05,1.0
498233.0,4.98e-05,1.0
498276.0,4.98e-05,1.0
498304.0,4.98e-05,1.0
498305.0,4.98e-05,1.0
498307.0,4.98e-05,1.0
498322.0,4.98e-05,1.0
498356.0,4.98e-05,1.0
498453.0,4.98e-05,1.0
498469.0,4.98e-05,1.0
498499.0,4.98e-05,1.0
498535.0,4.98e-05,1.0
498570.0,4.98e-05,1.0
498691.0,4.98e-05,1.0
498703.0,4.98e-05,1.0
498718.0,4.98e-05,1.0
498732.0,4.98e-05,1.0
498752.0,4.98e-05,1.0
498783.0,4.98e-05,1.0
498795.0,4.98e-05,1.0
498796.0,4.98e-05,1.0
498805.0,4.98e-05,1.0
498814.0,4.98e-05,3.0
498829.0,4.98e-05,1.0
498897.0,4.98e-05,1.0
498912.0,4.98e-05,2.0
498921.0,4.98e-05,1.0
498936.0,4.98e-05,1.0
498972.0,4.98e-05,1.0
499009.0,4.98e-05,3.0
499015.0,4.98e-05,1.0
499039.0,4.98e-05,1.0
499043.0,4.98e-05,1.0
499050.0,4.98e-05,1.0
499085.0,4.98e-05,1.0
499096.0,4.98e-05,1.0
499133.0,4.98e-05,2.0
499177.0,4.98e-05,1.0
499200.0,4.98e-05,1.0
499202.0,4.98e-05,1.0
499206.0,4.98e-05,1.0
499218.0,4.98e-05,2.0
499298.0,4.98e-05,2.0
499406.0,4.98e-05,2.0
499408.0,4.98e-05,1.0
499434.0,4.98e-05,2.0
499440.0,4.98e-05,1.0
499447.0,4.98e-05,1.0
499549.0,4.98e-05,1.0
499556.0,4.98e-05,1.0
499723.0,4.98e-05,1.0
499754.0,4.98e-05,1.0
499857.0,4.98e-05,2.0
499929.0,4.98e-05,1.0
490702.0,4.98e-05,2.0
490783.0,4.98e-05,2.0
492089.0,4.98e-05,2.0
492561.0,4.98e-05,1.0
493302.0,4.98e-05,2.0
493471.0,4.98e-05,1.0
493653.0,4.98e-05,2.0
494253.0,4.98e-05,2.0
494661.0,4.98e-05,1.0
494758.0,4.98e-05,1.0
496392.0,4.98e-05,1.0
496974.0,4.98e-05,1.0
497324.0,4.98e-05,2.0
497349.0,4.98e-05,2.0
497903.0,4.98e-05,1.0
499014.0,4.98e-05,1.0
490040.0,4.98e-05,1.0
490081.0,4.98e-05,1.0
490109.0,4.98e-05,1.0
491179.0,4.98e-05,1.0
491905.0,4.98e-05,1.0
491906.0,4.98e-05,1.0
492094.0,4.98e-05,1.0
492372.0,4.98e-05,1.0
493203.0,4.98e-05,1.0
493566.0,4.98e-05,1.0
495105.0,4.98e-05,1.0
495814.0,4.98e-05,1.0
496205.0,4.98e-05,1.0
499233.0,4.98e-05,1.0
500005.0,5.34e-05,1.0
500024.0,5.34e-05,2.0
500027.0,5.34e-05,3.0
500032.0,5.34e-05,1.0
500036.0,5.34e-05,2.0
500040.0,5.34e-05,2.0
500064.0,5.34e-05,2.0
500080.0,5.34e-05,1.0
500085.0,5.34e-05,4.0
500106.0,5.34e-05,1.0
500107.0,5.34e-05,1.0
500109.0,5.34e-05,2.0
500136.0,5.34e-05,2.0
500210.0,5.34e-05,3.0
500235.0,5.34e-05,2.0
500278.0,5.34e-05,2.0
500316.0,5.34e-05,2.0
500346.0,5.34e-05,1.0
500383.0,5.34e-05,3.0
500388.0,5.34e-05,3.0
500402.0,5.34e-05,2.0
500474.0,5.34e-05,2.0
500508.0,5.34e-05,1.0
500515.0,5.34e-05,2.0
500525.0,5.34e-05,2.0
500543.0,5.34e-05,1.0
500551.0,5.34e-05,3.0
500554.0,5.34e-05,6.0
500585.0,5.34e-05,2.0
500592.0,5.34e-05,6.0
500620.0,5.34e-05,2.0
500628.0,5.34e-05,1.0
500634.0,5.34e-05,2.0
500665.0,5.34e-05,2.0
500680.0,5.34e-05,3.0
500681.0,5.34e-05,2.0
500683.0,5.34e-05,1.0
500687.0,5.34e-05,1.0
500690.0,5.34e-05,3.0
500702.0,5.34e-05,1.0
500727.0,5.34e-05,1.0
500730.0,5.34e-05,1.0
500737.0,5.34e-05,3.0
500754.0,5.34e-05,2.0
500756.0,5.34e-05,1.0
500783.0,5.34e-05,1.0
500837.0,5.34e-05,6.0
500841.0,5.34e-05,1.0
500846.0,5.34e-05,2.0
500849.0,5.34e-05,1.0
500870.0,5.34e-05,2.0
500884.0,5.34e-05,2.0
500896.0,5.34e-05,1.0
500904.0,5.34e-05,1.0
500913.0,5.34e-05,3.0
500914.0,5.34e-05,5.0
500973.0,5.34e-05,2.0
501000.0,5.34e-05,1.0
501008.0,5.34e-05,2.0
501046.0,5.34e-05,2.0
501048.0,5.34e-05,4.0
501078.0,5.34e-05,4.0
501099.0,5.34e-05,2.0
501103.0,5.34e-05,2.0
501106.0,5.34e-05,1.0
501108.0,5.34e-05,2.0
501124.0,5.34e-05,3.0
501147.0,5.34e-05,2.0
501151.0,5.34e-05,3.0
501200.0,5.34e-05,2.0
501202.0,5.34e-05,2.0
501206.0,5.34e-05,2.0
501212.0,5.34e-05,3.0
501238.0,5.34e-05,2.0
501247.0,5.34e-05,1.0
501266.0,5.34e-05,2.0
501282.0,5.34e-05,1.0
501308.0,5.34e-05,2.0
501316.0,5.34e-05,2.0
501354.0,5.34e-05,1.0
501390.0,5.34e-05,2.0
501396.0,5.34e-05,2.0
501427.0,5.34e-05,2.0
501448.0,5.34e-05,1.0
501479.0,5.34e-05,3.0
501486.0,5.34e-05,1.0
501494.0,5.34e-05,2.0
501512.0,5.34e-05,1.0
501535.0,5.34e-05,1.0
501568.0,5.34e-05,1.0
501572.0,5.34e-05,1.0
501576.0,5.34e-05,1.0
501585.0,5.34e-05,3.0
501589.0,5.34e-05,2.0
501600.0,5.34e-05,3.0
501603.0,5.34e-05,2.0
501695.0,5.34e-05,3.0
501730.0,5.34e-05,1.0
501741.0,5.34e-05,2.0
501754.0,5.34e-05,1.0
501756.0,5.34e-05,2.0
501777.0,5.34e-05,2.0
501790.0,5.34e-05,3.0
501824.0,5.34e-05,3.0
501826.0,5.34e-05,3.0
501906.0,5.34e-05,1.0
501908.0,5.34e-05,2.0
501921.0,5.34e-05,3.0
501938.0,5.34e-05,1.0
501964.0,5.34e-05,2.0
501972.0,5.34e-05,1.0
501982.0,5.34e-05,1.0
501983.0,5.34e-05,1.0
501986.0,5.34e-05,1.0
501997.0,5.34e-05,3.0
502015.0,5.34e-05,1.0
502026.0,5.34e-05,2.0
502029.0,5.34e-05,2.0
502043.0,5.34e-05,6.0
502047.0,5.34e-05,3.0
502062.0,5.34e-05,1.0
502075.0,5.34e-05,2.0
502078.0,5.34e-05,1.0
502150.0,5.34e-05,3.0
502156.0,5.34e-05,1.0
502173.0,5.34e-05,1.0
502177.0,5.34e-05,2.0
502210.0,5.34e-05,1.0
502216.0,5.34e-05,2.0
502239.0,5.34e-05,1.0
502273.0,5.34e-05,4.0
502303.0,5.34e-05,2.0
502331.0,5.34e-05,1.0
502339.0,5.34e-05,2.0
502343.0,5.34e-05,1.0
502352.0,5.34e-05,1.0
502354.0,5.34e-05,1.0
502372.0,5.34e-05,1.0
502403.0,5.34e-05,1.0
502404.0,5.34e-05,2.0
502413.0,5.34e-05,2.0
502414.0,5.34e-05,1.0
502434.0,5.34e-05,2.0
502438.0,5.34e-05,1.0
502461.0,5.34e-05,5.0
502483.0,5.34e-05,1.0
502503.0,5.34e-05,2.0
502557.0,5.34e-05,2.0
502568.0,5.34e-05,3.0
502571.0,5.34e-05,1.0
502624.0,5.34e-05,1.0
502633.0,5.34e-05,3.0
502634.0,5.34e-05,2.0
502725.0,5.34e-05,2.0
502753.0,5.34e-05,1.0
502760.0,5.34e-05,1.0
502764.0,5.34e-05,1.0
502766.0,5.34e-05,2.0
502775.0,5.34e-05,1.0
502777.0,5.34e-05,1.0
502786.0,5.34e-05,2.0
502819.0,5.34e-05,2.0
502825.0,5.34e-05,5.0
502830.0,5.34e-05,1.0
502837.0,5.34e-05,2.0
502871.0,5.34e-05,3.0
502872.0,5.34e-05,1.0
502878.0,5.34e-05,1.0
502915.0,5.34e-05,1.0
503005.0,5.34e-05,2.0
503019.0,5.34e-05,2.0
503027.0,5.34e-05,2.0
503048.0,5.34e-05,2.0
503063.0,5.34e-05,3.0
503071.0,5.34e-05,3.0
503088.0,5.34e-05,1.0
503093.0,5.34e-05,1.0
503108.0,5.34e-05,2.0
503110.0,5.34e-05,2.0
503145.0,5.34e-05,2.0
503162.0,5.34e-05,2.0
503197.0,5.34e-05,4.0
503203.0,5.34e-05,1.0
503205.0,5.34e-05,2.0
503213.0,5.34e-05,4.0
503240.0,5.34e-05,1.0
503246.0,5.34e-05,2.0
503251.0,5.34e-05,1.0
503252.0,5.34e-05,2.0
503254.0,5.34e-05,2.0
503271.0,5.34e-05,4.0
503290.0,5.34e-05,3.0
503297.0,5.34e-05,1.0
503300.0,5.34e-05,2.0
503303.0,5.34e-05,2.0
503305.0,5.34e-05,1.0
503310.0,5.34e-05,2.0
503340.0,5.34e-05,1.0
503341.0,5.34e-05,2.0
503376.0,5.34e-05,1.0
503410.0,5.34e-05,1.0
503414.0,5.34e-05,2.0
503454.0,5.34e-05,2.0
503459.0,5.34e-05,1.0
503461.0,5.34e-05,1.0
503493.0,5.34e-05,3.0
503495.0,5.34e-05,2.0
503512.0,5.34e-05,2.0
503514.0,5.34e-05,3.0
503530.0,5.34e-05,3.0
503544.0,5.34e-05,1.0
503550.0,5.34e-05,2.0
503566.0,5.34e-05,2.0
503568.0,5.34e-05,2.0
503577.0,5.34e-05,4.0
503619.0,5.34e-05,1.0
503644.0,5.34e-05,2.0
503653.0,5.34e-05,2.0
503655.0,5.34e-05,2.0
503671.0,5.34e-05,1.0
503711.0,5.34e-05,3.0
503745.0,5.34e-05,1.0
503771.0,5.34e-05,3.0
503775.0,5.34e-05,2.0
503777.0,5.34e-05,4.0
503809.0,5.34e-05,3.0
503813.0,5.34e-05,2.0
503818.0,5.34e-05,3.0
503827.0,5.34e-05,2.0
503850.0,5.34e-05,1.0
503857.0,5.34e-05,1.0
503889.0,5.34e-05,4.0
503936.0,5.34e-05,1.0
503944.0,5.34e-05,2.0
503972.0,5.34e-05,5.0
503977.0,5.34e-05,1.0
504001.0,5.34e-05,2.0
504004.0,5.34e-05,3.0
504015.0,5.34e-05,1.0
504023.0,5.34e-05,1.0
504025.0,5.34e-05,1.0
504028.0,5.34e-05,3.0
504034.0,5.34e-05,1.0
504045.0,5.34e-05,1.0
504096.0,5.34e-05,1.0
504103.0,5.34e-05,1.0
504135.0,5.34e-05,3.0
504165.0,5.34e-05,1.0
504171.0,5.34e-05,1.0
504187.0,5.34e-05,1.0
504192.0,5.34e-05,2.0
504203.0,5.34e-05,5.0
504253.0,5.34e-05,1.0
504255.0,5.34e-05,2.0
504262.0,5.34e-05,1.0
504264.0,5.34e-05,4.0
504274.0,5.34e-05,6.0
504281.0,5.34e-05,3.0
504285.0,5.34e-05,4.0
504294.0,5.34e-05,1.0
504308.0,5.34e-05,4.0
504343.0,5.34e-05,4.0
504344.0,5.34e-05,1.0
504348.0,5.34e-05,2.0
504362.0,5.34e-05,1.0
504364.0,5.34e-05,3.0
504408.0,5.34e-05,3.0
504424.0,5.34e-05,1.0
504430.0,5.34e-05,2.0
504431.0,5.34e-05,3.0
504432.0,5.34e-05,1.0
504433.0,5.34e-05,1.0
504437.0,5.34e-05,2.0
504455.0,5.34e-05,1.0
504476.0,5.34e-05,1.0
504518.0,5.34e-05,2.0
504543.0,5.34e-05,1.0
504546.0,5.34e-05,1.0
504549.0,5.34e-05,3.0
504579.0,5.34e-05,2.0
504603.0,5.34e-05,1.0
504614.0,5.34e-05,2.0
504616.0,5.34e-05,2.0
504640.0,5.34e-05,2.0
504654.0,5.34e-05,3.0
504691.0,5.34e-05,4.0
504727.0,5.34e-05,1.0
504737.0,5.34e-05,2.0
504741.0,5.34e-05,3.0
504802.0,5.34e-05,5.0
504811.0,5.34e-05,2.0
504866.0,5.34e-05,2.0
504917.0,5.34e-05,2.0
504927.0,5.34e-05,1.0
504928.0,5.34e-05,2.0
504936.0,5.34e-05,1.0
504966.0,5.34e-05,2.0
504975.0,5.34e-05,3.0
504976.0,5.34e-05,2.0
504990.0,5.34e-05,3.0
505005.0,5.34e-05,1.0
505030.0,5.34e-05,4.0
505043.0,5.34e-05,2.0
505050.0,5.34e-05,1.0
505051.0,5.34e-05,2.0
505059.0,5.34e-05,1.0
505069.0,5.34e-05,1.0
505074.0,5.34e-05,4.0
505088.0,5.34e-05,1.0
505101.0,5.34e-05,2.0
505105.0,5.34e-05,2.0
505146.0,5.34e-05,5.0
505159.0,5.34e-05,2.0
505160.0,5.34e-05,2.0
505191.0,5.34e-05,2.0
505200.0,5.34e-05,2.0
505235.0,5.34e-05,1.0
505239.0,5.34e-05,1.0
505253.0,5.34e-05,4.0
505278.0,5.34e-05,2.0
505281.0,5.34e-05,1.0
505287.0,5.34e-05,1.0
505306.0,5.34e-05,1.0
505354.0,5.34e-05,4.0
505390.0,5.34e-05,2.0
505401.0,5.34e-05,2.0
505407.0,5.34e-05,3.0
505419.0,5.34e-05,2.0
505429.0,5.34e-05,1.0
505450.0,5.34e-05,1.0
505451.0,5.34e-05,2.0
505465.0,5.34e-05,1.0
505470.0,5.34e-05,2.0
505488.0,5.34e-05,1.0
505503.0,5.34e-05,1.0
505521.0,5.34e-05,1.0
505534.0,5.34e-05,4.0
505540.0,5.34e-05,2.0
505542.0,5.34e-05,2.0
505543.0,5.34e-05,1.0
505548.0,5.34e-05,2.0
505596.0,5.34e-05,2.0
505608.0,5.34e-05,1.0
505621.0,5.34e-05,1.0
505636.0,5.34e-05,2.0
505639.0,5.34e-05,4.0
505642.0,5.34e-05,2.0
505660.0,5.34e-05,1.0
505686.0,5.34e-05,1.0
505698.0,5.34e-05,1.0
505728.0,5.34e-05,1.0
505747.0,5.34e-05,4.0
505749.0,5.34e-05,2.0
505756.0,5.34e-05,3.0
505767.0,5.34e-05,1.0
505773.0,5.34e-05,2.0
505803.0,5.34e-05,2.0
505805.0,5.34e-05,2.0
505814.0,5.34e-05,2.0
505856.0,5.34e-05,3.0
505874.0,5.34e-05,1.0
505886.0,5.34e-05,1.0
505893.0,5.34e-05,1.0
505895.0,5.34e-05,3.0
505950.0,5.34e-05,3.0
505969.0,5.34e-05,2.0
505973.0,5.34e-05,1.0
505999.0,5.34e-05,1.0
506009.0,5.34e-05,2.0
506046.0,5.34e-05,2.0
506095.0,5.34e-05,3.0
506101.0,5.34e-05,1.0
506131.0,5.34e-05,1.0
506162.0,5.34e-05,1.0
506166.0,5.34e-05,2.0
506180.0,5.34e-05,2.0
506199.0,5.34e-05,1.0
506241.0,5.34e-05,2.0
506270.0,5.34e-05,2.0
506276.0,5.34e-05,2.0
506295.0,5.34e-05,2.0
506322.0,5.34e-05,2.0
506326.0,5.34e-05,2.0
506334.0,5.34e-05,1.0
506337.0,5.34e-05,3.0
506347.0,5.34e-05,1.0
506388.0,5.34e-05,1.0
506392.0,5.34e-05,1.0
506410.0,5.34e-05,1.0
506432.0,5.34e-05,3.0
506450.0,5.34e-05,2.0
506465.0,5.34e-05,1.0
506483.0,5.34e-05,2.0
506506.0,5.34e-05,1.0
506520.0,5.34e-05,1.0
506556.0,5.34e-05,2.0
506573.0,5.34e-05,2.0
506587.0,5.34e-05,2.0
506590.0,5.34e-05,2.0
506634.0,5.34e-05,2.0
506648.0,5.34e-05,2.0
506650.0,5.34e-05,1.0
506714.0,5.34e-05,2.0
506747.0,5.34e-05,1.0
506767.0,5.34e-05,2.0
506790.0,5.34e-05,2.0
506813.0,5.34e-05,1.0
506840.0,5.34e-05,4.0
506859.0,5.34e-05,3.0
506928.0,5.34e-05,2.0
506935.0,5.34e-05,2.0
506949.0,5.34e-05,1.0
506953.0,5.34e-05,1.0
506967.0,5.34e-05,3.0
506969.0,5.34e-05,2.0
506970.0,5.34e-05,1.0
506973.0,5.34e-05,2.0
507050.0,5.34e-05,1.0
507080.0,5.34e-05,1.0
507083.0,5.34e-05,2.0
507145.0,5.34e-05,1.0
507150.0,5.34e-05,1.0
507187.0,5.34e-05,4.0
507189.0,5.34e-05,1.0
507197.0,5.34e-05,1.0
507199.0,5.34e-05,1.0
507210.0,5.34e-05,2.0
507214.0,5.34e-05,1.0
507226.0,5.34e-05,3.0
507255.0,5.34e-05,2.0
507264.0,5.34e-05,1.0
507268.0,5.34e-05,2.0
507273.0,5.34e-05,2.0
507286.0,5.34e-05,3.0
507298.0,5.34e-05,1.0
507309.0,5.34e-05,2.0
507322.0,5.34e-05,2.0
507324.0,5.34e-05,1.0
507341.0,5.34e-05,4.0
507348.0,5.34e-05,2.0
507357.0,5.34e-05,3.0
507366.0,5.34e-05,1.0
507369.0,5.34e-05,3.0
507385.0,5.34e-05,1.0
507406.0,5.34e-05,1.0
507434.0,5.34e-05,2.0
507453.0,5.34e-05,3.0
507466.0,5.34e-05,2.0
507471.0,5.34e-05,2.0
507482.0,5.34e-05,2.0
507535.0,5.34e-05,1.0
507537.0,5.34e-05,1.0
507558.0,5.34e-05,2.0
507563.0,5.34e-05,1.0
507565.0,5.34e-05,1.0
507612.0,5.34e-05,2.0
507620.0,5.34e-05,2.0
507626.0,5.34e-05,1.0
507636.0,5.34e-05,1.0
507642.0,5.34e-05,1.0
507694.0,5.34e-05,1.0
507701.0,5.34e-05,3.0
507710.0,5.34e-05,2.0
507711.0,5.34e-05,4.0
507714.0,5.34e-05,1.0
507721.0,5.34e-05,1.0
507728.0,5.34e-05,1.0
507752.0,5.34e-05,1.0
507817.0,5.34e-05,4.0
507819.0,5.34e-05,2.0
507852.0,5.34e-05,2.0
507877.0,5.34e-05,2.0
507879.0,5.34e-05,1.0
507881.0,5.34e-05,1.0
507892.0,5.34e-05,1.0
507943.0,5.34e-05,1.0
507948.0,5.34e-05,2.0
507957.0,5.34e-05,3.0
507966.0,5.34e-05,2.0
507991.0,5.34e-05,2.0
508031.0,5.34e-05,1.0
508041.0,5.34e-05,1.0
508055.0,5.34e-05,1.0
508062.0,5.34e-05,1.0
508082.0,5.34e-05,3.0
508113.0,5.34e-05,1.0
508146.0,5.34e-05,6.0
508188.0,5.34e-05,1.0
508189.0,5.34e-05,1.0
508205.0,5.34e-05,1.0
508207.0,5.34e-05,2.0
508230.0,5.34e-05,1.0
508245.0,5.34e-05,2.0
508247.0,5.34e-05,1.0
508254.0,5.34e-05,1.0
508304.0,5.34e-05,3.0
508305.0,5.34e-05,3.0
508307.0,5.34e-05,3.0
508322.0,5.34e-05,1.0
508333.0,5.34e-05,2.0
508352.0,5.34e-05,2.0
508356.0,5.34e-05,1.0
508366.0,5.34e-05,1.0
508453.0,5.34e-05,4.0
508467.0,5.34e-05,1.0
508475.0,5.34e-05,1.0
508493.0,5.34e-05,2.0
508499.0,5.34e-05,2.0
508535.0,5.34e-05,2.0
508565.0,5.34e-05,1.0
508570.0,5.34e-05,1.0
508623.0,5.34e-05,1.0
508678.0,5.34e-05,2.0
508679.0,5.34e-05,3.0
508686.0,5.34e-05,2.0
508703.0,5.34e-05,2.0
508718.0,5.34e-05,3.0
508725.0,5.34e-05,2.0
508752.0,5.34e-05,2.0
508783.0,5.34e-05,2.0
508788.0,5.34e-05,2.0
508794.0,5.34e-05,2.0
508795.0,5.34e-05,2.0
508796.0,5.34e-05,6.0
508805.0,5.34e-05,1.0
508814.0,5.34e-05,2.0
508869.0,5.34e-05,2.0
508872.0,5.34e-05,1.0
508885.0,5.34e-05,1.0
508897.0,5.34e-05,6.0
508898.0,5.34e-05,2.0
508921.0,5.34e-05,2.0
508930.0,5.34e-05,2.0
508986.0,5.34e-05,1.0
508993.0,5.34e-05,2.0
508994.0,5.34e-05,1.0
509017.0,5.34e-05,2.0
509026.0,5.34e-05,2.0
509029.0,5.34e-05,1.0
509039.0,5.34e-05,1.0
509043.0,5.34e-05,1.0
509054.0,5.34e-05,2.0
509059.0,5.34e-05,1.0
509082.0,5.34e-05,2.0
509096.0,5.34e-05,2.0
509151.0,5.34e-05,2.0
509177.0,5.34e-05,2.0
509189.0,5.34e-05,1.0
509190.0,5.34e-05,1.0
509218.0,5.34e-05,2.0
509220.0,5.34e-05,1.0
509318.0,5.34e-05,1.0
509320.0,5.34e-05,3.0
509321.0,5.34e-05,3.0
509338.0,5.34e-05,2.0
509353.0,5.34e-05,1.0
509371.0,5.34e-05,2.0
509406.0,5.34e-05,2.0
509408.0,5.34e-05,2.0
509434.0,5.34e-05,3.0
509440.0,5.34e-05,2.0
509447.0,5.34e-05,1.0
509477.0,5.34e-05,2.0
509549.0,5.34e-05,1.0
509556.0,5.34e-05,1.0
509622.0,5.34e-05,3.0
509626.0,5.34e-05,2.0
509628.0,5.34e-05,1.0
509661.0,5.34e-05,2.0
509681.0,5.34e-05,1.0
509730.0,5.34e-05,1.0
509754.0,5.34e-05,2.0
509828.0,5.34e-05,2.0
509841.0,5.34e-05,1.0
509857.0,5.34e-05,2.0
509919.0,5.34e-05,2.0
509924.0,5.34e-05,2.0
509937.0,5.34e-05,2.0
509944.0,5.34e-05,1.0
509981.0,5.34e-05,3.0
507276.0,5.34e-05,1.0
509160.0,5.34e-05,1.0
510005.0,5.72e-05,1.0
510024.0,5.72e-05,3.0
510027.0,5.72e-05,1.0
510036.0,5.72e-05,2.0
510040.0,5.72e-05,3.0
510064.0,5.72e-05,2.0
510080.0,5.72e-05,1.0
510085.0,5.72e-05,3.0
510109.0,5.72e-05,2.0
510136.0,5.72e-05,2.0
510207.0,5.72e-05,1.0
510210.0,5.72e-05,4.0
510238.0,5.72e-05,2.0
510254.0,5.72e-05,1.0
510278.0,5.72e-05,1.0
510334.0,5.72e-05,1.0
510367.0,5.72e-05,1.0
510373.0,5.72e-05,3.0
510388.0,5.72e-05,2.0
510400.0,5.72e-05,1.0
510439.0,5.72e-05,1.0
510508.0,5.72e-05,2.0
510515.0,5.72e-05,1.0
510525.0,5.72e-05,1.0
510543.0,5.72e-05,1.0
510551.0,5.72e-05,3.0
510554.0,5.72e-05,4.0
510585.0,5.72e-05,3.0
510592.0,5.72e-05,2.0
510604.0,5.72e-05,1.0
510620.0,5.72e-05,4.0
510634.0,5.72e-05,1.0
510638.0,5.72e-05,1.0
510642.0,5.72e-05,1.0
510665.0,5.72e-05,2.0
510681.0,5.72e-05,2.0
510683.0,5.72e-05,1.0
510687.0,5.72e-05,2.0
510702.0,5.72e-05,1.0
510725.0,5.72e-05,3.0
510727.0,5.72e-05,1.0
510730.0,5.72e-05,1.0
510737.0,5.72e-05,2.0
510754.0,5.72e-05,3.0
510783.0,5.72e-05,2.0
510841.0,5.72e-05,6.0
510846.0,5.72e-05,2.0
510858.0,5.72e-05,1.0
510866.0,5.72e-05,1.0
510871.0,5.72e-05,1.0
510884.0,5.72e-05,1.0
510889.0,5.72e-05,1.0
510904.0,5.72e-05,1.0
510906.0,5.72e-05,1.0
510913.0,5.72e-05,2.0
510976.0,5.72e-05,1.0
510982.0,5.72e-05,2.0
510997.0,5.72e-05,3.0
511000.0,5.72e-05,2.0
511008.0,5.72e-05,2.0
511021.0,5.72e-05,1.0
511023.0,5.72e-05,1.0
511041.0,5.72e-05,1.0
511046.0,5.72e-05,1.0
511048.0,5.72e-05,2.0
511078.0,5.72e-05,4.0
511108.0,5.72e-05,3.0
511118.0,5.72e-05,2.0
511122.0,5.72e-05,1.0
511124.0,5.72e-05,4.0
511156.0,5.72e-05,2.0
511200.0,5.72e-05,2.0
511202.0,5.72e-05,4.0
511206.0,5.72e-05,1.0
511212.0,5.72e-05,2.0
511238.0,5.72e-05,3.0
511266.0,5.72e-05,2.0
511286.0,5.72e-05,1.0
511308.0,5.72e-05,1.0
511316.0,5.72e-05,4.0
511354.0,5.72e-05,1.0
511390.0,5.72e-05,1.0
511396.0,5.72e-05,2.0
511406.0,5.72e-05,1.0
511416.0,5.72e-05,1.0
511448.0,5.72e-05,1.0
511453.0,5.72e-05,1.0
511454.0,5.72e-05,1.0
511479.0,5.72e-05,3.0
511535.0,5.72e-05,1.0
511537.0,5.72e-05,2.0
511568.0,5.72e-05,1.0
511572.0,5.72e-05,4.0
511576.0,5.72e-05,4.0
511585.0,5.72e-05,2.0
511645.0,5.72e-05,2.0
511687.0,5.72e-05,1.0
511695.0,5.72e-05,4.0
511720.0,5.72e-05,1.0
511730.0,5.72e-05,2.0
511754.0,5.72e-05,1.0
511777.0,5.72e-05,4.0
511790.0,5.72e-05,3.0
511811.0,5.72e-05,1.0
511817.0,5.72e-05,1.0
511824.0,5.72e-05,2.0
511826.0,5.72e-05,2.0
511846.0,5.72e-05,1.0
511848.0,5.72e-05,1.0
511867.0,5.72e-05,1.0
511906.0,5.72e-05,1.0
511908.0,5.72e-05,1.0
511921.0,5.72e-05,2.0
511957.0,5.72e-05,1.0
511964.0,5.72e-05,4.0
511982.0,5.72e-05,1.0
511983.0,5.72e-05,1.0
511997.0,5.72e-05,2.0
512026.0,5.72e-05,2.0
512029.0,5.72e-05,1.0
512031.0,5.72e-05,1.0
512087.0,5.72e-05,2.0
512089.0,5.72e-05,1.0
512094.0,5.72e-05,1.0
512150.0,5.72e-05,2.0
512173.0,5.72e-05,3.0
512177.0,5.72e-05,1.0
512180.0,5.72e-05,1.0
512195.0,5.72e-05,1.0
512216.0,5.72e-05,1.0
512273.0,5.72e-05,2.0
512303.0,5.72e-05,3.0
512312.0,5.72e-05,1.0
512313.0,5.72e-05,1.0
512318.0,5.72e-05,2.0
512355.0,5.72e-05,1.0
512368.0,5.72e-05,2.0
512372.0,5.72e-05,2.0
512389.0,5.72e-05,3.0
512400.0,5.72e-05,1.0
512401.0,5.72e-05,1.0
512403.0,5.72e-05,1.0
512404.0,5.72e-05,1.0
512414.0,5.72e-05,2.0
512434.0,5.72e-05,1.0
512503.0,5.72e-05,2.0
512511.0,5.72e-05,3.0
512568.0,5.72e-05,2.0
512634.0,5.72e-05,2.0
512700.0,5.72e-05,1.0
512702.0,5.72e-05,1.0
512725.0,5.72e-05,2.0
512726.0,5.72e-05,1.0
512753.0,5.72e-05,1.0
512760.0,5.72e-05,2.0
512764.0,5.72e-05,4.0
512786.0,5.72e-05,1.0
512818.0,5.72e-05,4.0
512819.0,5.72e-05,2.0
512820.0,5.72e-05,1.0
512861.0,5.72e-05,2.0
512872.0,5.72e-05,3.0
512878.0,5.72e-05,1.0
512886.0,5.72e-05,1.0
512915.0,5.72e-05,3.0
512949.0,5.72e-05,4.0
512978.0,5.72e-05,2.0
513005.0,5.72e-05,1.0
513019.0,5.72e-05,3.0
513039.0,5.72e-05,1.0
513056.0,5.72e-05,1.0
513063.0,5.72e-05,3.0
513071.0,5.72e-05,2.0
513081.0,5.72e-05,1.0
513089.0,5.72e-05,1.0
513093.0,5.72e-05,4.0
513108.0,5.72e-05,1.0
513110.0,5.72e-05,1.0
513124.0,5.72e-05,1.0
513142.0,5.72e-05,3.0
513162.0,5.72e-05,2.0
513197.0,5.72e-05,2.0
513203.0,5.72e-05,1.0
513213.0,5.72e-05,4.0
513218.0,5.72e-05,1.0
513240.0,5.72e-05,1.0
513251.0,5.72e-05,3.0
513252.0,5.72e-05,2.0
513271.0,5.72e-05,2.0
513287.0,5.72e-05,1.0
513297.0,5.72e-05,1.0
513303.0,5.72e-05,1.0
513305.0,5.72e-05,1.0
513310.0,5.72e-05,1.0
513314.0,5.72e-05,2.0
513340.0,5.72e-05,2.0
513370.0,5.72e-05,1.0
513376.0,5.72e-05,2.0
513388.0,5.72e-05,1.0
513410.0,5.72e-05,1.0
513426.0,5.72e-05,1.0
513454.0,5.72e-05,2.0
513459.0,5.72e-05,1.0
513461.0,5.72e-05,2.0
513474.0,5.72e-05,1.0
513493.0,5.72e-05,2.0
513495.0,5.72e-05,2.0
513514.0,5.72e-05,3.0
513529.0,5.72e-05,2.0
513530.0,5.72e-05,5.0
513550.0,5.72e-05,3.0
513554.0,5.72e-05,1.0
513566.0,5.72e-05,1.0
513568.0,5.72e-05,3.0
513577.0,5.72e-05,1.0
513626.0,5.72e-05,1.0
513655.0,5.72e-05,1.0
513660.0,5.72e-05,1.0
513672.0,5.72e-05,1.0
513682.0,5.72e-05,4.0
513686.0,5.72e-05,1.0
513745.0,5.72e-05,1.0
513771.0,5.72e-05,1.0
513775.0,5.72e-05,3.0
513777.0,5.72e-05,2.0
513809.0,5.72e-05,1.0
513813.0,5.72e-05,3.0
513818.0,5.72e-05,4.0
513857.0,5.72e-05,2.0
513889.0,5.72e-05,2.0
513972.0,5.72e-05,4.0
513985.0,5.72e-05,1.0
513995.0,5.72e-05,1.0
513996.0,5.72e-05,2.0
514001.0,5.72e-05,2.0
514028.0,5.72e-05,4.0
514045.0,5.72e-05,2.0
514047.0,5.72e-05,1.0
514100.0,5.72e-05,1.0
514107.0,5.72e-05,1.0
514130.0,5.72e-05,1.0
514135.0,5.72e-05,2.0
514139.0,5.72e-05,1.0
514173.0,5.72e-05,1.0
514184.0,5.72e-05,1.0
514192.0,5.72e-05,1.0
514232.0,5.72e-05,1.0
514237.0,5.72e-05,3.0
514251.0,5.72e-05,2.0
514253.0,5.72e-05,3.0
514255.0,5.72e-05,2.0
514264.0,5.72e-05,2.0
514285.0,5.72e-05,2.0
514294.0,5.72e-05,2.0
514318.0,5.72e-05,1.0
514337.0,5.72e-05,1.0
514343.0,5.72e-05,3.0
514344.0,5.72e-05,3.0
514348.0,5.72e-05,4.0
514349.0,5.72e-05,1.0
514362.0,5.72e-05,3.0
514364.0,5.72e-05,4.0
514408.0,5.72e-05,3.0
514412.0,5.72e-05,1.0
514421.0,5.72e-05,1.0
514430.0,5.72e-05,2.0
514431.0,5.72e-05,2.0
514433.0,5.72e-05,1.0
514472.0,5.72e-05,1.0
514518.0,5.72e-05,2.0
514521.0,5.72e-05,1.0
514543.0,5.72e-05,2.0
514568.0,5.72e-05,1.0
514572.0,5.72e-05,1.0
514590.0,5.72e-05,1.0
514614.0,5.72e-05,1.0
514615.0,5.72e-05,4.0
514640.0,5.72e-05,3.0
514654.0,5.72e-05,2.0
514675.0,5.72e-05,1.0
514691.0,5.72e-05,4.0
514704.0,5.72e-05,1.0
514721.0,5.72e-05,2.0
514737.0,5.72e-05,4.0
514739.0,5.72e-05,4.0
514758.0,5.72e-05,1.0
514780.0,5.72e-05,2.0
514784.0,5.72e-05,1.0
514802.0,5.72e-05,4.0
514811.0,5.72e-05,1.0
514866.0,5.72e-05,2.0
514890.0,5.72e-05,2.0
514904.0,5.72e-05,1.0
514906.0,5.72e-05,1.0
514927.0,5.72e-05,1.0
514928.0,5.72e-05,1.0
514966.0,5.72e-05,4.0
514975.0,5.72e-05,4.0
514976.0,5.72e-05,1.0
514977.0,5.72e-05,1.0
515005.0,5.72e-05,2.0
515022.0,5.72e-05,3.0
515088.0,5.72e-05,1.0
515101.0,5.72e-05,1.0
515105.0,5.72e-05,1.0
515146.0,5.72e-05,3.0
515160.0,5.72e-05,1.0
515167.0,5.72e-05,1.0
515191.0,5.72e-05,4.0
515200.0,5.72e-05,1.0
515204.0,5.72e-05,2.0
515235.0,5.72e-05,1.0
515239.0,5.72e-05,1.0
515253.0,5.72e-05,2.0
515278.0,5.72e-05,3.0
515281.0,5.72e-05,1.0
515287.0,5.72e-05,1.0
515314.0,5.72e-05,2.0
515344.0,5.72e-05,1.0
515353.0,5.72e-05,1.0
515390.0,5.72e-05,6.0
515401.0,5.72e-05,4.0
515407.0,5.72e-05,3.0
515419.0,5.72e-05,1.0
515437.0,5.72e-05,4.0
515438.0,5.72e-05,1.0
515446.0,5.72e-05,2.0
515450.0,5.72e-05,1.0
515451.0,5.72e-05,1.0
515453.0,5.72e-05,1.0
515465.0,5.72e-05,2.0
515470.0,5.72e-05,1.0
515474.0,5.72e-05,3.0
515488.0,5.72e-05,3.0
515534.0,5.72e-05,4.0
515542.0,5.72e-05,1.0
515543.0,5.72e-05,2.0
515548.0,5.72e-05,4.0
515549.0,5.72e-05,3.0
515596.0,5.72e-05,4.0
515610.0,5.72e-05,1.0
515626.0,5.72e-05,3.0
515636.0,5.72e-05,2.0
515639.0,5.72e-05,2.0
515652.0,5.72e-05,2.0
515728.0,5.72e-05,3.0
515747.0,5.72e-05,2.0
515785.0,5.72e-05,1.0
515803.0,5.72e-05,4.0
515805.0,5.72e-05,2.0
515815.0,5.72e-05,3.0
515818.0,5.72e-05,2.0
515835.0,5.72e-05,1.0
515866.0,5.72e-05,1.0
515895.0,5.72e-05,2.0
515936.0,5.72e-05,1.0
515941.0,5.72e-05,1.0
515945.0,5.72e-05,3.0
515950.0,5.72e-05,2.0
515969.0,5.72e-05,2.0
515973.0,5.72e-05,1.0
515989.0,5.72e-05,3.0
516009.0,5.72e-05,2.0
516013.0,5.72e-05,1.0
516046.0,5.72e-05,2.0
516048.0,5.72e-05,1.0
516071.0,5.72e-05,1.0
516095.0,5.72e-05,2.0
516101.0,5.72e-05,2.0
516109.0,5.72e-05,1.0
516175.0,5.72e-05,1.0
516180.0,5.72e-05,2.0
516205.0,5.72e-05,2.0
516241.0,5.72e-05,1.0
516270.0,5.72e-05,3.0
516295.0,5.72e-05,2.0
516322.0,5.72e-05,3.0
516326.0,5.72e-05,3.0
516337.0,5.72e-05,3.0
516344.0,5.72e-05,1.0
516353.0,5.72e-05,1.0
516436.0,5.72e-05,2.0
516446.0,5.72e-05,3.0
516506.0,5.72e-05,1.0
516517.0,5.72e-05,1.0
516520.0,5.72e-05,3.0
516536.0,5.72e-05,1.0
516539.0,5.72e-05,1.0
516540.0,5.72e-05,3.0
516556.0,5.72e-05,4.0
516584.0,5.72e-05,1.0
516590.0,5.72e-05,1.0
516613.0,5.72e-05,1.0
516650.0,5.72e-05,1.0
516660.0,5.72e-05,1.0
516707.0,5.72e-05,1.0
516714.0,5.72e-05,1.0
516767.0,5.72e-05,1.0
516790.0,5.72e-05,3.0
516814.0,5.72e-05,2.0
516818.0,5.72e-05,1.0
516840.0,5.72e-05,2.0
516859.0,5.72e-05,5.0
516860.0,5.72e-05,3.0
516876.0,5.72e-05,1.0
516935.0,5.72e-05,1.0
516967.0,5.72e-05,1.0
516969.0,5.72e-05,2.0
516970.0,5.72e-05,1.0
516973.0,5.72e-05,1.0
517010.0,5.72e-05,1.0
517050.0,5.72e-05,2.0
517080.0,5.72e-05,1.0
517083.0,5.72e-05,3.0
517089.0,5.72e-05,2.0
517126.0,5.72e-05,4.0
517148.0,5.72e-05,1.0
517170.0,5.72e-05,1.0
517177.0,5.72e-05,2.0
517210.0,5.72e-05,2.0
517214.0,5.72e-05,1.0
517226.0,5.72e-05,2.0
517238.0,5.72e-05,1.0
517255.0,5.72e-05,1.0
517268.0,5.72e-05,1.0
517286.0,5.72e-05,3.0
517298.0,5.72e-05,2.0
517308.0,5.72e-05,2.0
517309.0,5.72e-05,1.0
517348.0,5.72e-05,1.0
517356.0,5.72e-05,5.0
517357.0,5.72e-05,1.0
517364.0,5.72e-05,1.0
517369.0,5.72e-05,2.0
517385.0,5.72e-05,1.0
517434.0,5.72e-05,2.0
517453.0,5.72e-05,2.0
517477.0,5.72e-05,1.0
517520.0,5.72e-05,2.0
517535.0,5.72e-05,3.0
517537.0,5.72e-05,1.0
517563.0,5.72e-05,2.0
517616.0,5.72e-05,2.0
517620.0,5.72e-05,1.0
517624.0,5.72e-05,1.0
517636.0,5.72e-05,2.0
517699.0,5.72e-05,3.0
517706.0,5.72e-05,2.0
517710.0,5.72e-05,1.0
517752.0,5.72e-05,1.0
517773.0,5.72e-05,3.0
517778.0,5.72e-05,2.0
517819.0,5.72e-05,2.0
517829.0,5.72e-05,2.0
517840.0,5.72e-05,1.0
517847.0,5.72e-05,2.0
517877.0,5.72e-05,3.0
517879.0,5.72e-05,1.0
517888.0,5.72e-05,1.0
517892.0,5.72e-05,1.0
517941.0,5.72e-05,5.0
517943.0,5.72e-05,3.0
517948.0,5.72e-05,1.0
517957.0,5.72e-05,3.0
517990.0,5.72e-05,2.0
517991.0,5.72e-05,1.0
517994.0,5.72e-05,1.0
518008.0,5.72e-05,1.0
518026.0,5.72e-05,2.0
518050.0,5.72e-05,1.0
518062.0,5.72e-05,2.0
518082.0,5.72e-05,1.0
518086.0,5.72e-05,2.0
518105.0,5.72e-05,2.0
518113.0,5.72e-05,2.0
518123.0,5.72e-05,1.0
518146.0,5.72e-05,2.0
518151.0,5.72e-05,1.0
518161.0,5.72e-05,1.0
518171.0,5.72e-05,4.0
518188.0,5.72e-05,2.0
518189.0,5.72e-05,2.0
518230.0,5.72e-05,2.0
518233.0,5.72e-05,2.0
518254.0,5.72e-05,1.0
518259.0,5.72e-05,1.0
518276.0,5.72e-05,3.0
518277.0,5.72e-05,1.0
518304.0,5.72e-05,1.0
518305.0,5.72e-05,2.0
518307.0,5.72e-05,3.0
518392.0,5.72e-05,1.0
518431.0,5.72e-05,1.0
518453.0,5.72e-05,4.0
518461.0,5.72e-05,1.0
518467.0,5.72e-05,1.0
518493.0,5.72e-05,1.0
518499.0,5.72e-05,4.0
518513.0,5.72e-05,2.0
518540.0,5.72e-05,1.0
518570.0,5.72e-05,2.0
518679.0,5.72e-05,1.0
518686.0,5.72e-05,1.0
518703.0,5.72e-05,1.0
518725.0,5.72e-05,3.0
518732.0,5.72e-05,1.0
518758.0,5.72e-05,1.0
518769.0,5.72e-05,3.0
518783.0,5.72e-05,4.0
518788.0,5.72e-05,1.0
518795.0,5.72e-05,2.0
518796.0,5.72e-05,2.0
518814.0,5.72e-05,2.0
518829.0,5.72e-05,1.0
518833.0,5.72e-05,1.0
518897.0,5.72e-05,2.0
518898.0,5.72e-05,1.0
518910.0,5.72e-05,1.0
518912.0,5.72e-05,1.0
518921.0,5.72e-05,1.0
518936.0,5.72e-05,3.0
518972.0,5.72e-05,3.0
518993.0,5.72e-05,1.0
518994.0,5.72e-05,1.0
519039.0,5.72e-05,1.0
519096.0,5.72e-05,4.0
519130.0,5.72e-05,1.0
519133.0,5.72e-05,1.0
519177.0,5.72e-05,1.0
519185.0,5.72e-05,1.0
519218.0,5.72e-05,1.0
519233.0,5.72e-05,2.0
519253.0,5.72e-05,1.0
519267.0,5.72e-05,1.0
519308.0,5.72e-05,1.0
519321.0,5.72e-05,2.0
519338.0,5.72e-05,1.0
519353.0,5.72e-05,1.0
519371.0,5.72e-05,1.0
519381.0,5.72e-05,1.0
519406.0,5.72e-05,1.0
519447.0,5.72e-05,4.0
519461.0,5.72e-05,1.0
519477.0,5.72e-05,1.0
519482.0,5.72e-05,1.0
519510.0,5.72e-05,2.0
519533.0,5.72e-05,1.0
519549.0,5.72e-05,4.0
519560.0,5.72e-05,1.0
519586.0,5.72e-05,2.0
519622.0,5.72e-05,2.0
519626.0,5.72e-05,3.0
519658.0,5.72e-05,2.0
519661.0,5.72e-05,2.0
519681.0,5.72e-05,3.0
519693.0,5.72e-05,2.0
519806.0,5.72e-05,1.0
519828.0,5.72e-05,2.0
519841.0,5.72e-05,3.0
519847.0,5.72e-05,1.0
519857.0,5.72e-05,3.0
519891.0,5.72e-05,3.0
519919.0,5.72e-05,2.0
519924.0,5.72e-05,1.0
519937.0,5.72e-05,1.0
519944.0,5.72e-05,2.0
519981.0,5.72e-05,3.0
510032.0,5.72e-05,1.0
510070.0,5.72e-05,1.0
510106.0,5.72e-05,1.0
510107.0,5.72e-05,1.0
510120.0,5.72e-05,1.0
510199.0,5.72e-05,1.0
510235.0,5.72e-05,1.0
510250.0,5.72e-05,1.0
510328.0,5.72e-05,1.0
510344.0,5.72e-05,1.0
510402.0,5.72e-05,1.0
510425.0,5.72e-05,1.0
510474.0,5.72e-05,1.0
510680.0,5.72e-05,1.0
510849.0,5.72e-05,1.0
510973.0,5.72e-05,1.0
511106.0,5.72e-05,1.0
511147.0,5.72e-05,1.0
511151.0,5.72e-05,1.0
511282.0,5.72e-05,1.0
511288.0,5.72e-05,1.0
511436.0,5.72e-05,1.0
511458.0,5.72e-05,1.0
511563.0,5.72e-05,1.0
511580.0,5.72e-05,1.0
511589.0,5.72e-05,1.0
511600.0,5.72e-05,1.0
511679.0,5.72e-05,1.0
511781.0,5.72e-05,1.0
511938.0,5.72e-05,1.0
511972.0,5.72e-05,1.0
511986.0,5.72e-05,1.0
512015.0,5.72e-05,1.0
512043.0,5.72e-05,1.0
512047.0,5.72e-05,1.0
512078.0,5.72e-05,1.0
512156.0,5.72e-05,1.0
512210.0,5.72e-05,1.0
512239.0,5.72e-05,1.0
512264.0,5.72e-05,1.0
512271.0,5.72e-05,1.0
512340.0,5.72e-05,1.0
512354.0,5.72e-05,1.0
512358.0,5.72e-05,1.0
512397.0,5.72e-05,1.0
512413.0,5.72e-05,1.0
512424.0,5.72e-05,1.0
512438.0,5.72e-05,1.0
512461.0,5.72e-05,1.0
512571.0,5.72e-05,1.0
512624.0,5.72e-05,1.0
512633.0,5.72e-05,1.0
512716.0,5.72e-05,1.0
512775.0,5.72e-05,1.0
512777.0,5.72e-05,1.0
512825.0,5.72e-05,1.0
512826.0,5.72e-05,1.0
512837.0,5.72e-05,1.0
512887.0,5.72e-05,1.0
512892.0,5.72e-05,1.0
513048.0,5.72e-05,1.0
513055.0,5.72e-05,1.0
513120.0,5.72e-05,1.0
513145.0,5.72e-05,1.0
513254.0,5.72e-05,1.0
513290.0,5.72e-05,1.0
513381.0,5.72e-05,1.0
513411.0,5.72e-05,1.0
513544.0,5.72e-05,1.0
513588.0,5.72e-05,1.0
513619.0,5.72e-05,1.0
513644.0,5.72e-05,1.0
513653.0,5.72e-05,1.0
513671.0,5.72e-05,1.0
513711.0,5.72e-05,1.0
513717.0,5.72e-05,1.0
513936.0,5.72e-05,1.0
513937.0,5.72e-05,1.0
513984.0,5.72e-05,1.0
514004.0,5.72e-05,1.0
514015.0,5.72e-05,1.0
514023.0,5.72e-05,1.0
514034.0,5.72e-05,1.0
514059.0,5.72e-05,1.0
514096.0,5.72e-05,1.0
514103.0,5.72e-05,1.0
514171.0,5.72e-05,1.0
514211.0,5.72e-05,1.0
514262.0,5.72e-05,1.0
514274.0,5.72e-05,1.0
514281.0,5.72e-05,1.0
514308.0,5.72e-05,1.0
514407.0,5.72e-05,1.0
514432.0,5.72e-05,1.0
514437.0,5.72e-05,1.0
514476.0,5.72e-05,1.0
514546.0,5.72e-05,1.0
514549.0,5.72e-05,1.0
514603.0,5.72e-05,1.0
514701.0,5.72e-05,1.0
514741.0,5.72e-05,1.0
514822.0,5.72e-05,1.0
514909.0,5.72e-05,1.0
514917.0,5.72e-05,1.0
514936.0,5.72e-05,1.0
514990.0,5.72e-05,1.0
515043.0,5.72e-05,1.0
515051.0,5.72e-05,1.0
515059.0,5.72e-05,1.0
515306.0,5.72e-05,1.0
515357.0,5.72e-05,1.0
515482.0,5.72e-05,1.0
515521.0,5.72e-05,1.0
515555.0,5.72e-05,1.0
515615.0,5.72e-05,1.0
515773.0,5.72e-05,1.0
515874.0,5.72e-05,1.0
515893.0,5.72e-05,1.0
515965.0,5.72e-05,1.0
516125.0,5.72e-05,1.0
516172.0,5.72e-05,1.0
516199.0,5.72e-05,1.0
516224.0,5.72e-05,1.0
516248.0,5.72e-05,1.0
516266.0,5.72e-05,1.0
516410.0,5.72e-05,1.0
516525.0,5.72e-05,1.0
516602.0,5.72e-05,1.0
516634.0,5.72e-05,1.0
516747.0,5.72e-05,1.0
516813.0,5.72e-05,1.0
516820.0,5.72e-05,1.0
516913.0,5.72e-05,1.0
516949.0,5.72e-05,1.0
516986.0,5.72e-05,1.0
517145.0,5.72e-05,1.0
517150.0,5.72e-05,2.0
517300.0,5.72e-05,1.0
517366.0,5.72e-05,1.0
517406.0,5.72e-05,1.0
517415.0,5.72e-05,1.0
517437.0,5.72e-05,1.0
517471.0,5.72e-05,1.0
517487.0,5.72e-05,1.0
517525.0,5.72e-05,1.0
517565.0,5.72e-05,1.0
517622.0,5.72e-05,1.0
517659.0,5.72e-05,1.0
517701.0,5.72e-05,1.0
517711.0,5.72e-05,1.0
517714.0,5.72e-05,1.0
517834.0,5.72e-05,1.0
517859.0,5.72e-05,1.0
517881.0,5.72e-05,1.0
517966.0,5.72e-05,1.0
518055.0,5.72e-05,1.0
518088.0,5.72e-05,1.0
518205.0,5.72e-05,1.0
518247.0,5.72e-05,1.0
518366.0,5.72e-05,1.0
518388.0,5.72e-05,1.0
518462.0,5.72e-05,1.0
518469.0,5.72e-05,1.0
518565.0,5.72e-05,1.0
518621.0,5.72e-05,1.0
518691.0,5.72e-05,1.0
518752.0,5.72e-05,1.0
518820.0,5.72e-05,1.0
518885.0,5.72e-05,1.0
518930.0,5.72e-05,1.0
518986.0,5.72e-05,1.0
519015.0,5.72e-05,1.0
519050.0,5.72e-05,1.0
519054.0,5.72e-05,1.0
519059.0,5.72e-05,1.0
519085.0,5.72e-05,1.0
519206.0,5.72e-05,1.0
519220.0,5.72e-05,1.0
519270.0,5.72e-05,1.0
519295.0,5.72e-05,1.0
519318.0,5.72e-05,1.0
519320.0,5.72e-05,1.0
519387.0,5.72e-05,1.0
519440.0,5.72e-05,1.0
519515.0,5.72e-05,1.0
519591.0,5.72e-05,1.0
519628.0,5.72e-05,1.0
519684.0,5.72e-05,1.0
519747.0,5.72e-05,1.0
519829.0,5.72e-05,1.0
519929.0,5.72e-05,1.0
520005.0,6.14e-05,1.0
520024.0,6.14e-05,4.0
520027.0,6.14e-05,1.0
520032.0,6.14e-05,1.0
520036.0,6.14e-05,3.0
520040.0,6.14e-05,1.0
520062.0,6.14e-05,1.0
520063.0,6.14e-05,1.0
520064.0,6.14e-05,1.0
520070.0,6.14e-05,1.0
520080.0,6.14e-05,1.0
520085.0,6.14e-05,1.0
520106.0,6.14e-05,2.0
520107.0,6.14e-05,3.0
520123.0,6.14e-05,1.0
520136.0,6.14e-05,1.0
520210.0,6.14e-05,3.0
520235.0,6.14e-05,1.0
520238.0,6.14e-05,1.0
520254.0,6.14e-05,1.0
520278.0,6.14e-05,1.0
520316.0,6.14e-05,1.0
520327.0,6.14e-05,1.0
520334.0,6.14e-05,1.0
520366.0,6.14e-05,1.0
520367.0,6.14e-05,1.0
520383.0,6.14e-05,2.0
520389.0,6.14e-05,1.0
520400.0,6.14e-05,1.0
520461.0,6.14e-05,1.0
520474.0,6.14e-05,2.0
520505.0,6.14e-05,1.0
520508.0,6.14e-05,2.0
520515.0,6.14e-05,1.0
520525.0,6.14e-05,1.0
520543.0,6.14e-05,1.0
520551.0,6.14e-05,3.0
520554.0,6.14e-05,3.0
520592.0,6.14e-05,3.0
520604.0,6.14e-05,1.0
520620.0,6.14e-05,1.0
520628.0,6.14e-05,1.0
520634.0,6.14e-05,1.0
520642.0,6.14e-05,2.0
520665.0,6.14e-05,1.0
520681.0,6.14e-05,2.0
520683.0,6.14e-05,2.0
520687.0,6.14e-05,1.0
520690.0,6.14e-05,1.0
520702.0,6.14e-05,1.0
520727.0,6.14e-05,1.0
520737.0,6.14e-05,1.0
520754.0,6.14e-05,3.0
520756.0,6.14e-05,1.0
520783.0,6.14e-05,1.0
520788.0,6.14e-05,1.0
520821.0,6.14e-05,1.0
520837.0,6.14e-05,2.0
520841.0,6.14e-05,2.0
520846.0,6.14e-05,1.0
520849.0,6.14e-05,2.0
520866.0,6.14e-05,1.0
520870.0,6.14e-05,2.0
520884.0,6.14e-05,1.0
520889.0,6.14e-05,1.0
520904.0,6.14e-05,1.0
520906.0,6.14e-05,1.0
520913.0,6.14e-05,1.0
520914.0,6.14e-05,4.0
520973.0,6.14e-05,4.0
520976.0,6.14e-05,1.0
520982.0,6.14e-05,3.0
520997.0,6.14e-05,2.0
521008.0,6.14e-05,1.0
521023.0,6.14e-05,1.0
521041.0,6.14e-05,1.0
521046.0,6.14e-05,1.0
521048.0,6.14e-05,3.0
521078.0,6.14e-05,3.0
521103.0,6.14e-05,1.0
521118.0,6.14e-05,2.0
521122.0,6.14e-05,1.0
521147.0,6.14e-05,3.0
521156.0,6.14e-05,3.0
521158.0,6.14e-05,1.0
521179.0,6.14e-05,1.0
521202.0,6.14e-05,3.0
521203.0,6.14e-05,1.0
521212.0,6.14e-05,1.0
521216.0,6.14e-05,1.0
521238.0,6.14e-05,2.0
521247.0,6.14e-05,1.0
521282.0,6.14e-05,3.0
521286.0,6.14e-05,1.0
521289.0,6.14e-05,1.0
521316.0,6.14e-05,1.0
521341.0,6.14e-05,2.0
521354.0,6.14e-05,1.0
521416.0,6.14e-05,1.0
521427.0,6.14e-05,1.0
521448.0,6.14e-05,1.0
521453.0,6.14e-05,1.0
521458.0,6.14e-05,3.0
521486.0,6.14e-05,1.0
521494.0,6.14e-05,1.0
521535.0,6.14e-05,1.0
521537.0,6.14e-05,1.0
521546.0,6.14e-05,1.0
521563.0,6.14e-05,3.0
521568.0,6.14e-05,1.0
521572.0,6.14e-05,2.0
521576.0,6.14e-05,1.0
521580.0,6.14e-05,3.0
521600.0,6.14e-05,3.0
521603.0,6.14e-05,3.0
521629.0,6.14e-05,1.0
521645.0,6.14e-05,1.0
521687.0,6.14e-05,1.0
521695.0,6.14e-05,2.0
521720.0,6.14e-05,1.0
521730.0,6.14e-05,3.0
521741.0,6.14e-05,1.0
521756.0,6.14e-05,1.0
521777.0,6.14e-05,3.0
521790.0,6.14e-05,3.0
521811.0,6.14e-05,1.0
521824.0,6.14e-05,3.0
521826.0,6.14e-05,3.0
521867.0,6.14e-05,1.0
521905.0,6.14e-05,1.0
521906.0,6.14e-05,1.0
521908.0,6.14e-05,1.0
521938.0,6.14e-05,3.0
521957.0,6.14e-05,1.0
521964.0,6.14e-05,3.0
521982.0,6.14e-05,1.0
521983.0,6.14e-05,1.0
521997.0,6.14e-05,2.0
522026.0,6.14e-05,3.0
522047.0,6.14e-05,4.0
522062.0,6.14e-05,1.0
522075.0,6.14e-05,1.0
522087.0,6.14e-05,1.0
522089.0,6.14e-05,1.0
522094.0,6.14e-05,1.0
522150.0,6.14e-05,2.0
522173.0,6.14e-05,3.0
522177.0,6.14e-05,1.0
522210.0,6.14e-05,1.0
522216.0,6.14e-05,1.0
522239.0,6.14e-05,1.0
522264.0,6.14e-05,3.0
522271.0,6.14e-05,1.0
522273.0,6.14e-05,1.0
522318.0,6.14e-05,2.0
522331.0,6.14e-05,1.0
522339.0,6.14e-05,5.0
522340.0,6.14e-05,1.0
522343.0,6.14e-05,1.0
522354.0,6.14e-05,3.0
522368.0,6.14e-05,3.0
522372.0,6.14e-05,1.0
522376.0,6.14e-05,1.0
522389.0,6.14e-05,1.0
522404.0,6.14e-05,1.0
522414.0,6.14e-05,1.0
522424.0,6.14e-05,1.0
522434.0,6.14e-05,1.0
522438.0,6.14e-05,2.0
522461.0,6.14e-05,3.0
522483.0,6.14e-05,1.0
522503.0,6.14e-05,1.0
522511.0,6.14e-05,2.0
522557.0,6.14e-05,2.0
522568.0,6.14e-05,3.0
522571.0,6.14e-05,1.0
522624.0,6.14e-05,4.0
522634.0,6.14e-05,1.0
522702.0,6.14e-05,1.0
522725.0,6.14e-05,1.0
522726.0,6.14e-05,1.0
522736.0,6.14e-05,1.0
522753.0,6.14e-05,1.0
522760.0,6.14e-05,3.0
522777.0,6.14e-05,1.0
522816.0,6.14e-05,1.0
522818.0,6.14e-05,3.0
522819.0,6.14e-05,2.0
522820.0,6.14e-05,1.0
522829.0,6.14e-05,1.0
522830.0,6.14e-05,1.0
522837.0,6.14e-05,1.0
522871.0,6.14e-05,3.0
522872.0,6.14e-05,3.0
522886.0,6.14e-05,1.0
522892.0,6.14e-05,1.0
522894.0,6.14e-05,1.0
522915.0,6.14e-05,3.0
522949.0,6.14e-05,3.0
522978.0,6.14e-05,4.0
523005.0,6.14e-05,1.0
523019.0,6.14e-05,3.0
523027.0,6.14e-05,1.0
523038.0,6.14e-05,1.0
523048.0,6.14e-05,1.0
523056.0,6.14e-05,1.0
523063.0,6.14e-05,3.0
523071.0,6.14e-05,1.0
523088.0,6.14e-05,2.0
523089.0,6.14e-05,1.0
523093.0,6.14e-05,2.0
523108.0,6.14e-05,1.0
523110.0,6.14e-05,2.0
523120.0,6.14e-05,1.0
523142.0,6.14e-05,3.0
523147.0,6.14e-05,1.0
523162.0,6.14e-05,1.0
523197.0,6.14e-05,3.0
523203.0,6.14e-05,1.0
523205.0,6.14e-05,1.0
523213.0,6.14e-05,1.0
523218.0,6.14e-05,1.0
523240.0,6.14e-05,1.0
523252.0,6.14e-05,3.0
523254.0,6.14e-05,3.0
523271.0,6.14e-05,2.0
523290.0,6.14e-05,1.0
523300.0,6.14e-05,3.0
523310.0,6.14e-05,1.0
523314.0,6.14e-05,1.0
523340.0,6.14e-05,1.0
523341.0,6.14e-05,1.0
523363.0,6.14e-05,2.0
523376.0,6.14e-05,2.0
523392.0,6.14e-05,1.0
523410.0,6.14e-05,1.0
523411.0,6.14e-05,3.0
523414.0,6.14e-05,2.0
523454.0,6.14e-05,1.0
523474.0,6.14e-05,1.0
523493.0,6.14e-05,1.0
523495.0,6.14e-05,3.0
523512.0,6.14e-05,2.0
523514.0,6.14e-05,3.0
523517.0,6.14e-05,3.0
523529.0,6.14e-05,3.0
523530.0,6.14e-05,2.0
523550.0,6.14e-05,3.0
523554.0,6.14e-05,1.0
523566.0,6.14e-05,1.0
523568.0,6.14e-05,1.0
523577.0,6.14e-05,1.0
523626.0,6.14e-05,1.0
523644.0,6.14e-05,3.0
523653.0,6.14e-05,1.0
523655.0,6.14e-05,1.0
523660.0,6.14e-05,1.0
523672.0,6.14e-05,1.0
523682.0,6.14e-05,3.0
523686.0,6.14e-05,1.0
523697.0,6.14e-05,1.0
523711.0,6.14e-05,1.0
523721.0,6.14e-05,1.0
523771.0,6.14e-05,1.0
523775.0,6.14e-05,1.0
523777.0,6.14e-05,1.0
523809.0,6.14e-05,1.0
523818.0,6.14e-05,3.0
523850.0,6.14e-05,1.0
523857.0,6.14e-05,1.0
523881.0,6.14e-05,1.0
523889.0,6.14e-05,4.0
523936.0,6.14e-05,1.0
523977.0,6.14e-05,3.0
523984.0,6.14e-05,3.0
523987.0,6.14e-05,1.0
523995.0,6.14e-05,1.0
523996.0,6.14e-05,3.0
524001.0,6.14e-05,1.0
524004.0,6.14e-05,3.0
524023.0,6.14e-05,1.0
524025.0,6.14e-05,2.0
524047.0,6.14e-05,1.0
524103.0,6.14e-05,3.0
524107.0,6.14e-05,1.0
524135.0,6.14e-05,3.0
524165.0,6.14e-05,2.0
524171.0,6.14e-05,1.0
524173.0,6.14e-05,1.0
524184.0,6.14e-05,1.0
524187.0,6.14e-05,1.0
524192.0,6.14e-05,3.0
524203.0,6.14e-05,4.0
524232.0,6.14e-05,1.0
524237.0,6.14e-05,1.0
524251.0,6.14e-05,1.0
524253.0,6.14e-05,1.0
524255.0,6.14e-05,1.0
524264.0,6.14e-05,2.0
524274.0,6.14e-05,3.0
524281.0,6.14e-05,3.0
524285.0,6.14e-05,3.0
524288.0,6.14e-05,1.0
524294.0,6.14e-05,3.0
524308.0,6.14e-05,1.0
524337.0,6.14e-05,1.0
524343.0,6.14e-05,3.0
524344.0,6.14e-05,1.0
524345.0,6.14e-05,1.0
524348.0,6.14e-05,3.0
524349.0,6.14e-05,1.0
524352.0,6.14e-05,3.0
524362.0,6.14e-05,1.0
524376.0,6.14e-05,1.0
524407.0,6.14e-05,1.0
524408.0,6.14e-05,1.0
524421.0,6.14e-05,1.0
524424.0,6.14e-05,1.0
524430.0,6.14e-05,1.0
524431.0,6.14e-05,4.0
524433.0,6.14e-05,1.0
524455.0,6.14e-05,1.0
524508.0,6.14e-05,1.0
524509.0,6.14e-05,1.0
524518.0,6.14e-05,2.0
524543.0,6.14e-05,1.0
524572.0,6.14e-05,1.0
524579.0,6.14e-05,1.0
524603.0,6.14e-05,3.0
524614.0,6.14e-05,1.0
524615.0,6.14e-05,1.0
524616.0,6.14e-05,1.0
524640.0,6.14e-05,3.0
524654.0,6.14e-05,3.0
524691.0,6.14e-05,2.0
524704.0,6.14e-05,1.0
524721.0,6.14e-05,1.0
524727.0,6.14e-05,1.0
524737.0,6.14e-05,3.0
524739.0,6.14e-05,1.0
524741.0,6.14e-05,2.0
524758.0,6.14e-05,1.0
524780.0,6.14e-05,1.0
524784.0,6.14e-05,1.0
524802.0,6.14e-05,3.0
524811.0,6.14e-05,1.0
524839.0,6.14e-05,1.0
524866.0,6.14e-05,1.0
524890.0,6.14e-05,2.0
524904.0,6.14e-05,1.0
524909.0,6.14e-05,3.0
524917.0,6.14e-05,3.0
524927.0,6.14e-05,1.0
524928.0,6.14e-05,1.0
524936.0,6.14e-05,3.0
524966.0,6.14e-05,1.0
524975.0,6.14e-05,1.0
524990.0,6.14e-05,1.0
525005.0,6.14e-05,2.0
525030.0,6.14e-05,1.0
525043.0,6.14e-05,1.0
525044.0,6.14e-05,1.0
525050.0,6.14e-05,3.0
525051.0,6.14e-05,1.0
525069.0,6.14e-05,1.0
525074.0,6.14e-05,3.0
525088.0,6.14e-05,1.0
525105.0,6.14e-05,1.0
525159.0,6.14e-05,1.0
525160.0,6.14e-05,1.0
525191.0,6.14e-05,1.0
525200.0,6.14e-05,1.0
525204.0,6.14e-05,1.0
525212.0,6.14e-05,1.0
525235.0,6.14e-05,1.0
525253.0,6.14e-05,1.0
525278.0,6.14e-05,1.0
525281.0,6.14e-05,1.0
525287.0,6.14e-05,1.0
525306.0,6.14e-05,1.0
525314.0,6.14e-05,1.0
525328.0,6.14e-05,1.0
525344.0,6.14e-05,1.0
525354.0,6.14e-05,1.0
525379.0,6.14e-05,1.0
525390.0,6.14e-05,3.0
525401.0,6.14e-05,2.0
525407.0,6.14e-05,1.0
525410.0,6.14e-05,1.0
525419.0,6.14e-05,1.0
525437.0,6.14e-05,3.0
525438.0,6.14e-05,1.0
525446.0,6.14e-05,2.0
525450.0,6.14e-05,1.0
525465.0,6.14e-05,1.0
525470.0,6.14e-05,1.0
525488.0,6.14e-05,3.0
525503.0,6.14e-05,3.0
525540.0,6.14e-05,1.0
525542.0,6.14e-05,1.0
525543.0,6.14e-05,3.0
525548.0,6.14e-05,1.0
525549.0,6.14e-05,1.0
525555.0,6.14e-05,3.0
525574.0,6.14e-05,1.0
525596.0,6.14e-05,1.0
525610.0,6.14e-05,1.0
525621.0,6.14e-05,1.0
525636.0,6.14e-05,1.0
525639.0,6.14e-05,1.0
525686.0,6.14e-05,1.0
525698.0,6.14e-05,1.0
525728.0,6.14e-05,3.0
525747.0,6.14e-05,2.0
525749.0,6.14e-05,1.0
525803.0,6.14e-05,1.0
525805.0,6.14e-05,3.0
525814.0,6.14e-05,1.0
525815.0,6.14e-05,1.0
525818.0,6.14e-05,1.0
525856.0,6.14e-05,2.0
525866.0,6.14e-05,1.0
525886.0,6.14e-05,1.0
525895.0,6.14e-05,1.0
525936.0,6.14e-05,1.0
525945.0,6.14e-05,2.0
525950.0,6.14e-05,2.0
525965.0,6.14e-05,1.0
525969.0,6.14e-05,4.0
525973.0,6.14e-05,1.0
526009.0,6.14e-05,1.0
526013.0,6.14e-05,1.0
526062.0,6.14e-05,1.0
526095.0,6.14e-05,1.0
526101.0,6.14e-05,1.0
526113.0,6.14e-05,1.0
526118.0,6.14e-05,2.0
526125.0,6.14e-05,1.0
526132.0,6.14e-05,1.0
526166.0,6.14e-05,1.0
526180.0,6.14e-05,1.0
526205.0,6.14e-05,1.0
526227.0,6.14e-05,1.0
526241.0,6.14e-05,1.0
526270.0,6.14e-05,2.0
526276.0,6.14e-05,1.0
526295.0,6.14e-05,1.0
526322.0,6.14e-05,3.0
526334.0,6.14e-05,1.0
526337.0,6.14e-05,1.0
526344.0,6.14e-05,1.0
526347.0,6.14e-05,1.0
526410.0,6.14e-05,2.0
526432.0,6.14e-05,1.0
526436.0,6.14e-05,1.0
526446.0,6.14e-05,2.0
526450.0,6.14e-05,3.0
526464.0,6.14e-05,1.0
526465.0,6.14e-05,1.0
526483.0,6.14e-05,1.0
526506.0,6.14e-05,1.0
526517.0,6.14e-05,1.0
526520.0,6.14e-05,2.0
526536.0,6.14e-05,1.0
526539.0,6.14e-05,1.0
526540.0,6.14e-05,1.0
526551.0,6.14e-05,1.0
526573.0,6.14e-05,1.0
526587.0,6.14e-05,1.0
526590.0,6.14e-05,1.0
526604.0,6.14e-05,1.0
526613.0,6.14e-05,1.0
526634.0,6.14e-05,3.0
526648.0,6.14e-05,2.0
526650.0,6.14e-05,1.0
526660.0,6.14e-05,1.0
526714.0,6.14e-05,1.0
526767.0,6.14e-05,1.0
526790.0,6.14e-05,2.0
526813.0,6.14e-05,1.0
526814.0,6.14e-05,2.0
526818.0,6.14e-05,1.0
526840.0,6.14e-05,3.0
526859.0,6.14e-05,1.0
526860.0,6.14e-05,3.0
526876.0,6.14e-05,1.0
526913.0,6.14e-05,2.0
526935.0,6.14e-05,1.0
526969.0,6.14e-05,1.0
526970.0,6.14e-05,1.0
526973.0,6.14e-05,1.0
526986.0,6.14e-05,1.0
527083.0,6.14e-05,3.0
527089.0,6.14e-05,1.0
527126.0,6.14e-05,2.0
527145.0,6.14e-05,2.0
527148.0,6.14e-05,1.0
527150.0,6.14e-05,1.0
527170.0,6.14e-05,1.0
527199.0,6.14e-05,1.0
527210.0,6.14e-05,2.0
527214.0,6.14e-05,1.0
527226.0,6.14e-05,2.0
527255.0,6.14e-05,1.0
527268.0,6.14e-05,1.0
527273.0,6.14e-05,1.0
527286.0,6.14e-05,1.0
527298.0,6.14e-05,1.0
527308.0,6.14e-05,1.0
527309.0,6.14e-05,1.0
527324.0,6.14e-05,1.0
527348.0,6.14e-05,1.0
527349.0,6.14e-05,1.0
527356.0,6.14e-05,3.0
527357.0,6.14e-05,1.0
527364.0,6.14e-05,1.0
527366.0,6.14e-05,1.0
527385.0,6.14e-05,1.0
527406.0,6.14e-05,1.0
527415.0,6.14e-05,3.0
527426.0,6.14e-05,1.0
527434.0,6.14e-05,1.0
527453.0,6.14e-05,1.0
527471.0,6.14e-05,1.0
527477.0,6.14e-05,1.0
527482.0,6.14e-05,1.0
527487.0,6.14e-05,2.0
527520.0,6.14e-05,1.0
527525.0,6.14e-05,3.0
527535.0,6.14e-05,1.0
527558.0,6.14e-05,1.0
527563.0,6.14e-05,3.0
527590.0,6.14e-05,1.0
527612.0,6.14e-05,1.0
527620.0,6.14e-05,1.0
527626.0,6.14e-05,1.0
527636.0,6.14e-05,1.0
527659.0,6.14e-05,1.0
527694.0,6.14e-05,1.0
527699.0,6.14e-05,1.0
527701.0,6.14e-05,3.0
527737.0,6.14e-05,1.0
527752.0,6.14e-05,1.0
527761.0,6.14e-05,1.0
527773.0,6.14e-05,1.0
527778.0,6.14e-05,1.0
527819.0,6.14e-05,1.0
527829.0,6.14e-05,1.0
527840.0,6.14e-05,1.0
527847.0,6.14e-05,1.0
527852.0,6.14e-05,1.0
527859.0,6.14e-05,2.0
527877.0,6.14e-05,1.0
527892.0,6.14e-05,1.0
527903.0,6.14e-05,1.0
527917.0,6.14e-05,1.0
527923.0,6.14e-05,1.0
527941.0,6.14e-05,2.0
527943.0,6.14e-05,1.0
527948.0,6.14e-05,1.0
527957.0,6.14e-05,1.0
527990.0,6.14e-05,2.0
527991.0,6.14e-05,1.0
528005.0,6.14e-05,1.0
528026.0,6.14e-05,3.0
528031.0,6.14e-05,3.0
528041.0,6.14e-05,1.0
528055.0,6.14e-05,2.0
528062.0,6.14e-05,1.0
528080.0,6.14e-05,1.0
528082.0,6.14e-05,1.0
528086.0,6.14e-05,2.0
528088.0,6.14e-05,1.0
528113.0,6.14e-05,1.0
528123.0,6.14e-05,1.0
528146.0,6.14e-05,4.0
528177.0,6.14e-05,1.0
528188.0,6.14e-05,3.0
528189.0,6.14e-05,3.0
528207.0,6.14e-05,1.0
528228.0,6.14e-05,1.0
528230.0,6.14e-05,1.0
528233.0,6.14e-05,1.0
528245.0,6.14e-05,1.0
528247.0,6.14e-05,2.0
528254.0,6.14e-05,1.0
528259.0,6.14e-05,3.0
528276.0,6.14e-05,2.0
528277.0,6.14e-05,1.0
528352.0,6.14e-05,1.0
528356.0,6.14e-05,2.0
528388.0,6.14e-05,1.0
528453.0,6.14e-05,3.0
528462.0,6.14e-05,2.0
528467.0,6.14e-05,1.0
528469.0,6.14e-05,1.0
528493.0,6.14e-05,1.0
528499.0,6.14e-05,2.0
528535.0,6.14e-05,1.0
528540.0,6.14e-05,1.0
528570.0,6.14e-05,1.0
528678.0,6.14e-05,2.0
528679.0,6.14e-05,1.0
528686.0,6.14e-05,1.0
528703.0,6.14e-05,1.0
528718.0,6.14e-05,3.0
528725.0,6.14e-05,1.0
528742.0,6.14e-05,1.0
528752.0,6.14e-05,4.0
528769.0,6.14e-05,4.0
528783.0,6.14e-05,1.0
528788.0,6.14e-05,1.0
528794.0,6.14e-05,1.0
528796.0,6.14e-05,1.0
528805.0,6.14e-05,1.0
528814.0,6.14e-05,1.0
528820.0,6.14e-05,3.0
528841.0,6.14e-05,1.0
528885.0,6.14e-05,1.0
528897.0,6.14e-05,3.0
528898.0,6.14e-05,1.0
528912.0,6.14e-05,1.0
528921.0,6.14e-05,1.0
528972.0,6.14e-05,3.0
528993.0,6.14e-05,1.0
528994.0,6.14e-05,1.0
529009.0,6.14e-05,1.0
529017.0,6.14e-05,1.0
529043.0,6.14e-05,1.0
529050.0,6.14e-05,1.0
529082.0,6.14e-05,1.0
529085.0,6.14e-05,2.0
529096.0,6.14e-05,3.0
529133.0,6.14e-05,1.0
529151.0,6.14e-05,1.0
529177.0,6.14e-05,1.0
529185.0,6.14e-05,1.0
529200.0,6.14e-05,1.0
529206.0,6.14e-05,4.0
529218.0,6.14e-05,1.0
529233.0,6.14e-05,1.0
529241.0,6.14e-05,1.0
529295.0,6.14e-05,2.0
529298.0,6.14e-05,1.0
529320.0,6.14e-05,2.0
529321.0,6.14e-05,3.0
529353.0,6.14e-05,1.0
529363.0,6.14e-05,3.0
529406.0,6.14e-05,1.0
529408.0,6.14e-05,2.0
529434.0,6.14e-05,2.0
529440.0,6.14e-05,4.0
529447.0,6.14e-05,1.0
529477.0,6.14e-05,1.0
529549.0,6.14e-05,1.0
529585.0,6.14e-05,1.0
529586.0,6.14e-05,2.0
529622.0,6.14e-05,1.0
529626.0,6.14e-05,2.0
529661.0,6.14e-05,1.0
529681.0,6.14e-05,1.0
529684.0,6.14e-05,2.0
529693.0,6.14e-05,1.0
529723.0,6.14e-05,1.0
529747.0,6.14e-05,4.0
529806.0,6.14e-05,1.0
529824.0,6.14e-05,1.0
529828.0,6.14e-05,1.0
529841.0,6.14e-05,3.0
529857.0,6.14e-05,2.0
529917.0,6.14e-05,2.0
529919.0,6.14e-05,2.0
529924.0,6.14e-05,1.0
529929.0,6.14e-05,1.0
529937.0,6.14e-05,1.0
529981.0,6.14e-05,3.0
520402.0,6.14e-05,2.0
521589.0,6.14e-05,1.0
521781.0,6.14e-05,1.0
523055.0,6.14e-05,2.0
523717.0,6.14e-05,1.0
524432.0,6.14e-05,1.0
524546.0,6.14e-05,1.0
525521.0,6.14e-05,1.0
526602.0,6.14e-05,1.0
527300.0,6.14e-05,1.0
527565.0,6.14e-05,1.0
528565.0,6.14e-05,1.0
528986.0,6.14e-05,1.0
520531.0,6.14e-05,1.0
520653.0,6.14e-05,1.0
521816.0,6.14e-05,1.0
523381.0,6.14e-05,1.0
524038.0,6.14e-05,1.0
526761.0,6.14e-05,1.0
526953.0,6.14e-05,1.0
528436.0,6.14e-05,1.0
528777.0,6.14e-05,1.0
528879.0,6.14e-05,1.0
530004.0,6.58e-05,1.0
530005.0,6.58e-05,1.0
530024.0,6.58e-05,2.0
530027.0,6.58e-05,1.0
530032.0,6.58e-05,3.0
530036.0,6.58e-05,1.0
530040.0,6.58e-05,2.0
530063.0,6.58e-05,1.0
530064.0,6.58e-05,2.0
530070.0,6.58e-05,1.0
530080.0,6.58e-05,2.0
530085.0,6.58e-05,1.0
530103.0,6.58e-05,1.0
530106.0,6.58e-05,3.0
530120.0,6.58e-05,1.0
530123.0,6.58e-05,4.0
530199.0,6.58e-05,2.0
530207.0,6.58e-05,1.0
530210.0,6.58e-05,1.0
530250.0,6.58e-05,1.0
530291.0,6.58e-05,1.0
530307.0,6.58e-05,1.0
530316.0,6.58e-05,2.0
530327.0,6.58e-05,1.0
530334.0,6.58e-05,1.0
530344.0,6.58e-05,1.0
530346.0,6.58e-05,2.0
530373.0,6.58e-05,3.0
530388.0,6.58e-05,3.0
530400.0,6.58e-05,1.0
530402.0,6.58e-05,2.0
530461.0,6.58e-05,3.0
530505.0,6.58e-05,1.0
530508.0,6.58e-05,3.0
530515.0,6.58e-05,1.0
530525.0,6.58e-05,1.0
530543.0,6.58e-05,1.0
530551.0,6.58e-05,4.0
530554.0,6.58e-05,4.0
530585.0,6.58e-05,4.0
530592.0,6.58e-05,3.0
530620.0,6.58e-05,4.0
530642.0,6.58e-05,2.0
530665.0,6.58e-05,3.0
530680.0,6.58e-05,1.0
530681.0,6.58e-05,2.0
530683.0,6.58e-05,2.0
530687.0,6.58e-05,3.0
530690.0,6.58e-05,1.0
530725.0,6.58e-05,3.0
530730.0,6.58e-05,1.0
530737.0,6.58e-05,3.0
530754.0,6.58e-05,2.0
530783.0,6.58e-05,1.0
530821.0,6.58e-05,1.0
530837.0,6.58e-05,2.0
530841.0,6.58e-05,2.0
530846.0,6.58e-05,3.0
530849.0,6.58e-05,1.0
530876.0,6.58e-05,1.0
530889.0,6.58e-05,1.0
530896.0,6.58e-05,3.0
530913.0,6.58e-05,3.0
530914.0,6.58e-05,3.0
530982.0,6.58e-05,1.0
530997.0,6.58e-05,3.0
530998.0,6.58e-05,1.0
531000.0,6.58e-05,3.0
531008.0,6.58e-05,1.0
531021.0,6.58e-05,1.0
531023.0,6.58e-05,1.0
531041.0,6.58e-05,3.0
531046.0,6.58e-05,2.0
531048.0,6.58e-05,2.0
531051.0,6.58e-05,1.0
531078.0,6.58e-05,3.0
531103.0,6.58e-05,1.0
531106.0,6.58e-05,2.0
531108.0,6.58e-05,3.0
531118.0,6.58e-05,1.0
531124.0,6.58e-05,1.0
531139.0,6.58e-05,1.0
531147.0,6.58e-05,1.0
531151.0,6.58e-05,1.0
531156.0,6.58e-05,2.0
531161.0,6.58e-05,1.0
531170.0,6.58e-05,1.0
531200.0,6.58e-05,2.0
531202.0,6.58e-05,2.0
531206.0,6.58e-05,2.0
531212.0,6.58e-05,1.0
531216.0,6.58e-05,1.0
531238.0,6.58e-05,1.0
531266.0,6.58e-05,4.0
531282.0,6.58e-05,2.0
531286.0,6.58e-05,1.0
531290.0,6.58e-05,2.0
531298.0,6.58e-05,1.0
531341.0,6.58e-05,3.0
531350.0,6.58e-05,1.0
531354.0,6.58e-05,1.0
531390.0,6.58e-05,1.0
531396.0,6.58e-05,1.0
531416.0,6.58e-05,1.0
531427.0,6.58e-05,1.0
531436.0,6.58e-05,1.0
531454.0,6.58e-05,1.0
531458.0,6.58e-05,1.0
531479.0,6.58e-05,3.0
531512.0,6.58e-05,1.0
531537.0,6.58e-05,1.0
531546.0,6.58e-05,1.0
531563.0,6.58e-05,1.0
531572.0,6.58e-05,3.0
531576.0,6.58e-05,3.0
531580.0,6.58e-05,1.0
531585.0,6.58e-05,3.0
531589.0,6.58e-05,1.0
531600.0,6.58e-05,1.0
531602.0,6.58e-05,1.0
531629.0,6.58e-05,1.0
531645.0,6.58e-05,1.0
531666.0,6.58e-05,1.0
531679.0,6.58e-05,2.0
531687.0,6.58e-05,1.0
531695.0,6.58e-05,3.0
531730.0,6.58e-05,3.0
531754.0,6.58e-05,1.0
531756.0,6.58e-05,1.0
531777.0,6.58e-05,3.0
531781.0,6.58e-05,2.0
531790.0,6.58e-05,3.0
531811.0,6.58e-05,1.0
531816.0,6.58e-05,1.0
531820.0,6.58e-05,1.0
531824.0,6.58e-05,2.0
531826.0,6.58e-05,2.0
531848.0,6.58e-05,1.0
531867.0,6.58e-05,1.0
531874.0,6.58e-05,1.0
531906.0,6.58e-05,1.0
531908.0,6.58e-05,1.0
531921.0,6.58e-05,3.0
531938.0,6.58e-05,3.0
531964.0,6.58e-05,3.0
531972.0,6.58e-05,2.0
531983.0,6.58e-05,2.0
531986.0,6.58e-05,2.0
531997.0,6.58e-05,3.0
532015.0,6.58e-05,2.0
532026.0,6.58e-05,3.0
532031.0,6.58e-05,1.0
532047.0,6.58e-05,4.0
532075.0,6.58e-05,1.0
532078.0,6.58e-05,2.0
532087.0,6.58e-05,1.0
532150.0,6.58e-05,2.0
532173.0,6.58e-05,2.0
532177.0,6.58e-05,2.0
532210.0,6.58e-05,4.0
532216.0,6.58e-05,1.0
532239.0,6.58e-05,1.0
532264.0,6.58e-05,1.0
532271.0,6.58e-05,3.0
532273.0,6.58e-05,1.0
532299.0,6.58e-05,1.0
532303.0,6.58e-05,3.0
532313.0,6.58e-05,1.0
532331.0,6.58e-05,1.0
532339.0,6.58e-05,1.0
532340.0,6.58e-05,1.0
532343.0,6.58e-05,1.0
532345.0,6.58e-05,1.0
532352.0,6.58e-05,3.0
532354.0,6.58e-05,3.0
532358.0,6.58e-05,2.0
532368.0,6.58e-05,3.0
532376.0,6.58e-05,1.0
532389.0,6.58e-05,3.0
532397.0,6.58e-05,3.0
532401.0,6.58e-05,2.0
532404.0,6.58e-05,2.0
532413.0,6.58e-05,1.0
532414.0,6.58e-05,2.0
532424.0,6.58e-05,3.0
532434.0,6.58e-05,1.0
532438.0,6.58e-05,1.0
532461.0,6.58e-05,2.0
532503.0,6.58e-05,2.0
532511.0,6.58e-05,2.0
532568.0,6.58e-05,3.0
532571.0,6.58e-05,1.0
532624.0,6.58e-05,2.0
532633.0,6.58e-05,2.0
532634.0,6.58e-05,1.0
532702.0,6.58e-05,2.0
532716.0,6.58e-05,3.0
532725.0,6.58e-05,3.0
532736.0,6.58e-05,3.0
532760.0,6.58e-05,3.0
532766.0,6.58e-05,2.0
532775.0,6.58e-05,3.0
532786.0,6.58e-05,1.0
532818.0,6.58e-05,2.0
532825.0,6.58e-05,3.0
532826.0,6.58e-05,1.0
532837.0,6.58e-05,1.0
532861.0,6.58e-05,1.0
532871.0,6.58e-05,1.0
532872.0,6.58e-05,1.0
532875.0,6.58e-05,1.0
532892.0,6.58e-05,3.0
532894.0,6.58e-05,2.0
532915.0,6.58e-05,2.0
532945.0,6.58e-05,1.0
532959.0,6.58e-05,1.0
532978.0,6.58e-05,3.0
533005.0,6.58e-05,1.0
533027.0,6.58e-05,1.0
533048.0,6.58e-05,2.0
533055.0,6.58e-05,3.0
533063.0,6.58e-05,1.0
533071.0,6.58e-05,3.0
533088.0,6.58e-05,1.0
533089.0,6.58e-05,1.0
533093.0,6.58e-05,3.0
533108.0,6.58e-05,1.0
533110.0,6.58e-05,3.0
533142.0,6.58e-05,3.0
533145.0,6.58e-05,3.0
533162.0,6.58e-05,1.0
533197.0,6.58e-05,4.0
533205.0,6.58e-05,2.0
533213.0,6.58e-05,2.0
533240.0,6.58e-05,1.0
533246.0,6.58e-05,1.0
533251.0,6.58e-05,3.0
533254.0,6.58e-05,3.0
533271.0,6.58e-05,3.0
533287.0,6.58e-05,1.0
533290.0,6.58e-05,2.0
533300.0,6.58e-05,1.0
533302.0,6.58e-05,1.0
533305.0,6.58e-05,2.0
533310.0,6.58e-05,1.0
533314.0,6.58e-05,2.0
533319.0,6.58e-05,1.0
533340.0,6.58e-05,1.0
533341.0,6.58e-05,1.0
533376.0,6.58e-05,4.0
533381.0,6.58e-05,2.0
533392.0,6.58e-05,1.0
533410.0,6.58e-05,1.0
533411.0,6.58e-05,2.0
533454.0,6.58e-05,3.0
533459.0,6.58e-05,1.0
533461.0,6.58e-05,3.0
533474.0,6.58e-05,2.0
533492.0,6.58e-05,1.0
533493.0,6.58e-05,3.0
533495.0,6.58e-05,3.0
533501.0,6.58e-05,1.0
533514.0,6.58e-05,3.0
533517.0,6.58e-05,2.0
533529.0,6.58e-05,2.0
533530.0,6.58e-05,3.0
533544.0,6.58e-05,3.0
533566.0,6.58e-05,1.0
533568.0,6.58e-05,1.0
533577.0,6.58e-05,1.0
533588.0,6.58e-05,1.0
533615.0,6.58e-05,1.0
533644.0,6.58e-05,2.0
533653.0,6.58e-05,3.0
533655.0,6.58e-05,1.0
533660.0,6.58e-05,1.0
533671.0,6.58e-05,2.0
533682.0,6.58e-05,3.0
533686.0,6.58e-05,1.0
533711.0,6.58e-05,3.0
533717.0,6.58e-05,3.0
533745.0,6.58e-05,1.0
533771.0,6.58e-05,1.0
533775.0,6.58e-05,2.0
533777.0,6.58e-05,3.0
533809.0,6.58e-05,1.0
533813.0,6.58e-05,2.0
533818.0,6.58e-05,4.0
533827.0,6.58e-05,1.0
533850.0,6.58e-05,1.0
533857.0,6.58e-05,1.0
533936.0,6.58e-05,3.0
533937.0,6.58e-05,2.0
533944.0,6.58e-05,1.0
533972.0,6.58e-05,3.0
533977.0,6.58e-05,1.0
533984.0,6.58e-05,3.0
533985.0,6.58e-05,1.0
533996.0,6.58e-05,1.0
534001.0,6.58e-05,1.0
534004.0,6.58e-05,3.0
534015.0,6.58e-05,1.0
534028.0,6.58e-05,4.0
534038.0,6.58e-05,1.0
534043.0,6.58e-05,1.0
534059.0,6.58e-05,2.0
534096.0,6.58e-05,1.0
534103.0,6.58e-05,4.0
534107.0,6.58e-05,1.0
534130.0,6.58e-05,1.0
534135.0,6.58e-05,1.0
534139.0,6.58e-05,1.0
534165.0,6.58e-05,4.0
534184.0,6.58e-05,2.0
534187.0,6.58e-05,1.0
534192.0,6.58e-05,3.0
534203.0,6.58e-05,1.0
534211.0,6.58e-05,1.0
534232.0,6.58e-05,2.0
534251.0,6.58e-05,1.0
534253.0,6.58e-05,3.0
534255.0,6.58e-05,1.0
534264.0,6.58e-05,3.0
534285.0,6.58e-05,1.0
534288.0,6.58e-05,1.0
534294.0,6.58e-05,2.0
534312.0,6.58e-05,1.0
534343.0,6.58e-05,2.0
534344.0,6.58e-05,1.0
534345.0,6.58e-05,3.0
534348.0,6.58e-05,3.0
534349.0,6.58e-05,1.0
534352.0,6.58e-05,3.0
534362.0,6.58e-05,3.0
534364.0,6.58e-05,2.0
534407.0,6.58e-05,1.0
534408.0,6.58e-05,2.0
534424.0,6.58e-05,1.0
534430.0,6.58e-05,1.0
534431.0,6.58e-05,1.0
534432.0,6.58e-05,2.0
534437.0,6.58e-05,1.0
534455.0,6.58e-05,2.0
534476.0,6.58e-05,3.0
534484.0,6.58e-05,1.0
534522.0,6.58e-05,1.0
534546.0,6.58e-05,3.0
534549.0,6.58e-05,3.0
534572.0,6.58e-05,1.0
534575.0,6.58e-05,1.0
534579.0,6.58e-05,1.0
534614.0,6.58e-05,1.0
534615.0,6.58e-05,2.0
534616.0,6.58e-05,1.0
534640.0,6.58e-05,4.0
534654.0,6.58e-05,1.0
534691.0,6.58e-05,1.0
534701.0,6.58e-05,2.0
534704.0,6.58e-05,1.0
534721.0,6.58e-05,1.0
534737.0,6.58e-05,1.0
534739.0,6.58e-05,2.0
534741.0,6.58e-05,3.0
534780.0,6.58e-05,1.0
534802.0,6.58e-05,3.0
534811.0,6.58e-05,1.0
534831.0,6.58e-05,1.0
534890.0,6.58e-05,3.0
534906.0,6.58e-05,1.0
534917.0,6.58e-05,4.0
534927.0,6.58e-05,1.0
534928.0,6.58e-05,1.0
534936.0,6.58e-05,1.0
534966.0,6.58e-05,3.0
534975.0,6.58e-05,3.0
534977.0,6.58e-05,1.0
534990.0,6.58e-05,3.0
535005.0,6.58e-05,1.0
535022.0,6.58e-05,3.0
535030.0,6.58e-05,3.0
535043.0,6.58e-05,1.0
535044.0,6.58e-05,3.0
535050.0,6.58e-05,1.0
535051.0,6.58e-05,3.0
535059.0,6.58e-05,1.0
535074.0,6.58e-05,2.0
535088.0,6.58e-05,1.0
535101.0,6.58e-05,1.0
535105.0,6.58e-05,1.0
535146.0,6.58e-05,2.0
535157.0,6.58e-05,1.0
535159.0,6.58e-05,1.0
535170.0,6.58e-05,1.0
535181.0,6.58e-05,1.0
535191.0,6.58e-05,2.0
535200.0,6.58e-05,1.0
535204.0,6.58e-05,1.0
535212.0,6.58e-05,1.0
535223.0,6.58e-05,2.0
535281.0,6.58e-05,1.0
535304.0,6.58e-05,1.0
535306.0,6.58e-05,2.0
535314.0,6.58e-05,1.0
535318.0,6.58e-05,2.0
535328.0,6.58e-05,1.0
535344.0,6.58e-05,2.0
535354.0,6.58e-05,1.0
535357.0,6.58e-05,3.0
535390.0,6.58e-05,3.0
535401.0,6.58e-05,2.0
535407.0,6.58e-05,2.0
535419.0,6.58e-05,2.0
535446.0,6.58e-05,2.0
535450.0,6.58e-05,1.0
535451.0,6.58e-05,1.0
535456.0,6.58e-05,2.0
535465.0,6.58e-05,2.0
535470.0,6.58e-05,1.0
535474.0,6.58e-05,3.0
535482.0,6.58e-05,1.0
535521.0,6.58e-05,1.0
535532.0,6.58e-05,1.0
535534.0,6.58e-05,1.0
535540.0,6.58e-05,1.0
535542.0,6.58e-05,1.0
535543.0,6.58e-05,1.0
535548.0,6.58e-05,1.0
535549.0,6.58e-05,5.0
535555.0,6.58e-05,4.0
535574.0,6.58e-05,1.0
535608.0,6.58e-05,1.0
535615.0,6.58e-05,1.0
535621.0,6.58e-05,1.0
535626.0,6.58e-05,2.0
535636.0,6.58e-05,1.0
535639.0,6.58e-05,2.0
535642.0,6.58e-05,2.0
535652.0,6.58e-05,3.0
535660.0,6.58e-05,3.0
535663.0,6.58e-05,1.0
535672.0,6.58e-05,1.0
535698.0,6.58e-05,1.0
535708.0,6.58e-05,1.0
535747.0,6.58e-05,1.0
535749.0,6.58e-05,1.0
535756.0,6.58e-05,2.0
535773.0,6.58e-05,3.0
535785.0,6.58e-05,1.0
535803.0,6.58e-05,3.0
535805.0,6.58e-05,2.0
535815.0,6.58e-05,1.0
535818.0,6.58e-05,1.0
535844.0,6.58e-05,1.0
535856.0,6.58e-05,3.0
535866.0,6.58e-05,1.0
535893.0,6.58e-05,2.0
535895.0,6.58e-05,3.0
535936.0,6.58e-05,1.0
535945.0,6.58e-05,3.0
535965.0,6.58e-05,1.0
535987.0,6.58e-05,1.0
536009.0,6.58e-05,1.0
536046.0,6.58e-05,4.0
536048.0,6.58e-05,1.0
536059.0,6.58e-05,1.0
536062.0,6.58e-05,2.0
536095.0,6.58e-05,1.0
536101.0,6.58e-05,2.0
536125.0,6.58e-05,3.0
536162.0,6.58e-05,1.0
536166.0,6.58e-05,1.0
536172.0,6.58e-05,1.0
536180.0,6.58e-05,1.0
536199.0,6.58e-05,1.0
536224.0,6.58e-05,1.0
536227.0,6.58e-05,3.0
536241.0,6.58e-05,1.0
536248.0,6.58e-05,2.0
536270.0,6.58e-05,2.0
536276.0,6.58e-05,1.0
536295.0,6.58e-05,2.0
536308.0,6.58e-05,1.0
536322.0,6.58e-05,1.0
536326.0,6.58e-05,1.0
536334.0,6.58e-05,2.0
536337.0,6.58e-05,2.0
536344.0,6.58e-05,1.0
536347.0,6.58e-05,1.0
536432.0,6.58e-05,1.0
536446.0,6.58e-05,1.0
536450.0,6.58e-05,1.0
536465.0,6.58e-05,1.0
536483.0,6.58e-05,3.0
536519.0,6.58e-05,1.0
536520.0,6.58e-05,4.0
536525.0,6.58e-05,2.0
536539.0,6.58e-05,1.0
536556.0,6.58e-05,2.0
536573.0,6.58e-05,1.0
536574.0,6.58e-05,1.0
536584.0,6.58e-05,1.0
536590.0,6.58e-05,1.0
536592.0,6.58e-05,1.0
536602.0,6.58e-05,2.0
536634.0,6.58e-05,3.0
536636.0,6.58e-05,2.0
536648.0,6.58e-05,1.0
536650.0,6.58e-05,1.0
536707.0,6.58e-05,1.0
536747.0,6.58e-05,1.0
536767.0,6.58e-05,1.0
536818.0,6.58e-05,1.0
536820.0,6.58e-05,3.0
536840.0,6.58e-05,3.0
536859.0,6.58e-05,4.0
536860.0,6.58e-05,3.0
536888.0,6.58e-05,1.0
536909.0,6.58e-05,1.0
536913.0,6.58e-05,3.0
536928.0,6.58e-05,1.0
536935.0,6.58e-05,1.0
536949.0,6.58e-05,1.0
536967.0,6.58e-05,1.0
536969.0,6.58e-05,3.0
536970.0,6.58e-05,1.0
536973.0,6.58e-05,1.0
537050.0,6.58e-05,1.0
537080.0,6.58e-05,1.0
537083.0,6.58e-05,1.0
537126.0,6.58e-05,4.0
537145.0,6.58e-05,3.0
537148.0,6.58e-05,1.0
537150.0,6.58e-05,2.0
537170.0,6.58e-05,1.0
537177.0,6.58e-05,3.0
537187.0,6.58e-05,1.0
537189.0,6.58e-05,2.0
537197.0,6.58e-05,2.0
537199.0,6.58e-05,1.0
537210.0,6.58e-05,3.0
537226.0,6.58e-05,3.0
537238.0,6.58e-05,1.0
537255.0,6.58e-05,1.0
537264.0,6.58e-05,2.0
537268.0,6.58e-05,1.0
537273.0,6.58e-05,3.0
537276.0,6.58e-05,1.0
537286.0,6.58e-05,2.0
537300.0,6.58e-05,2.0
537308.0,6.58e-05,2.0
537309.0,6.58e-05,1.0
537322.0,6.58e-05,2.0
537341.0,6.58e-05,1.0
537357.0,6.58e-05,1.0
537364.0,6.58e-05,1.0
537366.0,6.58e-05,3.0
537369.0,6.58e-05,3.0
537406.0,6.58e-05,3.0
537434.0,6.58e-05,1.0
537437.0,6.58e-05,1.0
537453.0,6.58e-05,1.0
537466.0,6.58e-05,2.0
537471.0,6.58e-05,3.0
537482.0,6.58e-05,1.0
537487.0,6.58e-05,2.0
537520.0,6.58e-05,3.0
537525.0,6.58e-05,1.0
537535.0,6.58e-05,3.0
537537.0,6.58e-05,1.0
537558.0,6.58e-05,1.0
537563.0,6.58e-05,2.0
537565.0,6.58e-05,1.0
537590.0,6.58e-05,2.0
537612.0,6.58e-05,1.0
537616.0,6.58e-05,1.0
537622.0,6.58e-05,2.0
537626.0,6.58e-05,1.0
537636.0,6.58e-05,2.0
537642.0,6.58e-05,2.0
537659.0,6.58e-05,2.0
537694.0,6.58e-05,3.0
537699.0,6.58e-05,1.0
537701.0,6.58e-05,1.0
537706.0,6.58e-05,1.0
537710.0,6.58e-05,1.0
537711.0,6.58e-05,1.0
537714.0,6.58e-05,2.0
537721.0,6.58e-05,4.0
537752.0,6.58e-05,1.0
537765.0,6.58e-05,1.0
537773.0,6.58e-05,3.0
537817.0,6.58e-05,2.0
537819.0,6.58e-05,1.0
537829.0,6.58e-05,3.0
537840.0,6.58e-05,1.0
537847.0,6.58e-05,1.0
537877.0,6.58e-05,2.0
537878.0,6.58e-05,1.0
537879.0,6.58e-05,2.0
537881.0,6.58e-05,2.0
537917.0,6.58e-05,2.0
537941.0,6.58e-05,1.0
537943.0,6.58e-05,1.0
537957.0,6.58e-05,1.0
537966.0,6.58e-05,2.0
537990.0,6.58e-05,1.0
537991.0,6.58e-05,1.0
538008.0,6.58e-05,1.0
538025.0,6.58e-05,2.0
538050.0,6.58e-05,1.0
538062.0,6.58e-05,4.0
538080.0,6.58e-05,1.0
538082.0,6.58e-05,1.0
538088.0,6.58e-05,2.0
538105.0,6.58e-05,2.0
538113.0,6.58e-05,1.0
538117.0,6.58e-05,2.0
538123.0,6.58e-05,1.0
538146.0,6.58e-05,1.0
538161.0,6.58e-05,1.0
538163.0,6.58e-05,2.0
538171.0,6.58e-05,1.0
538177.0,6.58e-05,1.0
538188.0,6.58e-05,3.0
538189.0,6.58e-05,1.0
538205.0,6.58e-05,2.0
538228.0,6.58e-05,1.0
538230.0,6.58e-05,4.0
538233.0,6.58e-05,3.0
538234.0,6.58e-05,1.0
538245.0,6.58e-05,1.0
538247.0,6.58e-05,2.0
538259.0,6.58e-05,2.0
538276.0,6.58e-05,1.0
538304.0,6.58e-05,1.0
538305.0,6.58e-05,1.0
538307.0,6.58e-05,3.0
538352.0,6.58e-05,3.0
538356.0,6.58e-05,3.0
538366.0,6.58e-05,2.0
538405.0,6.58e-05,1.0
538453.0,6.58e-05,3.0
538462.0,6.58e-05,3.0
538468.0,6.58e-05,1.0
538473.0,6.58e-05,1.0
538485.0,6.58e-05,1.0
538493.0,6.58e-05,1.0
538499.0,6.58e-05,2.0
538519.0,6.58e-05,1.0
538535.0,6.58e-05,2.0
538553.0,6.58e-05,1.0
538678.0,6.58e-05,1.0
538679.0,6.58e-05,1.0
538686.0,6.58e-05,1.0
538691.0,6.58e-05,2.0
538703.0,6.58e-05,3.0
538718.0,6.58e-05,3.0
538725.0,6.58e-05,2.0
538732.0,6.58e-05,1.0
538742.0,6.58e-05,1.0
538752.0,6.58e-05,1.0
538769.0,6.58e-05,1.0
538795.0,6.58e-05,2.0
538796.0,6.58e-05,3.0
538805.0,6.58e-05,1.0
538814.0,6.58e-05,3.0
538820.0,6.58e-05,4.0
538833.0,6.58e-05,1.0
538841.0,6.58e-05,3.0
538857.0,6.58e-05,1.0
538869.0,6.58e-05,3.0
538872.0,6.58e-05,2.0
538879.0,6.58e-05,2.0
538897.0,6.58e-05,1.0
538912.0,6.58e-05,1.0
538921.0,6.58e-05,1.0
538930.0,6.58e-05,2.0
538933.0,6.58e-05,1.0
538972.0,6.58e-05,3.0
538986.0,6.58e-05,2.0
538994.0,6.58e-05,1.0
539015.0,6.58e-05,4.0
539017.0,6.58e-05,1.0
539026.0,6.58e-05,1.0
539039.0,6.58e-05,1.0
539043.0,6.58e-05,3.0
539050.0,6.58e-05,4.0
539054.0,6.58e-05,3.0
539059.0,6.58e-05,1.0
539068.0,6.58e-05,2.0
539082.0,6.58e-05,1.0
539092.0,6.58e-05,1.0
539096.0,6.58e-05,1.0
539133.0,6.58e-05,1.0
539151.0,6.58e-05,2.0
539177.0,6.58e-05,1.0
539185.0,6.58e-05,1.0
539200.0,6.58e-05,1.0
539202.0,6.58e-05,1.0
539206.0,6.58e-05,3.0
539215.0,6.58e-05,1.0
539218.0,6.58e-05,1.0
539220.0,6.58e-05,1.0
539233.0,6.58e-05,1.0
539270.0,6.58e-05,2.0
539295.0,6.58e-05,3.0
539298.0,6.58e-05,3.0
539318.0,6.58e-05,2.0
539320.0,6.58e-05,1.0
539321.0,6.58e-05,3.0
539353.0,6.58e-05,1.0
539381.0,6.58e-05,1.0
539406.0,6.58e-05,1.0
539408.0,6.58e-05,1.0
539434.0,6.58e-05,1.0
539447.0,6.58e-05,1.0
539477.0,6.58e-05,1.0
539510.0,6.58e-05,3.0
539515.0,6.58e-05,2.0
539547.0,6.58e-05,1.0
539549.0,6.58e-05,2.0
539550.0,6.58e-05,1.0
539556.0,6.58e-05,1.0
539586.0,6.58e-05,2.0
539591.0,6.58e-05,1.0
539622.0,6.58e-05,3.0
539658.0,6.58e-05,3.0
539661.0,6.58e-05,1.0
539681.0,6.58e-05,1.0
539684.0,6.58e-05,2.0
539693.0,6.58e-05,2.0
539723.0,6.58e-05,1.0
539730.0,6.58e-05,1.0
539747.0,6.58e-05,2.0
539754.0,6.58e-05,1.0
539824.0,6.58e-05,1.0
539826.0,6.58e-05,1.0
539828.0,6.58e-05,1.0
539829.0,6.58e-05,3.0
539857.0,6.58e-05,1.0
539858.0,6.58e-05,1.0
539891.0,6.58e-05,3.0
539917.0,6.58e-05,2.0
539919.0,6.58e-05,3.0
539924.0,6.58e-05,2.0
539929.0,6.58e-05,2.0
539932.0,6.58e-05,1.0
539944.0,6.58e-05,2.0
539981.0,6.58e-05,1.0
530425.0,6.58e-05,1.0
530628.0,6.58e-05,2.0
531684.0,6.58e-05,1.0
532156.0,6.58e-05,1.0
532887.0,6.58e-05,1.0
534480.0,6.58e-05,1.0
536012.0,6.58e-05,1.0
537820.0,6.58e-05,1.0
539642.0,6.58e-05,1.0
531122.0,6.58e-05,1.0
534839.0,6.58e-05,1.0
530727.0,6.58e-05,1.0
530906.0,6.58e-05,1.0
533203.0,6.58e-05,1.0
540024.0,7.05e-05,1.0
540032.0,7.05e-05,2.0
540036.0,7.05e-05,3.0
540040.0,7.05e-05,1.0
540064.0,7.05e-05,4.0
540070.0,7.05e-05,1.0
540085.0,7.05e-05,2.0
540106.0,7.05e-05,1.0
540107.0,7.05e-05,2.0
540109.0,7.05e-05,1.0
540120.0,7.05e-05,1.0
540123.0,7.05e-05,2.0
540126.0,7.05e-05,1.0
540209.0,7.05e-05,1.0
540238.0,7.05e-05,1.0
540244.0,7.05e-05,1.0
540250.0,7.05e-05,1.0
540346.0,7.05e-05,1.0
540383.0,7.05e-05,1.0
540388.0,7.05e-05,2.0
540389.0,7.05e-05,3.0
540402.0,7.05e-05,2.0
540461.0,7.05e-05,1.0
540474.0,7.05e-05,3.0
540505.0,7.05e-05,1.0
540554.0,7.05e-05,2.0
540592.0,7.05e-05,2.0
540620.0,7.05e-05,2.0
540628.0,7.05e-05,1.0
540653.0,7.05e-05,1.0
540680.0,7.05e-05,1.0
540681.0,7.05e-05,2.0
540687.0,7.05e-05,1.0
540725.0,7.05e-05,3.0
540737.0,7.05e-05,2.0
540754.0,7.05e-05,3.0
540756.0,7.05e-05,1.0
540783.0,7.05e-05,1.0
540788.0,7.05e-05,1.0
540796.0,7.05e-05,1.0
540837.0,7.05e-05,2.0
540841.0,7.05e-05,2.0
540846.0,7.05e-05,3.0
540849.0,7.05e-05,1.0
540870.0,7.05e-05,2.0
540896.0,7.05e-05,1.0
540913.0,7.05e-05,3.0
540914.0,7.05e-05,1.0
540973.0,7.05e-05,2.0
540997.0,7.05e-05,2.0
541000.0,7.05e-05,1.0
541041.0,7.05e-05,2.0
541048.0,7.05e-05,2.0
541078.0,7.05e-05,2.0
541099.0,7.05e-05,2.0
541108.0,7.05e-05,3.0
541124.0,7.05e-05,2.0
541147.0,7.05e-05,3.0
541151.0,7.05e-05,1.0
541156.0,7.05e-05,2.0
541179.0,7.05e-05,1.0
541200.0,7.05e-05,3.0
541216.0,7.05e-05,1.0
541238.0,7.05e-05,1.0
541266.0,7.05e-05,2.0
541282.0,7.05e-05,1.0
541288.0,7.05e-05,1.0
541290.0,7.05e-05,1.0
541308.0,7.05e-05,1.0
541316.0,7.05e-05,1.0
541341.0,7.05e-05,2.0
541350.0,7.05e-05,1.0
541436.0,7.05e-05,1.0
541439.0,7.05e-05,1.0
541458.0,7.05e-05,1.0
541486.0,7.05e-05,1.0
541563.0,7.05e-05,3.0
541576.0,7.05e-05,2.0
541580.0,7.05e-05,4.0
541589.0,7.05e-05,3.0
541600.0,7.05e-05,2.0
541603.0,7.05e-05,1.0
541611.0,7.05e-05,1.0
541679.0,7.05e-05,1.0
541684.0,7.05e-05,1.0
541713.0,7.05e-05,1.0
541730.0,7.05e-05,1.0
541777.0,7.05e-05,2.0
541781.0,7.05e-05,1.0
541824.0,7.05e-05,1.0
541826.0,7.05e-05,3.0
541907.0,7.05e-05,1.0
541921.0,7.05e-05,2.0
541964.0,7.05e-05,1.0
541972.0,7.05e-05,1.0
541986.0,7.05e-05,1.0
541997.0,7.05e-05,2.0
542015.0,7.05e-05,1.0
542026.0,7.05e-05,2.0
542078.0,7.05e-05,1.0
542087.0,7.05e-05,3.0
542150.0,7.05e-05,2.0
542156.0,7.05e-05,1.0
542177.0,7.05e-05,2.0
542210.0,7.05e-05,2.0
542239.0,7.05e-05,1.0
542264.0,7.05e-05,2.0
542273.0,7.05e-05,1.0
542324.0,7.05e-05,1.0
542339.0,7.05e-05,1.0
542340.0,7.05e-05,1.0
542352.0,7.05e-05,1.0
542354.0,7.05e-05,4.0
542358.0,7.05e-05,2.0
542368.0,7.05e-05,2.0
542389.0,7.05e-05,3.0
542403.0,7.05e-05,1.0
542409.0,7.05e-05,1.0
542413.0,7.05e-05,2.0
542414.0,7.05e-05,1.0
542424.0,7.05e-05,1.0
542438.0,7.05e-05,1.0
542461.0,7.05e-05,2.0
542503.0,7.05e-05,1.0
542511.0,7.05e-05,1.0
542557.0,7.05e-05,2.0
542568.0,7.05e-05,3.0
542571.0,7.05e-05,1.0
542624.0,7.05e-05,1.0
542633.0,7.05e-05,2.0
542702.0,7.05e-05,1.0
542716.0,7.05e-05,2.0
542725.0,7.05e-05,3.0
542736.0,7.05e-05,3.0
542760.0,7.05e-05,3.0
542764.0,7.05e-05,2.0
542772.0,7.05e-05,1.0
542775.0,7.05e-05,1.0
542777.0,7.05e-05,1.0
542818.0,7.05e-05,3.0
542819.0,7.05e-05,2.0
542825.0,7.05e-05,2.0
542829.0,7.05e-05,1.0
542837.0,7.05e-05,2.0
542861.0,7.05e-05,3.0
542871.0,7.05e-05,3.0
542887.0,7.05e-05,1.0
542892.0,7.05e-05,3.0
542949.0,7.05e-05,1.0
542978.0,7.05e-05,1.0
542989.0,7.05e-05,1.0
543019.0,7.05e-05,1.0
543048.0,7.05e-05,1.0
543071.0,7.05e-05,2.0
543088.0,7.05e-05,1.0
543089.0,7.05e-05,1.0
543110.0,7.05e-05,3.0
543120.0,7.05e-05,1.0
543142.0,7.05e-05,2.0
543145.0,7.05e-05,2.0
543162.0,7.05e-05,1.0
543197.0,7.05e-05,2.0
543205.0,7.05e-05,3.0
543213.0,7.05e-05,3.0
543246.0,7.05e-05,1.0
543251.0,7.05e-05,2.0
543252.0,7.05e-05,2.0
543254.0,7.05e-05,1.0
543271.0,7.05e-05,1.0
543290.0,7.05e-05,1.0
543300.0,7.05e-05,1.0
543302.0,7.05e-05,1.0
543340.0,7.05e-05,1.0
543363.0,7.05e-05,4.0
543376.0,7.05e-05,1.0
543381.0,7.05e-05,1.0
543411.0,7.05e-05,2.0
543414.0,7.05e-05,2.0
543454.0,7.05e-05,2.0
543457.0,7.05e-05,1.0
543461.0,7.05e-05,3.0
543492.0,7.05e-05,3.0
543493.0,7.05e-05,2.0
543495.0,7.05e-05,2.0
543517.0,7.05e-05,2.0
543529.0,7.05e-05,1.0
543544.0,7.05e-05,1.0
543550.0,7.05e-05,3.0
543568.0,7.05e-05,2.0
543577.0,7.05e-05,2.0
543588.0,7.05e-05,1.0
543644.0,7.05e-05,1.0
543653.0,7.05e-05,1.0
543711.0,7.05e-05,3.0
543717.0,7.05e-05,2.0
543736.0,7.05e-05,1.0
543771.0,7.05e-05,1.0
543775.0,7.05e-05,1.0
543813.0,7.05e-05,3.0
543818.0,7.05e-05,1.0
543857.0,7.05e-05,1.0
543886.0,7.05e-05,1.0
543936.0,7.05e-05,1.0
543937.0,7.05e-05,2.0
543972.0,7.05e-05,1.0
543977.0,7.05e-05,1.0
543984.0,7.05e-05,3.0
543995.0,7.05e-05,1.0
543996.0,7.05e-05,3.0
544004.0,7.05e-05,3.0
544023.0,7.05e-05,1.0
544025.0,7.05e-05,3.0
544028.0,7.05e-05,1.0
544034.0,7.05e-05,1.0
544038.0,7.05e-05,1.0
544043.0,7.05e-05,2.0
544045.0,7.05e-05,4.0
544054.0,7.05e-05,1.0
544059.0,7.05e-05,1.0
544103.0,7.05e-05,2.0
544135.0,7.05e-05,3.0
544138.0,7.05e-05,1.0
544171.0,7.05e-05,2.0
544203.0,7.05e-05,1.0
544237.0,7.05e-05,2.0
544251.0,7.05e-05,1.0
544262.0,7.05e-05,3.0
544274.0,7.05e-05,2.0
544281.0,7.05e-05,2.0
544285.0,7.05e-05,2.0
544294.0,7.05e-05,2.0
544343.0,7.05e-05,1.0
544344.0,7.05e-05,3.0
544345.0,7.05e-05,1.0
544348.0,7.05e-05,2.0
544364.0,7.05e-05,2.0
544407.0,7.05e-05,3.0
544408.0,7.05e-05,3.0
544431.0,7.05e-05,1.0
544432.0,7.05e-05,1.0
544437.0,7.05e-05,2.0
544476.0,7.05e-05,1.0
544480.0,7.05e-05,1.0
544508.0,7.05e-05,1.0
544518.0,7.05e-05,3.0
544543.0,7.05e-05,1.0
544546.0,7.05e-05,1.0
544615.0,7.05e-05,1.0
544640.0,7.05e-05,2.0
544654.0,7.05e-05,1.0
544691.0,7.05e-05,2.0
544701.0,7.05e-05,1.0
544721.0,7.05e-05,3.0
544737.0,7.05e-05,2.0
544739.0,7.05e-05,3.0
544741.0,7.05e-05,2.0
544780.0,7.05e-05,3.0
544802.0,7.05e-05,2.0
544822.0,7.05e-05,1.0
544823.0,7.05e-05,1.0
544834.0,7.05e-05,1.0
544839.0,7.05e-05,1.0
544866.0,7.05e-05,2.0
544876.0,7.05e-05,1.0
544890.0,7.05e-05,3.0
544909.0,7.05e-05,1.0
544966.0,7.05e-05,2.0
544975.0,7.05e-05,2.0
544976.0,7.05e-05,1.0
544990.0,7.05e-05,2.0
545005.0,7.05e-05,1.0
545022.0,7.05e-05,1.0
545030.0,7.05e-05,2.0
545050.0,7.05e-05,1.0
545059.0,7.05e-05,2.0
545105.0,7.05e-05,1.0
545223.0,7.05e-05,1.0
545247.0,7.05e-05,1.0
545253.0,7.05e-05,1.0
545278.0,7.05e-05,2.0
545306.0,7.05e-05,1.0
545318.0,7.05e-05,2.0
545357.0,7.05e-05,1.0
545390.0,7.05e-05,3.0
545401.0,7.05e-05,2.0
545407.0,7.05e-05,3.0
545429.0,7.05e-05,1.0
545437.0,7.05e-05,1.0
545446.0,7.05e-05,3.0
545465.0,7.05e-05,1.0
545482.0,7.05e-05,1.0
545521.0,7.05e-05,1.0
545534.0,7.05e-05,1.0
545548.0,7.05e-05,3.0
545555.0,7.05e-05,2.0
545596.0,7.05e-05,3.0
545610.0,7.05e-05,1.0
545615.0,7.05e-05,2.0
545626.0,7.05e-05,1.0
545636.0,7.05e-05,1.0
545639.0,7.05e-05,1.0
545652.0,7.05e-05,1.0
545660.0,7.05e-05,1.0
545728.0,7.05e-05,3.0
545747.0,7.05e-05,1.0
545756.0,7.05e-05,3.0
545773.0,7.05e-05,2.0
545803.0,7.05e-05,2.0
545805.0,7.05e-05,1.0
545815.0,7.05e-05,1.0
545818.0,7.05e-05,4.0
545844.0,7.05e-05,1.0
545874.0,7.05e-05,1.0
545893.0,7.05e-05,2.0
545945.0,7.05e-05,3.0
545950.0,7.05e-05,2.0
545965.0,7.05e-05,2.0
545969.0,7.05e-05,3.0
545989.0,7.05e-05,2.0
546012.0,7.05e-05,1.0
546046.0,7.05e-05,1.0
546101.0,7.05e-05,1.0
546113.0,7.05e-05,3.0
546118.0,7.05e-05,1.0
546162.0,7.05e-05,1.0
546180.0,7.05e-05,1.0
546199.0,7.05e-05,1.0
546205.0,7.05e-05,1.0
546224.0,7.05e-05,1.0
546227.0,7.05e-05,3.0
546248.0,7.05e-05,1.0
546266.0,7.05e-05,1.0
546270.0,7.05e-05,3.0
546276.0,7.05e-05,1.0
546322.0,7.05e-05,3.0
546326.0,7.05e-05,2.0
546347.0,7.05e-05,1.0
546388.0,7.05e-05,1.0
546436.0,7.05e-05,3.0
546446.0,7.05e-05,1.0
546483.0,7.05e-05,2.0
546520.0,7.05e-05,1.0
546525.0,7.05e-05,1.0
546540.0,7.05e-05,3.0
546556.0,7.05e-05,3.0
546590.0,7.05e-05,3.0
546592.0,7.05e-05,1.0
546602.0,7.05e-05,2.0
546634.0,7.05e-05,2.0
546636.0,7.05e-05,1.0
546648.0,7.05e-05,2.0
546747.0,7.05e-05,1.0
546790.0,7.05e-05,1.0
546793.0,7.05e-05,1.0
546813.0,7.05e-05,1.0
546820.0,7.05e-05,2.0
546834.0,7.05e-05,1.0
546840.0,7.05e-05,2.0
546859.0,7.05e-05,2.0
546860.0,7.05e-05,1.0
546913.0,7.05e-05,2.0
546949.0,7.05e-05,1.0
546969.0,7.05e-05,1.0
547050.0,7.05e-05,2.0
547089.0,7.05e-05,1.0
547126.0,7.05e-05,2.0
547145.0,7.05e-05,1.0
547150.0,7.05e-05,1.0
547187.0,7.05e-05,1.0
547189.0,7.05e-05,1.0
547197.0,7.05e-05,1.0
547210.0,7.05e-05,1.0
547226.0,7.05e-05,4.0
547276.0,7.05e-05,1.0
547286.0,7.05e-05,2.0
547298.0,7.05e-05,1.0
547300.0,7.05e-05,2.0
547308.0,7.05e-05,3.0
547322.0,7.05e-05,2.0
547341.0,7.05e-05,3.0
547366.0,7.05e-05,1.0
547369.0,7.05e-05,2.0
547406.0,7.05e-05,2.0
547415.0,7.05e-05,1.0
547437.0,7.05e-05,1.0
547453.0,7.05e-05,1.0
547466.0,7.05e-05,2.0
547471.0,7.05e-05,2.0
547514.0,7.05e-05,1.0
547525.0,7.05e-05,1.0
547535.0,7.05e-05,3.0
547536.0,7.05e-05,1.0
547563.0,7.05e-05,2.0
547565.0,7.05e-05,1.0
547590.0,7.05e-05,1.0
547612.0,7.05e-05,4.0
547616.0,7.05e-05,1.0
547622.0,7.05e-05,1.0
547694.0,7.05e-05,2.0
547701.0,7.05e-05,3.0
547706.0,7.05e-05,3.0
547711.0,7.05e-05,3.0
547752.0,7.05e-05,3.0
547761.0,7.05e-05,1.0
547765.0,7.05e-05,2.0
547773.0,7.05e-05,1.0
547817.0,7.05e-05,3.0
547819.0,7.05e-05,1.0
547820.0,7.05e-05,1.0
547834.0,7.05e-05,1.0
547859.0,7.05e-05,1.0
547879.0,7.05e-05,1.0
547881.0,7.05e-05,1.0
547943.0,7.05e-05,1.0
547957.0,7.05e-05,1.0
547966.0,7.05e-05,2.0
547990.0,7.05e-05,1.0
548031.0,7.05e-05,3.0
548041.0,7.05e-05,1.0
548055.0,7.05e-05,3.0
548086.0,7.05e-05,2.0
548105.0,7.05e-05,1.0
548113.0,7.05e-05,2.0
548117.0,7.05e-05,1.0
548146.0,7.05e-05,2.0
548163.0,7.05e-05,1.0
548171.0,7.05e-05,2.0
548188.0,7.05e-05,3.0
548189.0,7.05e-05,1.0
548205.0,7.05e-05,2.0
548230.0,7.05e-05,1.0
548233.0,7.05e-05,2.0
548247.0,7.05e-05,1.0
548305.0,7.05e-05,3.0
548307.0,7.05e-05,2.0
548352.0,7.05e-05,2.0
548356.0,7.05e-05,2.0
548453.0,7.05e-05,2.0
548469.0,7.05e-05,1.0
548499.0,7.05e-05,1.0
548513.0,7.05e-05,2.0
548565.0,7.05e-05,1.0
548570.0,7.05e-05,3.0
548691.0,7.05e-05,2.0
548718.0,7.05e-05,2.0
548725.0,7.05e-05,1.0
548752.0,7.05e-05,1.0
548769.0,7.05e-05,2.0
548777.0,7.05e-05,1.0
548783.0,7.05e-05,2.0
548796.0,7.05e-05,2.0
548805.0,7.05e-05,2.0
548820.0,7.05e-05,3.0
548857.0,7.05e-05,1.0
548872.0,7.05e-05,1.0
548879.0,7.05e-05,1.0
548936.0,7.05e-05,2.0
548972.0,7.05e-05,4.0
548986.0,7.05e-05,1.0
549009.0,7.05e-05,3.0
549015.0,7.05e-05,2.0
549029.0,7.05e-05,1.0
549043.0,7.05e-05,3.0
549050.0,7.05e-05,1.0
549054.0,7.05e-05,3.0
549059.0,7.05e-05,1.0
549068.0,7.05e-05,1.0
549085.0,7.05e-05,2.0
549096.0,7.05e-05,1.0
549151.0,7.05e-05,1.0
549220.0,7.05e-05,1.0
549270.0,7.05e-05,3.0
549295.0,7.05e-05,1.0
549318.0,7.05e-05,1.0
549320.0,7.05e-05,2.0
549321.0,7.05e-05,3.0
549363.0,7.05e-05,2.0
549381.0,7.05e-05,1.0
549387.0,7.05e-05,1.0
549408.0,7.05e-05,4.0
549434.0,7.05e-05,1.0
549440.0,7.05e-05,3.0
549447.0,7.05e-05,3.0
549510.0,7.05e-05,3.0
549515.0,7.05e-05,2.0
549527.0,7.05e-05,1.0
549549.0,7.05e-05,2.0
549556.0,7.05e-05,1.0
549591.0,7.05e-05,2.0
549622.0,7.05e-05,2.0
549626.0,7.05e-05,3.0
549628.0,7.05e-05,1.0
549642.0,7.05e-05,1.0
549658.0,7.05e-05,1.0
549681.0,7.05e-05,1.0
549684.0,7.05e-05,1.0
549693.0,7.05e-05,1.0
549723.0,7.05e-05,2.0
549747.0,7.05e-05,1.0
549829.0,7.05e-05,2.0
549841.0,7.05e-05,1.0
549857.0,7.05e-05,2.0
549891.0,7.05e-05,3.0
549917.0,7.05e-05,2.0
549919.0,7.05e-05,3.0
549929.0,7.05e-05,2.0
540316.0,7.05e-05,1.0
540683.0,7.05e-05,1.0
541046.0,7.05e-05,1.0
541427.0,7.05e-05,1.0
542404.0,7.05e-05,2.0
542766.0,7.05e-05,1.0
542894.0,7.05e-05,2.0
543809.0,7.05e-05,2.0
544192.0,7.05e-05,1.0
544455.0,7.05e-05,2.0
545344.0,7.05e-05,2.0
546048.0,7.05e-05,1.0
547482.0,7.05e-05,1.0
548535.0,7.05e-05,1.0
549026.0,7.05e-05,1.0
549185.0,7.05e-05,1.0
550005.0,7.56e-05,1.0
550027.0,7.56e-05,2.0
550029.0,7.56e-05,1.0
550036.0,7.56e-05,3.0
550063.0,7.56e-05,2.0
550064.0,7.56e-05,1.0
550070.0,7.56e-05,3.0
550080.0,7.56e-05,1.0
550085.0,7.56e-05,1.0
550106.0,7.56e-05,3.0
550123.0,7.56e-05,2.0
550126.0,7.56e-05,1.0
550199.0,7.56e-05,1.0
550207.0,7.56e-05,1.0
550240.0,7.56e-05,1.0
550250.0,7.56e-05,1.0
550254.0,7.56e-05,1.0
550278.0,7.56e-05,1.0
550291.0,7.56e-05,1.0
550314.0,7.56e-05,1.0
550316.0,7.56e-05,3.0
550334.0,7.56e-05,1.0
550346.0,7.56e-05,2.0
550373.0,7.56e-05,3.0
550383.0,7.56e-05,1.0
550388.0,7.56e-05,3.0
550389.0,7.56e-05,4.0
550402.0,7.56e-05,2.0
550438.0,7.56e-05,1.0
550439.0,7.56e-05,1.0
550461.0,7.56e-05,2.0
550474.0,7.56e-05,3.0
550490.0,7.56e-05,2.0
550503.0,7.56e-05,1.0
550505.0,7.56e-05,1.0
550508.0,7.56e-05,3.0
550515.0,7.56e-05,2.0
550543.0,7.56e-05,1.0
550554.0,7.56e-05,3.0
550592.0,7.56e-05,4.0
550604.0,7.56e-05,1.0
550620.0,7.56e-05,3.0
550634.0,7.56e-05,1.0
550638.0,7.56e-05,1.0
550642.0,7.56e-05,3.0
550665.0,7.56e-05,2.0
550680.0,7.56e-05,2.0
550683.0,7.56e-05,1.0
550690.0,7.56e-05,1.0
550730.0,7.56e-05,2.0
550754.0,7.56e-05,3.0
550760.0,7.56e-05,1.0
550800.0,7.56e-05,1.0
550837.0,7.56e-05,3.0
550841.0,7.56e-05,4.0
550842.0,7.56e-05,1.0
550846.0,7.56e-05,4.0
550858.0,7.56e-05,1.0
550871.0,7.56e-05,1.0
550884.0,7.56e-05,1.0
550889.0,7.56e-05,1.0
550896.0,7.56e-05,1.0
550899.0,7.56e-05,1.0
550906.0,7.56e-05,1.0
550913.0,7.56e-05,2.0
550914.0,7.56e-05,3.0
550973.0,7.56e-05,3.0
550976.0,7.56e-05,2.0
550997.0,7.56e-05,2.0
551000.0,7.56e-05,3.0
551008.0,7.56e-05,1.0
551021.0,7.56e-05,1.0
551023.0,7.56e-05,1.0
551041.0,7.56e-05,1.0
551048.0,7.56e-05,2.0
551064.0,7.56e-05,1.0
551099.0,7.56e-05,3.0
551103.0,7.56e-05,1.0
551108.0,7.56e-05,2.0
551118.0,7.56e-05,2.0
551124.0,7.56e-05,4.0
551161.0,7.56e-05,1.0
551170.0,7.56e-05,1.0
551177.0,7.56e-05,1.0
551203.0,7.56e-05,1.0
551206.0,7.56e-05,1.0
551238.0,7.56e-05,2.0
551266.0,7.56e-05,1.0
551285.0,7.56e-05,1.0
551286.0,7.56e-05,1.0
551289.0,7.56e-05,1.0
551308.0,7.56e-05,1.0
551316.0,7.56e-05,3.0
551318.0,7.56e-05,1.0
551338.0,7.56e-05,1.0
551354.0,7.56e-05,1.0
551390.0,7.56e-05,1.0
551396.0,7.56e-05,3.0
551406.0,7.56e-05,1.0
551416.0,7.56e-05,1.0
551448.0,7.56e-05,1.0
551454.0,7.56e-05,1.0
551494.0,7.56e-05,2.0
551512.0,7.56e-05,1.0
551537.0,7.56e-05,3.0
551546.0,7.56e-05,2.0
551563.0,7.56e-05,4.0
551580.0,7.56e-05,3.0
551585.0,7.56e-05,3.0
551600.0,7.56e-05,3.0
551602.0,7.56e-05,1.0
551603.0,7.56e-05,2.0
551629.0,7.56e-05,3.0
551645.0,7.56e-05,5.0
551666.0,7.56e-05,1.0
551679.0,7.56e-05,2.0
551683.0,7.56e-05,1.0
551687.0,7.56e-05,1.0
551720.0,7.56e-05,1.0
551741.0,7.56e-05,1.0
551754.0,7.56e-05,2.0
551756.0,7.56e-05,1.0
551817.0,7.56e-05,1.0
551820.0,7.56e-05,1.0
551846.0,7.56e-05,1.0
551848.0,7.56e-05,1.0
551867.0,7.56e-05,1.0
551874.0,7.56e-05,1.0
551906.0,7.56e-05,1.0
551908.0,7.56e-05,1.0
551938.0,7.56e-05,4.0
551944.0,7.56e-05,1.0
551957.0,7.56e-05,1.0
551964.0,7.56e-05,1.0
551983.0,7.56e-05,1.0
551997.0,7.56e-05,4.0
552026.0,7.56e-05,2.0
552043.0,7.56e-05,3.0
552075.0,7.56e-05,1.0
552087.0,7.56e-05,2.0
552111.0,7.56e-05,1.0
552150.0,7.56e-05,3.0
552177.0,7.56e-05,3.0
552180.0,7.56e-05,1.0
552187.0,7.56e-05,1.0
552216.0,7.56e-05,1.0
552318.0,7.56e-05,3.0
552339.0,7.56e-05,4.0
552343.0,7.56e-05,1.0
552345.0,7.56e-05,1.0
552352.0,7.56e-05,1.0
552354.0,7.56e-05,3.0
552389.0,7.56e-05,3.0
552397.0,7.56e-05,2.0
552401.0,7.56e-05,1.0
552404.0,7.56e-05,1.0
552424.0,7.56e-05,2.0
552434.0,7.56e-05,1.0
552461.0,7.56e-05,3.0
552514.0,7.56e-05,1.0
552542.0,7.56e-05,1.0
552557.0,7.56e-05,3.0
552576.0,7.56e-05,1.0
552585.0,7.56e-05,1.0
552597.0,7.56e-05,1.0
552631.0,7.56e-05,1.0
552633.0,7.56e-05,4.0
552634.0,7.56e-05,1.0
552726.0,7.56e-05,1.0
552764.0,7.56e-05,1.0
552766.0,7.56e-05,1.0
552777.0,7.56e-05,3.0
552786.0,7.56e-05,2.0
552819.0,7.56e-05,1.0
552837.0,7.56e-05,3.0
552839.0,7.56e-05,1.0
552861.0,7.56e-05,3.0
552871.0,7.56e-05,2.0
552875.0,7.56e-05,1.0
552886.0,7.56e-05,3.0
552888.0,7.56e-05,1.0
552890.0,7.56e-05,1.0
552894.0,7.56e-05,2.0
552949.0,7.56e-05,3.0
552959.0,7.56e-05,1.0
552978.0,7.56e-05,3.0
553005.0,7.56e-05,1.0
553027.0,7.56e-05,1.0
553055.0,7.56e-05,2.0
553056.0,7.56e-05,1.0
553063.0,7.56e-05,3.0
553071.0,7.56e-05,3.0
553081.0,7.56e-05,1.0
553093.0,7.56e-05,3.0
553106.0,7.56e-05,1.0
553108.0,7.56e-05,1.0
553110.0,7.56e-05,2.0
553124.0,7.56e-05,1.0
553142.0,7.56e-05,5.0
553162.0,7.56e-05,1.0
553205.0,7.56e-05,3.0
553218.0,7.56e-05,2.0
553240.0,7.56e-05,1.0
553251.0,7.56e-05,1.0
553252.0,7.56e-05,3.0
553271.0,7.56e-05,3.0
553275.0,7.56e-05,1.0
553276.0,7.56e-05,1.0
553287.0,7.56e-05,1.0
553297.0,7.56e-05,1.0
553300.0,7.56e-05,3.0
553303.0,7.56e-05,1.0
553305.0,7.56e-05,1.0
553310.0,7.56e-05,1.0
553314.0,7.56e-05,1.0
553341.0,7.56e-05,2.0
553363.0,7.56e-05,5.0
553364.0,7.56e-05,1.0
553372.0,7.56e-05,1.0
553388.0,7.56e-05,1.0
553410.0,7.56e-05,1.0
553414.0,7.56e-05,3.0
553426.0,7.56e-05,1.0
553436.0,7.56e-05,1.0
553454.0,7.56e-05,3.0
553459.0,7.56e-05,1.0
553493.0,7.56e-05,1.0
553495.0,7.56e-05,3.0
553501.0,7.56e-05,1.0
553513.0,7.56e-05,1.0
553517.0,7.56e-05,2.0
553527.0,7.56e-05,1.0
553530.0,7.56e-05,1.0
553550.0,7.56e-05,3.0
553566.0,7.56e-05,1.0
553568.0,7.56e-05,3.0
553577.0,7.56e-05,1.0
553626.0,7.56e-05,1.0
553644.0,7.56e-05,2.0
553655.0,7.56e-05,4.0
553660.0,7.56e-05,1.0
553671.0,7.56e-05,2.0
553672.0,7.56e-05,1.0
553686.0,7.56e-05,1.0
553745.0,7.56e-05,1.0
553777.0,7.56e-05,1.0
553809.0,7.56e-05,3.0
553813.0,7.56e-05,3.0
553827.0,7.56e-05,1.0
553881.0,7.56e-05,1.0
553936.0,7.56e-05,2.0
553944.0,7.56e-05,1.0
553953.0,7.56e-05,1.0
553985.0,7.56e-05,1.0
553987.0,7.56e-05,1.0
553995.0,7.56e-05,1.0
553996.0,7.56e-05,3.0
554001.0,7.56e-05,1.0
554028.0,7.56e-05,3.0
554034.0,7.56e-05,2.0
554045.0,7.56e-05,3.0
554047.0,7.56e-05,1.0
554102.0,7.56e-05,1.0
554107.0,7.56e-05,1.0
554127.0,7.56e-05,1.0
554130.0,7.56e-05,1.0
554139.0,7.56e-05,1.0
554140.0,7.56e-05,1.0
554145.0,7.56e-05,1.0
554173.0,7.56e-05,1.0
554184.0,7.56e-05,1.0
554187.0,7.56e-05,1.0
554192.0,7.56e-05,1.0
554227.0,7.56e-05,1.0
554232.0,7.56e-05,1.0
554237.0,7.56e-05,1.0
554251.0,7.56e-05,2.0
554255.0,7.56e-05,1.0
554264.0,7.56e-05,2.0
554268.0,7.56e-05,1.0
554285.0,7.56e-05,4.0
554288.0,7.56e-05,1.0
554294.0,7.56e-05,1.0
554308.0,7.56e-05,3.0
554312.0,7.56e-05,1.0
554343.0,7.56e-05,2.0
554344.0,7.56e-05,3.0
554349.0,7.56e-05,1.0
554352.0,7.56e-05,3.0
554362.0,7.56e-05,3.0
554364.0,7.56e-05,3.0
554407.0,7.56e-05,2.0
554412.0,7.56e-05,1.0
554417.0,7.56e-05,1.0
554421.0,7.56e-05,1.0
554424.0,7.56e-05,1.0
554431.0,7.56e-05,2.0
554432.0,7.56e-05,2.0
554455.0,7.56e-05,3.0
554472.0,7.56e-05,1.0
554505.0,7.56e-05,1.0
554509.0,7.56e-05,1.0
554561.0,7.56e-05,1.0
554567.0,7.56e-05,1.0
554572.0,7.56e-05,1.0
554575.0,7.56e-05,1.0
554590.0,7.56e-05,1.0
554614.0,7.56e-05,2.0
554616.0,7.56e-05,1.0
554675.0,7.56e-05,1.0
554704.0,7.56e-05,2.0
554721.0,7.56e-05,2.0
554727.0,7.56e-05,1.0
554737.0,7.56e-05,3.0
554739.0,7.56e-05,3.0
554780.0,7.56e-05,1.0
554802.0,7.56e-05,2.0
554811.0,7.56e-05,1.0
554822.0,7.56e-05,2.0
554831.0,7.56e-05,1.0
554833.0,7.56e-05,1.0
554835.0,7.56e-05,1.0
554858.0,7.56e-05,1.0
554890.0,7.56e-05,1.0
554904.0,7.56e-05,1.0
554906.0,7.56e-05,1.0
554917.0,7.56e-05,3.0
554927.0,7.56e-05,1.0
554928.0,7.56e-05,3.0
554943.0,7.56e-05,1.0
554966.0,7.56e-05,3.0
554975.0,7.56e-05,3.0
554976.0,7.56e-05,1.0
554990.0,7.56e-05,2.0
555005.0,7.56e-05,3.0
555030.0,7.56e-05,4.0
555043.0,7.56e-05,2.0
555044.0,7.56e-05,1.0
555050.0,7.56e-05,2.0
555088.0,7.56e-05,1.0
555101.0,7.56e-05,1.0
555121.0,7.56e-05,1.0
555146.0,7.56e-05,2.0
555159.0,7.56e-05,1.0
555191.0,7.56e-05,3.0
555200.0,7.56e-05,1.0
555235.0,7.56e-05,1.0
555239.0,7.56e-05,1.0
555281.0,7.56e-05,1.0
555319.0,7.56e-05,1.0
555327.0,7.56e-05,1.0
555328.0,7.56e-05,1.0
555344.0,7.56e-05,2.0
555353.0,7.56e-05,2.0
555354.0,7.56e-05,2.0
555358.0,7.56e-05,1.0
555379.0,7.56e-05,1.0
555390.0,7.56e-05,1.0
555401.0,7.56e-05,3.0
555419.0,7.56e-05,1.0
555422.0,7.56e-05,1.0
555435.0,7.56e-05,1.0
555437.0,7.56e-05,1.0
555446.0,7.56e-05,3.0
555450.0,7.56e-05,1.0
555451.0,7.56e-05,2.0
555470.0,7.56e-05,1.0
555532.0,7.56e-05,1.0
555534.0,7.56e-05,2.0
555540.0,7.56e-05,3.0
555542.0,7.56e-05,1.0
555555.0,7.56e-05,3.0
555596.0,7.56e-05,2.0
555608.0,7.56e-05,1.0
555610.0,7.56e-05,1.0
555621.0,7.56e-05,1.0
555639.0,7.56e-05,3.0
555642.0,7.56e-05,1.0
555652.0,7.56e-05,3.0
555686.0,7.56e-05,1.0
555747.0,7.56e-05,1.0
555756.0,7.56e-05,3.0
555767.0,7.56e-05,1.0
555773.0,7.56e-05,3.0
555785.0,7.56e-05,1.0
555803.0,7.56e-05,4.0
555807.0,7.56e-05,1.0
555814.0,7.56e-05,1.0
555815.0,7.56e-05,2.0
555818.0,7.56e-05,5.0
555835.0,7.56e-05,1.0
555844.0,7.56e-05,2.0
555856.0,7.56e-05,3.0
555866.0,7.56e-05,1.0
555886.0,7.56e-05,1.0
555936.0,7.56e-05,1.0
555941.0,7.56e-05,2.0
555944.0,7.56e-05,1.0
555950.0,7.56e-05,3.0
555955.0,7.56e-05,1.0
555969.0,7.56e-05,4.0
555973.0,7.56e-05,1.0
555987.0,7.56e-05,1.0
555989.0,7.56e-05,4.0
556046.0,7.56e-05,3.0
556048.0,7.56e-05,3.0
556059.0,7.56e-05,3.0
556071.0,7.56e-05,1.0
556095.0,7.56e-05,1.0
556109.0,7.56e-05,1.0
556113.0,7.56e-05,2.0
556118.0,7.56e-05,4.0
556123.0,7.56e-05,2.0
556140.0,7.56e-05,1.0
556166.0,7.56e-05,1.0
556180.0,7.56e-05,3.0
556225.0,7.56e-05,1.0
556227.0,7.56e-05,2.0
556241.0,7.56e-05,3.0
556270.0,7.56e-05,2.0
556276.0,7.56e-05,2.0
556322.0,7.56e-05,1.0
556326.0,7.56e-05,1.0
556337.0,7.56e-05,3.0
556344.0,7.56e-05,1.0
556347.0,7.56e-05,1.0
556432.0,7.56e-05,2.0
556464.0,7.56e-05,1.0
556465.0,7.56e-05,1.0
556480.0,7.56e-05,1.0
556483.0,7.56e-05,1.0
556485.0,7.56e-05,1.0
556539.0,7.56e-05,1.0
556540.0,7.56e-05,4.0
556556.0,7.56e-05,1.0
556573.0,7.56e-05,1.0
556574.0,7.56e-05,1.0
556584.0,7.56e-05,1.0
556590.0,7.56e-05,3.0
556613.0,7.56e-05,1.0
556634.0,7.56e-05,4.0
556648.0,7.56e-05,1.0
556650.0,7.56e-05,1.0
556660.0,7.56e-05,1.0
556707.0,7.56e-05,1.0
556714.0,7.56e-05,1.0
556793.0,7.56e-05,1.0
556805.0,7.56e-05,1.0
556814.0,7.56e-05,4.0
556818.0,7.56e-05,1.0
556860.0,7.56e-05,3.0
556882.0,7.56e-05,1.0
556913.0,7.56e-05,3.0
556923.0,7.56e-05,1.0
556928.0,7.56e-05,1.0
556965.0,7.56e-05,1.0
556970.0,7.56e-05,2.0
556973.0,7.56e-05,1.0
557029.0,7.56e-05,1.0
557050.0,7.56e-05,2.0
557080.0,7.56e-05,1.0
557148.0,7.56e-05,1.0
557170.0,7.56e-05,1.0
557177.0,7.56e-05,2.0
557187.0,7.56e-05,2.0
557199.0,7.56e-05,1.0
557210.0,7.56e-05,2.0
557214.0,7.56e-05,1.0
557226.0,7.56e-05,3.0
557238.0,7.56e-05,3.0
557255.0,7.56e-05,1.0
557268.0,7.56e-05,1.0
557286.0,7.56e-05,1.0
557308.0,7.56e-05,4.0
557309.0,7.56e-05,1.0
557322.0,7.56e-05,2.0
557341.0,7.56e-05,3.0
557348.0,7.56e-05,1.0
557356.0,7.56e-05,3.0
557357.0,7.56e-05,1.0
557364.0,7.56e-05,1.0
557369.0,7.56e-05,2.0
557385.0,7.56e-05,1.0
557406.0,7.56e-05,4.0
557415.0,7.56e-05,3.0
557434.0,7.56e-05,1.0
557449.0,7.56e-05,1.0
557466.0,7.56e-05,1.0
557482.0,7.56e-05,1.0
557514.0,7.56e-05,1.0
557520.0,7.56e-05,3.0
557537.0,7.56e-05,2.0
557549.0,7.56e-05,1.0
557558.0,7.56e-05,1.0
557616.0,7.56e-05,1.0
557620.0,7.56e-05,1.0
557624.0,7.56e-05,1.0
557626.0,7.56e-05,1.0
557636.0,7.56e-05,2.0
557673.0,7.56e-05,1.0
557694.0,7.56e-05,1.0
557701.0,7.56e-05,3.0
557710.0,7.56e-05,1.0
557721.0,7.56e-05,3.0
557728.0,7.56e-05,2.0
557737.0,7.56e-05,1.0
557752.0,7.56e-05,2.0
557765.0,7.56e-05,2.0
557778.0,7.56e-05,4.0
557819.0,7.56e-05,2.0
557829.0,7.56e-05,1.0
557840.0,7.56e-05,1.0
557847.0,7.56e-05,5.0
557852.0,7.56e-05,3.0
557877.0,7.56e-05,4.0
557878.0,7.56e-05,1.0
557888.0,7.56e-05,1.0
557917.0,7.56e-05,1.0
557923.0,7.56e-05,1.0
557941.0,7.56e-05,3.0
557994.0,7.56e-05,1.0
558008.0,7.56e-05,1.0
558025.0,7.56e-05,1.0
558050.0,7.56e-05,1.0
558080.0,7.56e-05,4.0
558082.0,7.56e-05,1.0
558086.0,7.56e-05,1.0
558088.0,7.56e-05,2.0
558113.0,7.56e-05,2.0
558146.0,7.56e-05,3.0
558161.0,7.56e-05,1.0
558171.0,7.56e-05,1.0
558188.0,7.56e-05,4.0
558233.0,7.56e-05,2.0
558245.0,7.56e-05,1.0
558259.0,7.56e-05,1.0
558276.0,7.56e-05,2.0
558277.0,7.56e-05,1.0
558304.0,7.56e-05,2.0
558322.0,7.56e-05,1.0
558333.0,7.56e-05,1.0
558334.0,7.56e-05,1.0
558392.0,7.56e-05,1.0
558405.0,7.56e-05,1.0
558431.0,7.56e-05,1.0
558461.0,7.56e-05,1.0
558462.0,7.56e-05,3.0
558468.0,7.56e-05,1.0
558493.0,7.56e-05,3.0
558497.0,7.56e-05,1.0
558513.0,7.56e-05,3.0
558519.0,7.56e-05,1.0
558535.0,7.56e-05,2.0
558553.0,7.56e-05,1.0
558570.0,7.56e-05,2.0
558647.0,7.56e-05,1.0
558679.0,7.56e-05,1.0
558686.0,7.56e-05,1.0
558691.0,7.56e-05,2.0
558700.0,7.56e-05,1.0
558703.0,7.56e-05,1.0
558718.0,7.56e-05,1.0
558725.0,7.56e-05,1.0
558732.0,7.56e-05,1.0
558742.0,7.56e-05,1.0
558769.0,7.56e-05,3.0
558783.0,7.56e-05,3.0
558788.0,7.56e-05,1.0
558794.0,7.56e-05,1.0
558796.0,7.56e-05,4.0
558814.0,7.56e-05,3.0
558819.0,7.56e-05,1.0
558829.0,7.56e-05,1.0
558833.0,7.56e-05,1.0
558841.0,7.56e-05,4.0
558869.0,7.56e-05,3.0
558904.0,7.56e-05,1.0
558912.0,7.56e-05,1.0
558917.0,7.56e-05,1.0
558930.0,7.56e-05,2.0
558933.0,7.56e-05,1.0
558934.0,7.56e-05,1.0
558936.0,7.56e-05,2.0
558972.0,7.56e-05,4.0
558993.0,7.56e-05,1.0
558994.0,7.56e-05,1.0
559009.0,7.56e-05,1.0
559015.0,7.56e-05,3.0
559026.0,7.56e-05,1.0
559039.0,7.56e-05,1.0
559054.0,7.56e-05,2.0
559082.0,7.56e-05,1.0
559085.0,7.56e-05,3.0
559086.0,7.56e-05,2.0
559092.0,7.56e-05,1.0
559096.0,7.56e-05,3.0
559133.0,7.56e-05,1.0
559151.0,7.56e-05,3.0
559154.0,7.56e-05,1.0
559160.0,7.56e-05,1.0
559177.0,7.56e-05,1.0
559185.0,7.56e-05,1.0
559206.0,7.56e-05,3.0
559233.0,7.56e-05,1.0
559241.0,7.56e-05,1.0
559253.0,7.56e-05,1.0
559267.0,7.56e-05,1.0
559298.0,7.56e-05,2.0
559320.0,7.56e-05,3.0
559321.0,7.56e-05,3.0
559338.0,7.56e-05,1.0
559353.0,7.56e-05,1.0
559381.0,7.56e-05,1.0
559406.0,7.56e-05,1.0
559408.0,7.56e-05,3.0
559421.0,7.56e-05,1.0
559434.0,7.56e-05,3.0
559440.0,7.56e-05,4.0
559447.0,7.56e-05,3.0
559460.0,7.56e-05,1.0
559477.0,7.56e-05,1.0
559482.0,7.56e-05,1.0
559533.0,7.56e-05,1.0
559547.0,7.56e-05,1.0
559549.0,7.56e-05,4.0
559550.0,7.56e-05,1.0
559556.0,7.56e-05,2.0
559565.0,7.56e-05,1.0
559585.0,7.56e-05,1.0
559586.0,7.56e-05,1.0
559622.0,7.56e-05,3.0
559626.0,7.56e-05,4.0
559661.0,7.56e-05,3.0
559681.0,7.56e-05,2.0
559682.0,7.56e-05,2.0
559728.0,7.56e-05,1.0
559730.0,7.56e-05,1.0
559754.0,7.56e-05,1.0
559824.0,7.56e-05,1.0
559826.0,7.56e-05,1.0
559828.0,7.56e-05,2.0
559847.0,7.56e-05,1.0
559857.0,7.56e-05,3.0
559919.0,7.56e-05,2.0
559924.0,7.56e-05,1.0
559932.0,7.56e-05,1.0
559937.0,7.56e-05,1.0
550024.0,7.56e-05,1.0
550032.0,7.56e-05,1.0
550040.0,7.56e-05,1.0
550081.0,7.56e-05,1.0
550107.0,7.56e-05,1.0
550209.0,7.56e-05,1.0
550210.0,7.56e-05,1.0
550344.0,7.56e-05,1.0
550441.0,7.56e-05,1.0
550551.0,7.56e-05,1.0
550585.0,7.56e-05,1.0
550737.0,7.56e-05,2.0
550783.0,7.56e-05,1.0
550849.0,7.56e-05,1.0
550876.0,7.56e-05,1.0
551078.0,7.56e-05,2.0
551151.0,7.56e-05,1.0
551156.0,7.56e-05,1.0
551179.0,7.56e-05,1.0
551212.0,7.56e-05,1.0
551216.0,7.56e-05,1.0
551282.0,7.56e-05,1.0
551458.0,7.56e-05,1.0
551479.0,7.56e-05,2.0
551486.0,7.56e-05,1.0
551572.0,7.56e-05,2.0
551576.0,7.56e-05,2.0
551589.0,7.56e-05,1.0
551684.0,7.56e-05,1.0
551695.0,7.56e-05,1.0
551713.0,7.56e-05,1.0
551730.0,7.56e-05,2.0
551777.0,7.56e-05,2.0
551790.0,7.56e-05,1.0
551824.0,7.56e-05,1.0
551972.0,7.56e-05,1.0
551986.0,7.56e-05,1.0
552015.0,7.56e-05,1.0
552047.0,7.56e-05,1.0
552078.0,7.56e-05,1.0
552156.0,7.56e-05,1.0
552173.0,7.56e-05,1.0
552210.0,7.56e-05,1.0
552239.0,7.56e-05,1.0
552264.0,7.56e-05,1.0
552271.0,7.56e-05,1.0
552273.0,7.56e-05,2.0
552303.0,7.56e-05,1.0
552340.0,7.56e-05,1.0
552358.0,7.56e-05,1.0
552368.0,7.56e-05,1.0
552372.0,7.56e-05,1.0
552413.0,7.56e-05,1.0
552438.0,7.56e-05,1.0
552624.0,7.56e-05,1.0
552716.0,7.56e-05,1.0
552725.0,7.56e-05,2.0
552760.0,7.56e-05,2.0
552772.0,7.56e-05,1.0
552775.0,7.56e-05,1.0
552825.0,7.56e-05,1.0
552826.0,7.56e-05,1.0
552829.0,7.56e-05,1.0
552872.0,7.56e-05,1.0
552887.0,7.56e-05,1.0
552915.0,7.56e-05,1.0
553019.0,7.56e-05,1.0
553197.0,7.56e-05,2.0
553290.0,7.56e-05,1.0
553302.0,7.56e-05,1.0
553340.0,7.56e-05,1.0
553376.0,7.56e-05,1.0
553411.0,7.56e-05,1.0
553492.0,7.56e-05,1.0
553544.0,7.56e-05,1.0
553619.0,7.56e-05,1.0
553653.0,7.56e-05,1.0
553682.0,7.56e-05,1.0
553717.0,7.56e-05,2.0
553857.0,7.56e-05,1.0
553886.0,7.56e-05,1.0
553889.0,7.56e-05,1.0
553937.0,7.56e-05,1.0
553977.0,7.56e-05,1.0
554004.0,7.56e-05,2.0
554015.0,7.56e-05,1.0
554023.0,7.56e-05,1.0
554043.0,7.56e-05,1.0
554054.0,7.56e-05,1.0
554059.0,7.56e-05,1.0
554103.0,7.56e-05,2.0
554203.0,7.56e-05,1.0
554211.0,7.56e-05,1.0
554253.0,7.56e-05,1.0
554281.0,7.56e-05,3.0
554348.0,7.56e-05,3.0
554408.0,7.56e-05,1.0
554437.0,7.56e-05,1.0
554476.0,7.56e-05,1.0
554480.0,7.56e-05,1.0
554508.0,7.56e-05,1.0
554546.0,7.56e-05,2.0
554549.0,7.56e-05,1.0
554603.0,7.56e-05,1.0
554615.0,7.56e-05,1.0
554691.0,7.56e-05,2.0
554701.0,7.56e-05,1.0
554839.0,7.56e-05,1.0
554909.0,7.56e-05,1.0
554936.0,7.56e-05,1.0
555278.0,7.56e-05,1.0
555306.0,7.56e-05,1.0
555314.0,7.56e-05,1.0
555357.0,7.56e-05,1.0
555429.0,7.56e-05,1.0
555482.0,7.56e-05,1.0
555503.0,7.56e-05,1.0
555521.0,7.56e-05,1.0
555615.0,7.56e-05,1.0
555626.0,7.56e-05,1.0
555636.0,7.56e-05,1.0
555698.0,7.56e-05,1.0
555805.0,7.56e-05,1.0
555874.0,7.56e-05,1.0
555893.0,7.56e-05,1.0
555965.0,7.56e-05,1.0
555999.0,7.56e-05,1.0
556009.0,7.56e-05,1.0
556012.0,7.56e-05,1.0
556062.0,7.56e-05,1.0
556125.0,7.56e-05,1.0
556131.0,7.56e-05,1.0
556172.0,7.56e-05,1.0
556248.0,7.56e-05,1.0
556266.0,7.56e-05,1.0
556388.0,7.56e-05,1.0
556446.0,7.56e-05,1.0
556450.0,7.56e-05,1.0
556520.0,7.56e-05,3.0
556525.0,7.56e-05,1.0
556592.0,7.56e-05,1.0
556747.0,7.56e-05,1.0
556813.0,7.56e-05,1.0
556820.0,7.56e-05,1.0
556986.0,7.56e-05,1.0
557083.0,7.56e-05,1.0
557089.0,7.56e-05,1.0
557145.0,7.56e-05,1.0
557264.0,7.56e-05,1.0
557276.0,7.56e-05,2.0
557298.0,7.56e-05,2.0
557437.0,7.56e-05,1.0
557471.0,7.56e-05,2.0
557525.0,7.56e-05,2.0
557535.0,7.56e-05,2.0
557622.0,7.56e-05,1.0
557642.0,7.56e-05,1.0
557706.0,7.56e-05,3.0
557714.0,7.56e-05,1.0
557761.0,7.56e-05,2.0
557820.0,7.56e-05,1.0
557859.0,7.56e-05,1.0
557881.0,7.56e-05,1.0
557957.0,7.56e-05,1.0
558026.0,7.56e-05,2.0
558031.0,7.56e-05,1.0
558041.0,7.56e-05,1.0
558058.0,7.56e-05,1.0
558062.0,7.56e-05,1.0
558189.0,7.56e-05,1.0
558205.0,7.56e-05,1.0
558230.0,7.56e-05,1.0
558352.0,7.56e-05,1.0
558366.0,7.56e-05,1.0
558469.0,7.56e-05,2.0
558499.0,7.56e-05,1.0
558820.0,7.56e-05,1.0
558857.0,7.56e-05,2.0
558872.0,7.56e-05,1.0
558885.0,7.56e-05,1.0
558897.0,7.56e-05,1.0
558986.0,7.56e-05,1.0
559029.0,7.56e-05,1.0
559050.0,7.56e-05,1.0
559059.0,7.56e-05,1.0
559220.0,7.56e-05,1.0
559270.0,7.56e-05,1.0
559295.0,7.56e-05,1.0
559363.0,7.56e-05,1.0
559387.0,7.56e-05,1.0
559515.0,7.56e-05,1.0
559527.0,7.56e-05,1.0
559658.0,7.56e-05,1.0
559684.0,7.56e-05,1.0
559693.0,7.56e-05,1.0
559829.0,7.56e-05,1.0
559891.0,7.56e-05,1.0
559917.0,7.56e-05,1.0
550487.0,7.56e-05,1.0
550998.0,7.56e-05,1.0
551350.0,7.56e-05,1.0
553859.0,7.56e-05,1.0
554637.0,7.56e-05,1.0
557363.0,7.56e-05,1.0
560005.0,8.11e-05,1.0
560024.0,8.11e-05,4.0
560027.0,8.11e-05,2.0
560029.0,8.11e-05,1.0
560032.0,8.11e-05,3.0
560036.0,8.11e-05,2.0
560063.0,8.11e-05,2.0
560070.0,8.11e-05,3.0
560085.0,8.11e-05,3.0
560106.0,8.11e-05,3.0
560109.0,8.11e-05,4.0
560126.0,8.11e-05,2.0
560136.0,8.11e-05,1.0
560207.0,8.11e-05,2.0
560210.0,8.11e-05,4.0
560235.0,8.11e-05,2.0
560314.0,8.11e-05,1.0
560316.0,8.11e-05,2.0
560327.0,8.11e-05,2.0
560366.0,8.11e-05,1.0
560367.0,8.11e-05,1.0
560383.0,8.11e-05,2.0
560389.0,8.11e-05,2.0
560400.0,8.11e-05,1.0
560402.0,8.11e-05,3.0
560439.0,8.11e-05,1.0
560474.0,8.11e-05,3.0
560487.0,8.11e-05,1.0
560490.0,8.11e-05,1.0
560505.0,8.11e-05,2.0
560508.0,8.11e-05,4.0
560515.0,8.11e-05,2.0
560525.0,8.11e-05,2.0
560541.0,8.11e-05,1.0
560543.0,8.11e-05,1.0
560551.0,8.11e-05,4.0
560566.0,8.11e-05,1.0
560585.0,8.11e-05,2.0
560592.0,8.11e-05,3.0
560604.0,8.11e-05,1.0
560620.0,8.11e-05,3.0
560634.0,8.11e-05,1.0
560638.0,8.11e-05,1.0
560642.0,8.11e-05,2.0
560680.0,8.11e-05,3.0
560681.0,8.11e-05,2.0
560683.0,8.11e-05,2.0
560687.0,8.11e-05,2.0
560690.0,8.11e-05,2.0
560702.0,8.11e-05,1.0
560727.0,8.11e-05,1.0
560756.0,8.11e-05,1.0
560760.0,8.11e-05,1.0
560783.0,8.11e-05,2.0
560788.0,8.11e-05,2.0
560800.0,8.11e-05,2.0
560837.0,8.11e-05,3.0
560842.0,8.11e-05,1.0
560846.0,8.11e-05,3.0
560858.0,8.11e-05,1.0
560862.0,8.11e-05,1.0
560866.0,8.11e-05,1.0
560870.0,8.11e-05,2.0
560884.0,8.11e-05,2.0
560889.0,8.11e-05,1.0
560896.0,8.11e-05,2.0
560899.0,8.11e-05,1.0
560906.0,8.11e-05,1.0
560912.0,8.11e-05,1.0
560913.0,8.11e-05,3.0
560914.0,8.11e-05,3.0
560973.0,8.11e-05,3.0
560976.0,8.11e-05,2.0
560982.0,8.11e-05,3.0
561000.0,8.11e-05,3.0
561008.0,8.11e-05,2.0
561021.0,8.11e-05,1.0
561023.0,8.11e-05,1.0
561041.0,8.11e-05,2.0
561051.0,8.11e-05,1.0
561078.0,8.11e-05,3.0
561090.0,8.11e-05,1.0
561103.0,8.11e-05,1.0
561106.0,8.11e-05,3.0
561118.0,8.11e-05,3.0
561124.0,8.11e-05,3.0
561138.0,8.11e-05,1.0
561139.0,8.11e-05,1.0
561147.0,8.11e-05,4.0
561158.0,8.11e-05,2.0
561161.0,8.11e-05,1.0
561179.0,8.11e-05,1.0
561200.0,8.11e-05,3.0
561202.0,8.11e-05,2.0
561212.0,8.11e-05,4.0
561238.0,8.11e-05,1.0
561256.0,8.11e-05,2.0
561266.0,8.11e-05,2.0
561286.0,8.11e-05,1.0
561289.0,8.11e-05,1.0
561298.0,8.11e-05,1.0
561308.0,8.11e-05,2.0
561316.0,8.11e-05,3.0
561350.0,8.11e-05,2.0
561354.0,8.11e-05,2.0
561396.0,8.11e-05,3.0
561403.0,8.11e-05,2.0
561406.0,8.11e-05,1.0
561427.0,8.11e-05,2.0
561454.0,8.11e-05,2.0
561486.0,8.11e-05,2.0
561494.0,8.11e-05,2.0
561512.0,8.11e-05,2.0
561535.0,8.11e-05,1.0
561536.0,8.11e-05,1.0
561537.0,8.11e-05,4.0
561544.0,8.11e-05,1.0
561546.0,8.11e-05,1.0
561562.0,8.11e-05,1.0
561568.0,8.11e-05,1.0
561572.0,8.11e-05,3.0
561576.0,8.11e-05,4.0
561580.0,8.11e-05,3.0
561585.0,8.11e-05,2.0
561589.0,8.11e-05,3.0
561600.0,8.11e-05,2.0
561602.0,8.11e-05,1.0
561603.0,8.11e-05,3.0
561629.0,8.11e-05,2.0
561645.0,8.11e-05,3.0
561666.0,8.11e-05,1.0
561677.0,8.11e-05,1.0
561679.0,8.11e-05,2.0
561683.0,8.11e-05,1.0
561687.0,8.11e-05,1.0
561695.0,8.11e-05,4.0
561720.0,8.11e-05,1.0
561730.0,8.11e-05,4.0
561741.0,8.11e-05,1.0
561754.0,8.11e-05,1.0
561756.0,8.11e-05,1.0
561777.0,8.11e-05,3.0
561781.0,8.11e-05,3.0
561790.0,8.11e-05,4.0
561811.0,8.11e-05,1.0
561816.0,8.11e-05,1.0
561826.0,8.11e-05,2.0
561846.0,8.11e-05,1.0
561848.0,8.11e-05,1.0
561867.0,8.11e-05,1.0
561905.0,8.11e-05,1.0
561906.0,8.11e-05,1.0
561908.0,8.11e-05,1.0
561921.0,8.11e-05,3.0
561936.0,8.11e-05,1.0
561938.0,8.11e-05,3.0
561964.0,8.11e-05,4.0
561982.0,8.11e-05,1.0
561983.0,8.11e-05,2.0
561997.0,8.11e-05,2.0
562015.0,8.11e-05,3.0
562026.0,8.11e-05,3.0
562029.0,8.11e-05,1.0
562031.0,8.11e-05,1.0
562043.0,8.11e-05,4.0
562044.0,8.11e-05,1.0
562075.0,8.11e-05,1.0
562111.0,8.11e-05,1.0
562123.0,8.11e-05,1.0
562150.0,8.11e-05,3.0
562173.0,8.11e-05,4.0
562180.0,8.11e-05,1.0
562187.0,8.11e-05,1.0
562192.0,8.11e-05,1.0
562195.0,8.11e-05,1.0
562210.0,8.11e-05,3.0
562216.0,8.11e-05,2.0
562264.0,8.11e-05,3.0
562271.0,8.11e-05,3.0
562273.0,8.11e-05,3.0
562303.0,8.11e-05,3.0
562312.0,8.11e-05,1.0
562313.0,8.11e-05,1.0
562339.0,8.11e-05,3.0
562345.0,8.11e-05,1.0
562352.0,8.11e-05,2.0
562354.0,8.11e-05,3.0
562355.0,8.11e-05,1.0
562358.0,8.11e-05,3.0
562368.0,8.11e-05,4.0
562376.0,8.11e-05,1.0
562389.0,8.11e-05,3.0
562397.0,8.11e-05,3.0
562403.0,8.11e-05,1.0
562404.0,8.11e-05,2.0
562413.0,8.11e-05,4.0
562434.0,8.11e-05,1.0
562511.0,8.11e-05,3.0
562514.0,8.11e-05,1.0
562542.0,8.11e-05,1.0
562557.0,8.11e-05,3.0
562576.0,8.11e-05,2.0
562585.0,8.11e-05,1.0
562601.0,8.11e-05,1.0
562624.0,8.11e-05,2.0
562629.0,8.11e-05,1.0
562631.0,8.11e-05,1.0
562633.0,8.11e-05,3.0
562686.0,8.11e-05,1.0
562700.0,8.11e-05,1.0
562702.0,8.11e-05,2.0
562726.0,8.11e-05,1.0
562736.0,8.11e-05,3.0
562764.0,8.11e-05,3.0
562766.0,8.11e-05,2.0
562777.0,8.11e-05,3.0
562786.0,8.11e-05,1.0
562818.0,8.11e-05,4.0
562819.0,8.11e-05,2.0
562825.0,8.11e-05,3.0
562826.0,8.11e-05,2.0
562837.0,8.11e-05,3.0
562839.0,8.11e-05,1.0
562861.0,8.11e-05,3.0
562862.0,8.11e-05,2.0
562871.0,8.11e-05,2.0
562872.0,8.11e-05,3.0
562878.0,8.11e-05,1.0
562886.0,8.11e-05,2.0
562888.0,8.11e-05,1.0
562892.0,8.11e-05,4.0
562894.0,8.11e-05,2.0
562915.0,8.11e-05,4.0
562945.0,8.11e-05,2.0
562959.0,8.11e-05,1.0
562978.0,8.11e-05,3.0
563019.0,8.11e-05,4.0
563039.0,8.11e-05,1.0
563048.0,8.11e-05,2.0
563055.0,8.11e-05,2.0
563071.0,8.11e-05,3.0
563081.0,8.11e-05,1.0
563088.0,8.11e-05,2.0
563089.0,8.11e-05,2.0
563090.0,8.11e-05,1.0
563108.0,8.11e-05,1.0
563110.0,8.11e-05,2.0
563120.0,8.11e-05,3.0
563124.0,8.11e-05,1.0
563142.0,8.11e-05,4.0
563145.0,8.11e-05,3.0
563147.0,8.11e-05,1.0
563197.0,8.11e-05,4.0
563203.0,8.11e-05,1.0
563205.0,8.11e-05,2.0
563213.0,8.11e-05,2.0
563218.0,8.11e-05,2.0
563246.0,8.11e-05,3.0
563251.0,8.11e-05,2.0
563271.0,8.11e-05,3.0
563275.0,8.11e-05,1.0
563276.0,8.11e-05,1.0
563287.0,8.11e-05,1.0
563290.0,8.11e-05,2.0
563297.0,8.11e-05,1.0
563300.0,8.11e-05,3.0
563302.0,8.11e-05,3.0
563303.0,8.11e-05,1.0
563305.0,8.11e-05,2.0
563310.0,8.11e-05,1.0
563314.0,8.11e-05,3.0
563341.0,8.11e-05,2.0
563345.0,8.11e-05,1.0
563363.0,8.11e-05,3.0
563364.0,8.11e-05,1.0
563370.0,8.11e-05,1.0
563372.0,8.11e-05,1.0
563376.0,8.11e-05,4.0
563411.0,8.11e-05,3.0
563414.0,8.11e-05,2.0
563426.0,8.11e-05,1.0
563436.0,8.11e-05,1.0
563454.0,8.11e-05,2.0
563459.0,8.11e-05,2.0
563493.0,8.11e-05,2.0
563495.0,8.11e-05,3.0
563513.0,8.11e-05,1.0
563517.0,8.11e-05,3.0
563527.0,8.11e-05,1.0
563544.0,8.11e-05,3.0
563550.0,8.11e-05,3.0
563554.0,8.11e-05,1.0
563566.0,8.11e-05,1.0
563568.0,8.11e-05,3.0
563615.0,8.11e-05,1.0
563626.0,8.11e-05,1.0
563644.0,8.11e-05,3.0
563653.0,8.11e-05,2.0
563655.0,8.11e-05,2.0
563660.0,8.11e-05,1.0
563671.0,8.11e-05,3.0
563686.0,8.11e-05,1.0
563717.0,8.11e-05,3.0
563753.0,8.11e-05,1.0
563775.0,8.11e-05,3.0
563777.0,8.11e-05,2.0
563809.0,8.11e-05,2.0
563818.0,8.11e-05,2.0
563850.0,8.11e-05,2.0
563857.0,8.11e-05,4.0
563859.0,8.11e-05,1.0
563863.0,8.11e-05,1.0
563881.0,8.11e-05,1.0
563889.0,8.11e-05,4.0
563936.0,8.11e-05,3.0
563944.0,8.11e-05,2.0
563985.0,8.11e-05,1.0
563995.0,8.11e-05,2.0
563996.0,8.11e-05,3.0
564001.0,8.11e-05,1.0
564004.0,8.11e-05,4.0
564015.0,8.11e-05,3.0
564028.0,8.11e-05,4.0
564034.0,8.11e-05,3.0
564043.0,8.11e-05,3.0
564045.0,8.11e-05,3.0
564047.0,8.11e-05,1.0
564059.0,8.11e-05,2.0
564096.0,8.11e-05,3.0
564103.0,8.11e-05,4.0
564107.0,8.11e-05,1.0
564130.0,8.11e-05,2.0
564140.0,8.11e-05,1.0
564145.0,8.11e-05,1.0
564165.0,8.11e-05,3.0
564184.0,8.11e-05,1.0
564187.0,8.11e-05,1.0
564203.0,8.11e-05,3.0
564227.0,8.11e-05,1.0
564232.0,8.11e-05,1.0
564237.0,8.11e-05,2.0
564255.0,8.11e-05,1.0
564261.0,8.11e-05,1.0
564262.0,8.11e-05,4.0
564268.0,8.11e-05,1.0
564274.0,8.11e-05,3.0
564285.0,8.11e-05,3.0
564288.0,8.11e-05,1.0
564308.0,8.11e-05,2.0
564312.0,8.11e-05,1.0
564318.0,8.11e-05,1.0
564343.0,8.11e-05,4.0
564344.0,8.11e-05,3.0
564348.0,8.11e-05,3.0
564349.0,8.11e-05,1.0
564352.0,8.11e-05,3.0
564362.0,8.11e-05,3.0
564364.0,8.11e-05,2.0
564376.0,8.11e-05,1.0
564407.0,8.11e-05,3.0
564408.0,8.11e-05,3.0
564412.0,8.11e-05,1.0
564417.0,8.11e-05,1.0
564421.0,8.11e-05,1.0
564430.0,8.11e-05,2.0
564431.0,8.11e-05,4.0
564432.0,8.11e-05,3.0
564446.0,8.11e-05,1.0
564455.0,8.11e-05,2.0
564472.0,8.11e-05,1.0
564476.0,8.11e-05,3.0
564487.0,8.11e-05,1.0
564505.0,8.11e-05,1.0
564543.0,8.11e-05,2.0
564547.0,8.11e-05,1.0
564549.0,8.11e-05,4.0
564561.0,8.11e-05,1.0
564567.0,8.11e-05,1.0
564568.0,8.11e-05,1.0
564579.0,8.11e-05,2.0
564590.0,8.11e-05,1.0
564600.0,8.11e-05,1.0
564614.0,8.11e-05,2.0
564640.0,8.11e-05,3.0
564654.0,8.11e-05,4.0
564671.0,8.11e-05,1.0
564675.0,8.11e-05,1.0
564691.0,8.11e-05,2.0
564694.0,8.11e-05,1.0
564701.0,8.11e-05,2.0
564737.0,8.11e-05,2.0
564739.0,8.11e-05,3.0
564758.0,8.11e-05,1.0
564780.0,8.11e-05,2.0
564787.0,8.11e-05,1.0
564802.0,8.11e-05,5.0
564811.0,8.11e-05,1.0
564831.0,8.11e-05,1.0
564853.0,8.11e-05,1.0
564858.0,8.11e-05,1.0
564866.0,8.11e-05,2.0
564904.0,8.11e-05,1.0
564906.0,8.11e-05,1.0
564909.0,8.11e-05,4.0
564917.0,8.11e-05,3.0
564927.0,8.11e-05,1.0
564928.0,8.11e-05,2.0
564936.0,8.11e-05,4.0
564976.0,8.11e-05,2.0
564981.0,8.11e-05,1.0
564990.0,8.11e-05,3.0
564996.0,8.11e-05,1.0
565005.0,8.11e-05,2.0
565044.0,8.11e-05,2.0
565051.0,8.11e-05,2.0
565059.0,8.11e-05,3.0
565088.0,8.11e-05,2.0
565101.0,8.11e-05,2.0
565122.0,8.11e-05,1.0
565159.0,8.11e-05,2.0
565160.0,8.11e-05,2.0
565200.0,8.11e-05,1.0
565204.0,8.11e-05,1.0
565212.0,8.11e-05,2.0
565235.0,8.11e-05,1.0
565239.0,8.11e-05,1.0
565253.0,8.11e-05,3.0
565281.0,8.11e-05,2.0
565304.0,8.11e-05,1.0
565319.0,8.11e-05,1.0
565327.0,8.11e-05,1.0
565328.0,8.11e-05,1.0
565344.0,8.11e-05,2.0
565353.0,8.11e-05,2.0
565354.0,8.11e-05,2.0
565357.0,8.11e-05,4.0
565379.0,8.11e-05,1.0
565401.0,8.11e-05,3.0
565407.0,8.11e-05,3.0
565419.0,8.11e-05,1.0
565435.0,8.11e-05,1.0
565437.0,8.11e-05,3.0
565438.0,8.11e-05,1.0
565446.0,8.11e-05,2.0
565451.0,8.11e-05,2.0
565465.0,8.11e-05,2.0
565470.0,8.11e-05,2.0
565474.0,8.11e-05,3.0
565488.0,8.11e-05,4.0
565503.0,8.11e-05,4.0
565521.0,8.11e-05,3.0
565532.0,8.11e-05,1.0
565543.0,8.11e-05,4.0
565549.0,8.11e-05,2.0
565555.0,8.11e-05,4.0
565582.0,8.11e-05,1.0
565596.0,8.11e-05,3.0
565608.0,8.11e-05,1.0
565615.0,8.11e-05,3.0
565621.0,8.11e-05,2.0
565627.0,8.11e-05,1.0
565648.0,8.11e-05,1.0
565652.0,8.11e-05,3.0
565698.0,8.11e-05,1.0
565708.0,8.11e-05,1.0
565728.0,8.11e-05,3.0
565729.0,8.11e-05,1.0
565747.0,8.11e-05,3.0
565749.0,8.11e-05,2.0
565756.0,8.11e-05,2.0
565773.0,8.11e-05,4.0
565785.0,8.11e-05,1.0
565803.0,8.11e-05,3.0
565805.0,8.11e-05,4.0
565814.0,8.11e-05,1.0
565818.0,8.11e-05,3.0
565835.0,8.11e-05,1.0
565844.0,8.11e-05,2.0
565856.0,8.11e-05,3.0
565886.0,8.11e-05,1.0
565893.0,8.11e-05,3.0
565895.0,8.11e-05,2.0
565918.0,8.11e-05,1.0
565936.0,8.11e-05,2.0
565941.0,8.11e-05,1.0
565944.0,8.11e-05,1.0
565945.0,8.11e-05,2.0
565950.0,8.11e-05,2.0
565951.0,8.11e-05,1.0
565955.0,8.11e-05,1.0
565969.0,8.11e-05,3.0
565973.0,8.11e-05,1.0
565986.0,8.11e-05,1.0
565987.0,8.11e-05,1.0
566046.0,8.11e-05,3.0
566048.0,8.11e-05,2.0
566058.0,8.11e-05,1.0
566059.0,8.11e-05,2.0
566062.0,8.11e-05,2.0
566071.0,8.11e-05,1.0
566101.0,8.11e-05,2.0
566113.0,8.11e-05,3.0
566118.0,8.11e-05,3.0
566123.0,8.11e-05,1.0
566142.0,8.11e-05,1.0
566166.0,8.11e-05,2.0
566172.0,8.11e-05,4.0
566180.0,8.11e-05,3.0
566199.0,8.11e-05,2.0
566266.0,8.11e-05,3.0
566270.0,8.11e-05,2.0
566276.0,8.11e-05,2.0
566295.0,8.11e-05,4.0
566308.0,8.11e-05,1.0
566326.0,8.11e-05,3.0
566334.0,8.11e-05,1.0
566337.0,8.11e-05,3.0
566347.0,8.11e-05,2.0
566410.0,8.11e-05,3.0
566432.0,8.11e-05,2.0
566436.0,8.11e-05,3.0
566464.0,8.11e-05,1.0
566465.0,8.11e-05,1.0
566480.0,8.11e-05,1.0
566483.0,8.11e-05,2.0
566485.0,8.11e-05,1.0
566519.0,8.11e-05,1.0
566539.0,8.11e-05,2.0
566551.0,8.11e-05,1.0
566556.0,8.11e-05,3.0
566574.0,8.11e-05,1.0
566590.0,8.11e-05,2.0
566609.0,8.11e-05,1.0
566613.0,8.11e-05,1.0
566634.0,8.11e-05,3.0
566636.0,8.11e-05,1.0
566650.0,8.11e-05,1.0
566714.0,8.11e-05,1.0
566720.0,8.11e-05,1.0
566747.0,8.11e-05,3.0
566767.0,8.11e-05,2.0
566793.0,8.11e-05,2.0
566818.0,8.11e-05,2.0
566820.0,8.11e-05,4.0
566860.0,8.11e-05,3.0
566913.0,8.11e-05,3.0
566935.0,8.11e-05,1.0
566949.0,8.11e-05,2.0
566969.0,8.11e-05,3.0
566970.0,8.11e-05,2.0
566986.0,8.11e-05,4.0
567029.0,8.11e-05,1.0
567050.0,8.11e-05,3.0
567083.0,8.11e-05,4.0
567089.0,8.11e-05,1.0
567126.0,8.11e-05,2.0
567150.0,8.11e-05,3.0
567160.0,8.11e-05,1.0
567170.0,8.11e-05,1.0
567177.0,8.11e-05,3.0
567187.0,8.11e-05,3.0
567197.0,8.11e-05,2.0
567199.0,8.11e-05,1.0
567210.0,8.11e-05,2.0
567226.0,8.11e-05,3.0
567255.0,8.11e-05,1.0
567276.0,8.11e-05,2.0
567279.0,8.11e-05,1.0
567286.0,8.11e-05,3.0
567300.0,8.11e-05,3.0
567308.0,8.11e-05,4.0
567309.0,8.11e-05,1.0
567341.0,8.11e-05,3.0
567348.0,8.11e-05,1.0
567356.0,8.11e-05,4.0
567357.0,8.11e-05,2.0
567358.0,8.11e-05,1.0
567363.0,8.11e-05,1.0
567364.0,8.11e-05,1.0
567369.0,8.11e-05,3.0
567378.0,8.11e-05,1.0
567385.0,8.11e-05,1.0
567427.0,8.11e-05,1.0
567449.0,8.11e-05,1.0
567453.0,8.11e-05,3.0
567463.0,8.11e-05,1.0
567466.0,8.11e-05,2.0
567471.0,8.11e-05,5.0
567477.0,8.11e-05,1.0
567482.0,8.11e-05,2.0
567537.0,8.11e-05,1.0
567549.0,8.11e-05,1.0
567558.0,8.11e-05,1.0
567566.0,8.11e-05,1.0
567590.0,8.11e-05,1.0
567616.0,8.11e-05,2.0
567620.0,8.11e-05,1.0
567636.0,8.11e-05,1.0
567642.0,8.11e-05,2.0
567659.0,8.11e-05,2.0
567682.0,8.11e-05,1.0
567694.0,8.11e-05,3.0
567699.0,8.11e-05,4.0
567701.0,8.11e-05,3.0
567706.0,8.11e-05,3.0
567711.0,8.11e-05,3.0
567712.0,8.11e-05,1.0
567721.0,8.11e-05,3.0
567737.0,8.11e-05,1.0
567750.0,8.11e-05,1.0
567765.0,8.11e-05,4.0
567778.0,8.11e-05,3.0
567817.0,8.11e-05,4.0
567819.0,8.11e-05,2.0
567833.0,8.11e-05,1.0
567834.0,8.11e-05,3.0
567847.0,8.11e-05,4.0
567852.0,8.11e-05,2.0
567870.0,8.11e-05,1.0
567877.0,8.11e-05,3.0
567923.0,8.11e-05,1.0
567941.0,8.11e-05,2.0
567943.0,8.11e-05,2.0
567948.0,8.11e-05,1.0
567990.0,8.11e-05,2.0
568005.0,8.11e-05,1.0
568008.0,8.11e-05,1.0
568025.0,8.11e-05,1.0
568026.0,8.11e-05,4.0
568041.0,8.11e-05,4.0
568080.0,8.11e-05,2.0
568086.0,8.11e-05,2.0
568123.0,8.11e-05,1.0
568146.0,8.11e-05,4.0
568151.0,8.11e-05,1.0
568171.0,8.11e-05,2.0
568177.0,8.11e-05,1.0
568207.0,8.11e-05,3.0
568230.0,8.11e-05,1.0
568245.0,8.11e-05,1.0
568259.0,8.11e-05,2.0
568277.0,8.11e-05,1.0
568305.0,8.11e-05,3.0
568307.0,8.11e-05,4.0
568333.0,8.11e-05,2.0
568334.0,8.11e-05,1.0
568352.0,8.11e-05,5.0
568359.0,8.11e-05,1.0
568366.0,8.11e-05,2.0
568392.0,8.11e-05,1.0
568405.0,8.11e-05,1.0
568462.0,8.11e-05,3.0
568467.0,8.11e-05,1.0
568468.0,8.11e-05,1.0
568469.0,8.11e-05,3.0
568473.0,8.11e-05,2.0
568485.0,8.11e-05,1.0
568493.0,8.11e-05,2.0
568499.0,8.11e-05,3.0
568513.0,8.11e-05,2.0
568535.0,8.11e-05,2.0
568566.0,8.11e-05,1.0
568570.0,8.11e-05,3.0
568580.0,8.11e-05,1.0
568647.0,8.11e-05,1.0
568679.0,8.11e-05,2.0
568686.0,8.11e-05,1.0
568691.0,8.11e-05,2.0
568718.0,8.11e-05,3.0
568732.0,8.11e-05,2.0
568742.0,8.11e-05,1.0
568752.0,8.11e-05,3.0
568759.0,8.11e-05,1.0
568777.0,8.11e-05,2.0
568783.0,8.11e-05,3.0
568788.0,8.11e-05,2.0
568795.0,8.11e-05,2.0
568796.0,8.11e-05,4.0
568802.0,8.11e-05,1.0
568814.0,8.11e-05,4.0
568819.0,8.11e-05,1.0
568829.0,8.11e-05,1.0
568833.0,8.11e-05,2.0
568857.0,8.11e-05,3.0
568868.0,8.11e-05,1.0
568869.0,8.11e-05,2.0
568898.0,8.11e-05,1.0
568912.0,8.11e-05,1.0
568917.0,8.11e-05,1.0
568921.0,8.11e-05,1.0
568930.0,8.11e-05,3.0
568934.0,8.11e-05,1.0
568936.0,8.11e-05,3.0
568972.0,8.11e-05,3.0
568994.0,8.11e-05,1.0
569009.0,8.11e-05,2.0
569015.0,8.11e-05,2.0
569026.0,8.11e-05,2.0
569039.0,8.11e-05,1.0
569043.0,8.11e-05,3.0
569050.0,8.11e-05,4.0
569059.0,8.11e-05,3.0
569080.0,8.11e-05,1.0
569085.0,8.11e-05,4.0
569086.0,8.11e-05,1.0
569092.0,8.11e-05,1.0
569096.0,8.11e-05,4.0
569133.0,8.11e-05,1.0
569154.0,8.11e-05,1.0
569185.0,8.11e-05,2.0
569189.0,8.11e-05,1.0
569202.0,8.11e-05,1.0
569218.0,8.11e-05,1.0
569220.0,8.11e-05,3.0
569233.0,8.11e-05,1.0
569234.0,8.11e-05,1.0
569267.0,8.11e-05,1.0
569270.0,8.11e-05,4.0
569295.0,8.11e-05,4.0
569298.0,8.11e-05,2.0
569308.0,8.11e-05,1.0
569320.0,8.11e-05,4.0
569321.0,8.11e-05,3.0
569353.0,8.11e-05,2.0
569363.0,8.11e-05,4.0
569371.0,8.11e-05,1.0
569381.0,8.11e-05,2.0
569387.0,8.11e-05,3.0
569389.0,8.11e-05,1.0
569406.0,8.11e-05,1.0
569408.0,8.11e-05,3.0
569434.0,8.11e-05,2.0
569440.0,8.11e-05,3.0
569447.0,8.11e-05,2.0
569461.0,8.11e-05,1.0
569482.0,8.11e-05,1.0
569510.0,8.11e-05,3.0
569515.0,8.11e-05,3.0
569533.0,8.11e-05,2.0
569549.0,8.11e-05,2.0
569550.0,8.11e-05,2.0
569585.0,8.11e-05,1.0
569586.0,8.11e-05,2.0
569591.0,8.11e-05,3.0
569622.0,8.11e-05,3.0
569626.0,8.11e-05,3.0
569661.0,8.11e-05,2.0
569681.0,8.11e-05,2.0
569684.0,8.11e-05,3.0
569693.0,8.11e-05,4.0
569723.0,8.11e-05,2.0
569728.0,8.11e-05,1.0
569730.0,8.11e-05,1.0
569747.0,8.11e-05,2.0
569826.0,8.11e-05,2.0
569828.0,8.11e-05,2.0
569829.0,8.11e-05,3.0
569841.0,8.11e-05,3.0
569842.0,8.11e-05,1.0
569847.0,8.11e-05,1.0
569857.0,8.11e-05,3.0
569917.0,8.11e-05,3.0
569932.0,8.11e-05,1.0
569937.0,8.11e-05,1.0
569944.0,8.11e-05,4.0
569970.0,8.11e-05,1.0
560040.0,8.11e-05,1.0
560064.0,8.11e-05,1.0
560080.0,8.11e-05,1.0
560107.0,8.11e-05,2.0
560120.0,8.11e-05,1.0
560123.0,8.11e-05,1.0
560199.0,8.11e-05,1.0
560250.0,8.11e-05,1.0
560291.0,8.11e-05,1.0
560307.0,8.11e-05,1.0
560334.0,8.11e-05,1.0
560346.0,8.11e-05,1.0
560373.0,8.11e-05,1.0
560461.0,8.11e-05,1.0
560554.0,8.11e-05,1.0
560665.0,8.11e-05,1.0
560725.0,8.11e-05,1.0
560737.0,8.11e-05,1.0
560754.0,8.11e-05,1.0
560821.0,8.11e-05,1.0
560841.0,8.11e-05,1.0
561046.0,8.11e-05,1.0
561048.0,8.11e-05,1.0
561151.0,8.11e-05,2.0
561203.0,8.11e-05,1.0
561282.0,8.11e-05,2.0
561341.0,8.11e-05,2.0
561458.0,8.11e-05,1.0
561479.0,8.11e-05,1.0
561563.0,8.11e-05,1.0
561986.0,8.11e-05,1.0
562087.0,8.11e-05,2.0
562177.0,8.11e-05,1.0
562239.0,8.11e-05,1.0
562299.0,8.11e-05,1.0
562340.0,8.11e-05,2.0
562424.0,8.11e-05,1.0
562461.0,8.11e-05,1.0
562568.0,8.11e-05,1.0
562634.0,8.11e-05,1.0
562716.0,8.11e-05,1.0
562725.0,8.11e-05,2.0
562760.0,8.11e-05,1.0
562775.0,8.11e-05,2.0
562949.0,8.11e-05,1.0
563063.0,8.11e-05,1.0
563093.0,8.11e-05,1.0
563252.0,8.11e-05,1.0
563254.0,8.11e-05,1.0
563461.0,8.11e-05,1.0
563492.0,8.11e-05,2.0
563512.0,8.11e-05,1.0
563530.0,8.11e-05,1.0
563577.0,8.11e-05,1.0
563588.0,8.11e-05,1.0
563682.0,8.11e-05,2.0
563711.0,8.11e-05,1.0
563937.0,8.11e-05,2.0
563972.0,8.11e-05,2.0
563977.0,8.11e-05,2.0
563984.0,8.11e-05,2.0
564025.0,8.11e-05,1.0
564135.0,8.11e-05,1.0
564171.0,8.11e-05,1.0
564192.0,8.11e-05,1.0
564211.0,8.11e-05,1.0
564251.0,8.11e-05,1.0
564264.0,8.11e-05,1.0
564281.0,8.11e-05,1.0
564294.0,8.11e-05,1.0
564518.0,8.11e-05,1.0
564603.0,8.11e-05,2.0
564615.0,8.11e-05,1.0
564721.0,8.11e-05,1.0
564741.0,8.11e-05,1.0
564966.0,8.11e-05,1.0
564975.0,8.11e-05,1.0
565022.0,8.11e-05,1.0
565030.0,8.11e-05,1.0
565043.0,8.11e-05,1.0
565050.0,8.11e-05,1.0
565074.0,8.11e-05,1.0
565146.0,8.11e-05,1.0
565191.0,8.11e-05,1.0
565223.0,8.11e-05,1.0
565278.0,8.11e-05,1.0
565318.0,8.11e-05,2.0
565390.0,8.11e-05,1.0
565429.0,8.11e-05,1.0
565534.0,8.11e-05,1.0
565540.0,8.11e-05,1.0
565548.0,8.11e-05,1.0
565626.0,8.11e-05,1.0
565639.0,8.11e-05,1.0
565642.0,8.11e-05,1.0
565767.0,8.11e-05,1.0
565815.0,8.11e-05,1.0
565965.0,8.11e-05,3.0
565989.0,8.11e-05,2.0
566095.0,8.11e-05,1.0
566125.0,8.11e-05,2.0
566162.0,8.11e-05,1.0
566241.0,8.11e-05,1.0
566322.0,8.11e-05,1.0
566344.0,8.11e-05,1.0
566520.0,8.11e-05,1.0
566540.0,8.11e-05,1.0
566602.0,8.11e-05,1.0
566648.0,8.11e-05,1.0
566814.0,8.11e-05,1.0
566840.0,8.11e-05,1.0
566859.0,8.11e-05,1.0
566928.0,8.11e-05,1.0
567238.0,8.11e-05,1.0
567273.0,8.11e-05,1.0
567298.0,8.11e-05,1.0
567305.0,8.11e-05,1.0
567322.0,8.11e-05,1.0
567406.0,8.11e-05,1.0
567434.0,8.11e-05,1.0
567514.0,8.11e-05,1.0
567520.0,8.11e-05,1.0
567525.0,8.11e-05,1.0
567535.0,8.11e-05,1.0
567563.0,8.11e-05,2.0
567612.0,8.11e-05,1.0
567626.0,8.11e-05,1.0
567728.0,8.11e-05,1.0
567752.0,8.11e-05,1.0
567761.0,8.11e-05,1.0
567829.0,8.11e-05,1.0
567859.0,8.11e-05,2.0
567917.0,8.11e-05,1.0
567966.0,8.11e-05,1.0
567991.0,8.11e-05,1.0
568031.0,8.11e-05,2.0
568050.0,8.11e-05,1.0
568055.0,8.11e-05,1.0
568088.0,8.11e-05,1.0
568105.0,8.11e-05,2.0
568113.0,8.11e-05,1.0
568117.0,8.11e-05,1.0
568188.0,8.11e-05,2.0
568205.0,8.11e-05,1.0
568276.0,8.11e-05,1.0
568322.0,8.11e-05,1.0
568356.0,8.11e-05,1.0
568453.0,8.11e-05,1.0
568678.0,8.11e-05,1.0
568703.0,8.11e-05,1.0
568805.0,8.11e-05,1.0
568820.0,8.11e-05,2.0
568841.0,8.11e-05,1.0
568872.0,8.11e-05,1.0
568879.0,8.11e-05,1.0
568897.0,8.11e-05,2.0
568986.0,8.11e-05,2.0
569054.0,8.11e-05,1.0
569068.0,8.11e-05,1.0
569151.0,8.11e-05,1.0
569206.0,8.11e-05,1.0
569253.0,8.11e-05,1.0
569477.0,8.11e-05,1.0
569556.0,8.11e-05,1.0
569658.0,8.11e-05,1.0
569824.0,8.11e-05,1.0
569891.0,8.11e-05,2.0
569919.0,8.11e-05,1.0
569929.0,8.11e-05,1.0
562438.0,8.11e-05,1.0
564253.0,8.11e-05,1.0
566224.0,8.11e-05,1.0
566388.0,8.11e-05,1.0
566450.0,8.11e-05,2.0
568565.0,8.11e-05,1.0
570004.0,8.7e-05,1.0
570013.0,8.7e-05,1.0
570024.0,8.7e-05,3.0
570027.0,8.7e-05,1.0
570029.0,8.7e-05,1.0
570038.0,8.7e-05,1.0
570040.0,8.7e-05,1.0
570053.0,8.7e-05,1.0
570070.0,8.7e-05,1.0
570076.0,8.7e-05,1.0
570103.0,8.7e-05,1.0
570107.0,8.7e-05,3.0
570120.0,8.7e-05,1.0
570126.0,8.7e-05,1.0
570209.0,8.7e-05,1.0
570210.0,8.7e-05,3.0
570217.0,8.7e-05,1.0
570244.0,8.7e-05,2.0
570291.0,8.7e-05,1.0
570298.0,8.7e-05,1.0
570307.0,8.7e-05,1.0
570313.0,8.7e-05,1.0
570328.0,8.7e-05,1.0
570334.0,8.7e-05,1.0
570344.0,8.7e-05,2.0
570349.0,8.7e-05,1.0
570383.0,8.7e-05,1.0
570388.0,8.7e-05,1.0
570392.0,8.7e-05,1.0
570402.0,8.7e-05,2.0
570410.0,8.7e-05,1.0
570422.0,8.7e-05,1.0
570424.0,8.7e-05,1.0
570425.0,8.7e-05,2.0
570441.0,8.7e-05,1.0
570461.0,8.7e-05,2.0
570487.0,8.7e-05,1.0
570490.0,8.7e-05,1.0
570505.0,8.7e-05,1.0
570508.0,8.7e-05,2.0
570531.0,8.7e-05,1.0
570551.0,8.7e-05,3.0
570561.0,8.7e-05,1.0
570568.0,8.7e-05,1.0
570628.0,8.7e-05,1.0
570653.0,8.7e-05,1.0
570659.0,8.7e-05,1.0
570680.0,8.7e-05,2.0
570683.0,8.7e-05,1.0
570718.0,8.7e-05,1.0
570725.0,8.7e-05,3.0
570741.0,8.7e-05,1.0
570754.0,8.7e-05,1.0
570760.0,8.7e-05,1.0
570790.0,8.7e-05,1.0
570796.0,8.7e-05,1.0
570800.0,8.7e-05,1.0
570821.0,8.7e-05,1.0
570836.0,8.7e-05,1.0
570849.0,8.7e-05,2.0
570870.0,8.7e-05,2.0
570877.0,8.7e-05,1.0
570896.0,8.7e-05,1.0
570899.0,8.7e-05,1.0
570935.0,8.7e-05,1.0
570997.0,8.7e-05,2.0
570998.0,8.7e-05,1.0
571000.0,8.7e-05,2.0
571008.0,8.7e-05,1.0
571016.0,8.7e-05,1.0
571030.0,8.7e-05,1.0
571032.0,8.7e-05,1.0
571048.0,8.7e-05,1.0
571051.0,8.7e-05,1.0
571066.0,8.7e-05,1.0
571099.0,8.7e-05,3.0
571104.0,8.7e-05,1.0
571106.0,8.7e-05,2.0
571124.0,8.7e-05,3.0
571132.0,8.7e-05,1.0
571138.0,8.7e-05,1.0
571139.0,8.7e-05,1.0
571151.0,8.7e-05,2.0
571156.0,8.7e-05,3.0
571158.0,8.7e-05,1.0
571192.0,8.7e-05,1.0
571200.0,8.7e-05,1.0
571203.0,8.7e-05,1.0
571212.0,8.7e-05,1.0
571216.0,8.7e-05,2.0
571240.0,8.7e-05,1.0
571256.0,8.7e-05,1.0
571282.0,8.7e-05,1.0
571288.0,8.7e-05,1.0
571290.0,8.7e-05,1.0
571299.0,8.7e-05,1.0
571308.0,8.7e-05,1.0
571317.0,8.7e-05,1.0
571325.0,8.7e-05,1.0
571341.0,8.7e-05,3.0
571350.0,8.7e-05,1.0
571352.0,8.7e-05,1.0
571354.0,8.7e-05,1.0
571403.0,8.7e-05,1.0
571432.0,8.7e-05,1.0
571436.0,8.7e-05,2.0
571439.0,8.7e-05,1.0
571449.0,8.7e-05,1.0
571454.0,8.7e-05,1.0
571458.0,8.7e-05,2.0
571479.0,8.7e-05,2.0
571481.0,8.7e-05,1.0
571503.0,8.7e-05,1.0
571534.0,8.7e-05,1.0
571536.0,8.7e-05,1.0
571545.0,8.7e-05,1.0
571563.0,8.7e-05,1.0
571572.0,8.7e-05,2.0
571580.0,8.7e-05,2.0
571585.0,8.7e-05,1.0
571602.0,8.7e-05,1.0
571611.0,8.7e-05,1.0
571677.0,8.7e-05,1.0
571679.0,8.7e-05,1.0
571680.0,8.7e-05,1.0
571684.0,8.7e-05,1.0
571713.0,8.7e-05,1.0
571730.0,8.7e-05,3.0
571759.0,8.7e-05,1.0
571800.0,8.7e-05,1.0
571816.0,8.7e-05,1.0
571820.0,8.7e-05,1.0
571824.0,8.7e-05,1.0
571848.0,8.7e-05,1.0
571874.0,8.7e-05,1.0
571907.0,8.7e-05,1.0
571921.0,8.7e-05,1.0
571929.0,8.7e-05,1.0
571972.0,8.7e-05,2.0
571976.0,8.7e-05,1.0
571977.0,8.7e-05,1.0
571980.0,8.7e-05,1.0
571983.0,8.7e-05,1.0
571986.0,8.7e-05,2.0
572071.0,8.7e-05,1.0
572078.0,8.7e-05,3.0
572135.0,8.7e-05,1.0
572150.0,8.7e-05,1.0
572156.0,8.7e-05,1.0
572161.0,8.7e-05,1.0
572173.0,8.7e-05,3.0
572202.0,8.7e-05,1.0
572206.0,8.7e-05,1.0
572210.0,8.7e-05,3.0
572239.0,8.7e-05,1.0
572255.0,8.7e-05,1.0
572273.0,8.7e-05,1.0
572299.0,8.7e-05,1.0
572303.0,8.7e-05,3.0
572318.0,8.7e-05,2.0
572324.0,8.7e-05,1.0
572337.0,8.7e-05,1.0
572352.0,8.7e-05,1.0
572389.0,8.7e-05,1.0
572393.0,8.7e-05,1.0
572397.0,8.7e-05,2.0
572409.0,8.7e-05,1.0
572424.0,8.7e-05,2.0
572430.0,8.7e-05,1.0
572438.0,8.7e-05,3.0
572470.0,8.7e-05,1.0
572514.0,8.7e-05,1.0
572557.0,8.7e-05,2.0
572570.0,8.7e-05,1.0
572571.0,8.7e-05,3.0
572587.0,8.7e-05,1.0
572601.0,8.7e-05,1.0
572624.0,8.7e-05,1.0
572702.0,8.7e-05,1.0
572710.0,8.7e-05,1.0
572719.0,8.7e-05,1.0
572725.0,8.7e-05,2.0
572752.0,8.7e-05,1.0
572760.0,8.7e-05,2.0
572761.0,8.7e-05,1.0
572766.0,8.7e-05,1.0
572772.0,8.7e-05,1.0
572775.0,8.7e-05,3.0
572818.0,8.7e-05,3.0
572824.0,8.7e-05,1.0
572826.0,8.7e-05,2.0
572829.0,8.7e-05,2.0
572834.0,8.7e-05,1.0
572837.0,8.7e-05,2.0
572840.0,8.7e-05,1.0
572860.0,8.7e-05,1.0
572862.0,8.7e-05,1.0
572872.0,8.7e-05,3.0
572875.0,8.7e-05,1.0
572886.0,8.7e-05,1.0
572887.0,8.7e-05,2.0
572915.0,8.7e-05,3.0
572945.0,8.7e-05,1.0
572978.0,8.7e-05,2.0
572989.0,8.7e-05,1.0
572997.0,8.7e-05,1.0
573019.0,8.7e-05,3.0
573055.0,8.7e-05,1.0
573063.0,8.7e-05,2.0
573071.0,8.7e-05,1.0
573089.0,8.7e-05,1.0
573170.0,8.7e-05,1.0
573197.0,8.7e-05,3.0
573230.0,8.7e-05,1.0
573250.0,8.7e-05,1.0
573254.0,8.7e-05,3.0
573271.0,8.7e-05,2.0
573290.0,8.7e-05,1.0
573302.0,8.7e-05,3.0
573305.0,8.7e-05,1.0
573319.0,8.7e-05,1.0
573332.0,8.7e-05,1.0
573340.0,8.7e-05,2.0
573345.0,8.7e-05,1.0
573376.0,8.7e-05,3.0
573381.0,8.7e-05,2.0
573401.0,8.7e-05,1.0
573411.0,8.7e-05,3.0
573423.0,8.7e-05,1.0
573457.0,8.7e-05,1.0
573459.0,8.7e-05,1.0
573461.0,8.7e-05,2.0
573500.0,8.7e-05,1.0
573501.0,8.7e-05,1.0
573508.0,8.7e-05,1.0
573523.0,8.7e-05,1.0
573529.0,8.7e-05,3.0
573538.0,8.7e-05,1.0
573544.0,8.7e-05,2.0
573555.0,8.7e-05,1.0
573577.0,8.7e-05,1.0
573588.0,8.7e-05,2.0
573615.0,8.7e-05,1.0
573619.0,8.7e-05,2.0
573629.0,8.7e-05,1.0
573642.0,8.7e-05,1.0
573644.0,8.7e-05,3.0
573653.0,8.7e-05,3.0
573658.0,8.7e-05,1.0
573671.0,8.7e-05,2.0
573681.0,8.7e-05,1.0
573682.0,8.7e-05,3.0
573710.0,8.7e-05,1.0
573736.0,8.7e-05,1.0
573741.0,8.7e-05,1.0
573745.0,8.7e-05,1.0
573767.0,8.7e-05,1.0
573771.0,8.7e-05,1.0
573775.0,8.7e-05,1.0
573777.0,8.7e-05,1.0
573780.0,8.7e-05,1.0
573851.0,8.7e-05,1.0
573853.0,8.7e-05,1.0
573857.0,8.7e-05,1.0
573886.0,8.7e-05,1.0
573889.0,8.7e-05,1.0
573937.0,8.7e-05,2.0
573944.0,8.7e-05,1.0
573972.0,8.7e-05,2.0
573977.0,8.7e-05,3.0
573982.0,8.7e-05,1.0
573984.0,8.7e-05,2.0
573996.0,8.7e-05,3.0
574023.0,8.7e-05,2.0
574034.0,8.7e-05,2.0
574038.0,8.7e-05,1.0
574045.0,8.7e-05,3.0
574054.0,8.7e-05,1.0
574059.0,8.7e-05,1.0
574119.0,8.7e-05,1.0
574135.0,8.7e-05,3.0
574158.0,8.7e-05,1.0
574179.0,8.7e-05,1.0
574203.0,8.7e-05,3.0
574211.0,8.7e-05,2.0
574233.0,8.7e-05,1.0
574234.0,8.7e-05,1.0
574235.0,8.7e-05,1.0
574239.0,8.7e-05,1.0
574253.0,8.7e-05,3.0
574294.0,8.7e-05,1.0
574344.0,8.7e-05,2.0
574348.0,8.7e-05,3.0
574352.0,8.7e-05,2.0
574358.0,8.7e-05,1.0
574362.0,8.7e-05,1.0
574408.0,8.7e-05,1.0
574432.0,8.7e-05,2.0
574437.0,8.7e-05,2.0
574450.0,8.7e-05,1.0
574480.0,8.7e-05,1.0
574484.0,8.7e-05,1.0
574499.0,8.7e-05,1.0
574508.0,8.7e-05,1.0
574522.0,8.7e-05,1.0
574528.0,8.7e-05,1.0
574554.0,8.7e-05,1.0
574575.0,8.7e-05,1.0
574603.0,8.7e-05,3.0
574615.0,8.7e-05,3.0
574616.0,8.7e-05,1.0
574637.0,8.7e-05,1.0
574654.0,8.7e-05,3.0
574701.0,8.7e-05,1.0
574702.0,8.7e-05,1.0
574726.0,8.7e-05,1.0
574739.0,8.7e-05,4.0
574741.0,8.7e-05,1.0
574747.0,8.7e-05,1.0
574765.0,8.7e-05,1.0
574780.0,8.7e-05,2.0
574781.0,8.7e-05,1.0
574802.0,8.7e-05,4.0
574822.0,8.7e-05,1.0
574831.0,8.7e-05,1.0
574834.0,8.7e-05,1.0
574870.0,8.7e-05,1.0
574876.0,8.7e-05,1.0
574890.0,8.7e-05,2.0
574896.0,8.7e-05,1.0
574909.0,8.7e-05,3.0
574976.0,8.7e-05,1.0
574996.0,8.7e-05,1.0
575030.0,8.7e-05,1.0
575039.0,8.7e-05,1.0
575044.0,8.7e-05,1.0
575050.0,8.7e-05,3.0
575060.0,8.7e-05,1.0
575061.0,8.7e-05,1.0
575068.0,8.7e-05,1.0
575074.0,8.7e-05,3.0
575092.0,8.7e-05,1.0
575101.0,8.7e-05,1.0
575114.0,8.7e-05,1.0
575121.0,8.7e-05,1.0
575122.0,8.7e-05,1.0
575170.0,8.7e-05,1.0
575181.0,8.7e-05,1.0
575223.0,8.7e-05,1.0
575247.0,8.7e-05,1.0
575253.0,8.7e-05,4.0
575254.0,8.7e-05,1.0
575260.0,8.7e-05,1.0
575278.0,8.7e-05,3.0
575295.0,8.7e-05,1.0
575304.0,8.7e-05,1.0
575305.0,8.7e-05,1.0
575318.0,8.7e-05,3.0
575338.0,8.7e-05,1.0
575354.0,8.7e-05,1.0
575407.0,8.7e-05,1.0
575429.0,8.7e-05,2.0
575448.0,8.7e-05,1.0
575456.0,8.7e-05,1.0
575470.0,8.7e-05,1.0
575482.0,8.7e-05,1.0
575488.0,8.7e-05,3.0
575503.0,8.7e-05,3.0
575558.0,8.7e-05,1.0
575564.0,8.7e-05,1.0
575573.0,8.7e-05,1.0
575584.0,8.7e-05,1.0
575596.0,8.7e-05,4.0
575615.0,8.7e-05,2.0
575626.0,8.7e-05,3.0
575629.0,8.7e-05,1.0
575642.0,8.7e-05,1.0
575652.0,8.7e-05,2.0
575663.0,8.7e-05,1.0
575672.0,8.7e-05,1.0
575674.0,8.7e-05,1.0
575708.0,8.7e-05,1.0
575728.0,8.7e-05,3.0
575758.0,8.7e-05,1.0
575767.0,8.7e-05,1.0
575772.0,8.7e-05,1.0
575844.0,8.7e-05,1.0
575848.0,8.7e-05,1.0
575881.0,8.7e-05,1.0
575893.0,8.7e-05,1.0
575895.0,8.7e-05,1.0
575960.0,8.7e-05,1.0
575965.0,8.7e-05,3.0
575969.0,8.7e-05,1.0
575989.0,8.7e-05,2.0
575997.0,8.7e-05,1.0
575999.0,8.7e-05,1.0
576009.0,8.7e-05,3.0
576012.0,8.7e-05,1.0
576048.0,8.7e-05,1.0
576050.0,8.7e-05,1.0
576076.0,8.7e-05,1.0
576101.0,8.7e-05,3.0
576113.0,8.7e-05,1.0
576118.0,8.7e-05,1.0
576123.0,8.7e-05,1.0
576131.0,8.7e-05,1.0
576149.0,8.7e-05,1.0
576162.0,8.7e-05,2.0
576177.0,8.7e-05,1.0
576179.0,8.7e-05,1.0
576197.0,8.7e-05,1.0
576199.0,8.7e-05,1.0
576215.0,8.7e-05,1.0
576224.0,8.7e-05,3.0
576241.0,8.7e-05,1.0
576248.0,8.7e-05,2.0
576263.0,8.7e-05,1.0
576290.0,8.7e-05,1.0
576295.0,8.7e-05,3.0
576322.0,8.7e-05,3.0
576326.0,8.7e-05,1.0
576333.0,8.7e-05,1.0
576388.0,8.7e-05,3.0
576396.0,8.7e-05,1.0
576398.0,8.7e-05,1.0
576437.0,8.7e-05,1.0
576450.0,8.7e-05,1.0
576456.0,8.7e-05,1.0
576473.0,8.7e-05,1.0
576519.0,8.7e-05,1.0
576525.0,8.7e-05,1.0
576560.0,8.7e-05,1.0
576573.0,8.7e-05,1.0
576574.0,8.7e-05,1.0
576602.0,8.7e-05,3.0
576634.0,8.7e-05,3.0
576636.0,8.7e-05,1.0
576648.0,8.7e-05,2.0
576657.0,8.7e-05,1.0
576686.0,8.7e-05,1.0
576707.0,8.7e-05,1.0
576725.0,8.7e-05,1.0
576747.0,8.7e-05,1.0
576757.0,8.7e-05,1.0
576801.0,8.7e-05,1.0
576814.0,8.7e-05,1.0
576818.0,8.7e-05,1.0
576834.0,8.7e-05,1.0
576850.0,8.7e-05,1.0
576888.0,8.7e-05,1.0
576913.0,8.7e-05,2.0
576923.0,8.7e-05,1.0
576928.0,8.7e-05,1.0
576949.0,8.7e-05,1.0
576967.0,8.7e-05,1.0
577022.0,8.7e-05,1.0
577031.0,8.7e-05,1.0
577049.0,8.7e-05,1.0
577083.0,8.7e-05,3.0
577086.0,8.7e-05,1.0
577121.0,8.7e-05,1.0
577187.0,8.7e-05,3.0
577189.0,8.7e-05,2.0
577197.0,8.7e-05,2.0
577219.0,8.7e-05,1.0
577226.0,8.7e-05,2.0
577264.0,8.7e-05,3.0
577270.0,8.7e-05,1.0
577276.0,8.7e-05,1.0
577286.0,8.7e-05,3.0
577298.0,8.7e-05,3.0
577300.0,8.7e-05,2.0
577305.0,8.7e-05,1.0
577322.0,8.7e-05,1.0
577334.0,8.7e-05,1.0
577363.0,8.7e-05,1.0
577366.0,8.7e-05,3.0
577378.0,8.7e-05,1.0
577390.0,8.7e-05,1.0
577429.0,8.7e-05,1.0
577437.0,8.7e-05,1.0
577452.0,8.7e-05,1.0
577453.0,8.7e-05,2.0
577469.0,8.7e-05,1.0
577514.0,8.7e-05,1.0
577517.0,8.7e-05,1.0
577519.0,8.7e-05,1.0
577535.0,8.7e-05,3.0
577536.0,8.7e-05,1.0
577543.0,8.7e-05,1.0
577563.0,8.7e-05,3.0
577565.0,8.7e-05,3.0
577622.0,8.7e-05,1.0
577642.0,8.7e-05,1.0
577682.0,8.7e-05,1.0
577701.0,8.7e-05,1.0
577706.0,8.7e-05,2.0
577714.0,8.7e-05,2.0
577721.0,8.7e-05,2.0
577755.0,8.7e-05,1.0
577761.0,8.7e-05,3.0
577773.0,8.7e-05,2.0
577778.0,8.7e-05,1.0
577797.0,8.7e-05,1.0
577829.0,8.7e-05,2.0
577831.0,8.7e-05,1.0
577834.0,8.7e-05,1.0
577859.0,8.7e-05,1.0
577866.0,8.7e-05,1.0
577870.0,8.7e-05,1.0
577877.0,8.7e-05,3.0
577878.0,8.7e-05,1.0
577879.0,8.7e-05,1.0
577943.0,8.7e-05,3.0
577944.0,8.7e-05,1.0
577947.0,8.7e-05,1.0
577965.0,8.7e-05,1.0
577966.0,8.7e-05,1.0
578002.0,8.7e-05,1.0
578014.0,8.7e-05,1.0
578041.0,8.7e-05,3.0
578058.0,8.7e-05,1.0
578076.0,8.7e-05,1.0
578082.0,8.7e-05,1.0
578086.0,8.7e-05,2.0
578163.0,8.7e-05,1.0
578189.0,8.7e-05,3.0
578196.0,8.7e-05,1.0
578205.0,8.7e-05,1.0
578247.0,8.7e-05,3.0
578259.0,8.7e-05,1.0
578264.0,8.7e-05,1.0
578304.0,8.7e-05,1.0
578305.0,8.7e-05,2.0
578307.0,8.7e-05,2.0
578322.0,8.7e-05,1.0
578359.0,8.7e-05,1.0
578366.0,8.7e-05,1.0
578388.0,8.7e-05,2.0
578413.0,8.7e-05,1.0
578436.0,8.7e-05,1.0
578462.0,8.7e-05,1.0
578475.0,8.7e-05,1.0
578485.0,8.7e-05,1.0
578498.0,8.7e-05,1.0
578499.0,8.7e-05,2.0
578513.0,8.7e-05,1.0
578519.0,8.7e-05,1.0
578523.0,8.7e-05,1.0
578535.0,8.7e-05,1.0
578536.0,8.7e-05,1.0
578537.0,8.7e-05,1.0
578546.0,8.7e-05,1.0
578565.0,8.7e-05,1.0
578570.0,8.7e-05,1.0
578580.0,8.7e-05,1.0
578581.0,8.7e-05,1.0
578621.0,8.7e-05,1.0
578622.0,8.7e-05,1.0
578691.0,8.7e-05,2.0
578734.0,8.7e-05,1.0
578772.0,8.7e-05,1.0
578787.0,8.7e-05,1.0
578795.0,8.7e-05,2.0
578805.0,8.7e-05,1.0
578818.0,8.7e-05,1.0
578833.0,8.7e-05,1.0
578835.0,8.7e-05,1.0
578843.0,8.7e-05,1.0
578846.0,8.7e-05,1.0
578869.0,8.7e-05,2.0
578872.0,8.7e-05,1.0
578879.0,8.7e-05,1.0
578885.0,8.7e-05,3.0
578906.0,8.7e-05,1.0
578957.0,8.7e-05,1.0
578964.0,8.7e-05,1.0
578972.0,8.7e-05,2.0
578986.0,8.7e-05,1.0
578998.0,8.7e-05,1.0
579020.0,8.7e-05,1.0
579029.0,8.7e-05,1.0
579047.0,8.7e-05,1.0
579068.0,8.7e-05,1.0
579092.0,8.7e-05,1.0
579120.0,8.7e-05,1.0
579160.0,8.7e-05,1.0
579206.0,8.7e-05,2.0
579215.0,8.7e-05,1.0
579220.0,8.7e-05,2.0
579250.0,8.7e-05,1.0
579253.0,8.7e-05,1.0
579270.0,8.7e-05,3.0
579318.0,8.7e-05,2.0
579321.0,8.7e-05,2.0
579341.0,8.7e-05,1.0
579347.0,8.7e-05,1.0
579358.0,8.7e-05,1.0
579363.0,8.7e-05,3.0
579376.0,8.7e-05,1.0
579385.0,8.7e-05,1.0
579387.0,8.7e-05,2.0
579404.0,8.7e-05,1.0
579408.0,8.7e-05,2.0
579515.0,8.7e-05,2.0
579527.0,8.7e-05,1.0
579533.0,8.7e-05,1.0
579556.0,8.7e-05,2.0
579558.0,8.7e-05,1.0
579566.0,8.7e-05,1.0
579597.0,8.7e-05,1.0
579622.0,8.7e-05,1.0
579628.0,8.7e-05,2.0
579642.0,8.7e-05,3.0
579659.0,8.7e-05,1.0
579661.0,8.7e-05,1.0
579673.0,8.7e-05,1.0
579693.0,8.7e-05,1.0
579707.0,8.7e-05,1.0
579723.0,8.7e-05,1.0
579747.0,8.7e-05,3.0
579749.0,8.7e-05,1.0
579826.0,8.7e-05,1.0
579857.0,8.7e-05,1.0
579858.0,8.7e-05,1.0
579917.0,8.7e-05,1.0
579919.0,8.7e-05,2.0
579932.0,8.7e-05,1.0
579944.0,8.7e-05,3.0
579961.0,8.7e-05,1.0
579983.0,8.7e-05,1.0
570081.0,8.7e-05,1.0
570123.0,8.7e-05,1.0
570235.0,8.7e-05,1.0
570268.0,8.7e-05,1.0
570381.0,8.7e-05,1.0
570400.0,8.7e-05,1.0
570554.0,8.7e-05,1.0
570665.0,8.7e-05,1.0
570737.0,8.7e-05,1.0
570783.0,8.7e-05,1.0
570788.0,8.7e-05,2.0
570876.0,8.7e-05,1.0
570904.0,8.7e-05,1.0
570914.0,8.7e-05,2.0
570973.0,8.7e-05,3.0
570982.0,8.7e-05,1.0
571122.0,8.7e-05,1.0
571179.0,8.7e-05,1.0
571202.0,8.7e-05,1.0
571316.0,8.7e-05,2.0
571396.0,8.7e-05,1.0
571486.0,8.7e-05,1.0
571512.0,8.7e-05,2.0
571537.0,8.7e-05,3.0
571576.0,8.7e-05,1.0
571600.0,8.7e-05,1.0
571603.0,8.7e-05,2.0
571695.0,8.7e-05,1.0
571777.0,8.7e-05,1.0
571826.0,8.7e-05,1.0
571906.0,8.7e-05,1.0
572043.0,8.7e-05,1.0
572047.0,8.7e-05,1.0
572094.0,8.7e-05,1.0
572340.0,8.7e-05,2.0
572403.0,8.7e-05,1.0
572414.0,8.7e-05,1.0
572461.0,8.7e-05,1.0
572511.0,8.7e-05,2.0
572764.0,8.7e-05,1.0
572820.0,8.7e-05,1.0
572825.0,8.7e-05,2.0
572892.0,8.7e-05,1.0
572949.0,8.7e-05,2.0
573027.0,8.7e-05,1.0
573093.0,8.7e-05,1.0
573108.0,8.7e-05,2.0
573142.0,8.7e-05,1.0
573162.0,8.7e-05,1.0
573213.0,8.7e-05,1.0
573251.0,8.7e-05,2.0
573252.0,8.7e-05,1.0
573341.0,8.7e-05,2.0
573414.0,8.7e-05,1.0
573493.0,8.7e-05,1.0
573512.0,8.7e-05,2.0
573514.0,8.7e-05,1.0
573660.0,8.7e-05,2.0
574028.0,8.7e-05,1.0
574103.0,8.7e-05,1.0
574138.0,8.7e-05,1.0
574165.0,8.7e-05,1.0
574171.0,8.7e-05,1.0
574255.0,8.7e-05,1.0
574281.0,8.7e-05,1.0
574285.0,8.7e-05,1.0
574308.0,8.7e-05,1.0
574345.0,8.7e-05,1.0
574431.0,8.7e-05,1.0
574521.0,8.7e-05,1.0
574640.0,8.7e-05,1.0
574737.0,8.7e-05,1.0
574917.0,8.7e-05,1.0
574966.0,8.7e-05,1.0
574975.0,8.7e-05,3.0
575005.0,8.7e-05,2.0
575022.0,8.7e-05,2.0
575043.0,8.7e-05,2.0
575159.0,8.7e-05,2.0
575191.0,8.7e-05,2.0
575204.0,8.7e-05,2.0
575314.0,8.7e-05,1.0
575357.0,8.7e-05,2.0
575419.0,8.7e-05,1.0
575437.0,8.7e-05,2.0
575465.0,8.7e-05,2.0
575474.0,8.7e-05,1.0
575534.0,8.7e-05,3.0
575555.0,8.7e-05,1.0
575574.0,8.7e-05,1.0
575608.0,8.7e-05,2.0
575610.0,8.7e-05,2.0
575636.0,8.7e-05,1.0
575639.0,8.7e-05,2.0
575698.0,8.7e-05,1.0
575749.0,8.7e-05,1.0
575814.0,8.7e-05,1.0
575936.0,8.7e-05,2.0
575945.0,8.7e-05,1.0
576046.0,8.7e-05,1.0
576095.0,8.7e-05,2.0
576180.0,8.7e-05,2.0
576205.0,8.7e-05,1.0
576276.0,8.7e-05,2.0
576520.0,8.7e-05,1.0
576536.0,8.7e-05,1.0
576604.0,8.7e-05,1.0
576790.0,8.7e-05,1.0
576859.0,8.7e-05,1.0
577050.0,8.7e-05,2.0
577089.0,8.7e-05,1.0
577210.0,8.7e-05,1.0
577324.0,8.7e-05,1.0
577369.0,8.7e-05,2.0
577520.0,8.7e-05,1.0
577590.0,8.7e-05,1.0
577616.0,8.7e-05,2.0
577699.0,8.7e-05,1.0
577819.0,8.7e-05,1.0
577847.0,8.7e-05,1.0
577941.0,8.7e-05,1.0
578026.0,8.7e-05,2.0
578031.0,8.7e-05,1.0
578062.0,8.7e-05,1.0
578105.0,8.7e-05,2.0
578207.0,8.7e-05,1.0
578230.0,8.7e-05,1.0
578233.0,8.7e-05,2.0
578245.0,8.7e-05,1.0
578356.0,8.7e-05,1.0
578469.0,8.7e-05,1.0
578473.0,8.7e-05,1.0
578820.0,8.7e-05,2.0
578897.0,8.7e-05,1.0
579009.0,8.7e-05,1.0
579085.0,8.7e-05,1.0
579096.0,8.7e-05,1.0
579130.0,8.7e-05,1.0
579177.0,8.7e-05,2.0
579295.0,8.7e-05,1.0
579320.0,8.7e-05,1.0
579434.0,8.7e-05,1.0
579447.0,8.7e-05,1.0
579477.0,8.7e-05,2.0
579549.0,8.7e-05,1.0
579806.0,8.7e-05,1.0
579828.0,8.7e-05,1.0
579841.0,8.7e-05,2.0
579891.0,8.7e-05,1.0
579929.0,8.7e-05,2.0
570032.0,8.7e-05,1.0
570064.0,8.7e-05,1.0
570085.0,8.7e-05,1.0
570250.0,8.7e-05,1.0
570474.0,8.7e-05,1.0
570592.0,8.7e-05,1.0
570837.0,8.7e-05,1.0
570913.0,8.7e-05,1.0
571589.0,8.7e-05,1.0
571645.0,8.7e-05,1.0
571938.0,8.7e-05,1.0
572026.0,8.7e-05,1.0
572087.0,8.7e-05,1.0
572271.0,8.7e-05,1.0
572339.0,8.7e-05,1.0
572358.0,8.7e-05,1.0
572568.0,8.7e-05,1.0
572633.0,8.7e-05,1.0
572736.0,8.7e-05,1.0
572777.0,8.7e-05,1.0
573120.0,8.7e-05,1.0
573363.0,8.7e-05,1.0
573517.0,8.7e-05,1.0
573936.0,8.7e-05,1.0
574015.0,8.7e-05,1.0
574096.0,8.7e-05,1.0
574274.0,8.7e-05,1.0
574407.0,8.7e-05,1.0
574476.0,8.7e-05,1.0
574546.0,8.7e-05,1.0
574990.0,8.7e-05,1.0
575059.0,8.7e-05,1.0
575660.0,8.7e-05,1.0
575818.0,8.7e-05,1.0
575856.0,8.7e-05,1.0
576227.0,8.7e-05,1.0
576410.0,8.7e-05,1.0
576860.0,8.7e-05,1.0
576969.0,8.7e-05,1.0
577177.0,8.7e-05,1.0
577406.0,8.7e-05,1.0
578117.0,8.7e-05,1.0
578188.0,8.7e-05,1.0
578453.0,8.7e-05,1.0
578718.0,8.7e-05,1.0
578752.0,8.7e-05,1.0
578769.0,8.7e-05,1.0
578841.0,8.7e-05,1.0
578857.0,8.7e-05,1.0
579043.0,8.7e-05,1.0
579059.0,8.7e-05,1.0
579440.0,8.7e-05,1.0
579510.0,8.7e-05,1.0
570515.0,8.7e-05,1.0
570884.0,8.7e-05,1.0
571046.0,8.7e-05,1.0
571108.0,8.7e-05,1.0
571494.0,8.7e-05,1.0
571741.0,8.7e-05,1.0
572216.0,8.7e-05,1.0
572404.0,8.7e-05,1.0
572871.0,8.7e-05,1.0
572894.0,8.7e-05,1.0
573110.0,8.7e-05,1.0
573218.0,8.7e-05,1.0
574001.0,8.7e-05,1.0
574192.0,8.7e-05,1.0
574430.0,8.7e-05,1.0
574614.0,8.7e-05,1.0
575451.0,8.7e-05,1.0
576059.0,8.7e-05,1.0
576166.0,8.7e-05,1.0
576767.0,8.7e-05,1.0
577255.0,8.7e-05,1.0
577348.0,8.7e-05,1.0
577852.0,8.7e-05,1.0
577917.0,8.7e-05,1.0
577948.0,8.7e-05,1.0
577991.0,8.7e-05,1.0
578276.0,8.7e-05,1.0
578493.0,8.7e-05,1.0
579026.0,8.7e-05,1.0
579133.0,8.7e-05,1.0
579185.0,8.7e-05,1.0
579353.0,8.7e-05,1.0
579682.0,8.7e-05,1.0
580005.0,9.33e-05,1.0
580027.0,9.33e-05,1.0
580063.0,9.33e-05,2.0
580064.0,9.33e-05,2.0
580070.0,9.33e-05,2.0
580085.0,9.33e-05,2.0
580106.0,9.33e-05,2.0
580123.0,9.33e-05,2.0
580144.0,9.33e-05,1.0
580240.0,9.33e-05,1.0
580254.0,9.33e-05,1.0
580278.0,9.33e-05,1.0
580291.0,9.33e-05,2.0
580314.0,9.33e-05,1.0
580334.0,9.33e-05,1.0
580365.0,9.33e-05,1.0
580366.0,9.33e-05,1.0
580373.0,9.33e-05,1.0
580383.0,9.33e-05,2.0
580388.0,9.33e-05,2.0
580400.0,9.33e-05,1.0
580438.0,9.33e-05,1.0
580439.0,9.33e-05,1.0
580461.0,9.33e-05,2.0
580474.0,9.33e-05,2.0
580505.0,9.33e-05,1.0
580515.0,9.33e-05,1.0
580525.0,9.33e-05,1.0
580541.0,9.33e-05,1.0
580543.0,9.33e-05,1.0
580604.0,9.33e-05,1.0
580634.0,9.33e-05,1.0
580638.0,9.33e-05,1.0
580642.0,9.33e-05,1.0
580683.0,9.33e-05,1.0
580687.0,9.33e-05,2.0
580690.0,9.33e-05,1.0
580730.0,9.33e-05,1.0
580760.0,9.33e-05,1.0
580788.0,9.33e-05,1.0
580821.0,9.33e-05,1.0
580842.0,9.33e-05,1.0
580858.0,9.33e-05,1.0
580871.0,9.33e-05,1.0
580889.0,9.33e-05,1.0
580896.0,9.33e-05,2.0
580914.0,9.33e-05,2.0
580973.0,9.33e-05,2.0
580976.0,9.33e-05,1.0
581008.0,9.33e-05,2.0
581021.0,9.33e-05,1.0
581023.0,9.33e-05,1.0
581041.0,9.33e-05,2.0
581048.0,9.33e-05,3.0
581064.0,9.33e-05,1.0
581090.0,9.33e-05,1.0
581099.0,9.33e-05,2.0
581103.0,9.33e-05,1.0
581118.0,9.33e-05,3.0
581147.0,9.33e-05,3.0
581158.0,9.33e-05,1.0
581161.0,9.33e-05,1.0
581170.0,9.33e-05,1.0
581177.0,9.33e-05,1.0
581200.0,9.33e-05,2.0
581203.0,9.33e-05,1.0
581206.0,9.33e-05,1.0
581238.0,9.33e-05,1.0
581266.0,9.33e-05,1.0
581286.0,9.33e-05,1.0
581298.0,9.33e-05,1.0
581308.0,9.33e-05,1.0
581316.0,9.33e-05,4.0
581318.0,9.33e-05,1.0
581338.0,9.33e-05,1.0
581354.0,9.33e-05,1.0
581390.0,9.33e-05,1.0
581396.0,9.33e-05,1.0
581406.0,9.33e-05,1.0
581416.0,9.33e-05,1.0
581448.0,9.33e-05,1.0
581454.0,9.33e-05,1.0
581537.0,9.33e-05,2.0
581544.0,9.33e-05,1.0
581546.0,9.33e-05,1.0
581580.0,9.33e-05,2.0
581602.0,9.33e-05,1.0
581603.0,9.33e-05,1.0
581645.0,9.33e-05,2.0
581666.0,9.33e-05,1.0
581683.0,9.33e-05,1.0
581687.0,9.33e-05,1.0
581720.0,9.33e-05,1.0
581754.0,9.33e-05,1.0
581756.0,9.33e-05,1.0
581811.0,9.33e-05,1.0
581817.0,9.33e-05,1.0
581846.0,9.33e-05,1.0
581848.0,9.33e-05,1.0
581867.0,9.33e-05,1.0
581874.0,9.33e-05,1.0
581906.0,9.33e-05,1.0
581908.0,9.33e-05,1.0
581921.0,9.33e-05,2.0
581936.0,9.33e-05,1.0
581944.0,9.33e-05,1.0
581957.0,9.33e-05,1.0
581964.0,9.33e-05,2.0
581983.0,9.33e-05,1.0
581997.0,9.33e-05,2.0
582029.0,9.33e-05,1.0
582031.0,9.33e-05,1.0
582044.0,9.33e-05,1.0
582075.0,9.33e-05,1.0
582111.0,9.33e-05,1.0
582123.0,9.33e-05,1.0
582177.0,9.33e-05,2.0
582180.0,9.33e-05,1.0
582187.0,9.33e-05,1.0
582216.0,9.33e-05,1.0
582312.0,9.33e-05,1.0
582331.0,9.33e-05,1.0
582339.0,9.33e-05,2.0
582343.0,9.33e-05,1.0
582345.0,9.33e-05,1.0
582352.0,9.33e-05,1.0
582354.0,9.33e-05,2.0
582355.0,9.33e-05,1.0
582376.0,9.33e-05,1.0
582389.0,9.33e-05,2.0
582401.0,9.33e-05,1.0
582434.0,9.33e-05,1.0
582461.0,9.33e-05,1.0
582542.0,9.33e-05,1.0
582576.0,9.33e-05,1.0
582585.0,9.33e-05,1.0
582597.0,9.33e-05,1.0
582631.0,9.33e-05,1.0
582633.0,9.33e-05,2.0
582634.0,9.33e-05,1.0
582686.0,9.33e-05,1.0
582700.0,9.33e-05,1.0
582702.0,9.33e-05,1.0
582726.0,9.33e-05,1.0
582764.0,9.33e-05,1.0
582766.0,9.33e-05,1.0
582786.0,9.33e-05,1.0
582819.0,9.33e-05,2.0
582837.0,9.33e-05,2.0
582839.0,9.33e-05,1.0
582861.0,9.33e-05,2.0
582862.0,9.33e-05,1.0
582888.0,9.33e-05,1.0
582892.0,9.33e-05,3.0
582949.0,9.33e-05,1.0
582959.0,9.33e-05,1.0
582978.0,9.33e-05,2.0
583027.0,9.33e-05,2.0
583039.0,9.33e-05,1.0
583048.0,9.33e-05,1.0
583055.0,9.33e-05,2.0
583056.0,9.33e-05,1.0
583063.0,9.33e-05,2.0
583071.0,9.33e-05,2.0
583081.0,9.33e-05,1.0
583089.0,9.33e-05,1.0
583090.0,9.33e-05,1.0
583106.0,9.33e-05,1.0
583108.0,9.33e-05,2.0
583124.0,9.33e-05,1.0
583142.0,9.33e-05,3.0
583162.0,9.33e-05,2.0
583240.0,9.33e-05,1.0
583246.0,9.33e-05,3.0
583271.0,9.33e-05,2.0
583275.0,9.33e-05,1.0
583287.0,9.33e-05,1.0
583297.0,9.33e-05,1.0
583300.0,9.33e-05,3.0
583303.0,9.33e-05,1.0
583305.0,9.33e-05,1.0
583310.0,9.33e-05,1.0
583314.0,9.33e-05,2.0
583341.0,9.33e-05,1.0
583363.0,9.33e-05,2.0
583364.0,9.33e-05,1.0
583372.0,9.33e-05,1.0
583388.0,9.33e-05,1.0
583392.0,9.33e-05,1.0
583396.0,9.33e-05,1.0
583410.0,9.33e-05,1.0
583414.0,9.33e-05,1.0
583426.0,9.33e-05,1.0
583436.0,9.33e-05,1.0
583461.0,9.33e-05,2.0
583474.0,9.33e-05,1.0
583495.0,9.33e-05,2.0
583513.0,9.33e-05,1.0
583517.0,9.33e-05,2.0
583550.0,9.33e-05,2.0
583566.0,9.33e-05,1.0
583568.0,9.33e-05,2.0
583577.0,9.33e-05,1.0
583626.0,9.33e-05,1.0
583644.0,9.33e-05,2.0
583655.0,9.33e-05,1.0
583660.0,9.33e-05,1.0
583672.0,9.33e-05,1.0
583686.0,9.33e-05,1.0
583697.0,9.33e-05,1.0
583745.0,9.33e-05,1.0
583753.0,9.33e-05,1.0
583771.0,9.33e-05,1.0
583775.0,9.33e-05,2.0
583777.0,9.33e-05,2.0
583813.0,9.33e-05,2.0
583827.0,9.33e-05,1.0
583850.0,9.33e-05,1.0
583881.0,9.33e-05,1.0
583944.0,9.33e-05,1.0
583953.0,9.33e-05,1.0
583987.0,9.33e-05,1.0
583994.0,9.33e-05,1.0
584001.0,9.33e-05,1.0
584045.0,9.33e-05,2.0
584100.0,9.33e-05,1.0
584102.0,9.33e-05,1.0
584107.0,9.33e-05,1.0
584127.0,9.33e-05,1.0
584130.0,9.33e-05,1.0
584139.0,9.33e-05,1.0
584140.0,9.33e-05,1.0
584184.0,9.33e-05,1.0
584187.0,9.33e-05,1.0
584232.0,9.33e-05,1.0
584255.0,9.33e-05,1.0
584268.0,9.33e-05,1.0
584274.0,9.33e-05,2.0
584285.0,9.33e-05,1.0
584288.0,9.33e-05,1.0
584294.0,9.33e-05,2.0
584312.0,9.33e-05,1.0
584337.0,9.33e-05,1.0
584349.0,9.33e-05,1.0
584362.0,9.33e-05,2.0
584412.0,9.33e-05,1.0
584417.0,9.33e-05,1.0
584421.0,9.33e-05,1.0
584424.0,9.33e-05,1.0
584430.0,9.33e-05,2.0
584472.0,9.33e-05,1.0
584505.0,9.33e-05,1.0
584509.0,9.33e-05,1.0
584522.0,9.33e-05,1.0
584567.0,9.33e-05,1.0
584572.0,9.33e-05,1.0
584579.0,9.33e-05,1.0
584590.0,9.33e-05,1.0
584614.0,9.33e-05,1.0
584616.0,9.33e-05,1.0
584640.0,9.33e-05,1.0
584675.0,9.33e-05,1.0
584704.0,9.33e-05,1.0
584721.0,9.33e-05,2.0
584727.0,9.33e-05,1.0
584741.0,9.33e-05,2.0
584758.0,9.33e-05,1.0
584811.0,9.33e-05,1.0
584833.0,9.33e-05,1.0
584835.0,9.33e-05,1.0
584858.0,9.33e-05,1.0
584890.0,9.33e-05,2.0
584904.0,9.33e-05,1.0
584906.0,9.33e-05,1.0
584927.0,9.33e-05,1.0
584928.0,9.33e-05,1.0
584943.0,9.33e-05,1.0
584975.0,9.33e-05,2.0
584977.0,9.33e-05,1.0
584990.0,9.33e-05,3.0
585005.0,9.33e-05,1.0
585022.0,9.33e-05,2.0
585030.0,9.33e-05,2.0
585043.0,9.33e-05,1.0
585044.0,9.33e-05,2.0
585101.0,9.33e-05,1.0
585146.0,9.33e-05,2.0
585159.0,9.33e-05,1.0
585160.0,9.33e-05,1.0
585181.0,9.33e-05,1.0
585200.0,9.33e-05,1.0
585204.0,9.33e-05,2.0
585212.0,9.33e-05,1.0
585235.0,9.33e-05,1.0
585239.0,9.33e-05,1.0
585281.0,9.33e-05,1.0
585319.0,9.33e-05,1.0
585327.0,9.33e-05,1.0
585328.0,9.33e-05,1.0
585353.0,9.33e-05,1.0
585354.0,9.33e-05,1.0
585358.0,9.33e-05,1.0
585379.0,9.33e-05,1.0
585401.0,9.33e-05,1.0
585422.0,9.33e-05,1.0
585435.0,9.33e-05,1.0
585437.0,9.33e-05,1.0
585438.0,9.33e-05,1.0
585450.0,9.33e-05,1.0
585465.0,9.33e-05,2.0
585470.0,9.33e-05,1.0
585474.0,9.33e-05,2.0
585540.0,9.33e-05,1.0
585542.0,9.33e-05,1.0
585582.0,9.33e-05,1.0
585608.0,9.33e-05,1.0
585621.0,9.33e-05,1.0
585639.0,9.33e-05,1.0
585642.0,9.33e-05,1.0
585686.0,9.33e-05,1.0
585747.0,9.33e-05,2.0
585749.0,9.33e-05,3.0
585773.0,9.33e-05,1.0
585785.0,9.33e-05,1.0
585803.0,9.33e-05,2.0
585814.0,9.33e-05,1.0
585818.0,9.33e-05,1.0
585835.0,9.33e-05,1.0
585866.0,9.33e-05,1.0
585886.0,9.33e-05,1.0
585936.0,9.33e-05,1.0
585941.0,9.33e-05,1.0
585944.0,9.33e-05,1.0
585969.0,9.33e-05,2.0
585987.0,9.33e-05,1.0
585989.0,9.33e-05,2.0
586048.0,9.33e-05,1.0
586058.0,9.33e-05,1.0
586059.0,9.33e-05,2.0
586071.0,9.33e-05,1.0
586095.0,9.33e-05,2.0
586109.0,9.33e-05,1.0
586118.0,9.33e-05,2.0
586132.0,9.33e-05,1.0
586140.0,9.33e-05,1.0
586180.0,9.33e-05,1.0
586225.0,9.33e-05,1.0
586241.0,9.33e-05,1.0
586276.0,9.33e-05,2.0
586308.0,9.33e-05,1.0
586322.0,9.33e-05,2.0
586344.0,9.33e-05,1.0
586347.0,9.33e-05,1.0
586464.0,9.33e-05,1.0
586539.0,9.33e-05,1.0
586540.0,9.33e-05,3.0
586573.0,9.33e-05,1.0
586574.0,9.33e-05,1.0
586584.0,9.33e-05,1.0
586609.0,9.33e-05,1.0
586613.0,9.33e-05,1.0
586634.0,9.33e-05,2.0
586648.0,9.33e-05,2.0
586650.0,9.33e-05,1.0
586660.0,9.33e-05,1.0
586707.0,9.33e-05,1.0
586714.0,9.33e-05,1.0
586720.0,9.33e-05,1.0
586767.0,9.33e-05,1.0
586790.0,9.33e-05,2.0
586805.0,9.33e-05,1.0
586812.0,9.33e-05,1.0
586814.0,9.33e-05,2.0
586818.0,9.33e-05,1.0
586840.0,9.33e-05,2.0
586847.0,9.33e-05,1.0
586860.0,9.33e-05,2.0
586882.0,9.33e-05,1.0
586913.0,9.33e-05,2.0
586923.0,9.33e-05,1.0
586928.0,9.33e-05,1.0
586935.0,9.33e-05,1.0
586965.0,9.33e-05,1.0
586967.0,9.33e-05,1.0
586970.0,9.33e-05,1.0
586973.0,9.33e-05,1.0
587025.0,9.33e-05,1.0
587029.0,9.33e-05,1.0
587080.0,9.33e-05,1.0
587126.0,9.33e-05,1.0
587148.0,9.33e-05,1.0
587199.0,9.33e-05,1.0
587214.0,9.33e-05,1.0
587226.0,9.33e-05,2.0
587238.0,9.33e-05,1.0
587255.0,9.33e-05,1.0
587268.0,9.33e-05,1.0
587286.0,9.33e-05,2.0
587305.0,9.33e-05,1.0
587308.0,9.33e-05,2.0
587322.0,9.33e-05,1.0
587341.0,9.33e-05,2.0
587348.0,9.33e-05,2.0
587356.0,9.33e-05,3.0
587357.0,9.33e-05,1.0
587364.0,9.33e-05,1.0
587385.0,9.33e-05,1.0
587406.0,9.33e-05,2.0
587415.0,9.33e-05,2.0
587427.0,9.33e-05,1.0
587434.0,9.33e-05,2.0
587453.0,9.33e-05,2.0
587537.0,9.33e-05,1.0
587549.0,9.33e-05,1.0
587558.0,9.33e-05,1.0
587612.0,9.33e-05,2.0
587616.0,9.33e-05,2.0
587620.0,9.33e-05,1.0
587624.0,9.33e-05,1.0
587626.0,9.33e-05,1.0
587673.0,9.33e-05,1.0
587694.0,9.33e-05,1.0
587699.0,9.33e-05,3.0
587710.0,9.33e-05,1.0
587712.0,9.33e-05,1.0
587737.0,9.33e-05,1.0
587817.0,9.33e-05,2.0
587840.0,9.33e-05,1.0
587852.0,9.33e-05,1.0
587877.0,9.33e-05,2.0
587878.0,9.33e-05,1.0
587879.0,9.33e-05,1.0
587888.0,9.33e-05,1.0
587923.0,9.33e-05,1.0
587948.0,9.33e-05,1.0
587991.0,9.33e-05,1.0
587994.0,9.33e-05,1.0
588008.0,9.33e-05,1.0
588025.0,9.33e-05,1.0
588050.0,9.33e-05,1.0
588082.0,9.33e-05,1.0
588113.0,9.33e-05,2.0
588123.0,9.33e-05,1.0
588154.0,9.33e-05,1.0
588177.0,9.33e-05,1.0
588187.0,9.33e-05,1.0
588228.0,9.33e-05,1.0
588233.0,9.33e-05,1.0
588245.0,9.33e-05,1.0
588259.0,9.33e-05,1.0
588277.0,9.33e-05,1.0
588304.0,9.33e-05,1.0
588305.0,9.33e-05,2.0
588322.0,9.33e-05,1.0
588333.0,9.33e-05,1.0
588334.0,9.33e-05,1.0
588405.0,9.33e-05,1.0
588431.0,9.33e-05,1.0
588453.0,9.33e-05,2.0
588461.0,9.33e-05,1.0
588462.0,9.33e-05,2.0
588468.0,9.33e-05,1.0
588473.0,9.33e-05,2.0
588493.0,9.33e-05,1.0
588513.0,9.33e-05,2.0
588519.0,9.33e-05,1.0
588553.0,9.33e-05,1.0
588570.0,9.33e-05,2.0
588679.0,9.33e-05,1.0
588686.0,9.33e-05,1.0
588725.0,9.33e-05,1.0
588732.0,9.33e-05,1.0
588742.0,9.33e-05,1.0
588752.0,9.33e-05,2.0
588759.0,9.33e-05,1.0
588769.0,9.33e-05,2.0
588783.0,9.33e-05,2.0
588788.0,9.33e-05,1.0
588794.0,9.33e-05,1.0
588805.0,9.33e-05,1.0
588819.0,9.33e-05,1.0
588829.0,9.33e-05,1.0
588868.0,9.33e-05,1.0
588898.0,9.33e-05,1.0
588904.0,9.33e-05,1.0
588912.0,9.33e-05,1.0
588917.0,9.33e-05,1.0
588921.0,9.33e-05,1.0
588933.0,9.33e-05,1.0
588934.0,9.33e-05,1.0
588936.0,9.33e-05,2.0
588972.0,9.33e-05,2.0
588993.0,9.33e-05,1.0
588994.0,9.33e-05,1.0
589082.0,9.33e-05,1.0
589086.0,9.33e-05,1.0
589092.0,9.33e-05,1.0
589137.0,9.33e-05,1.0
589151.0,9.33e-05,1.0
589200.0,9.33e-05,1.0
589202.0,9.33e-05,1.0
589206.0,9.33e-05,2.0
589234.0,9.33e-05,1.0
589241.0,9.33e-05,1.0
589253.0,9.33e-05,1.0
589308.0,9.33e-05,1.0
589338.0,9.33e-05,1.0
589371.0,9.33e-05,1.0
589381.0,9.33e-05,1.0
589406.0,9.33e-05,1.0
589440.0,9.33e-05,2.0
589460.0,9.33e-05,1.0
589477.0,9.33e-05,1.0
589482.0,9.33e-05,1.0
589533.0,9.33e-05,1.0
589550.0,9.33e-05,1.0
589565.0,9.33e-05,1.0
589585.0,9.33e-05,1.0
589586.0,9.33e-05,1.0
589626.0,9.33e-05,2.0
589661.0,9.33e-05,2.0
589723.0,9.33e-05,1.0
589728.0,9.33e-05,1.0
589730.0,9.33e-05,1.0
589754.0,9.33e-05,1.0
589824.0,9.33e-05,1.0
589842.0,9.33e-05,1.0
589847.0,9.33e-05,1.0
589919.0,9.33e-05,2.0
589924.0,9.33e-05,1.0
589937.0,9.33e-05,1.0
589970.0,9.33e-05,1.0
589981.0,9.33e-05,1.0
580032.0,9.33e-05,2.0
580107.0,9.33e-05,1.0
580120.0,9.33e-05,1.0
580346.0,9.33e-05,1.0
580402.0,9.33e-05,1.0
580508.0,9.33e-05,1.0
580551.0,9.33e-05,1.0
580554.0,9.33e-05,2.0
580592.0,9.33e-05,2.0
580680.0,9.33e-05,1.0
580725.0,9.33e-05,1.0
580737.0,9.33e-05,2.0
580754.0,9.33e-05,2.0
580837.0,9.33e-05,1.0
580870.0,9.33e-05,1.0
580913.0,9.33e-05,1.0
580982.0,9.33e-05,1.0
581000.0,9.33e-05,1.0
581078.0,9.33e-05,1.0
581124.0,9.33e-05,1.0
581151.0,9.33e-05,1.0
581156.0,9.33e-05,1.0
581282.0,9.33e-05,1.0
581458.0,9.33e-05,1.0
581479.0,9.33e-05,1.0
581563.0,9.33e-05,1.0
581572.0,9.33e-05,2.0
581576.0,9.33e-05,1.0
581585.0,9.33e-05,1.0
581589.0,9.33e-05,1.0
581679.0,9.33e-05,1.0
581695.0,9.33e-05,1.0
581730.0,9.33e-05,1.0
581777.0,9.33e-05,1.0
581781.0,9.33e-05,1.0
581790.0,9.33e-05,1.0
581938.0,9.33e-05,2.0
581986.0,9.33e-05,2.0
582015.0,9.33e-05,1.0
582026.0,9.33e-05,1.0
582043.0,9.33e-05,2.0
582047.0,9.33e-05,1.0
582087.0,9.33e-05,1.0
582150.0,9.33e-05,1.0
582173.0,9.33e-05,1.0
582210.0,9.33e-05,1.0
582239.0,9.33e-05,1.0
582264.0,9.33e-05,1.0
582271.0,9.33e-05,1.0
582273.0,9.33e-05,1.0
582303.0,9.33e-05,1.0
582340.0,9.33e-05,1.0
582358.0,9.33e-05,1.0
582397.0,9.33e-05,1.0
582413.0,9.33e-05,1.0
582424.0,9.33e-05,1.0
582438.0,9.33e-05,1.0
582557.0,9.33e-05,1.0
582725.0,9.33e-05,1.0
582736.0,9.33e-05,1.0
582760.0,9.33e-05,1.0
582775.0,9.33e-05,1.0
582818.0,9.33e-05,1.0
582825.0,9.33e-05,1.0
582872.0,9.33e-05,1.0
582915.0,9.33e-05,1.0
583019.0,9.33e-05,1.0
583088.0,9.33e-05,1.0
583120.0,9.33e-05,1.0
583145.0,9.33e-05,2.0
583197.0,9.33e-05,1.0
583252.0,9.33e-05,1.0
583254.0,9.33e-05,1.0
583376.0,9.33e-05,1.0
583411.0,9.33e-05,2.0
583454.0,9.33e-05,1.0
583492.0,9.33e-05,2.0
583514.0,9.33e-05,1.0
583588.0,9.33e-05,1.0
583671.0,9.33e-05,1.0
583682.0,9.33e-05,1.0
583711.0,9.33e-05,1.0
583717.0,9.33e-05,2.0
583857.0,9.33e-05,1.0
583937.0,9.33e-05,1.0
583972.0,9.33e-05,1.0
583977.0,9.33e-05,1.0
583984.0,9.33e-05,2.0
583996.0,9.33e-05,1.0
584004.0,9.33e-05,1.0
584015.0,9.33e-05,1.0
584025.0,9.33e-05,1.0
584028.0,9.33e-05,1.0
584043.0,9.33e-05,1.0
584059.0,9.33e-05,1.0
584096.0,9.33e-05,2.0
584103.0,9.33e-05,1.0
584165.0,9.33e-05,1.0
584211.0,9.33e-05,1.0
584237.0,9.33e-05,2.0
584251.0,9.33e-05,1.0
584262.0,9.33e-05,1.0
584281.0,9.33e-05,1.0
584344.0,9.33e-05,1.0
584348.0,9.33e-05,1.0
584352.0,9.33e-05,1.0
584407.0,9.33e-05,1.0
584408.0,9.33e-05,1.0
584431.0,9.33e-05,1.0
584432.0,9.33e-05,1.0
584476.0,9.33e-05,1.0
584546.0,9.33e-05,1.0
584549.0,9.33e-05,1.0
584603.0,9.33e-05,1.0
584654.0,9.33e-05,1.0
584737.0,9.33e-05,1.0
584739.0,9.33e-05,1.0
584802.0,9.33e-05,1.0
584909.0,9.33e-05,1.0
584917.0,9.33e-05,1.0
584936.0,9.33e-05,1.0
585074.0,9.33e-05,2.0
585253.0,9.33e-05,1.0
585278.0,9.33e-05,1.0
585357.0,9.33e-05,1.0
585429.0,9.33e-05,2.0
585488.0,9.33e-05,1.0
585503.0,9.33e-05,1.0
585521.0,9.33e-05,2.0
585543.0,9.33e-05,2.0
585555.0,9.33e-05,1.0
585596.0,9.33e-05,1.0
585615.0,9.33e-05,2.0
585626.0,9.33e-05,1.0
585660.0,9.33e-05,1.0
585805.0,9.33e-05,1.0
585844.0,9.33e-05,1.0
585856.0,9.33e-05,1.0
585893.0,9.33e-05,1.0
585895.0,9.33e-05,1.0
585965.0,9.33e-05,1.0
586046.0,9.33e-05,1.0
586162.0,9.33e-05,1.0
586172.0,9.33e-05,1.0
586227.0,9.33e-05,1.0
586248.0,9.33e-05,1.0
586266.0,9.33e-05,1.0
586295.0,9.33e-05,1.0
586326.0,9.33e-05,1.0
586337.0,9.33e-05,1.0
586436.0,9.33e-05,1.0
586520.0,9.33e-05,1.0
586602.0,9.33e-05,1.0
586747.0,9.33e-05,1.0
586820.0,9.33e-05,2.0
586859.0,9.33e-05,1.0
586949.0,9.33e-05,1.0
586986.0,9.33e-05,1.0
587083.0,9.33e-05,1.0
587187.0,9.33e-05,1.0
587298.0,9.33e-05,1.0
587300.0,9.33e-05,1.0
587369.0,9.33e-05,1.0
587466.0,9.33e-05,1.0
587471.0,9.33e-05,2.0
587525.0,9.33e-05,1.0
587535.0,9.33e-05,1.0
587563.0,9.33e-05,1.0
587659.0,9.33e-05,1.0
587701.0,9.33e-05,1.0
587706.0,9.33e-05,1.0
587711.0,9.33e-05,1.0
587728.0,9.33e-05,1.0
587761.0,9.33e-05,1.0
587765.0,9.33e-05,2.0
587829.0,9.33e-05,1.0
587834.0,9.33e-05,1.0
587847.0,9.33e-05,1.0
587859.0,9.33e-05,1.0
587966.0,9.33e-05,2.0
588026.0,9.33e-05,2.0
588055.0,9.33e-05,1.0
588105.0,9.33e-05,1.0
588117.0,9.33e-05,1.0
588146.0,9.33e-05,2.0
588188.0,9.33e-05,1.0
588205.0,9.33e-05,2.0
588276.0,9.33e-05,1.0
588307.0,9.33e-05,1.0
588352.0,9.33e-05,1.0
588469.0,9.33e-05,1.0
588678.0,9.33e-05,1.0
588691.0,9.33e-05,1.0
588718.0,9.33e-05,2.0
588795.0,9.33e-05,1.0
588814.0,9.33e-05,1.0
588820.0,9.33e-05,2.0
588857.0,9.33e-05,1.0
588879.0,9.33e-05,1.0
588897.0,9.33e-05,1.0
589043.0,9.33e-05,1.0
589050.0,9.33e-05,1.0
589054.0,9.33e-05,1.0
589085.0,9.33e-05,1.0
589096.0,9.33e-05,1.0
589270.0,9.33e-05,1.0
589295.0,9.33e-05,1.0
589320.0,9.33e-05,1.0
589321.0,9.33e-05,2.0
589363.0,9.33e-05,1.0
589387.0,9.33e-05,1.0
589510.0,9.33e-05,1.0
589515.0,9.33e-05,1.0
589591.0,9.33e-05,1.0
589622.0,9.33e-05,1.0
589658.0,9.33e-05,1.0
589684.0,9.33e-05,1.0
589829.0,9.33e-05,1.0
589857.0,9.33e-05,1.0
589891.0,9.33e-05,1.0
589917.0,9.33e-05,2.0
580238.0,9.33e-05,1.0
580268.0,9.33e-05,1.0
580585.0,9.33e-05,1.0
580876.0,9.33e-05,1.0
581216.0,9.33e-05,1.0
581972.0,9.33e-05,1.0
582062.0,9.33e-05,1.0
582372.0,9.33e-05,1.0
582414.0,9.33e-05,1.0
582829.0,9.33e-05,1.0
582887.0,9.33e-05,1.0
583457.0,9.33e-05,1.0
584345.0,9.33e-05,1.0
584521.0,9.33e-05,1.0
584823.0,9.33e-05,1.0
584839.0,9.33e-05,1.0
585574.0,9.33e-05,1.0
585636.0,9.33e-05,1.0
586205.0,9.33e-05,1.0
586224.0,9.33e-05,1.0
586450.0,9.33e-05,1.0
586525.0,9.33e-05,1.0
586761.0,9.33e-05,1.0
587089.0,9.33e-05,1.0
587150.0,9.33e-05,1.0
587210.0,9.33e-05,1.0
587264.0,9.33e-05,1.0
587437.0,9.33e-05,1.0
587943.0,9.33e-05,1.0
588062.0,9.33e-05,1.0
588565.0,9.33e-05,1.0
588885.0,9.33e-05,1.0
589642.0,9.33e-05,1.0
580199.0,9.33e-05,1.0
585534.0,9.33e-05,2.0
585756.0,9.33e-05,1.0
585950.0,9.33e-05,1.0
586556.0,9.33e-05,1.0
586590.0,9.33e-05,1.0
587941.0,9.33e-05,1.0
588499.0,9.33e-05,1.0
580620.0,9.33e-05,1.0
585390.0,9.33e-05,1.0
590004.0,0.0001,1.0
590024.0,0.0001,3.0
590032.0,0.0001,3.0
590036.0,0.0001,3.0
590040.0,0.0001,2.0
590062.0,0.0001,1.0
590063.0,0.0001,2.0
590064.0,0.0001,2.0
590070.0,0.0001,2.0
590081.0,0.0001,2.0
590085.0,0.0001,2.0
590106.0,0.0001,2.0
590107.0,0.0001,2.0
590109.0,0.0001,3.0
590136.0,0.0001,2.0
590204.0,0.0001,1.0
590209.0,0.0001,1.0
590210.0,0.0001,3.0
590235.0,0.0001,2.0
590238.0,0.0001,3.0
590268.0,0.0001,2.0
590291.0,0.0001,3.0
590328.0,0.0001,1.0
590344.0,0.0001,1.0
590373.0,0.0001,2.0
590381.0,0.0001,2.0
590383.0,0.0001,3.0
590400.0,0.0001,1.0
590425.0,0.0001,1.0
590441.0,0.0001,1.0
590452.0,0.0001,1.0
590474.0,0.0001,3.0
590508.0,0.0001,2.0
590515.0,0.0001,2.0
590531.0,0.0001,1.0
590543.0,0.0001,1.0
590551.0,0.0001,3.0
590554.0,0.0001,6.0
590585.0,0.0001,2.0
590592.0,0.0001,4.0
590620.0,0.0001,3.0
590628.0,0.0001,2.0
590642.0,0.0001,3.0
590665.0,0.0001,3.0
590673.0,0.0001,1.0
590677.0,0.0001,1.0
590680.0,0.0001,2.0
590681.0,0.0001,3.0
590683.0,0.0001,3.0
590687.0,0.0001,3.0
590702.0,0.0001,1.0
590718.0,0.0001,1.0
590725.0,0.0001,3.0
590727.0,0.0001,1.0
590737.0,0.0001,7.0
590741.0,0.0001,1.0
590754.0,0.0001,3.0
590783.0,0.0001,2.0
590790.0,0.0001,1.0
590836.0,0.0001,1.0
590837.0,0.0001,3.0
590841.0,0.0001,4.0
590846.0,0.0001,3.0
590870.0,0.0001,3.0
590884.0,0.0001,2.0
590889.0,0.0001,1.0
590896.0,0.0001,2.0
590904.0,0.0001,1.0
590906.0,0.0001,1.0
590913.0,0.0001,3.0
590982.0,0.0001,4.0
590997.0,0.0001,2.0
590998.0,0.0001,1.0
590999.0,0.0001,1.0
591000.0,0.0001,3.0
591008.0,0.0001,3.0
591031.0,0.0001,1.0
591041.0,0.0001,2.0
591046.0,0.0001,2.0
591048.0,0.0001,3.0
591078.0,0.0001,5.0
591103.0,0.0001,1.0
591106.0,0.0001,1.0
591108.0,0.0001,3.0
591118.0,0.0001,3.0
591122.0,0.0001,1.0
591124.0,0.0001,4.0
591147.0,0.0001,2.0
591151.0,0.0001,1.0
591156.0,0.0001,3.0
591179.0,0.0001,2.0
591200.0,0.0001,3.0
591212.0,0.0001,3.0
591238.0,0.0001,3.0
591247.0,0.0001,1.0
591266.0,0.0001,3.0
591282.0,0.0001,3.0
591288.0,0.0001,1.0
591290.0,0.0001,1.0
591316.0,0.0001,3.0
591317.0,0.0001,1.0
591325.0,0.0001,1.0
591341.0,0.0001,3.0
591350.0,0.0001,1.0
591396.0,0.0001,2.0
591432.0,0.0001,1.0
591436.0,0.0001,1.0
591439.0,0.0001,1.0
591453.0,0.0001,1.0
591458.0,0.0001,1.0
591479.0,0.0001,4.0
591486.0,0.0001,2.0
591494.0,0.0001,2.0
591512.0,0.0001,2.0
591534.0,0.0001,1.0
591563.0,0.0001,2.0
591566.0,0.0001,1.0
591572.0,0.0001,2.0
591576.0,0.0001,2.0
591580.0,0.0001,2.0
591585.0,0.0001,3.0
591589.0,0.0001,3.0
591600.0,0.0001,5.0
591603.0,0.0001,2.0
591609.0,0.0001,1.0
591645.0,0.0001,2.0
591684.0,0.0001,1.0
591695.0,0.0001,4.0
591713.0,0.0001,1.0
591730.0,0.0001,2.0
591741.0,0.0001,2.0
591759.0,0.0001,1.0
591777.0,0.0001,5.0
591781.0,0.0001,1.0
591790.0,0.0001,2.0
591811.0,0.0001,1.0
591824.0,0.0001,3.0
591826.0,0.0001,3.0
591905.0,0.0001,1.0
591906.0,0.0001,1.0
591907.0,0.0001,1.0
591921.0,0.0001,2.0
591938.0,0.0001,3.0
591964.0,0.0001,3.0
591972.0,0.0001,1.0
591982.0,0.0001,1.0
591986.0,0.0001,1.0
591997.0,0.0001,3.0
592015.0,0.0001,1.0
592026.0,0.0001,2.0
592043.0,0.0001,3.0
592047.0,0.0001,5.0
592062.0,0.0001,1.0
592078.0,0.0001,2.0
592087.0,0.0001,3.0
592089.0,0.0001,1.0
592094.0,0.0001,2.0
592150.0,0.0001,5.0
592156.0,0.0001,1.0
592173.0,0.0001,3.0
592177.0,0.0001,3.0
592192.0,0.0001,1.0
592216.0,0.0001,2.0
592239.0,0.0001,3.0
592264.0,0.0001,2.0
592271.0,0.0001,4.0
592273.0,0.0001,2.0
592299.0,0.0001,1.0
592303.0,0.0001,3.0
592318.0,0.0001,2.0
592324.0,0.0001,1.0
592339.0,0.0001,2.0
592354.0,0.0001,5.0
592358.0,0.0001,1.0
592368.0,0.0001,4.0
592372.0,0.0001,1.0
592376.0,0.0001,1.0
592389.0,0.0001,2.0
592397.0,0.0001,2.0
592401.0,0.0001,2.0
592403.0,0.0001,2.0
592404.0,0.0001,2.0
592414.0,0.0001,2.0
592438.0,0.0001,1.0
592453.0,0.0001,1.0
592461.0,0.0001,2.0
592483.0,0.0001,1.0
592503.0,0.0001,2.0
592511.0,0.0001,3.0
592557.0,0.0001,3.0
592571.0,0.0001,2.0
592624.0,0.0001,2.0
592633.0,0.0001,4.0
592634.0,0.0001,4.0
592646.0,0.0001,1.0
592702.0,0.0001,3.0
592716.0,0.0001,3.0
592725.0,0.0001,3.0
592736.0,0.0001,3.0
592738.0,0.0001,1.0
592753.0,0.0001,1.0
592760.0,0.0001,2.0
592761.0,0.0001,1.0
592764.0,0.0001,3.0
592775.0,0.0001,2.0
592777.0,0.0001,2.0
592812.0,0.0001,1.0
592816.0,0.0001,1.0
592818.0,0.0001,2.0
592819.0,0.0001,3.0
592820.0,0.0001,1.0
592825.0,0.0001,3.0
592826.0,0.0001,1.0
592829.0,0.0001,2.0
592830.0,0.0001,1.0
592861.0,0.0001,3.0
592871.0,0.0001,3.0
592887.0,0.0001,1.0
592892.0,0.0001,3.0
592915.0,0.0001,2.0
592945.0,0.0001,1.0
592949.0,0.0001,3.0
592978.0,0.0001,2.0
592989.0,0.0001,1.0
593019.0,0.0001,2.0
593048.0,0.0001,2.0
593055.0,0.0001,2.0
593063.0,0.0001,2.0
593071.0,0.0001,3.0
593089.0,0.0001,3.0
593093.0,0.0001,3.0
593108.0,0.0001,2.0
593110.0,0.0001,2.0
593120.0,0.0001,2.0
593142.0,0.0001,2.0
593145.0,0.0001,3.0
593147.0,0.0001,1.0
593162.0,0.0001,2.0
593197.0,0.0001,2.0
593203.0,0.0001,1.0
593205.0,0.0001,3.0
593218.0,0.0001,2.0
593246.0,0.0001,3.0
593251.0,0.0001,2.0
593252.0,0.0001,2.0
593254.0,0.0001,3.0
593271.0,0.0001,3.0
593290.0,0.0001,2.0
593300.0,0.0001,3.0
593305.0,0.0001,2.0
593314.0,0.0001,2.0
593340.0,0.0001,2.0
593341.0,0.0001,3.0
593345.0,0.0001,1.0
593363.0,0.0001,4.0
593376.0,0.0001,3.0
593381.0,0.0001,1.0
593411.0,0.0001,3.0
593414.0,0.0001,3.0
593454.0,0.0001,5.0
593461.0,0.0001,3.0
593474.0,0.0001,2.0
593492.0,0.0001,3.0
593495.0,0.0001,3.0
593508.0,0.0001,1.0
593514.0,0.0001,6.0
593517.0,0.0001,2.0
593529.0,0.0001,3.0
593530.0,0.0001,3.0
593544.0,0.0001,2.0
593550.0,0.0001,3.0
593568.0,0.0001,5.0
593577.0,0.0001,3.0
593588.0,0.0001,1.0
593615.0,0.0001,1.0
593619.0,0.0001,1.0
593653.0,0.0001,2.0
593655.0,0.0001,2.0
593660.0,0.0001,2.0
593671.0,0.0001,2.0
593682.0,0.0001,2.0
593696.0,0.0001,1.0
593711.0,0.0001,3.0
593717.0,0.0001,2.0
593741.0,0.0001,1.0
593771.0,0.0001,3.0
593775.0,0.0001,2.0
593777.0,0.0001,3.0
593809.0,0.0001,2.0
593813.0,0.0001,2.0
593818.0,0.0001,2.0
593847.0,0.0001,1.0
593857.0,0.0001,3.0
593886.0,0.0001,1.0
593889.0,0.0001,3.0
593936.0,0.0001,3.0
593937.0,0.0001,1.0
593972.0,0.0001,4.0
593977.0,0.0001,3.0
593984.0,0.0001,3.0
593985.0,0.0001,1.0
593995.0,0.0001,2.0
593996.0,0.0001,2.0
594001.0,0.0001,2.0
594004.0,0.0001,4.0
594015.0,0.0001,2.0
594023.0,0.0001,2.0
594025.0,0.0001,3.0
594028.0,0.0001,6.0
594034.0,0.0001,2.0
594038.0,0.0001,1.0
594043.0,0.0001,1.0
594045.0,0.0001,2.0
594050.0,0.0001,1.0
594054.0,0.0001,1.0
594059.0,0.0001,1.0
594096.0,0.0001,2.0
594103.0,0.0001,3.0
594107.0,0.0001,2.0
594165.0,0.0001,2.0
594171.0,0.0001,2.0
594179.0,0.0001,1.0
594184.0,0.0001,2.0
594211.0,0.0001,1.0
594237.0,0.0001,2.0
594251.0,0.0001,2.0
594255.0,0.0001,1.0
594258.0,0.0001,1.0
594262.0,0.0001,3.0
594264.0,0.0001,4.0
594274.0,0.0001,2.0
594281.0,0.0001,2.0
594285.0,0.0001,2.0
594308.0,0.0001,4.0
594337.0,0.0001,3.0
594344.0,0.0001,2.0
594345.0,0.0001,2.0
594348.0,0.0001,5.0
594352.0,0.0001,4.0
594362.0,0.0001,5.0
594364.0,0.0001,2.0
594407.0,0.0001,2.0
594408.0,0.0001,5.0
594430.0,0.0001,2.0
594431.0,0.0001,5.0
594432.0,0.0001,2.0
594437.0,0.0001,1.0
594461.0,0.0001,1.0
594476.0,0.0001,3.0
594480.0,0.0001,1.0
594518.0,0.0001,4.0
594528.0,0.0001,1.0
594543.0,0.0001,1.0
594546.0,0.0001,3.0
594549.0,0.0001,3.0
594570.0,0.0001,1.0
594572.0,0.0001,2.0
594579.0,0.0001,2.0
594590.0,0.0001,1.0
594603.0,0.0001,1.0
594614.0,0.0001,2.0
594615.0,0.0001,2.0
594640.0,0.0001,2.0
594654.0,0.0001,2.0
594691.0,0.0001,4.0
594701.0,0.0001,1.0
594721.0,0.0001,3.0
594737.0,0.0001,3.0
594739.0,0.0001,2.0
594741.0,0.0001,2.0
594780.0,0.0001,3.0
594784.0,0.0001,1.0
594822.0,0.0001,2.0
594823.0,0.0001,2.0
594834.0,0.0001,1.0
594839.0,0.0001,2.0
594841.0,0.0001,1.0
594866.0,0.0001,5.0
594876.0,0.0001,1.0
594890.0,0.0001,2.0
594909.0,0.0001,1.0
594917.0,0.0001,2.0
594928.0,0.0001,2.0
594929.0,0.0001,1.0
594936.0,0.0001,2.0
594966.0,0.0001,6.0
594975.0,0.0001,2.0
594990.0,0.0001,6.0
595005.0,0.0001,3.0
595022.0,0.0001,2.0
595043.0,0.0001,2.0
595044.0,0.0001,2.0
595050.0,0.0001,3.0
595051.0,0.0001,2.0
595059.0,0.0001,1.0
595060.0,0.0001,1.0
595068.0,0.0001,1.0
595069.0,0.0001,1.0
595074.0,0.0001,3.0
595105.0,0.0001,1.0
595146.0,0.0001,2.0
595159.0,0.0001,2.0
595160.0,0.0001,3.0
595200.0,0.0001,1.0
595204.0,0.0001,2.0
595223.0,0.0001,1.0
595247.0,0.0001,1.0
595253.0,0.0001,2.0
595278.0,0.0001,2.0
595287.0,0.0001,1.0
595306.0,0.0001,2.0
595318.0,0.0001,2.0
595328.0,0.0001,2.0
595344.0,0.0001,2.0
595353.0,0.0001,2.0
595354.0,0.0001,3.0
595357.0,0.0001,4.0
595390.0,0.0001,5.0
595401.0,0.0001,3.0
595407.0,0.0001,4.0
595419.0,0.0001,1.0
595429.0,0.0001,1.0
595437.0,0.0001,3.0
595446.0,0.0001,3.0
595451.0,0.0001,2.0
595456.0,0.0001,1.0
595465.0,0.0001,1.0
595474.0,0.0001,3.0
595482.0,0.0001,2.0
595488.0,0.0001,3.0
595521.0,0.0001,2.0
595534.0,0.0001,3.0
595543.0,0.0001,4.0
595548.0,0.0001,2.0
595549.0,0.0001,3.0
595555.0,0.0001,4.0
595596.0,0.0001,2.0
595608.0,0.0001,3.0
595615.0,0.0001,1.0
595621.0,0.0001,2.0
595626.0,0.0001,3.0
595636.0,0.0001,2.0
595639.0,0.0001,3.0
595652.0,0.0001,2.0
595660.0,0.0001,3.0
595698.0,0.0001,2.0
595728.0,0.0001,2.0
595747.0,0.0001,2.0
595749.0,0.0001,3.0
595803.0,0.0001,3.0
595805.0,0.0001,3.0
595814.0,0.0001,1.0
595815.0,0.0001,5.0
595818.0,0.0001,4.0
595844.0,0.0001,2.0
595848.0,0.0001,1.0
595856.0,0.0001,3.0
595893.0,0.0001,1.0
595895.0,0.0001,3.0
595936.0,0.0001,2.0
595945.0,0.0001,2.0
595950.0,0.0001,2.0
595965.0,0.0001,1.0
595969.0,0.0001,2.0
595974.0,0.0001,1.0
595989.0,0.0001,5.0
595999.0,0.0001,1.0
596012.0,0.0001,1.0
596046.0,0.0001,2.0
596048.0,0.0001,3.0
596057.0,0.0001,1.0
596059.0,0.0001,2.0
596062.0,0.0001,2.0
596095.0,0.0001,3.0
596101.0,0.0001,2.0
596113.0,0.0001,3.0
596118.0,0.0001,3.0
596125.0,0.0001,3.0
596131.0,0.0001,1.0
596162.0,0.0001,1.0
596172.0,0.0001,1.0
596180.0,0.0001,3.0
596205.0,0.0001,2.0
596224.0,0.0001,2.0
596227.0,0.0001,3.0
596241.0,0.0001,3.0
596266.0,0.0001,2.0
596276.0,0.0001,3.0
596295.0,0.0001,2.0
596322.0,0.0001,2.0
596326.0,0.0001,3.0
596337.0,0.0001,5.0
596344.0,0.0001,3.0
596388.0,0.0001,2.0
596410.0,0.0001,2.0
596436.0,0.0001,4.0
596446.0,0.0001,1.0
596483.0,0.0001,2.0
596506.0,0.0001,1.0
596517.0,0.0001,1.0
596520.0,0.0001,4.0
596525.0,0.0001,1.0
596536.0,0.0001,1.0
596540.0,0.0001,3.0
596587.0,0.0001,1.0
596590.0,0.0001,2.0
596592.0,0.0001,1.0
596602.0,0.0001,1.0
596604.0,0.0001,1.0
596632.0,0.0001,1.0
596634.0,0.0001,2.0
596636.0,0.0001,1.0
596648.0,0.0001,3.0
596747.0,0.0001,1.0
596748.0,0.0001,1.0
596761.0,0.0001,1.0
596790.0,0.0001,3.0
596813.0,0.0001,2.0
596814.0,0.0001,3.0
596820.0,0.0001,3.0
596859.0,0.0001,5.0
596860.0,0.0001,2.0
596913.0,0.0001,2.0
596949.0,0.0001,2.0
596969.0,0.0001,2.0
596974.0,0.0001,1.0
596986.0,0.0001,2.0
597050.0,0.0001,3.0
597083.0,0.0001,3.0
597089.0,0.0001,2.0
597126.0,0.0001,3.0
597145.0,0.0001,2.0
597150.0,0.0001,1.0
597177.0,0.0001,3.0
597187.0,0.0001,2.0
597189.0,0.0001,2.0
597197.0,0.0001,1.0
597210.0,0.0001,2.0
597214.0,0.0001,1.0
597219.0,0.0001,1.0
597226.0,0.0001,4.0
597253.0,0.0001,1.0
597255.0,0.0001,2.0
597264.0,0.0001,1.0
597273.0,0.0001,3.0
597286.0,0.0001,2.0
597298.0,0.0001,2.0
597300.0,0.0001,1.0
597308.0,0.0001,4.0
597341.0,0.0001,2.0
597349.0,0.0001,1.0
597356.0,0.0001,3.0
597366.0,0.0001,2.0
597369.0,0.0001,4.0
597390.0,0.0001,1.0
597406.0,0.0001,4.0
597415.0,0.0001,2.0
597434.0,0.0001,2.0
597437.0,0.0001,2.0
597453.0,0.0001,2.0
597466.0,0.0001,2.0
597469.0,0.0001,1.0
597471.0,0.0001,2.0
597482.0,0.0001,2.0
597487.0,0.0001,1.0
597514.0,0.0001,1.0
597525.0,0.0001,3.0
597535.0,0.0001,3.0
597536.0,0.0001,1.0
597558.0,0.0001,2.0
597563.0,0.0001,2.0
597565.0,0.0001,2.0
597590.0,0.0001,2.0
597612.0,0.0001,4.0
597616.0,0.0001,3.0
597620.0,0.0001,2.0
597622.0,0.0001,1.0
597636.0,0.0001,3.0
597642.0,0.0001,1.0
597659.0,0.0001,3.0
597667.0,0.0001,1.0
597694.0,0.0001,3.0
597699.0,0.0001,4.0
597701.0,0.0001,2.0
597706.0,0.0001,2.0
597710.0,0.0001,1.0
597711.0,0.0001,3.0
597714.0,0.0001,1.0
597721.0,0.0001,4.0
597728.0,0.0001,3.0
597752.0,0.0001,2.0
597761.0,0.0001,2.0
597765.0,0.0001,2.0
597773.0,0.0001,2.0
597817.0,0.0001,2.0
597819.0,0.0001,3.0
597820.0,0.0001,1.0
597829.0,0.0001,2.0
597847.0,0.0001,4.0
597852.0,0.0001,2.0
597859.0,0.0001,3.0
597877.0,0.0001,3.0
597879.0,0.0001,2.0
597881.0,0.0001,1.0
597892.0,0.0001,1.0
597941.0,0.0001,2.0
597943.0,0.0001,1.0
597944.0,0.0001,1.0
597948.0,0.0001,2.0
597957.0,0.0001,2.0
597966.0,0.0001,2.0
597990.0,0.0001,2.0
598025.0,0.0001,1.0
598026.0,0.0001,1.0
598031.0,0.0001,4.0
598041.0,0.0001,2.0
598055.0,0.0001,2.0
598058.0,0.0001,1.0
598062.0,0.0001,2.0
598080.0,0.0001,2.0
598088.0,0.0001,3.0
598113.0,0.0001,6.0
598117.0,0.0001,1.0
598144.0,0.0001,1.0
598146.0,0.0001,3.0
598163.0,0.0001,1.0
598171.0,0.0001,2.0
598188.0,0.0001,2.0
598189.0,0.0001,1.0
598205.0,0.0001,1.0
598207.0,0.0001,2.0
598223.0,0.0001,1.0
598230.0,0.0001,3.0
598245.0,0.0001,1.0
598254.0,0.0001,1.0
598259.0,0.0001,3.0
598276.0,0.0001,2.0
598305.0,0.0001,3.0
598307.0,0.0001,3.0
598352.0,0.0001,2.0
598356.0,0.0001,4.0
598366.0,0.0001,1.0
598453.0,0.0001,2.0
598462.0,0.0001,4.0
598469.0,0.0001,7.0
598473.0,0.0001,3.0
598475.0,0.0001,1.0
598493.0,0.0001,2.0
598513.0,0.0001,2.0
598535.0,0.0001,2.0
598565.0,0.0001,1.0
598570.0,0.0001,3.0
598623.0,0.0001,1.0
598636.0,0.0001,1.0
598678.0,0.0001,2.0
598725.0,0.0001,2.0
598752.0,0.0001,4.0
598769.0,0.0001,3.0
598777.0,0.0001,1.0
598788.0,0.0001,2.0
598794.0,0.0001,1.0
598795.0,0.0001,2.0
598796.0,0.0001,4.0
598805.0,0.0001,2.0
598814.0,0.0001,2.0
598820.0,0.0001,2.0
598825.0,0.0001,1.0
598835.0,0.0001,1.0
598841.0,0.0001,3.0
598857.0,0.0001,1.0
598869.0,0.0001,3.0
598879.0,0.0001,1.0
598885.0,0.0001,2.0
598897.0,0.0001,4.0
598898.0,0.0001,1.0
598930.0,0.0001,5.0
598936.0,0.0001,3.0
598972.0,0.0001,2.0
598986.0,0.0001,1.0
598993.0,0.0001,1.0
599009.0,0.0001,2.0
599014.0,0.0001,1.0
599015.0,0.0001,2.0
599017.0,0.0001,2.0
599029.0,0.0001,1.0
599043.0,0.0001,2.0
599054.0,0.0001,3.0
599059.0,0.0001,1.0
599068.0,0.0001,1.0
599082.0,0.0001,1.0
599085.0,0.0001,2.0
599096.0,0.0001,5.0
599120.0,0.0001,1.0
599133.0,0.0001,2.0
599151.0,0.0001,3.0
599169.0,0.0001,1.0
599177.0,0.0001,3.0
599185.0,0.0001,3.0
599190.0,0.0001,1.0
599206.0,0.0001,4.0
599218.0,0.0001,1.0
599270.0,0.0001,2.0
599295.0,0.0001,4.0
599298.0,0.0001,2.0
599318.0,0.0001,1.0
599320.0,0.0001,4.0
599321.0,0.0001,2.0
599338.0,0.0001,1.0
599341.0,0.0001,1.0
599353.0,0.0001,2.0
599358.0,0.0001,1.0
599363.0,0.0001,2.0
599381.0,0.0001,2.0
599434.0,0.0001,2.0
599440.0,0.0001,3.0
599447.0,0.0001,4.0
599477.0,0.0001,2.0
599494.0,0.0001,1.0
599510.0,0.0001,3.0
599515.0,0.0001,1.0
599549.0,0.0001,4.0
599556.0,0.0001,1.0
599566.0,0.0001,1.0
599591.0,0.0001,3.0
599622.0,0.0001,4.0
599626.0,0.0001,3.0
599642.0,0.0001,1.0
599658.0,0.0001,3.0
599661.0,0.0001,3.0
599681.0,0.0001,3.0
599682.0,0.0001,2.0
599684.0,0.0001,3.0
599723.0,0.0001,3.0
599747.0,0.0001,2.0
599754.0,0.0001,2.0
599775.0,0.0001,1.0
599828.0,0.0001,2.0
599829.0,0.0001,1.0
599841.0,0.0001,2.0
599857.0,0.0001,4.0
599891.0,0.0001,4.0
599917.0,0.0001,2.0
599919.0,0.0001,3.0
599929.0,0.0001,2.0
599937.0,0.0001,1.0
599944.0,0.0001,3.0
599981.0,0.0001,3.0
590027.0,0.0001,1.0
590080.0,0.0001,1.0
590250.0,0.0001,1.0
590316.0,0.0001,1.0
590327.0,0.0001,1.0
590334.0,0.0001,1.0
590388.0,0.0001,1.0
590525.0,0.0001,1.0
590690.0,0.0001,1.0
590821.0,0.0001,1.0
590914.0,0.0001,1.0
590976.0,0.0001,1.0
591203.0,0.0001,1.0
591354.0,0.0001,1.0
591427.0,0.0001,1.0
591629.0,0.0001,1.0
591983.0,0.0001,1.0
592331.0,0.0001,1.0
592862.0,0.0001,1.0
592886.0,0.0001,1.0
593213.0,0.0001,1.0
593303.0,0.0001,1.0
593459.0,0.0001,1.0
593512.0,0.0001,1.0
593745.0,0.0001,1.0
593850.0,0.0001,1.0
593944.0,0.0001,1.0
594130.0,0.0001,1.0
594192.0,0.0001,1.0
594616.0,0.0001,1.0
594704.0,0.0001,1.0
594976.0,0.0001,1.0
595540.0,0.0001,1.0
595756.0,0.0001,1.0
596270.0,0.0001,1.0
596347.0,0.0001,1.0
596539.0,0.0001,1.0
596767.0,0.0001,1.0
596818.0,0.0001,1.0
596840.0,0.0001,1.0
597357.0,0.0001,1.0
597626.0,0.0001,1.0
598050.0,0.0001,1.0
598082.0,0.0001,1.0
598304.0,0.0001,1.0
598333.0,0.0001,1.0
598679.0,0.0001,1.0
598691.0,0.0001,1.0
599039.0,0.0001,1.0
599824.0,0.0001,1.0
600005.0,0.0001072,1.0
600024.0,0.0001072,4.0
600027.0,0.0001072,2.0
600032.0,0.0001072,2.0
600036.0,0.0001072,3.0
600063.0,0.0001072,1.0
600064.0,0.0001072,2.0
600070.0,0.0001072,2.0
600080.0,0.0001072,1.0
600085.0,0.0001072,3.0
600106.0,0.0001072,2.0
600123.0,0.0001072,1.0
600126.0,0.0001072,1.0
600199.0,0.0001072,2.0
600210.0,0.0001072,3.0
600235.0,0.0001072,3.0
600238.0,0.0001072,1.0
600278.0,0.0001072,1.0
600291.0,0.0001072,2.0
600307.0,0.0001072,2.0
600316.0,0.0001072,1.0
600334.0,0.0001072,1.0
600346.0,0.0001072,2.0
600373.0,0.0001072,3.0
600383.0,0.0001072,2.0
600388.0,0.0001072,2.0
600389.0,0.0001072,3.0
600400.0,0.0001072,1.0
600402.0,0.0001072,2.0
600474.0,0.0001072,2.0
600490.0,0.0001072,1.0
600505.0,0.0001072,3.0
600508.0,0.0001072,2.0
600515.0,0.0001072,1.0
600543.0,0.0001072,1.0
600554.0,0.0001072,3.0
600592.0,0.0001072,2.0
600620.0,0.0001072,3.0
600634.0,0.0001072,1.0
600642.0,0.0001072,2.0
600665.0,0.0001072,3.0
600680.0,0.0001072,2.0
600681.0,0.0001072,2.0
600683.0,0.0001072,2.0
600687.0,0.0001072,2.0
600690.0,0.0001072,1.0
600725.0,0.0001072,3.0
600730.0,0.0001072,1.0
600737.0,0.0001072,3.0
600754.0,0.0001072,2.0
600760.0,0.0001072,1.0
600788.0,0.0001072,1.0
600800.0,0.0001072,1.0
600821.0,0.0001072,1.0
600837.0,0.0001072,1.0
600841.0,0.0001072,1.0
600846.0,0.0001072,1.0
600870.0,0.0001072,4.0
600884.0,0.0001072,1.0
600889.0,0.0001072,1.0
600896.0,0.0001072,2.0
600913.0,0.0001072,2.0
600914.0,0.0001072,2.0
600973.0,0.0001072,3.0
600976.0,0.0001072,2.0
600982.0,0.0001072,3.0
600997.0,0.0001072,4.0
601000.0,0.0001072,4.0
601008.0,0.0001072,2.0
601023.0,0.0001072,1.0
601041.0,0.0001072,3.0
601046.0,0.0001072,1.0
601048.0,0.0001072,3.0
601078.0,0.0001072,3.0
601099.0,0.0001072,3.0
601103.0,0.0001072,2.0
601108.0,0.0001072,1.0
601118.0,0.0001072,1.0
601124.0,0.0001072,3.0
601139.0,0.0001072,1.0
601147.0,0.0001072,4.0
601158.0,0.0001072,1.0
601161.0,0.0001072,1.0
601170.0,0.0001072,1.0
601200.0,0.0001072,3.0
601202.0,0.0001072,1.0
601203.0,0.0001072,1.0
601206.0,0.0001072,1.0
601238.0,0.0001072,1.0
601266.0,0.0001072,1.0
601285.0,0.0001072,1.0
601286.0,0.0001072,1.0
601289.0,0.0001072,1.0
601298.0,0.0001072,1.0
601316.0,0.0001072,2.0
601341.0,0.0001072,3.0
601354.0,0.0001072,1.0
601390.0,0.0001072,1.0
601396.0,0.0001072,2.0
601403.0,0.0001072,2.0
601406.0,0.0001072,1.0
601427.0,0.0001072,2.0
601448.0,0.0001072,1.0
601454.0,0.0001072,1.0
601479.0,0.0001072,2.0
601494.0,0.0001072,1.0
601512.0,0.0001072,1.0
601537.0,0.0001072,2.0
601546.0,0.0001072,1.0
601563.0,0.0001072,2.0
601576.0,0.0001072,2.0
601580.0,0.0001072,3.0
601585.0,0.0001072,2.0
601589.0,0.0001072,2.0
601600.0,0.0001072,1.0
601602.0,0.0001072,1.0
601603.0,0.0001072,2.0
601629.0,0.0001072,1.0
601645.0,0.0001072,3.0
601666.0,0.0001072,1.0
601679.0,0.0001072,2.0
601687.0,0.0001072,1.0
601695.0,0.0001072,2.0
601730.0,0.0001072,2.0
601741.0,0.0001072,1.0
601754.0,0.0001072,1.0
601756.0,0.0001072,2.0
601777.0,0.0001072,4.0
601790.0,0.0001072,2.0
601811.0,0.0001072,1.0
601820.0,0.0001072,1.0
601826.0,0.0001072,3.0
601848.0,0.0001072,1.0
601867.0,0.0001072,1.0
601874.0,0.0001072,1.0
601906.0,0.0001072,1.0
601908.0,0.0001072,1.0
601921.0,0.0001072,2.0
601938.0,0.0001072,2.0
601957.0,0.0001072,1.0
601964.0,0.0001072,2.0
601983.0,0.0001072,1.0
601986.0,0.0001072,2.0
601997.0,0.0001072,3.0
602026.0,0.0001072,5.0
602029.0,0.0001072,1.0
602031.0,0.0001072,1.0
602043.0,0.0001072,4.0
602047.0,0.0001072,5.0
602075.0,0.0001072,1.0
602087.0,0.0001072,2.0
602150.0,0.0001072,2.0
602177.0,0.0001072,1.0
602187.0,0.0001072,1.0
602210.0,0.0001072,2.0
602216.0,0.0001072,1.0
602264.0,0.0001072,2.0
602271.0,0.0001072,2.0
602273.0,0.0001072,2.0
602299.0,0.0001072,2.0
602303.0,0.0001072,3.0
602313.0,0.0001072,1.0
602331.0,0.0001072,1.0
602339.0,0.0001072,3.0
602340.0,0.0001072,2.0
602343.0,0.0001072,1.0
602345.0,0.0001072,1.0
602352.0,0.0001072,2.0
602354.0,0.0001072,2.0
602358.0,0.0001072,2.0
602368.0,0.0001072,3.0
602376.0,0.0001072,1.0
602389.0,0.0001072,2.0
602401.0,0.0001072,1.0
602404.0,0.0001072,1.0
602413.0,0.0001072,2.0
602424.0,0.0001072,2.0
602434.0,0.0001072,1.0
602461.0,0.0001072,3.0
602511.0,0.0001072,2.0
602514.0,0.0001072,1.0
602557.0,0.0001072,1.0
602568.0,0.0001072,5.0
602576.0,0.0001072,1.0
602633.0,0.0001072,3.0
602634.0,0.0001072,1.0
602702.0,0.0001072,2.0
602716.0,0.0001072,3.0
602725.0,0.0001072,3.0
602726.0,0.0001072,1.0
602736.0,0.0001072,2.0
602760.0,0.0001072,2.0
602764.0,0.0001072,1.0
602766.0,0.0001072,2.0
602786.0,0.0001072,1.0
602819.0,0.0001072,3.0
602825.0,0.0001072,2.0
602837.0,0.0001072,3.0
602839.0,0.0001072,1.0
602861.0,0.0001072,2.0
602862.0,0.0001072,1.0
602872.0,0.0001072,3.0
602875.0,0.0001072,1.0
602886.0,0.0001072,2.0
602888.0,0.0001072,1.0
602892.0,0.0001072,2.0
602894.0,0.0001072,1.0
602945.0,0.0001072,2.0
602949.0,0.0001072,2.0
602959.0,0.0001072,1.0
602978.0,0.0001072,2.0
603005.0,0.0001072,1.0
603027.0,0.0001072,1.0
603048.0,0.0001072,1.0
603055.0,0.0001072,2.0
603056.0,0.0001072,1.0
603063.0,0.0001072,2.0
603088.0,0.0001072,1.0
603089.0,0.0001072,3.0
603093.0,0.0001072,2.0
603108.0,0.0001072,1.0
603110.0,0.0001072,2.0
603120.0,0.0001072,2.0
603124.0,0.0001072,1.0
603142.0,0.0001072,4.0
603145.0,0.0001072,2.0
603205.0,0.0001072,1.0
603213.0,0.0001072,3.0
603218.0,0.0001072,1.0
603240.0,0.0001072,1.0
603246.0,0.0001072,2.0
603251.0,0.0001072,2.0
603252.0,0.0001072,5.0
603254.0,0.0001072,3.0
603271.0,0.0001072,2.0
603275.0,0.0001072,1.0
603287.0,0.0001072,1.0
603297.0,0.0001072,1.0
603300.0,0.0001072,2.0
603303.0,0.0001072,1.0
603305.0,0.0001072,2.0
603314.0,0.0001072,3.0
603341.0,0.0001072,1.0
603392.0,0.0001072,1.0
603410.0,0.0001072,1.0
603414.0,0.0001072,1.0
603426.0,0.0001072,1.0
603454.0,0.0001072,1.0
603459.0,0.0001072,1.0
603461.0,0.0001072,2.0
603474.0,0.0001072,1.0
603492.0,0.0001072,2.0
603493.0,0.0001072,2.0
603512.0,0.0001072,1.0
603514.0,0.0001072,3.0
603517.0,0.0001072,3.0
603529.0,0.0001072,3.0
603530.0,0.0001072,1.0
603544.0,0.0001072,1.0
603550.0,0.0001072,3.0
603568.0,0.0001072,3.0
603577.0,0.0001072,2.0
603588.0,0.0001072,2.0
603644.0,0.0001072,3.0
603655.0,0.0001072,1.0
603660.0,0.0001072,1.0
603671.0,0.0001072,2.0
603682.0,0.0001072,3.0
603686.0,0.0001072,1.0
603717.0,0.0001072,2.0
603745.0,0.0001072,1.0
603771.0,0.0001072,2.0
603775.0,0.0001072,2.0
603777.0,0.0001072,3.0
603809.0,0.0001072,1.0
603813.0,0.0001072,5.0
603818.0,0.0001072,1.0
603827.0,0.0001072,1.0
603850.0,0.0001072,1.0
603857.0,0.0001072,3.0
603881.0,0.0001072,1.0
603936.0,0.0001072,2.0
603937.0,0.0001072,2.0
603944.0,0.0001072,2.0
603953.0,0.0001072,1.0
603972.0,0.0001072,2.0
603977.0,0.0001072,3.0
603984.0,0.0001072,2.0
603985.0,0.0001072,1.0
603994.0,0.0001072,1.0
603995.0,0.0001072,3.0
603996.0,0.0001072,3.0
604001.0,0.0001072,1.0
604004.0,0.0001072,2.0
604015.0,0.0001072,2.0
604025.0,0.0001072,2.0
604028.0,0.0001072,5.0
604034.0,0.0001072,2.0
604043.0,0.0001072,2.0
604045.0,0.0001072,2.0
604059.0,0.0001072,2.0
604103.0,0.0001072,2.0
604107.0,0.0001072,1.0
604130.0,0.0001072,1.0
604135.0,0.0001072,2.0
604139.0,0.0001072,1.0
604165.0,0.0001072,4.0
604184.0,0.0001072,1.0
604187.0,0.0001072,1.0
604203.0,0.0001072,2.0
604232.0,0.0001072,1.0
604237.0,0.0001072,6.0
604251.0,0.0001072,2.0
604255.0,0.0001072,1.0
604264.0,0.0001072,3.0
604281.0,0.0001072,2.0
604285.0,0.0001072,2.0
604288.0,0.0001072,1.0
604294.0,0.0001072,3.0
604308.0,0.0001072,3.0
604312.0,0.0001072,1.0
604337.0,0.0001072,1.0
604343.0,0.0001072,3.0
604344.0,0.0001072,1.0
604348.0,0.0001072,4.0
604349.0,0.0001072,1.0
604362.0,0.0001072,3.0
604408.0,0.0001072,2.0
604417.0,0.0001072,1.0
604421.0,0.0001072,1.0
604430.0,0.0001072,1.0
604432.0,0.0001072,2.0
604455.0,0.0001072,2.0
604472.0,0.0001072,1.0
604476.0,0.0001072,2.0
604509.0,0.0001072,1.0
604518.0,0.0001072,1.0
604522.0,0.0001072,1.0
604546.0,0.0001072,2.0
604549.0,0.0001072,2.0
604572.0,0.0001072,1.0
604575.0,0.0001072,1.0
604579.0,0.0001072,1.0
604603.0,0.0001072,2.0
604614.0,0.0001072,1.0
604615.0,0.0001072,3.0
604616.0,0.0001072,3.0
604640.0,0.0001072,1.0
604654.0,0.0001072,4.0
604675.0,0.0001072,1.0
604691.0,0.0001072,1.0
604704.0,0.0001072,1.0
604721.0,0.0001072,2.0
604727.0,0.0001072,1.0
604737.0,0.0001072,3.0
604739.0,0.0001072,3.0
604741.0,0.0001072,3.0
604758.0,0.0001072,1.0
604780.0,0.0001072,1.0
604802.0,0.0001072,2.0
604811.0,0.0001072,1.0
604822.0,0.0001072,2.0
604831.0,0.0001072,1.0
604833.0,0.0001072,1.0
604866.0,0.0001072,1.0
604906.0,0.0001072,1.0
604917.0,0.0001072,1.0
604927.0,0.0001072,1.0
604928.0,0.0001072,1.0
604943.0,0.0001072,1.0
604966.0,0.0001072,1.0
604975.0,0.0001072,2.0
604976.0,0.0001072,3.0
604977.0,0.0001072,1.0
604990.0,0.0001072,4.0
605005.0,0.0001072,1.0
605022.0,0.0001072,1.0
605030.0,0.0001072,2.0
605043.0,0.0001072,1.0
605044.0,0.0001072,3.0
605051.0,0.0001072,3.0
605059.0,0.0001072,2.0
605074.0,0.0001072,2.0
605088.0,0.0001072,2.0
605101.0,0.0001072,1.0
605121.0,0.0001072,1.0
605146.0,0.0001072,3.0
605157.0,0.0001072,1.0
605160.0,0.0001072,2.0
605170.0,0.0001072,1.0
605181.0,0.0001072,1.0
605191.0,0.0001072,1.0
605200.0,0.0001072,2.0
605204.0,0.0001072,1.0
605212.0,0.0001072,1.0
605235.0,0.0001072,1.0
605253.0,0.0001072,2.0
605281.0,0.0001072,1.0
605304.0,0.0001072,1.0
605305.0,0.0001072,1.0
605319.0,0.0001072,1.0
605328.0,0.0001072,1.0
605344.0,0.0001072,2.0
605353.0,0.0001072,1.0
605354.0,0.0001072,1.0
605357.0,0.0001072,3.0
605390.0,0.0001072,1.0
605401.0,0.0001072,1.0
605437.0,0.0001072,2.0
605450.0,0.0001072,1.0
605451.0,0.0001072,1.0
605465.0,0.0001072,2.0
605470.0,0.0001072,1.0
605488.0,0.0001072,3.0
605503.0,0.0001072,3.0
605532.0,0.0001072,1.0
605534.0,0.0001072,3.0
605540.0,0.0001072,1.0
605543.0,0.0001072,2.0
605548.0,0.0001072,1.0
605549.0,0.0001072,1.0
605555.0,0.0001072,5.0
605596.0,0.0001072,3.0
605608.0,0.0001072,1.0
605610.0,0.0001072,1.0
605621.0,0.0001072,1.0
605639.0,0.0001072,2.0
605642.0,0.0001072,2.0
605652.0,0.0001072,2.0
605660.0,0.0001072,2.0
605663.0,0.0001072,1.0
605672.0,0.0001072,2.0
605728.0,0.0001072,3.0
605749.0,0.0001072,1.0
605767.0,0.0001072,2.0
605773.0,0.0001072,3.0
605785.0,0.0001072,1.0
605803.0,0.0001072,1.0
605815.0,0.0001072,3.0
605818.0,0.0001072,3.0
605835.0,0.0001072,1.0
605844.0,0.0001072,2.0
605856.0,0.0001072,4.0
605866.0,0.0001072,1.0
605893.0,0.0001072,2.0
605895.0,0.0001072,2.0
605936.0,0.0001072,1.0
605945.0,0.0001072,3.0
605950.0,0.0001072,1.0
605969.0,0.0001072,3.0
605973.0,0.0001072,1.0
605987.0,0.0001072,1.0
605989.0,0.0001072,2.0
606046.0,0.0001072,2.0
606048.0,0.0001072,2.0
606059.0,0.0001072,1.0
606071.0,0.0001072,1.0
606095.0,0.0001072,1.0
606109.0,0.0001072,1.0
606113.0,0.0001072,2.0
606118.0,0.0001072,2.0
606125.0,0.0001072,3.0
606180.0,0.0001072,2.0
606199.0,0.0001072,2.0
606227.0,0.0001072,2.0
606241.0,0.0001072,3.0
606266.0,0.0001072,2.0
606276.0,0.0001072,1.0
606295.0,0.0001072,2.0
606308.0,0.0001072,1.0
606322.0,0.0001072,2.0
606326.0,0.0001072,2.0
606337.0,0.0001072,2.0
606344.0,0.0001072,1.0
606347.0,0.0001072,2.0
606410.0,0.0001072,2.0
606432.0,0.0001072,1.0
606436.0,0.0001072,3.0
606465.0,0.0001072,1.0
606483.0,0.0001072,2.0
606519.0,0.0001072,1.0
606520.0,0.0001072,3.0
606539.0,0.0001072,1.0
606540.0,0.0001072,3.0
606556.0,0.0001072,1.0
606573.0,0.0001072,1.0
606574.0,0.0001072,1.0
606584.0,0.0001072,1.0
606590.0,0.0001072,1.0
606634.0,0.0001072,2.0
606648.0,0.0001072,2.0
606650.0,0.0001072,1.0
606707.0,0.0001072,1.0
606714.0,0.0001072,1.0
606767.0,0.0001072,1.0
606790.0,0.0001072,1.0
606793.0,0.0001072,2.0
606805.0,0.0001072,1.0
606814.0,0.0001072,2.0
606818.0,0.0001072,1.0
606820.0,0.0001072,3.0
606859.0,0.0001072,3.0
606860.0,0.0001072,3.0
606888.0,0.0001072,1.0
606909.0,0.0001072,1.0
606913.0,0.0001072,1.0
606923.0,0.0001072,1.0
606928.0,0.0001072,1.0
606935.0,0.0001072,1.0
606949.0,0.0001072,2.0
606970.0,0.0001072,1.0
606986.0,0.0001072,5.0
607025.0,0.0001072,1.0
607050.0,0.0001072,2.0
607080.0,0.0001072,1.0
607126.0,0.0001072,2.0
607148.0,0.0001072,1.0
607170.0,0.0001072,1.0
607177.0,0.0001072,5.0
607187.0,0.0001072,2.0
607197.0,0.0001072,2.0
607199.0,0.0001072,1.0
607226.0,0.0001072,4.0
607238.0,0.0001072,1.0
607255.0,0.0001072,1.0
607268.0,0.0001072,1.0
607273.0,0.0001072,3.0
607286.0,0.0001072,3.0
607305.0,0.0001072,1.0
607308.0,0.0001072,3.0
607309.0,0.0001072,1.0
607322.0,0.0001072,2.0
607341.0,0.0001072,3.0
607348.0,0.0001072,2.0
607356.0,0.0001072,3.0
607357.0,0.0001072,1.0
607358.0,0.0001072,1.0
607364.0,0.0001072,1.0
607369.0,0.0001072,2.0
607406.0,0.0001072,5.0
607415.0,0.0001072,3.0
607427.0,0.0001072,1.0
607434.0,0.0001072,1.0
607453.0,0.0001072,3.0
607466.0,0.0001072,1.0
607471.0,0.0001072,2.0
607482.0,0.0001072,2.0
607514.0,0.0001072,2.0
607520.0,0.0001072,1.0
607535.0,0.0001072,2.0
607537.0,0.0001072,1.0
607558.0,0.0001072,2.0
607612.0,0.0001072,1.0
607620.0,0.0001072,1.0
607624.0,0.0001072,1.0
607626.0,0.0001072,2.0
607636.0,0.0001072,1.0
607642.0,0.0001072,2.0
607659.0,0.0001072,3.0
607673.0,0.0001072,1.0
607694.0,0.0001072,2.0
607699.0,0.0001072,2.0
607701.0,0.0001072,3.0
607706.0,0.0001072,3.0
607710.0,0.0001072,1.0
607711.0,0.0001072,2.0
607721.0,0.0001072,2.0
607728.0,0.0001072,2.0
607752.0,0.0001072,3.0
607761.0,0.0001072,2.0
607765.0,0.0001072,6.0
607778.0,0.0001072,3.0
607817.0,0.0001072,2.0
607819.0,0.0001072,1.0
607829.0,0.0001072,2.0
607840.0,0.0001072,1.0
607847.0,0.0001072,2.0
607852.0,0.0001072,2.0
607878.0,0.0001072,1.0
607888.0,0.0001072,1.0
607917.0,0.0001072,1.0
607923.0,0.0001072,1.0
607941.0,0.0001072,1.0
607948.0,0.0001072,1.0
607991.0,0.0001072,1.0
608026.0,0.0001072,2.0
608031.0,0.0001072,3.0
608050.0,0.0001072,1.0
608055.0,0.0001072,2.0
608080.0,0.0001072,1.0
608082.0,0.0001072,1.0
608086.0,0.0001072,1.0
608088.0,0.0001072,1.0
608105.0,0.0001072,3.0
608113.0,0.0001072,2.0
608117.0,0.0001072,2.0
608123.0,0.0001072,1.0
608146.0,0.0001072,2.0
608161.0,0.0001072,1.0
608171.0,0.0001072,1.0
608177.0,0.0001072,1.0
608188.0,0.0001072,2.0
608207.0,0.0001072,2.0
608228.0,0.0001072,1.0
608245.0,0.0001072,1.0
608259.0,0.0001072,1.0
608276.0,0.0001072,2.0
608304.0,0.0001072,1.0
608305.0,0.0001072,2.0
608307.0,0.0001072,2.0
608322.0,0.0001072,1.0
608333.0,0.0001072,1.0
608352.0,0.0001072,3.0
608356.0,0.0001072,3.0
608392.0,0.0001072,1.0
608405.0,0.0001072,1.0
608453.0,0.0001072,2.0
608462.0,0.0001072,4.0
608468.0,0.0001072,1.0
608469.0,0.0001072,4.0
608473.0,0.0001072,1.0
608485.0,0.0001072,1.0
608493.0,0.0001072,1.0
608499.0,0.0001072,2.0
608513.0,0.0001072,2.0
608519.0,0.0001072,1.0
608535.0,0.0001072,2.0
608553.0,0.0001072,1.0
608678.0,0.0001072,5.0
608679.0,0.0001072,1.0
608686.0,0.0001072,1.0
608691.0,0.0001072,1.0
608703.0,0.0001072,3.0
608718.0,0.0001072,2.0
608725.0,0.0001072,1.0
608732.0,0.0001072,1.0
608742.0,0.0001072,1.0
608752.0,0.0001072,5.0
608769.0,0.0001072,3.0
608783.0,0.0001072,2.0
608788.0,0.0001072,1.0
608795.0,0.0001072,3.0
608796.0,0.0001072,5.0
608805.0,0.0001072,1.0
608814.0,0.0001072,4.0
608820.0,0.0001072,2.0
608829.0,0.0001072,1.0
608833.0,0.0001072,1.0
608857.0,0.0001072,2.0
608868.0,0.0001072,1.0
608869.0,0.0001072,2.0
608872.0,0.0001072,2.0
608879.0,0.0001072,2.0
608897.0,0.0001072,3.0
608904.0,0.0001072,1.0
608912.0,0.0001072,1.0
608917.0,0.0001072,1.0
608921.0,0.0001072,1.0
608930.0,0.0001072,2.0
608933.0,0.0001072,1.0
608993.0,0.0001072,1.0
608994.0,0.0001072,1.0
609009.0,0.0001072,1.0
609015.0,0.0001072,2.0
609026.0,0.0001072,2.0
609039.0,0.0001072,1.0
609043.0,0.0001072,2.0
609050.0,0.0001072,2.0
609054.0,0.0001072,2.0
609059.0,0.0001072,1.0
609068.0,0.0001072,2.0
609082.0,0.0001072,2.0
609085.0,0.0001072,3.0
609092.0,0.0001072,1.0
609096.0,0.0001072,4.0
609133.0,0.0001072,2.0
609151.0,0.0001072,1.0
609154.0,0.0001072,1.0
609177.0,0.0001072,1.0
609185.0,0.0001072,1.0
609202.0,0.0001072,1.0
609206.0,0.0001072,3.0
609218.0,0.0001072,1.0
609234.0,0.0001072,1.0
609241.0,0.0001072,2.0
609253.0,0.0001072,1.0
609270.0,0.0001072,2.0
609295.0,0.0001072,3.0
609298.0,0.0001072,3.0
609320.0,0.0001072,2.0
609321.0,0.0001072,2.0
609338.0,0.0001072,1.0
609353.0,0.0001072,1.0
609406.0,0.0001072,1.0
609408.0,0.0001072,1.0
609434.0,0.0001072,4.0
609440.0,0.0001072,5.0
609447.0,0.0001072,3.0
609477.0,0.0001072,1.0
609510.0,0.0001072,2.0
609533.0,0.0001072,1.0
609549.0,0.0001072,2.0
609550.0,0.0001072,1.0
609556.0,0.0001072,2.0
609565.0,0.0001072,1.0
609585.0,0.0001072,1.0
609586.0,0.0001072,1.0
609591.0,0.0001072,2.0
609622.0,0.0001072,2.0
609658.0,0.0001072,2.0
609661.0,0.0001072,2.0
609681.0,0.0001072,1.0
609682.0,0.0001072,1.0
609684.0,0.0001072,2.0
609723.0,0.0001072,2.0
609728.0,0.0001072,1.0
609730.0,0.0001072,1.0
609754.0,0.0001072,1.0
609824.0,0.0001072,1.0
609826.0,0.0001072,1.0
609828.0,0.0001072,1.0
609841.0,0.0001072,2.0
609842.0,0.0001072,1.0
609847.0,0.0001072,1.0
609857.0,0.0001072,4.0
609891.0,0.0001072,2.0
609919.0,0.0001072,2.0
609924.0,0.0001072,1.0
609929.0,0.0001072,1.0
609937.0,0.0001072,1.0
609944.0,0.0001072,3.0
609981.0,0.0001072,1.0
600004.0,0.0001072,1.0
600040.0,0.0001072,1.0
600107.0,0.0001072,1.0
600109.0,0.0001072,1.0
600120.0,0.0001072,1.0
600244.0,0.0001072,1.0
600328.0,0.0001072,1.0
600344.0,0.0001072,1.0
600441.0,0.0001072,1.0
600551.0,0.0001072,1.0
600628.0,0.0001072,1.0
600790.0,0.0001072,1.0
600998.0,0.0001072,1.0
601051.0,0.0001072,1.0
601106.0,0.0001072,1.0
601151.0,0.0001072,1.0
601156.0,0.0001072,1.0
601282.0,0.0001072,1.0
601290.0,0.0001072,1.0
601436.0,0.0001072,1.0
601611.0,0.0001072,1.0
601684.0,0.0001072,1.0
601713.0,0.0001072,1.0
601781.0,0.0001072,1.0
601824.0,0.0001072,3.0
601972.0,0.0001072,1.0
602015.0,0.0001072,1.0
602078.0,0.0001072,1.0
602173.0,0.0001072,1.0
602239.0,0.0001072,1.0
602438.0,0.0001072,1.0
602571.0,0.0001072,1.0
602624.0,0.0001072,1.0
602772.0,0.0001072,1.0
602826.0,0.0001072,1.0
603019.0,0.0001072,1.0
603197.0,0.0001072,2.0
603290.0,0.0001072,1.0
603302.0,0.0001072,3.0
603345.0,0.0001072,1.0
603376.0,0.0001072,2.0
603381.0,0.0001072,1.0
603615.0,0.0001072,1.0
603619.0,0.0001072,1.0
603889.0,0.0001072,1.0
604038.0,0.0001072,1.0
604054.0,0.0001072,1.0
604211.0,0.0001072,1.0
604253.0,0.0001072,1.0
604437.0,0.0001072,1.0
604450.0,0.0001072,1.0
604480.0,0.0001072,1.0
604701.0,0.0001072,1.0
604834.0,0.0001072,1.0
604909.0,0.0001072,1.0
604936.0,0.0001072,1.0
605223.0,0.0001072,1.0
605247.0,0.0001072,1.0
605278.0,0.0001072,1.0
605306.0,0.0001072,1.0
605429.0,0.0001072,1.0
605456.0,0.0001072,1.0
605482.0,0.0001072,1.0
605521.0,0.0001072,1.0
605626.0,0.0001072,1.0
605805.0,0.0001072,2.0
605965.0,0.0001072,1.0
605999.0,0.0001072,1.0
606009.0,0.0001072,1.0
606131.0,0.0001072,1.0
606172.0,0.0001072,1.0
606224.0,0.0001072,1.0
606248.0,0.0001072,1.0
606388.0,0.0001072,1.0
606450.0,0.0001072,1.0
606525.0,0.0001072,1.0
606602.0,0.0001072,1.0
606636.0,0.0001072,1.0
606747.0,0.0001072,1.0
606834.0,0.0001072,1.0
607083.0,0.0001072,2.0
607145.0,0.0001072,1.0
607150.0,0.0001072,1.0
607189.0,0.0001072,1.0
607264.0,0.0001072,1.0
607276.0,0.0001072,1.0
607298.0,0.0001072,2.0
607300.0,0.0001072,1.0
607366.0,0.0001072,1.0
607437.0,0.0001072,1.0
607487.0,0.0001072,1.0
607563.0,0.0001072,1.0
607565.0,0.0001072,1.0
607622.0,0.0001072,1.0
607714.0,0.0001072,1.0
607820.0,0.0001072,1.0
607834.0,0.0001072,1.0
607859.0,0.0001072,2.0
607881.0,0.0001072,1.0
607943.0,0.0001072,1.0
607957.0,0.0001072,1.0
607966.0,0.0001072,1.0
608041.0,0.0001072,2.0
608058.0,0.0001072,1.0
608163.0,0.0001072,1.0
608247.0,0.0001072,1.0
608366.0,0.0001072,1.0
608565.0,0.0001072,1.0
608885.0,0.0001072,1.0
608986.0,0.0001072,1.0
609220.0,0.0001072,1.0
609363.0,0.0001072,1.0
609387.0,0.0001072,1.0
609515.0,0.0001072,1.0
609527.0,0.0001072,1.0
609566.0,0.0001072,1.0
609628.0,0.0001072,1.0
609693.0,0.0001072,3.0
609917.0,0.0001072,1.0
600756.0,0.0001072,1.0
600783.0,0.0001072,1.0
605698.0,0.0001072,1.0
607089.0,0.0001072,1.0
607590.0,0.0001072,1.0
609017.0,0.0001072,1.0
609189.0,0.0001072,1.0
609233.0,0.0001072,1.0
610004.0,0.000115,1.0
610024.0,0.000115,3.0
610032.0,0.000115,3.0
610036.0,0.000115,3.0
610038.0,0.000115,1.0
610040.0,0.000115,3.0
610053.0,0.000115,1.0
610062.0,0.000115,1.0
610064.0,0.000115,3.0
610070.0,0.000115,3.0
610076.0,0.000115,1.0
610081.0,0.000115,1.0
610085.0,0.000115,3.0
610103.0,0.000115,1.0
610106.0,0.000115,3.0
610107.0,0.000115,3.0
610109.0,0.000115,3.0
610123.0,0.000115,3.0
610126.0,0.000115,2.0
610136.0,0.000115,1.0
610199.0,0.000115,2.0
610204.0,0.000115,1.0
610210.0,0.000115,3.0
610235.0,0.000115,3.0
610238.0,0.000115,2.0
610244.0,0.000115,2.0
610250.0,0.000115,3.0
610269.0,0.000115,1.0
610291.0,0.000115,2.0
610298.0,0.000115,1.0
610307.0,0.000115,2.0
610313.0,0.000115,1.0
610328.0,0.000115,2.0
610344.0,0.000115,1.0
610346.0,0.000115,2.0
610349.0,0.000115,1.0
610353.0,0.000115,1.0
610373.0,0.000115,4.0
610383.0,0.000115,2.0
610388.0,0.000115,2.0
610389.0,0.000115,4.0
610400.0,0.000115,1.0
610402.0,0.000115,3.0
610425.0,0.000115,1.0
610441.0,0.000115,1.0
610461.0,0.000115,2.0
610474.0,0.000115,3.0
610505.0,0.000115,2.0
610508.0,0.000115,3.0
610531.0,0.000115,1.0
610551.0,0.000115,3.0
610554.0,0.000115,3.0
610561.0,0.000115,1.0
610585.0,0.000115,2.0
610592.0,0.000115,4.0
610620.0,0.000115,2.0
610628.0,0.000115,2.0
610653.0,0.000115,1.0
610665.0,0.000115,3.0
610673.0,0.000115,1.0
610677.0,0.000115,1.0
610680.0,0.000115,3.0
610681.0,0.000115,3.0
610687.0,0.000115,3.0
610718.0,0.000115,1.0
610725.0,0.000115,3.0
610737.0,0.000115,2.0
610741.0,0.000115,1.0
610754.0,0.000115,2.0
610756.0,0.000115,1.0
610783.0,0.000115,3.0
610788.0,0.000115,2.0
610790.0,0.000115,1.0
610796.0,0.000115,1.0
610800.0,0.000115,1.0
610837.0,0.000115,4.0
610841.0,0.000115,4.0
610846.0,0.000115,2.0
610849.0,0.000115,1.0
610870.0,0.000115,3.0
610876.0,0.000115,1.0
610896.0,0.000115,1.0
610904.0,0.000115,1.0
610913.0,0.000115,4.0
610914.0,0.000115,3.0
610935.0,0.000115,1.0
610973.0,0.000115,5.0
610982.0,0.000115,3.0
610997.0,0.000115,3.0
610998.0,0.000115,1.0
610999.0,0.000115,1.0
611000.0,0.000115,2.0
611019.0,0.000115,1.0
611030.0,0.000115,1.0
611031.0,0.000115,1.0
611041.0,0.000115,3.0
611048.0,0.000115,3.0
611051.0,0.000115,1.0
611063.0,0.000115,1.0
611066.0,0.000115,1.0
611078.0,0.000115,2.0
611099.0,0.000115,4.0
611106.0,0.000115,1.0
611109.0,0.000115,1.0
611118.0,0.000115,2.0
611124.0,0.000115,4.0
611132.0,0.000115,1.0
611138.0,0.000115,1.0
611139.0,0.000115,1.0
611147.0,0.000115,3.0
611148.0,0.000115,1.0
611151.0,0.000115,3.0
611179.0,0.000115,2.0
611200.0,0.000115,2.0
611202.0,0.000115,3.0
611203.0,0.000115,2.0
611212.0,0.000115,3.0
611216.0,0.000115,1.0
611238.0,0.000115,1.0
611256.0,0.000115,2.0
611266.0,0.000115,3.0
611282.0,0.000115,3.0
611288.0,0.000115,1.0
611290.0,0.000115,1.0
611308.0,0.000115,1.0
611316.0,0.000115,3.0
611317.0,0.000115,1.0
611320.0,0.000115,1.0
611325.0,0.000115,1.0
611336.0,0.000115,1.0
611341.0,0.000115,3.0
611350.0,0.000115,1.0
611396.0,0.000115,3.0
611403.0,0.000115,2.0
611432.0,0.000115,1.0
611436.0,0.000115,2.0
611439.0,0.000115,1.0
611449.0,0.000115,1.0
611453.0,0.000115,1.0
611458.0,0.000115,3.0
611479.0,0.000115,2.0
611486.0,0.000115,3.0
611494.0,0.000115,2.0
611534.0,0.000115,1.0
611535.0,0.000115,1.0
611537.0,0.000115,3.0
611563.0,0.000115,3.0
611566.0,0.000115,1.0
611572.0,0.000115,3.0
611576.0,0.000115,4.0
611580.0,0.000115,3.0
611581.0,0.000115,1.0
611585.0,0.000115,3.0
611589.0,0.000115,2.0
611600.0,0.000115,3.0
611603.0,0.000115,3.0
611611.0,0.000115,1.0
611619.0,0.000115,1.0
611645.0,0.000115,3.0
611679.0,0.000115,2.0
611684.0,0.000115,1.0
611695.0,0.000115,3.0
611713.0,0.000115,1.0
611715.0,0.000115,1.0
611721.0,0.000115,1.0
611730.0,0.000115,3.0
611759.0,0.000115,1.0
611777.0,0.000115,3.0
611781.0,0.000115,2.0
611788.0,0.000115,1.0
611790.0,0.000115,3.0
611800.0,0.000115,1.0
611816.0,0.000115,1.0
611824.0,0.000115,3.0
611826.0,0.000115,4.0
611875.0,0.000115,1.0
611906.0,0.000115,1.0
611907.0,0.000115,1.0
611921.0,0.000115,2.0
611938.0,0.000115,3.0
611964.0,0.000115,4.0
611972.0,0.000115,1.0
611976.0,0.000115,1.0
611982.0,0.000115,1.0
611986.0,0.000115,3.0
611997.0,0.000115,2.0
612015.0,0.000115,2.0
612026.0,0.000115,3.0
612043.0,0.000115,3.0
612062.0,0.000115,1.0
612078.0,0.000115,3.0
612087.0,0.000115,4.0
612094.0,0.000115,1.0
612150.0,0.000115,2.0
612156.0,0.000115,1.0
612161.0,0.000115,1.0
612173.0,0.000115,3.0
612177.0,0.000115,3.0
612192.0,0.000115,1.0
612202.0,0.000115,1.0
612210.0,0.000115,3.0
612239.0,0.000115,3.0
612255.0,0.000115,1.0
612264.0,0.000115,3.0
612271.0,0.000115,3.0
612273.0,0.000115,3.0
612299.0,0.000115,1.0
612303.0,0.000115,3.0
612318.0,0.000115,2.0
612324.0,0.000115,1.0
612339.0,0.000115,3.0
612340.0,0.000115,4.0
612352.0,0.000115,2.0
612354.0,0.000115,3.0
612358.0,0.000115,4.0
612368.0,0.000115,3.0
612372.0,0.000115,1.0
612389.0,0.000115,3.0
612393.0,0.000115,1.0
612397.0,0.000115,3.0
612403.0,0.000115,1.0
612409.0,0.000115,1.0
612413.0,0.000115,3.0
612438.0,0.000115,3.0
612453.0,0.000115,1.0
612483.0,0.000115,1.0
612503.0,0.000115,3.0
612511.0,0.000115,4.0
612557.0,0.000115,2.0
612568.0,0.000115,4.0
612571.0,0.000115,3.0
612576.0,0.000115,1.0
612624.0,0.000115,3.0
612634.0,0.000115,2.0
612646.0,0.000115,1.0
612702.0,0.000115,2.0
612711.0,0.000115,1.0
612716.0,0.000115,3.0
612725.0,0.000115,3.0
612736.0,0.000115,4.0
612738.0,0.000115,1.0
612752.0,0.000115,1.0
612753.0,0.000115,1.0
612760.0,0.000115,2.0
612761.0,0.000115,1.0
612764.0,0.000115,3.0
612772.0,0.000115,1.0
612775.0,0.000115,2.0
612777.0,0.000115,3.0
612807.0,0.000115,1.0
612812.0,0.000115,1.0
612818.0,0.000115,2.0
612819.0,0.000115,3.0
612820.0,0.000115,1.0
612825.0,0.000115,3.0
612826.0,0.000115,1.0
612829.0,0.000115,1.0
612830.0,0.000115,1.0
612837.0,0.000115,3.0
612861.0,0.000115,3.0
612871.0,0.000115,2.0
612872.0,0.000115,3.0
612875.0,0.000115,2.0
612886.0,0.000115,2.0
612887.0,0.000115,1.0
612892.0,0.000115,3.0
612915.0,0.000115,3.0
612945.0,0.000115,2.0
612949.0,0.000115,4.0
612978.0,0.000115,3.0
612989.0,0.000115,1.0
613019.0,0.000115,3.0
613027.0,0.000115,2.0
613048.0,0.000115,2.0
613055.0,0.000115,2.0
613063.0,0.000115,3.0
613071.0,0.000115,2.0
613085.0,0.000115,1.0
613088.0,0.000115,4.0
613089.0,0.000115,3.0
613108.0,0.000115,2.0
613110.0,0.000115,2.0
613120.0,0.000115,3.0
613145.0,0.000115,4.0
613147.0,0.000115,1.0
613162.0,0.000115,2.0
613170.0,0.000115,1.0
613197.0,0.000115,1.0
613198.0,0.000115,1.0
613203.0,0.000115,1.0
613205.0,0.000115,2.0
613213.0,0.000115,2.0
613218.0,0.000115,2.0
613246.0,0.000115,3.0
613250.0,0.000115,1.0
613251.0,0.000115,4.0
613252.0,0.000115,3.0
613271.0,0.000115,2.0
613290.0,0.000115,3.0
613300.0,0.000115,3.0
613302.0,0.000115,3.0
613305.0,0.000115,2.0
613314.0,0.000115,2.0
613340.0,0.000115,2.0
613341.0,0.000115,3.0
613345.0,0.000115,1.0
613363.0,0.000115,3.0
613376.0,0.000115,3.0
613381.0,0.000115,1.0
613401.0,0.000115,1.0
613411.0,0.000115,3.0
613454.0,0.000115,4.0
613457.0,0.000115,1.0
613459.0,0.000115,2.0
613461.0,0.000115,3.0
613474.0,0.000115,3.0
613492.0,0.000115,1.0
613493.0,0.000115,2.0
613495.0,0.000115,3.0
613508.0,0.000115,1.0
613512.0,0.000115,2.0
613514.0,0.000115,3.0
613523.0,0.000115,1.0
613529.0,0.000115,3.0
613530.0,0.000115,4.0
613544.0,0.000115,3.0
613550.0,0.000115,3.0
613552.0,0.000115,1.0
613566.0,0.000115,1.0
613568.0,0.000115,3.0
613577.0,0.000115,3.0
613588.0,0.000115,1.0
613615.0,0.000115,1.0
613619.0,0.000115,1.0
613644.0,0.000115,3.0
613649.0,0.000115,1.0
613653.0,0.000115,3.0
613660.0,0.000115,2.0
613671.0,0.000115,1.0
613681.0,0.000115,1.0
613682.0,0.000115,3.0
613696.0,0.000115,1.0
613711.0,0.000115,3.0
613717.0,0.000115,4.0
613736.0,0.000115,1.0
613741.0,0.000115,1.0
613771.0,0.000115,3.0
613775.0,0.000115,4.0
613800.0,0.000115,1.0
613813.0,0.000115,3.0
613818.0,0.000115,3.0
613847.0,0.000115,1.0
613851.0,0.000115,1.0
613853.0,0.000115,1.0
613886.0,0.000115,1.0
613889.0,0.000115,3.0
613936.0,0.000115,1.0
613937.0,0.000115,2.0
613941.0,0.000115,1.0
613944.0,0.000115,2.0
613972.0,0.000115,3.0
613977.0,0.000115,3.0
613982.0,0.000115,1.0
613984.0,0.000115,3.0
613996.0,0.000115,4.0
614001.0,0.000115,2.0
614015.0,0.000115,3.0
614023.0,0.000115,3.0
614025.0,0.000115,4.0
614028.0,0.000115,4.0
614034.0,0.000115,3.0
614038.0,0.000115,1.0
614043.0,0.000115,3.0
614045.0,0.000115,3.0
614050.0,0.000115,1.0
614054.0,0.000115,1.0
614059.0,0.000115,1.0
614096.0,0.000115,4.0
614138.0,0.000115,2.0
614165.0,0.000115,4.0
614171.0,0.000115,4.0
614184.0,0.000115,2.0
614203.0,0.000115,3.0
614211.0,0.000115,1.0
614233.0,0.000115,1.0
614234.0,0.000115,1.0
614235.0,0.000115,1.0
614237.0,0.000115,4.0
614251.0,0.000115,4.0
614253.0,0.000115,3.0
614255.0,0.000115,2.0
614258.0,0.000115,1.0
614262.0,0.000115,3.0
614264.0,0.000115,2.0
614274.0,0.000115,3.0
614281.0,0.000115,2.0
614285.0,0.000115,4.0
614294.0,0.000115,2.0
614308.0,0.000115,2.0
614337.0,0.000115,2.0
614343.0,0.000115,3.0
614344.0,0.000115,3.0
614345.0,0.000115,2.0
614348.0,0.000115,3.0
614352.0,0.000115,3.0
614358.0,0.000115,1.0
614362.0,0.000115,2.0
614364.0,0.000115,4.0
614407.0,0.000115,4.0
614408.0,0.000115,3.0
614426.0,0.000115,1.0
614431.0,0.000115,3.0
614432.0,0.000115,2.0
614433.0,0.000115,1.0
614437.0,0.000115,2.0
614450.0,0.000115,1.0
614461.0,0.000115,1.0
614476.0,0.000115,3.0
614480.0,0.000115,1.0
614499.0,0.000115,1.0
614508.0,0.000115,1.0
614518.0,0.000115,2.0
614521.0,0.000115,1.0
614528.0,0.000115,1.0
614543.0,0.000115,3.0
614546.0,0.000115,2.0
614549.0,0.000115,3.0
614554.0,0.000115,1.0
614570.0,0.000115,1.0
614603.0,0.000115,3.0
614615.0,0.000115,3.0
614616.0,0.000115,3.0
614640.0,0.000115,4.0
614654.0,0.000115,3.0
614691.0,0.000115,2.0
614701.0,0.000115,1.0
614702.0,0.000115,1.0
614721.0,0.000115,3.0
614737.0,0.000115,2.0
614739.0,0.000115,4.0
614741.0,0.000115,2.0
614780.0,0.000115,3.0
614781.0,0.000115,1.0
614784.0,0.000115,1.0
614802.0,0.000115,4.0
614822.0,0.000115,3.0
614831.0,0.000115,1.0
614834.0,0.000115,1.0
614839.0,0.000115,1.0
614841.0,0.000115,1.0
614866.0,0.000115,3.0
614867.0,0.000115,1.0
614876.0,0.000115,1.0
614890.0,0.000115,2.0
614909.0,0.000115,3.0
614917.0,0.000115,3.0
614929.0,0.000115,1.0
614936.0,0.000115,3.0
614966.0,0.000115,2.0
614975.0,0.000115,3.0
614976.0,0.000115,2.0
614990.0,0.000115,3.0
615022.0,0.000115,4.0
615030.0,0.000115,3.0
615043.0,0.000115,2.0
615044.0,0.000115,3.0
615050.0,0.000115,3.0
615051.0,0.000115,2.0
615059.0,0.000115,4.0
615060.0,0.000115,1.0
615068.0,0.000115,1.0
615105.0,0.000115,2.0
615114.0,0.000115,1.0
615146.0,0.000115,3.0
615159.0,0.000115,2.0
615191.0,0.000115,3.0
615204.0,0.000115,2.0
615223.0,0.000115,1.0
615247.0,0.000115,1.0
615253.0,0.000115,4.0
615278.0,0.000115,3.0
615287.0,0.000115,1.0
615304.0,0.000115,1.0
615306.0,0.000115,2.0
615314.0,0.000115,2.0
615318.0,0.000115,3.0
615338.0,0.000115,1.0
615357.0,0.000115,3.0
615390.0,0.000115,2.0
615401.0,0.000115,3.0
615407.0,0.000115,2.0
615417.0,0.000115,1.0
615419.0,0.000115,2.0
615429.0,0.000115,3.0
615437.0,0.000115,3.0
615446.0,0.000115,4.0
615456.0,0.000115,1.0
615474.0,0.000115,3.0
615488.0,0.000115,3.0
615503.0,0.000115,3.0
615521.0,0.000115,3.0
615534.0,0.000115,3.0
615543.0,0.000115,4.0
615548.0,0.000115,4.0
615549.0,0.000115,4.0
615555.0,0.000115,3.0
615558.0,0.000115,1.0
615564.0,0.000115,1.0
615573.0,0.000115,1.0
615574.0,0.000115,1.0
615593.0,0.000115,1.0
615596.0,0.000115,3.0
615608.0,0.000115,2.0
615615.0,0.000115,3.0
615626.0,0.000115,3.0
615629.0,0.000115,1.0
615636.0,0.000115,2.0
615639.0,0.000115,3.0
615642.0,0.000115,2.0
615652.0,0.000115,2.0
615660.0,0.000115,3.0
615663.0,0.000115,1.0
615672.0,0.000115,1.0
615698.0,0.000115,1.0
615708.0,0.000115,1.0
615728.0,0.000115,4.0
615747.0,0.000115,3.0
615749.0,0.000115,2.0
615756.0,0.000115,4.0
615767.0,0.000115,1.0
615773.0,0.000115,3.0
615805.0,0.000115,3.0
615814.0,0.000115,1.0
615815.0,0.000115,2.0
615844.0,0.000115,1.0
615848.0,0.000115,1.0
615856.0,0.000115,3.0
615867.0,0.000115,1.0
615874.0,0.000115,1.0
615893.0,0.000115,2.0
615895.0,0.000115,3.0
615945.0,0.000115,2.0
615950.0,0.000115,2.0
615960.0,0.000115,1.0
615965.0,0.000115,3.0
615969.0,0.000115,2.0
615989.0,0.000115,3.0
615999.0,0.000115,1.0
616009.0,0.000115,3.0
616012.0,0.000115,1.0
616013.0,0.000115,1.0
616030.0,0.000115,1.0
616046.0,0.000115,2.0
616050.0,0.000115,1.0
616057.0,0.000115,1.0
616062.0,0.000115,3.0
616076.0,0.000115,1.0
616095.0,0.000115,4.0
616101.0,0.000115,3.0
616113.0,0.000115,2.0
616118.0,0.000115,2.0
616125.0,0.000115,4.0
616131.0,0.000115,1.0
616149.0,0.000115,1.0
616162.0,0.000115,2.0
616177.0,0.000115,1.0
616180.0,0.000115,2.0
616199.0,0.000115,1.0
616205.0,0.000115,1.0
616215.0,0.000115,1.0
616224.0,0.000115,2.0
616227.0,0.000115,4.0
616241.0,0.000115,3.0
616248.0,0.000115,2.0
616266.0,0.000115,3.0
616276.0,0.000115,2.0
616295.0,0.000115,3.0
616322.0,0.000115,3.0
616326.0,0.000115,3.0
616333.0,0.000115,1.0
616334.0,0.000115,1.0
616337.0,0.000115,4.0
616344.0,0.000115,2.0
616353.0,0.000115,1.0
616388.0,0.000115,3.0
616392.0,0.000115,1.0
616398.0,0.000115,1.0
616410.0,0.000115,2.0
616436.0,0.000115,3.0
616437.0,0.000115,1.0
616446.0,0.000115,2.0
616506.0,0.000115,1.0
616517.0,0.000115,1.0
616520.0,0.000115,4.0
616525.0,0.000115,2.0
616536.0,0.000115,1.0
616540.0,0.000115,3.0
616556.0,0.000115,4.0
616573.0,0.000115,2.0
616587.0,0.000115,1.0
616590.0,0.000115,3.0
616592.0,0.000115,2.0
616602.0,0.000115,3.0
616604.0,0.000115,1.0
616632.0,0.000115,1.0
616634.0,0.000115,3.0
616636.0,0.000115,1.0
616648.0,0.000115,2.0
616657.0,0.000115,1.0
616707.0,0.000115,2.0
616747.0,0.000115,2.0
616748.0,0.000115,1.0
616761.0,0.000115,1.0
616790.0,0.000115,2.0
616793.0,0.000115,2.0
616794.0,0.000115,1.0
616813.0,0.000115,2.0
616814.0,0.000115,2.0
616818.0,0.000115,1.0
616820.0,0.000115,3.0
616834.0,0.000115,1.0
616840.0,0.000115,4.0
616859.0,0.000115,3.0
616860.0,0.000115,3.0
616888.0,0.000115,1.0
616909.0,0.000115,1.0
616911.0,0.000115,1.0
616913.0,0.000115,2.0
616949.0,0.000115,2.0
616953.0,0.000115,1.0
616969.0,0.000115,4.0
616974.0,0.000115,1.0
616986.0,0.000115,3.0
616994.0,0.000115,1.0
617050.0,0.000115,3.0
617083.0,0.000115,3.0
617089.0,0.000115,2.0
617126.0,0.000115,2.0
617145.0,0.000115,1.0
617177.0,0.000115,3.0
617187.0,0.000115,4.0
617189.0,0.000115,2.0
617197.0,0.000115,1.0
617210.0,0.000115,2.0
617219.0,0.000115,1.0
617253.0,0.000115,1.0
617264.0,0.000115,2.0
617273.0,0.000115,3.0
617276.0,0.000115,1.0
617286.0,0.000115,3.0
617298.0,0.000115,3.0
617300.0,0.000115,2.0
617305.0,0.000115,2.0
617308.0,0.000115,3.0
617322.0,0.000115,2.0
617324.0,0.000115,1.0
617335.0,0.000115,1.0
617341.0,0.000115,4.0
617349.0,0.000115,1.0
617356.0,0.000115,2.0
617366.0,0.000115,3.0
617369.0,0.000115,3.0
617390.0,0.000115,1.0
617406.0,0.000115,3.0
617415.0,0.000115,3.0
617434.0,0.000115,2.0
617437.0,0.000115,2.0
617452.0,0.000115,1.0
617453.0,0.000115,2.0
617466.0,0.000115,1.0
617469.0,0.000115,1.0
617471.0,0.000115,2.0
617487.0,0.000115,3.0
617517.0,0.000115,1.0
617525.0,0.000115,3.0
617535.0,0.000115,3.0
617536.0,0.000115,1.0
617538.0,0.000115,1.0
617563.0,0.000115,3.0
617565.0,0.000115,2.0
617590.0,0.000115,2.0
617612.0,0.000115,2.0
617616.0,0.000115,2.0
617622.0,0.000115,1.0
617623.0,0.000115,1.0
617642.0,0.000115,1.0
617659.0,0.000115,4.0
617667.0,0.000115,1.0
617694.0,0.000115,4.0
617699.0,0.000115,3.0
617701.0,0.000115,4.0
617710.0,0.000115,2.0
617711.0,0.000115,3.0
617714.0,0.000115,1.0
617721.0,0.000115,2.0
617728.0,0.000115,4.0
617755.0,0.000115,1.0
617761.0,0.000115,3.0
617765.0,0.000115,3.0
617773.0,0.000115,1.0
617778.0,0.000115,2.0
617817.0,0.000115,3.0
617819.0,0.000115,2.0
617820.0,0.000115,1.0
617829.0,0.000115,2.0
617834.0,0.000115,1.0
617840.0,0.000115,1.0
617847.0,0.000115,4.0
617877.0,0.000115,4.0
617879.0,0.000115,2.0
617881.0,0.000115,2.0
617892.0,0.000115,1.0
617903.0,0.000115,1.0
617927.0,0.000115,1.0
617941.0,0.000115,4.0
617943.0,0.000115,3.0
617944.0,0.000115,1.0
617947.0,0.000115,1.0
617957.0,0.000115,3.0
617966.0,0.000115,3.0
617990.0,0.000115,2.0
618002.0,0.000115,1.0
618026.0,0.000115,3.0
618031.0,0.000115,4.0
618041.0,0.000115,3.0
618055.0,0.000115,3.0
618058.0,0.000115,1.0
618062.0,0.000115,3.0
618076.0,0.000115,1.0
618088.0,0.000115,2.0
618105.0,0.000115,4.0
618113.0,0.000115,3.0
618117.0,0.000115,3.0
618144.0,0.000115,1.0
618146.0,0.000115,3.0
618163.0,0.000115,1.0
618171.0,0.000115,3.0
618188.0,0.000115,3.0
618189.0,0.000115,3.0
618196.0,0.000115,1.0
618207.0,0.000115,3.0
618223.0,0.000115,1.0
618230.0,0.000115,1.0
618233.0,0.000115,3.0
618234.0,0.000115,1.0
618247.0,0.000115,2.0
618254.0,0.000115,1.0
618259.0,0.000115,3.0
618264.0,0.000115,1.0
618276.0,0.000115,2.0
618305.0,0.000115,3.0
618307.0,0.000115,3.0
618352.0,0.000115,4.0
618356.0,0.000115,4.0
618359.0,0.000115,1.0
618366.0,0.000115,1.0
618388.0,0.000115,2.0
618413.0,0.000115,1.0
618430.0,0.000115,1.0
618436.0,0.000115,1.0
618453.0,0.000115,3.0
618473.0,0.000115,3.0
618475.0,0.000115,1.0
618499.0,0.000115,3.0
618513.0,0.000115,3.0
618523.0,0.000115,1.0
618535.0,0.000115,2.0
618546.0,0.000115,1.0
618565.0,0.000115,2.0
618570.0,0.000115,2.0
618621.0,0.000115,1.0
618623.0,0.000115,1.0
618636.0,0.000115,1.0
618678.0,0.000115,4.0
618703.0,0.000115,1.0
618718.0,0.000115,3.0
618725.0,0.000115,2.0
618734.0,0.000115,1.0
618752.0,0.000115,3.0
618777.0,0.000115,2.0
618783.0,0.000115,4.0
618787.0,0.000115,1.0
618796.0,0.000115,3.0
618805.0,0.000115,3.0
618814.0,0.000115,3.0
618820.0,0.000115,3.0
618825.0,0.000115,1.0
618835.0,0.000115,1.0
618841.0,0.000115,5.0
618857.0,0.000115,3.0
618869.0,0.000115,2.0
618872.0,0.000115,2.0
618879.0,0.000115,2.0
618885.0,0.000115,1.0
618897.0,0.000115,3.0
618930.0,0.000115,3.0
618936.0,0.000115,4.0
618972.0,0.000115,3.0
618986.0,0.000115,2.0
619009.0,0.000115,2.0
619014.0,0.000115,1.0
619015.0,0.000115,3.0
619017.0,0.000115,1.0
619020.0,0.000115,1.0
619029.0,0.000115,1.0
619043.0,0.000115,3.0
619050.0,0.000115,4.0
619054.0,0.000115,2.0
619068.0,0.000115,1.0
619082.0,0.000115,1.0
619085.0,0.000115,4.0
619096.0,0.000115,3.0
619120.0,0.000115,1.0
619130.0,0.000115,1.0
619151.0,0.000115,3.0
619169.0,0.000115,1.0
619190.0,0.000115,1.0
619206.0,0.000115,3.0
619215.0,0.000115,1.0
619220.0,0.000115,1.0
619233.0,0.000115,2.0
619250.0,0.000115,1.0
619270.0,0.000115,3.0
619295.0,0.000115,4.0
619298.0,0.000115,2.0
619320.0,0.000115,4.0
619321.0,0.000115,2.0
619341.0,0.000115,1.0
619363.0,0.000115,3.0
619376.0,0.000115,1.0
619381.0,0.000115,2.0
619385.0,0.000115,1.0
619404.0,0.000115,1.0
619408.0,0.000115,2.0
619434.0,0.000115,2.0
619440.0,0.000115,3.0
619477.0,0.000115,2.0
619494.0,0.000115,1.0
619510.0,0.000115,3.0
619515.0,0.000115,2.0
619527.0,0.000115,1.0
619549.0,0.000115,4.0
619556.0,0.000115,1.0
619558.0,0.000115,1.0
619566.0,0.000115,1.0
619586.0,0.000115,2.0
619591.0,0.000115,3.0
619597.0,0.000115,1.0
619622.0,0.000115,2.0
619626.0,0.000115,3.0
619628.0,0.000115,2.0
619642.0,0.000115,1.0
619658.0,0.000115,3.0
619661.0,0.000115,3.0
619681.0,0.000115,3.0
619684.0,0.000115,3.0
619723.0,0.000115,3.0
619747.0,0.000115,3.0
619775.0,0.000115,1.0
619806.0,0.000115,1.0
619826.0,0.000115,1.0
619828.0,0.000115,3.0
619829.0,0.000115,4.0
619841.0,0.000115,3.0
619857.0,0.000115,4.0
619858.0,0.000115,1.0
619891.0,0.000115,3.0
619909.0,0.000115,1.0
619917.0,0.000115,3.0
619919.0,0.000115,3.0
619929.0,0.000115,3.0
619944.0,0.000115,3.0
619961.0,0.000115,1.0
610063.0,0.000115,1.0
610080.0,0.000115,1.0
610316.0,0.000115,1.0
610515.0,0.000115,1.0
610642.0,0.000115,2.0
610683.0,0.000115,2.0
610884.0,0.000115,1.0
611046.0,0.000115,2.0
611158.0,0.000115,2.0
611427.0,0.000115,1.0
611512.0,0.000115,1.0
611629.0,0.000115,1.0
611741.0,0.000115,1.0
612216.0,0.000115,1.0
612404.0,0.000115,1.0
612766.0,0.000115,1.0
612894.0,0.000115,1.0
613414.0,0.000115,1.0
613655.0,0.000115,1.0
613809.0,0.000115,1.0
614430.0,0.000115,1.0
614455.0,0.000115,2.0
614579.0,0.000115,1.0
614614.0,0.000115,1.0
614928.0,0.000115,1.0
615160.0,0.000115,2.0
615328.0,0.000115,1.0
615344.0,0.000115,2.0
615353.0,0.000115,1.0
615451.0,0.000115,1.0
615540.0,0.000115,2.0
615621.0,0.000115,1.0
616048.0,0.000115,2.0
616059.0,0.000115,1.0
616166.0,0.000115,1.0
616270.0,0.000115,1.0
616432.0,0.000115,1.0
616465.0,0.000115,1.0
616767.0,0.000115,1.0
617170.0,0.000115,1.0
617238.0,0.000115,1.0
617255.0,0.000115,1.0
617348.0,0.000115,1.0
617482.0,0.000115,1.0
617752.0,0.000115,1.0
617852.0,0.000115,1.0
617917.0,0.000115,1.0
617948.0,0.000115,1.0
617991.0,0.000115,1.0
618080.0,0.000115,1.0
618493.0,0.000115,1.0
618732.0,0.000115,1.0
618788.0,0.000115,1.0
619026.0,0.000115,2.0
619185.0,0.000115,2.0
619353.0,0.000115,1.0
619682.0,0.000115,1.0
610027.0,0.000115,1.0
610525.0,0.000115,1.0
611983.0,0.000115,1.0
616967.0,0.000115,1.0
618082.0,0.000115,1.0
618304.0,0.000115,1.0
618322.0,0.000115,1.0
618519.0,0.000115,1.0
620024.0,0.0001233,4.0
620038.0,0.0001233,1.0
620070.0,0.0001233,4.0
620085.0,0.0001233,5.0
620109.0,0.0001233,4.0
620128.0,0.0001233,1.0
620136.0,0.0001233,2.0
620381.0,0.0001233,5.0
620441.0,0.0001233,1.0
620452.0,0.0001233,1.0
620453.0,0.0001233,1.0
620474.0,0.0001233,2.0
620531.0,0.0001233,1.0
620580.0,0.0001233,1.0
620583.0,0.0001233,1.0
620628.0,0.0001233,4.0
620653.0,0.0001233,2.0
620702.0,0.0001233,2.0
620777.0,0.0001233,1.0
620783.0,0.0001233,5.0
620853.0,0.0001233,1.0
620913.0,0.0001233,1.0
620935.0,0.0001233,1.0
621031.0,0.0001233,1.0
621066.0,0.0001233,1.0
621138.0,0.0001233,1.0
621282.0,0.0001233,4.0
621317.0,0.0001233,1.0
621320.0,0.0001233,1.0
621325.0,0.0001233,1.0
621458.0,0.0001233,4.0
621460.0,0.0001233,1.0
621486.0,0.0001233,4.0
621534.0,0.0001233,1.0
621535.0,0.0001233,2.0
621589.0,0.0001233,2.0
621619.0,0.0001233,1.0
621679.0,0.0001233,1.0
621684.0,0.0001233,1.0
621713.0,0.0001233,1.0
621715.0,0.0001233,1.0
621759.0,0.0001233,1.0
621824.0,0.0001233,4.0
621905.0,0.0001233,2.0
621906.0,0.0001233,2.0
622062.0,0.0001233,2.0
622094.0,0.0001233,2.0
622156.0,0.0001233,3.0
622188.0,0.0001233,1.0
622202.0,0.0001233,1.0
622372.0,0.0001233,4.0
622624.0,0.0001233,4.0
622646.0,0.0001233,1.0
622736.0,0.0001233,4.0
622764.0,0.0001233,4.0
622772.0,0.0001233,1.0
622777.0,0.0001233,4.0
622812.0,0.0001233,2.0
622825.0,0.0001233,3.0
622826.0,0.0001233,1.0
623120.0,0.0001233,4.0
623170.0,0.0001233,1.0
623197.0,0.0001233,4.0
623203.0,0.0001233,2.0
623290.0,0.0001233,4.0
623302.0,0.0001233,4.0
623314.0,0.0001233,1.0
623329.0,0.0001233,1.0
623381.0,0.0001233,3.0
623401.0,0.0001233,1.0
623411.0,0.0001233,4.0
623473.0,0.0001233,1.0
623508.0,0.0001233,1.0
623550.0,0.0001233,6.0
623619.0,0.0001233,3.0
623671.0,0.0001233,1.0
623696.0,0.0001233,1.0
623717.0,0.0001233,4.0
623775.0,0.0001233,3.0
623851.0,0.0001233,1.0
623889.0,0.0001233,4.0
623937.0,0.0001233,2.0
623941.0,0.0001233,1.0
624034.0,0.0001233,1.0
624043.0,0.0001233,1.0
624050.0,0.0001233,1.0
624054.0,0.0001233,1.0
624096.0,0.0001233,4.0
624097.0,0.0001233,1.0
624184.0,0.0001233,2.0
624274.0,0.0001233,4.0
624343.0,0.0001233,4.0
624407.0,0.0001233,3.0
624450.0,0.0001233,1.0
624499.0,0.0001233,1.0
624701.0,0.0001233,1.0
624721.0,0.0001233,1.0
624896.0,0.0001233,1.0
624909.0,0.0001233,4.0
624975.0,0.0001233,4.0
625059.0,0.0001233,2.0
625114.0,0.0001233,1.0
625146.0,0.0001233,5.0
625247.0,0.0001233,1.0
625318.0,0.0001233,4.0
625429.0,0.0001233,4.0
625521.0,0.0001233,3.0
625555.0,0.0001233,5.0
625573.0,0.0001233,1.0
625652.0,0.0001233,1.0
625660.0,0.0001233,1.0
625747.0,0.0001233,5.0
625773.0,0.0001233,4.0
625867.0,0.0001233,1.0
625960.0,0.0001233,1.0
625999.0,0.0001233,1.0
626062.0,0.0001233,5.0
626101.0,0.0001233,4.0
626131.0,0.0001233,3.0
626177.0,0.0001233,1.0
626180.0,0.0001233,3.0
626199.0,0.0001233,1.0
626266.0,0.0001233,4.0
626398.0,0.0001233,1.0
626410.0,0.0001233,2.0
626446.0,0.0001233,4.0
626506.0,0.0001233,2.0
626546.0,0.0001233,1.0
626602.0,0.0001233,4.0
626636.0,0.0001233,1.0
626648.0,0.0001233,3.0
626654.0,0.0001233,1.0
626820.0,0.0001233,4.0
626969.0,0.0001233,3.0
627020.0,0.0001233,1.0
627031.0,0.0001233,1.0
627177.0,0.0001233,3.0
627264.0,0.0001233,4.0
627308.0,0.0001233,6.0
627349.0,0.0001233,2.0
627356.0,0.0001233,6.0
627369.0,0.0001233,4.0
627437.0,0.0001233,5.0
627517.0,0.0001233,1.0
627565.0,0.0001233,5.0
627699.0,0.0001233,6.0
627817.0,0.0001233,5.0
627819.0,0.0001233,3.0
627859.0,0.0001233,4.0
627907.0,0.0001233,1.0
627957.0,0.0001233,4.0
627974.0,0.0001233,1.0
628026.0,0.0001233,4.0
628031.0,0.0001233,4.0
628055.0,0.0001233,4.0
628188.0,0.0001233,4.0
628196.0,0.0001233,1.0
628245.0,0.0001233,2.0
628388.0,0.0001233,4.0
628523.0,0.0001233,1.0
628546.0,0.0001233,1.0
628718.0,0.0001233,4.0
628752.0,0.0001233,4.0
628796.0,0.0001233,5.0
628825.0,0.0001233,1.0
628885.0,0.0001233,5.0
628936.0,0.0001233,4.0
629029.0,0.0001233,3.0
629043.0,0.0001233,2.0
629050.0,0.0001233,4.0
629059.0,0.0001233,2.0
629130.0,0.0001233,2.0
629190.0,0.0001233,2.0
629341.0,0.0001233,1.0
629358.0,0.0001233,1.0
629387.0,0.0001233,1.0
629404.0,0.0001233,1.0
629510.0,0.0001233,3.0
629591.0,0.0001233,1.0
629664.0,0.0001233,1.0
629747.0,0.0001233,4.0
629841.0,0.0001233,6.0
629917.0,0.0001233,3.0
620005.0,0.0001233,1.0
620036.0,0.0001233,1.0
620040.0,0.0001233,2.0
620063.0,0.0001233,1.0
620064.0,0.0001233,2.0
620080.0,0.0001233,1.0
620081.0,0.0001233,1.0
620107.0,0.0001233,2.0
620123.0,0.0001233,2.0
620199.0,0.0001233,1.0
620210.0,0.0001233,2.0
620235.0,0.0001233,1.0
620238.0,0.0001233,2.0
620268.0,0.0001233,1.0
620277.0,0.0001233,1.0
620278.0,0.0001233,1.0
620316.0,0.0001233,2.0
620327.0,0.0001233,1.0
620373.0,0.0001233,2.0
620400.0,0.0001233,1.0
620439.0,0.0001233,1.0
620508.0,0.0001233,2.0
620515.0,0.0001233,1.0
620543.0,0.0001233,1.0
620551.0,0.0001233,2.0
620554.0,0.0001233,2.0
620585.0,0.0001233,2.0
620620.0,0.0001233,3.0
620665.0,0.0001233,1.0
620681.0,0.0001233,1.0
620725.0,0.0001233,1.0
620727.0,0.0001233,1.0
620737.0,0.0001233,1.0
620754.0,0.0001233,1.0
620756.0,0.0001233,1.0
620788.0,0.0001233,1.0
620841.0,0.0001233,1.0
620846.0,0.0001233,1.0
620849.0,0.0001233,2.0
620870.0,0.0001233,2.0
620876.0,0.0001233,2.0
620884.0,0.0001233,1.0
620889.0,0.0001233,1.0
620904.0,0.0001233,1.0
620906.0,0.0001233,1.0
620914.0,0.0001233,2.0
620973.0,0.0001233,2.0
620982.0,0.0001233,1.0
620997.0,0.0001233,1.0
621000.0,0.0001233,1.0
621048.0,0.0001233,1.0
621078.0,0.0001233,1.0
621099.0,0.0001233,1.0
621103.0,0.0001233,1.0
621108.0,0.0001233,2.0
621122.0,0.0001233,1.0
621124.0,0.0001233,1.0
621147.0,0.0001233,1.0
621151.0,0.0001233,2.0
621156.0,0.0001233,2.0
621179.0,0.0001233,2.0
621202.0,0.0001233,1.0
621206.0,0.0001233,1.0
621212.0,0.0001233,2.0
621216.0,0.0001233,2.0
621238.0,0.0001233,1.0
621247.0,0.0001233,1.0
621316.0,0.0001233,2.0
621341.0,0.0001233,2.0
621396.0,0.0001233,2.0
621416.0,0.0001233,1.0
621453.0,0.0001233,1.0
621479.0,0.0001233,1.0
621494.0,0.0001233,1.0
621512.0,0.0001233,2.0
621537.0,0.0001233,2.0
621563.0,0.0001233,1.0
621568.0,0.0001233,1.0
621572.0,0.0001233,2.0
621576.0,0.0001233,1.0
621580.0,0.0001233,1.0
621585.0,0.0001233,1.0
621600.0,0.0001233,1.0
621603.0,0.0001233,1.0
621629.0,0.0001233,2.0
621645.0,0.0001233,2.0
621695.0,0.0001233,2.0
621720.0,0.0001233,1.0
621730.0,0.0001233,1.0
621741.0,0.0001233,1.0
621777.0,0.0001233,1.0
621790.0,0.0001233,1.0
621811.0,0.0001233,1.0
621826.0,0.0001233,1.0
621921.0,0.0001233,1.0
621957.0,0.0001233,1.0
621964.0,0.0001233,1.0
621982.0,0.0001233,1.0
622029.0,0.0001233,1.0
622043.0,0.0001233,2.0
622047.0,0.0001233,1.0
622075.0,0.0001233,1.0
622078.0,0.0001233,2.0
622089.0,0.0001233,1.0
622150.0,0.0001233,1.0
622173.0,0.0001233,3.0
622192.0,0.0001233,1.0
622210.0,0.0001233,2.0
622216.0,0.0001233,1.0
622239.0,0.0001233,3.0
622273.0,0.0001233,1.0
622303.0,0.0001233,2.0
622318.0,0.0001233,1.0
622331.0,0.0001233,1.0
622339.0,0.0001233,3.0
622376.0,0.0001233,1.0
622389.0,0.0001233,2.0
622401.0,0.0001233,1.0
622403.0,0.0001233,2.0
622413.0,0.0001233,2.0
622414.0,0.0001233,2.0
622434.0,0.0001233,1.0
622461.0,0.0001233,2.0
622483.0,0.0001233,1.0
622503.0,0.0001233,2.0
622571.0,0.0001233,3.0
622633.0,0.0001233,2.0
622634.0,0.0001233,1.0
622716.0,0.0001233,2.0
622725.0,0.0001233,2.0
622753.0,0.0001233,1.0
622760.0,0.0001233,1.0
622816.0,0.0001233,1.0
622818.0,0.0001233,1.0
622820.0,0.0001233,1.0
622829.0,0.0001233,3.0
622830.0,0.0001233,1.0
622871.0,0.0001233,1.0
622872.0,0.0001233,3.0
622878.0,0.0001233,1.0
622894.0,0.0001233,1.0
622915.0,0.0001233,1.0
622949.0,0.0001233,2.0
622978.0,0.0001233,1.0
623005.0,0.0001233,1.0
623019.0,0.0001233,2.0
623048.0,0.0001233,1.0
623063.0,0.0001233,3.0
623088.0,0.0001233,1.0
623093.0,0.0001233,1.0
623108.0,0.0001233,1.0
623110.0,0.0001233,2.0
623142.0,0.0001233,2.0
623147.0,0.0001233,1.0
623162.0,0.0001233,1.0
623205.0,0.0001233,2.0
623213.0,0.0001233,2.0
623246.0,0.0001233,2.0
623251.0,0.0001233,2.0
623252.0,0.0001233,1.0
623254.0,0.0001233,2.0
623300.0,0.0001233,1.0
623340.0,0.0001233,2.0
623341.0,0.0001233,1.0
623376.0,0.0001233,2.0
623392.0,0.0001233,1.0
623414.0,0.0001233,2.0
623454.0,0.0001233,1.0
623493.0,0.0001233,1.0
623495.0,0.0001233,2.0
623517.0,0.0001233,2.0
623529.0,0.0001233,2.0
623530.0,0.0001233,1.0
623568.0,0.0001233,2.0
623644.0,0.0001233,2.0
623653.0,0.0001233,2.0
623660.0,0.0001233,1.0
623682.0,0.0001233,2.0
623686.0,0.0001233,1.0
623711.0,0.0001233,1.0
623809.0,0.0001233,1.0
623813.0,0.0001233,3.0
623818.0,0.0001233,1.0
623857.0,0.0001233,2.0
623886.0,0.0001233,1.0
623972.0,0.0001233,2.0
623977.0,0.0001233,1.0
623984.0,0.0001233,1.0
623985.0,0.0001233,1.0
623996.0,0.0001233,1.0
624001.0,0.0001233,1.0
624004.0,0.0001233,1.0
624028.0,0.0001233,3.0
624045.0,0.0001233,1.0
624103.0,0.0001233,1.0
624107.0,0.0001233,1.0
624130.0,0.0001233,1.0
624135.0,0.0001233,1.0
624138.0,0.0001233,1.0
624165.0,0.0001233,2.0
624171.0,0.0001233,1.0
624173.0,0.0001233,1.0
624192.0,0.0001233,2.0
624203.0,0.0001233,2.0
624232.0,0.0001233,1.0
624237.0,0.0001233,1.0
624253.0,0.0001233,2.0
624255.0,0.0001233,1.0
624258.0,0.0001233,1.0
624262.0,0.0001233,1.0
624264.0,0.0001233,1.0
624281.0,0.0001233,1.0
624285.0,0.0001233,3.0
624308.0,0.0001233,1.0
624337.0,0.0001233,1.0
624344.0,0.0001233,1.0
624345.0,0.0001233,2.0
624348.0,0.0001233,1.0
624352.0,0.0001233,1.0
624362.0,0.0001233,1.0
624364.0,0.0001233,2.0
624376.0,0.0001233,1.0
624408.0,0.0001233,1.0
624421.0,0.0001233,1.0
624424.0,0.0001233,1.0
624426.0,0.0001233,1.0
624430.0,0.0001233,1.0
624431.0,0.0001233,2.0
624433.0,0.0001233,1.0
624455.0,0.0001233,1.0
624508.0,0.0001233,3.0
624509.0,0.0001233,1.0
624518.0,0.0001233,1.0
624521.0,0.0001233,1.0
624543.0,0.0001233,2.0
624572.0,0.0001233,1.0
624590.0,0.0001233,1.0
624614.0,0.0001233,1.0
624615.0,0.0001233,2.0
624654.0,0.0001233,3.0
624691.0,0.0001233,1.0
624739.0,0.0001233,1.0
624780.0,0.0001233,2.0
624784.0,0.0001233,1.0
624802.0,0.0001233,1.0
624839.0,0.0001233,2.0
624866.0,0.0001233,1.0
624890.0,0.0001233,1.0
624917.0,0.0001233,2.0
624929.0,0.0001233,1.0
624966.0,0.0001233,1.0
624977.0,0.0001233,1.0
624990.0,0.0001233,2.0
625005.0,0.0001233,1.0
625022.0,0.0001233,2.0
625043.0,0.0001233,1.0
625050.0,0.0001233,3.0
625051.0,0.0001233,1.0
625069.0,0.0001233,1.0
625074.0,0.0001233,2.0
625159.0,0.0001233,1.0
625160.0,0.0001233,1.0
625191.0,0.0001233,1.0
625200.0,0.0001233,1.0
625204.0,0.0001233,1.0
625239.0,0.0001233,1.0
625253.0,0.0001233,3.0
625278.0,0.0001233,2.0
625287.0,0.0001233,1.0
625306.0,0.0001233,2.0
625328.0,0.0001233,1.0
625344.0,0.0001233,1.0
625353.0,0.0001233,2.0
625357.0,0.0001233,2.0
625390.0,0.0001233,1.0
625401.0,0.0001233,2.0
625419.0,0.0001233,1.0
625437.0,0.0001233,2.0
625446.0,0.0001233,1.0
625451.0,0.0001233,1.0
625465.0,0.0001233,2.0
625474.0,0.0001233,2.0
625488.0,0.0001233,1.0
625503.0,0.0001233,1.0
625534.0,0.0001233,2.0
625543.0,0.0001233,2.0
625548.0,0.0001233,1.0
625549.0,0.0001233,1.0
625574.0,0.0001233,1.0
625596.0,0.0001233,2.0
625608.0,0.0001233,1.0
625626.0,0.0001233,2.0
625636.0,0.0001233,2.0
625639.0,0.0001233,2.0
625698.0,0.0001233,1.0
625728.0,0.0001233,1.0
625749.0,0.0001233,1.0
625756.0,0.0001233,1.0
625803.0,0.0001233,3.0
625814.0,0.0001233,1.0
625815.0,0.0001233,4.0
625818.0,0.0001233,1.0
625866.0,0.0001233,1.0
625895.0,0.0001233,1.0
625936.0,0.0001233,1.0
625945.0,0.0001233,1.0
625950.0,0.0001233,1.0
625965.0,0.0001233,3.0
625973.0,0.0001233,1.0
625989.0,0.0001233,1.0
626009.0,0.0001233,2.0
626013.0,0.0001233,1.0
626046.0,0.0001233,1.0
626059.0,0.0001233,1.0
626166.0,0.0001233,2.0
626172.0,0.0001233,2.0
626205.0,0.0001233,2.0
626270.0,0.0001233,3.0
626276.0,0.0001233,1.0
626295.0,0.0001233,1.0
626322.0,0.0001233,1.0
626326.0,0.0001233,1.0
626334.0,0.0001233,1.0
626337.0,0.0001233,2.0
626344.0,0.0001233,1.0
626353.0,0.0001233,1.0
626432.0,0.0001233,2.0
626465.0,0.0001233,1.0
626483.0,0.0001233,1.0
626517.0,0.0001233,1.0
626520.0,0.0001233,2.0
626536.0,0.0001233,1.0
626540.0,0.0001233,2.0
626556.0,0.0001233,1.0
626587.0,0.0001233,1.0
626590.0,0.0001233,1.0
626592.0,0.0001233,2.0
626604.0,0.0001233,1.0
626714.0,0.0001233,1.0
626761.0,0.0001233,2.0
626767.0,0.0001233,1.0
626790.0,0.0001233,1.0
626813.0,0.0001233,2.0
626860.0,0.0001233,1.0
626913.0,0.0001233,1.0
626973.0,0.0001233,1.0
626986.0,0.0001233,1.0
627050.0,0.0001233,2.0
627083.0,0.0001233,2.0
627126.0,0.0001233,1.0
627145.0,0.0001233,2.0
627150.0,0.0001233,1.0
627170.0,0.0001233,1.0
627187.0,0.0001233,1.0
627189.0,0.0001233,2.0
627210.0,0.0001233,2.0
627214.0,0.0001233,1.0
627226.0,0.0001233,1.0
627255.0,0.0001233,1.0
627268.0,0.0001233,1.0
627286.0,0.0001233,1.0
627298.0,0.0001233,1.0
627309.0,0.0001233,1.0
627324.0,0.0001233,1.0
627348.0,0.0001233,1.0
627366.0,0.0001233,3.0
627385.0,0.0001233,1.0
627415.0,0.0001233,1.0
627434.0,0.0001233,1.0
627471.0,0.0001233,1.0
627482.0,0.0001233,1.0
627487.0,0.0001233,2.0
627520.0,0.0001233,1.0
627535.0,0.0001233,1.0
627558.0,0.0001233,1.0
627590.0,0.0001233,2.0
627612.0,0.0001233,2.0
627616.0,0.0001233,1.0
627636.0,0.0001233,1.0
627659.0,0.0001233,1.0
627694.0,0.0001233,3.0
627701.0,0.0001233,1.0
627706.0,0.0001233,1.0
627710.0,0.0001233,1.0
627711.0,0.0001233,1.0
627752.0,0.0001233,1.0
627761.0,0.0001233,1.0
627765.0,0.0001233,3.0
627773.0,0.0001233,2.0
627829.0,0.0001233,1.0
627840.0,0.0001233,1.0
627852.0,0.0001233,1.0
627877.0,0.0001233,1.0
627888.0,0.0001233,1.0
627892.0,0.0001233,1.0
627903.0,0.0001233,1.0
627917.0,0.0001233,1.0
627943.0,0.0001233,3.0
627948.0,0.0001233,1.0
627990.0,0.0001233,2.0
627991.0,0.0001233,1.0
628005.0,0.0001233,1.0
628025.0,0.0001233,1.0
628041.0,0.0001233,2.0
628050.0,0.0001233,1.0
628062.0,0.0001233,2.0
628080.0,0.0001233,1.0
628086.0,0.0001233,1.0
628088.0,0.0001233,1.0
628171.0,0.0001233,3.0
628189.0,0.0001233,3.0
628207.0,0.0001233,2.0
628228.0,0.0001233,1.0
628233.0,0.0001233,1.0
628247.0,0.0001233,2.0
628254.0,0.0001233,1.0
628276.0,0.0001233,1.0
628307.0,0.0001233,1.0
628352.0,0.0001233,2.0
628356.0,0.0001233,1.0
628462.0,0.0001233,1.0
628467.0,0.0001233,1.0
628469.0,0.0001233,1.0
628473.0,0.0001233,2.0
628493.0,0.0001233,1.0
628499.0,0.0001233,2.0
628540.0,0.0001233,1.0
628678.0,0.0001233,1.0
628686.0,0.0001233,1.0
628691.0,0.0001233,1.0
628725.0,0.0001233,1.0
628732.0,0.0001233,2.0
628742.0,0.0001233,1.0
628769.0,0.0001233,1.0
628783.0,0.0001233,2.0
628788.0,0.0001233,2.0
628794.0,0.0001233,1.0
628795.0,0.0001233,1.0
628814.0,0.0001233,2.0
628869.0,0.0001233,1.0
628897.0,0.0001233,1.0
628898.0,0.0001233,1.0
628912.0,0.0001233,1.0
628930.0,0.0001233,2.0
628972.0,0.0001233,1.0
628993.0,0.0001233,1.0
629009.0,0.0001233,1.0
629015.0,0.0001233,1.0
629017.0,0.0001233,1.0
629026.0,0.0001233,1.0
629082.0,0.0001233,1.0
629085.0,0.0001233,2.0
629096.0,0.0001233,2.0
629133.0,0.0001233,1.0
629151.0,0.0001233,1.0
629177.0,0.0001233,1.0
629185.0,0.0001233,2.0
629189.0,0.0001233,1.0
629200.0,0.0001233,1.0
629206.0,0.0001233,1.0
629218.0,0.0001233,1.0
629233.0,0.0001233,1.0
629241.0,0.0001233,1.0
629270.0,0.0001233,1.0
629295.0,0.0001233,3.0
629298.0,0.0001233,1.0
629320.0,0.0001233,1.0
629321.0,0.0001233,1.0
629338.0,0.0001233,1.0
629353.0,0.0001233,1.0
629363.0,0.0001233,2.0
629371.0,0.0001233,1.0
629381.0,0.0001233,1.0
629406.0,0.0001233,1.0
629408.0,0.0001233,1.0
629447.0,0.0001233,1.0
629477.0,0.0001233,1.0
629549.0,0.0001233,2.0
629585.0,0.0001233,1.0
629622.0,0.0001233,1.0
629626.0,0.0001233,2.0
629658.0,0.0001233,2.0
629681.0,0.0001233,3.0
629682.0,0.0001233,2.0
629684.0,0.0001233,2.0
629693.0,0.0001233,2.0
629730.0,0.0001233,1.0
629754.0,0.0001233,1.0
629806.0,0.0001233,1.0
629828.0,0.0001233,2.0
629857.0,0.0001233,1.0
629891.0,0.0001233,1.0
629929.0,0.0001233,2.0
629937.0,0.0001233,1.0
629944.0,0.0001233,2.0
629981.0,0.0001233,2.0
624603.0,0.0001233,2.0
626125.0,0.0001233,2.0
628820.0,0.0001233,2.0
620032.0,0.0001233,1.0
620244.0,0.0001233,1.0
620425.0,0.0001233,2.0
620592.0,0.0001233,1.0
620837.0,0.0001233,1.0
621288.0,0.0001233,1.0
621436.0,0.0001233,2.0
621781.0,0.0001233,1.0
621938.0,0.0001233,1.0
621972.0,0.0001233,1.0
621986.0,0.0001233,1.0
622271.0,0.0001233,1.0
622340.0,0.0001233,1.0
622568.0,0.0001233,1.0
622775.0,0.0001233,2.0
622887.0,0.0001233,1.0
623145.0,0.0001233,1.0
623492.0,0.0001233,1.0
623936.0,0.0001233,1.0
624015.0,0.0001233,1.0
624025.0,0.0001233,1.0
624251.0,0.0001233,1.0
624437.0,0.0001233,1.0
624476.0,0.0001233,1.0
624480.0,0.0001233,1.0
624546.0,0.0001233,1.0
625068.0,0.0001233,1.0
625482.0,0.0001233,1.0
625615.0,0.0001233,1.0
625856.0,0.0001233,1.0
626224.0,0.0001233,1.0
626248.0,0.0001233,1.0
626436.0,0.0001233,1.0
626747.0,0.0001233,1.0
626840.0,0.0001233,1.0
626953.0,0.0001233,1.0
627300.0,0.0001233,1.0
627406.0,0.0001233,1.0
627834.0,0.0001233,1.0
628117.0,0.0001233,1.0
628205.0,0.0001233,1.0
628565.0,0.0001233,1.0
628621.0,0.0001233,1.0
628857.0,0.0001233,1.0
628986.0,0.0001233,1.0
629220.0,0.0001233,1.0
629642.0,0.0001233,1.0
629829.0,0.0001233,1.0
620388.0,0.0001233,1.0
620461.0,0.0001233,1.0
620642.0,0.0001233,1.0
622354.0,0.0001233,1.0
622886.0,0.0001233,1.0
623071.0,0.0001233,1.0
623474.0,0.0001233,1.0
625030.0,0.0001233,1.0
625354.0,0.0001233,1.0
625540.0,0.0001233,1.0
626814.0,0.0001233,1.0
627322.0,0.0001233,1.0
630004.0,0.0001322,1.0
630027.0,0.0001322,1.0
630029.0,0.0001322,1.0
630032.0,0.0001322,2.0
630038.0,0.0001322,1.0
630040.0,0.0001322,1.0
630076.0,0.0001322,1.0
630080.0,0.0001322,1.0
630103.0,0.0001322,1.0
630107.0,0.0001322,2.0
630109.0,0.0001322,1.0
630120.0,0.0001322,1.0
630126.0,0.0001322,1.0
630207.0,0.0001322,1.0
630209.0,0.0001322,1.0
630217.0,0.0001322,1.0
630291.0,0.0001322,1.0
630294.0,0.0001322,1.0
630298.0,0.0001322,1.0
630307.0,0.0001322,1.0
630313.0,0.0001322,1.0
630328.0,0.0001322,1.0
630334.0,0.0001322,1.0
630344.0,0.0001322,1.0
630346.0,0.0001322,1.0
630349.0,0.0001322,1.0
630383.0,0.0001322,1.0
630388.0,0.0001322,1.0
630392.0,0.0001322,1.0
630410.0,0.0001322,1.0
630422.0,0.0001322,1.0
630424.0,0.0001322,1.0
630425.0,0.0001322,1.0
630441.0,0.0001322,1.0
630487.0,0.0001322,1.0
630505.0,0.0001322,1.0
630508.0,0.0001322,2.0
630525.0,0.0001322,1.0
630531.0,0.0001322,1.0
630551.0,0.0001322,1.0
630566.0,0.0001322,1.0
630568.0,0.0001322,1.0
630639.0,0.0001322,1.0
630642.0,0.0001322,1.0
630681.0,0.0001322,1.0
630683.0,0.0001322,1.0
630687.0,0.0001322,1.0
630690.0,0.0001322,1.0
630725.0,0.0001322,1.0
630737.0,0.0001322,2.0
630741.0,0.0001322,1.0
630754.0,0.0001322,2.0
630760.0,0.0001322,1.0
630790.0,0.0001322,1.0
630796.0,0.0001322,1.0
630800.0,0.0001322,1.0
630821.0,0.0001322,1.0
630862.0,0.0001322,1.0
630870.0,0.0001322,1.0
630877.0,0.0001322,1.0
630896.0,0.0001322,1.0
630899.0,0.0001322,1.0
630908.0,0.0001322,1.0
630935.0,0.0001322,1.0
630976.0,0.0001322,1.0
630982.0,0.0001322,2.0
630994.0,0.0001322,1.0
630997.0,0.0001322,2.0
630998.0,0.0001322,1.0
631000.0,0.0001322,2.0
631008.0,0.0001322,1.0
631016.0,0.0001322,1.0
631019.0,0.0001322,1.0
631032.0,0.0001322,1.0
631041.0,0.0001322,1.0
631046.0,0.0001322,1.0
631048.0,0.0001322,1.0
631051.0,0.0001322,1.0
631066.0,0.0001322,1.0
631078.0,0.0001322,2.0
631080.0,0.0001322,1.0
631106.0,0.0001322,1.0
631108.0,0.0001322,2.0
631132.0,0.0001322,1.0
631138.0,0.0001322,1.0
631139.0,0.0001322,1.0
631148.0,0.0001322,1.0
631151.0,0.0001322,1.0
631156.0,0.0001322,1.0
631158.0,0.0001322,1.0
631161.0,0.0001322,1.0
631170.0,0.0001322,1.0
631192.0,0.0001322,1.0
631200.0,0.0001322,1.0
631203.0,0.0001322,1.0
631212.0,0.0001322,1.0
631256.0,0.0001322,1.0
631282.0,0.0001322,2.0
631290.0,0.0001322,1.0
631299.0,0.0001322,1.0
631308.0,0.0001322,1.0
631341.0,0.0001322,1.0
631350.0,0.0001322,1.0
631352.0,0.0001322,1.0
631354.0,0.0001322,1.0
631381.0,0.0001322,1.0
631403.0,0.0001322,1.0
631427.0,0.0001322,1.0
631436.0,0.0001322,1.0
631439.0,0.0001322,1.0
631449.0,0.0001322,1.0
631454.0,0.0001322,1.0
631458.0,0.0001322,2.0
631479.0,0.0001322,2.0
631481.0,0.0001322,1.0
631503.0,0.0001322,1.0
631534.0,0.0001322,1.0
631536.0,0.0001322,1.0
631545.0,0.0001322,1.0
631546.0,0.0001322,1.0
631562.0,0.0001322,1.0
631563.0,0.0001322,2.0
631566.0,0.0001322,1.0
631572.0,0.0001322,2.0
631576.0,0.0001322,2.0
631585.0,0.0001322,2.0
631602.0,0.0001322,1.0
631611.0,0.0001322,1.0
631666.0,0.0001322,1.0
631677.0,0.0001322,1.0
631679.0,0.0001322,1.0
631680.0,0.0001322,1.0
631684.0,0.0001322,1.0
631695.0,0.0001322,2.0
631713.0,0.0001322,1.0
631730.0,0.0001322,2.0
631754.0,0.0001322,1.0
631759.0,0.0001322,1.0
631777.0,0.0001322,2.0
631781.0,0.0001322,1.0
631790.0,0.0001322,1.0
631816.0,0.0001322,1.0
631820.0,0.0001322,1.0
631848.0,0.0001322,1.0
631874.0,0.0001322,1.0
631875.0,0.0001322,1.0
631907.0,0.0001322,1.0
631921.0,0.0001322,1.0
631972.0,0.0001322,1.0
631976.0,0.0001322,1.0
631977.0,0.0001322,1.0
631983.0,0.0001322,1.0
631986.0,0.0001322,1.0
631997.0,0.0001322,1.0
632015.0,0.0001322,1.0
632040.0,0.0001322,1.0
632071.0,0.0001322,1.0
632078.0,0.0001322,2.0
632150.0,0.0001322,2.0
632156.0,0.0001322,2.0
632161.0,0.0001322,1.0
632173.0,0.0001322,1.0
632177.0,0.0001322,1.0
632202.0,0.0001322,1.0
632210.0,0.0001322,2.0
632255.0,0.0001322,1.0
632273.0,0.0001322,2.0
632283.0,0.0001322,1.0
632294.0,0.0001322,1.0
632299.0,0.0001322,1.0
632303.0,0.0001322,2.0
632318.0,0.0001322,2.0
632324.0,0.0001322,1.0
632337.0,0.0001322,1.0
632340.0,0.0001322,2.0
632352.0,0.0001322,1.0
632389.0,0.0001322,2.0
632393.0,0.0001322,1.0
632409.0,0.0001322,1.0
632413.0,0.0001322,2.0
632430.0,0.0001322,1.0
632438.0,0.0001322,1.0
632470.0,0.0001322,1.0
632514.0,0.0001322,1.0
632557.0,0.0001322,2.0
632564.0,0.0001322,1.0
632570.0,0.0001322,1.0
632571.0,0.0001322,1.0
632576.0,0.0001322,1.0
632587.0,0.0001322,1.0
632601.0,0.0001322,1.0
632624.0,0.0001322,1.0
632629.0,0.0001322,1.0
632702.0,0.0001322,1.0
632716.0,0.0001322,1.0
632719.0,0.0001322,1.0
632725.0,0.0001322,1.0
632760.0,0.0001322,2.0
632766.0,0.0001322,1.0
632772.0,0.0001322,1.0
632775.0,0.0001322,2.0
632818.0,0.0001322,2.0
632819.0,0.0001322,1.0
632824.0,0.0001322,1.0
632825.0,0.0001322,1.0
632826.0,0.0001322,1.0
632834.0,0.0001322,1.0
632837.0,0.0001322,2.0
632840.0,0.0001322,1.0
632841.0,0.0001322,1.0
632860.0,0.0001322,1.0
632862.0,0.0001322,1.0
632871.0,0.0001322,2.0
632872.0,0.0001322,2.0
632875.0,0.0001322,1.0
632886.0,0.0001322,1.0
632887.0,0.0001322,2.0
632888.0,0.0001322,1.0
632890.0,0.0001322,1.0
632915.0,0.0001322,1.0
632945.0,0.0001322,1.0
632959.0,0.0001322,1.0
632989.0,0.0001322,1.0
632997.0,0.0001322,1.0
633019.0,0.0001322,1.0
633055.0,0.0001322,1.0
633071.0,0.0001322,1.0
633088.0,0.0001322,1.0
633089.0,0.0001322,1.0
633120.0,0.0001322,1.0
633135.0,0.0001322,1.0
633145.0,0.0001322,2.0
633187.0,0.0001322,1.0
633197.0,0.0001322,1.0
633218.0,0.0001322,1.0
633230.0,0.0001322,1.0
633240.0,0.0001322,1.0
633250.0,0.0001322,1.0
633297.0,0.0001322,1.0
633305.0,0.0001322,1.0
633319.0,0.0001322,1.0
633332.0,0.0001322,1.0
633345.0,0.0001322,1.0
633376.0,0.0001322,1.0
633381.0,0.0001322,1.0
633401.0,0.0001322,1.0
633411.0,0.0001322,2.0
633423.0,0.0001322,1.0
633459.0,0.0001322,1.0
633500.0,0.0001322,1.0
633501.0,0.0001322,1.0
633508.0,0.0001322,1.0
633527.0,0.0001322,1.0
633538.0,0.0001322,1.0
633577.0,0.0001322,1.0
633588.0,0.0001322,1.0
633615.0,0.0001322,1.0
633619.0,0.0001322,1.0
633629.0,0.0001322,1.0
633642.0,0.0001322,1.0
633658.0,0.0001322,1.0
633671.0,0.0001322,1.0
633682.0,0.0001322,1.0
633710.0,0.0001322,1.0
633711.0,0.0001322,2.0
633712.0,0.0001322,1.0
633717.0,0.0001322,1.0
633745.0,0.0001322,1.0
633767.0,0.0001322,1.0
633771.0,0.0001322,1.0
633777.0,0.0001322,1.0
633780.0,0.0001322,1.0
633818.0,0.0001322,2.0
633850.0,0.0001322,1.0
633851.0,0.0001322,1.0
633853.0,0.0001322,1.0
633859.0,0.0001322,1.0
633937.0,0.0001322,1.0
633944.0,0.0001322,1.0
633958.0,0.0001322,1.0
633972.0,0.0001322,2.0
633977.0,0.0001322,1.0
633982.0,0.0001322,1.0
633984.0,0.0001322,2.0
633995.0,0.0001322,1.0
633996.0,0.0001322,2.0
634004.0,0.0001322,1.0
634010.0,0.0001322,1.0
634038.0,0.0001322,1.0
634045.0,0.0001322,2.0
634054.0,0.0001322,1.0
634059.0,0.0001322,1.0
634158.0,0.0001322,1.0
634211.0,0.0001322,1.0
634223.0,0.0001322,1.0
634233.0,0.0001322,1.0
634234.0,0.0001322,1.0
634235.0,0.0001322,1.0
634237.0,0.0001322,1.0
634253.0,0.0001322,1.0
634262.0,0.0001322,1.0
634277.0,0.0001322,1.0
634281.0,0.0001322,2.0
634294.0,0.0001322,1.0
634344.0,0.0001322,2.0
634348.0,0.0001322,2.0
634350.0,0.0001322,1.0
634352.0,0.0001322,2.0
634358.0,0.0001322,1.0
634362.0,0.0001322,2.0
634408.0,0.0001322,2.0
634432.0,0.0001322,1.0
634437.0,0.0001322,1.0
634450.0,0.0001322,1.0
634461.0,0.0001322,1.0
634484.0,0.0001322,1.0
634499.0,0.0001322,1.0
634522.0,0.0001322,1.0
634523.0,0.0001322,1.0
634547.0,0.0001322,1.0
634549.0,0.0001322,2.0
634554.0,0.0001322,1.0
634575.0,0.0001322,1.0
634603.0,0.0001322,2.0
634615.0,0.0001322,1.0
634616.0,0.0001322,1.0
634637.0,0.0001322,1.0
634691.0,0.0001322,2.0
634701.0,0.0001322,1.0
634702.0,0.0001322,1.0
634726.0,0.0001322,1.0
634735.0,0.0001322,1.0
634737.0,0.0001322,2.0
634739.0,0.0001322,2.0
634765.0,0.0001322,1.0
634780.0,0.0001322,1.0
634781.0,0.0001322,1.0
634787.0,0.0001322,1.0
634831.0,0.0001322,1.0
634834.0,0.0001322,1.0
634845.0,0.0001322,1.0
634853.0,0.0001322,1.0
634867.0,0.0001322,1.0
634870.0,0.0001322,1.0
634876.0,0.0001322,1.0
634890.0,0.0001322,2.0
634903.0,0.0001322,1.0
634906.0,0.0001322,1.0
634909.0,0.0001322,1.0
634936.0,0.0001322,1.0
634976.0,0.0001322,1.0
634981.0,0.0001322,1.0
634996.0,0.0001322,1.0
635030.0,0.0001322,1.0
635044.0,0.0001322,1.0
635059.0,0.0001322,1.0
635061.0,0.0001322,1.0
635074.0,0.0001322,2.0
635088.0,0.0001322,1.0
635101.0,0.0001322,1.0
635114.0,0.0001322,1.0
635121.0,0.0001322,1.0
635122.0,0.0001322,1.0
635155.0,0.0001322,1.0
635157.0,0.0001322,1.0
635160.0,0.0001322,1.0
635170.0,0.0001322,1.0
635181.0,0.0001322,1.0
635212.0,0.0001322,1.0
635226.0,0.0001322,1.0
635247.0,0.0001322,1.0
635249.0,0.0001322,1.0
635254.0,0.0001322,1.0
635260.0,0.0001322,1.0
635278.0,0.0001322,1.0
635281.0,0.0001322,1.0
635304.0,0.0001322,1.0
635305.0,0.0001322,1.0
635306.0,0.0001322,2.0
635318.0,0.0001322,2.0
635319.0,0.0001322,1.0
635338.0,0.0001322,1.0
635344.0,0.0001322,1.0
635354.0,0.0001322,1.0
635407.0,0.0001322,2.0
635417.0,0.0001322,1.0
635429.0,0.0001322,2.0
635448.0,0.0001322,1.0
635456.0,0.0001322,1.0
635470.0,0.0001322,1.0
635482.0,0.0001322,2.0
635488.0,0.0001322,1.0
635503.0,0.0001322,1.0
635521.0,0.0001322,1.0
635532.0,0.0001322,1.0
635540.0,0.0001322,1.0
635573.0,0.0001322,1.0
635584.0,0.0001322,1.0
635615.0,0.0001322,1.0
635626.0,0.0001322,1.0
635627.0,0.0001322,1.0
635629.0,0.0001322,1.0
635642.0,0.0001322,1.0
635663.0,0.0001322,1.0
635672.0,0.0001322,1.0
635674.0,0.0001322,1.0
635708.0,0.0001322,1.0
635729.0,0.0001322,1.0
635758.0,0.0001322,1.0
635767.0,0.0001322,1.0
635772.0,0.0001322,1.0
635805.0,0.0001322,1.0
635848.0,0.0001322,1.0
635874.0,0.0001322,1.0
635881.0,0.0001322,1.0
635893.0,0.0001322,1.0
635895.0,0.0001322,1.0
635918.0,0.0001322,1.0
635950.0,0.0001322,2.0
635960.0,0.0001322,1.0
635965.0,0.0001322,1.0
635969.0,0.0001322,1.0
635997.0,0.0001322,1.0
635999.0,0.0001322,1.0
636012.0,0.0001322,1.0
636048.0,0.0001322,1.0
636072.0,0.0001322,1.0
636118.0,0.0001322,1.0
636123.0,0.0001322,1.0
636125.0,0.0001322,2.0
636131.0,0.0001322,2.0
636149.0,0.0001322,1.0
636162.0,0.0001322,1.0
636172.0,0.0001322,1.0
636178.0,0.0001322,1.0
636179.0,0.0001322,1.0
636197.0,0.0001322,1.0
636199.0,0.0001322,1.0
636224.0,0.0001322,1.0
636241.0,0.0001322,1.0
636263.0,0.0001322,1.0
636290.0,0.0001322,1.0
636308.0,0.0001322,1.0
636322.0,0.0001322,2.0
636326.0,0.0001322,2.0
636333.0,0.0001322,1.0
636347.0,0.0001322,1.0
636388.0,0.0001322,1.0
636398.0,0.0001322,1.0
636432.0,0.0001322,1.0
636450.0,0.0001322,1.0
636456.0,0.0001322,1.0
636463.0,0.0001322,1.0
636483.0,0.0001322,2.0
636519.0,0.0001322,1.0
636520.0,0.0001322,1.0
636525.0,0.0001322,2.0
636560.0,0.0001322,1.0
636573.0,0.0001322,1.0
636574.0,0.0001322,1.0
636602.0,0.0001322,2.0
636636.0,0.0001322,1.0
636657.0,0.0001322,1.0
636686.0,0.0001322,1.0
636707.0,0.0001322,1.0
636725.0,0.0001322,1.0
636747.0,0.0001322,1.0
636793.0,0.0001322,1.0
636801.0,0.0001322,1.0
636814.0,0.0001322,1.0
636818.0,0.0001322,1.0
636820.0,0.0001322,2.0
636834.0,0.0001322,1.0
636837.0,0.0001322,1.0
636850.0,0.0001322,1.0
636888.0,0.0001322,1.0
636909.0,0.0001322,1.0
636913.0,0.0001322,2.0
636923.0,0.0001322,1.0
636928.0,0.0001322,1.0
636949.0,0.0001322,1.0
636967.0,0.0001322,1.0
636970.0,0.0001322,1.0
637022.0,0.0001322,1.0
637049.0,0.0001322,1.0
637083.0,0.0001322,1.0
637086.0,0.0001322,1.0
637121.0,0.0001322,1.0
637145.0,0.0001322,1.0
637150.0,0.0001322,1.0
637160.0,0.0001322,1.0
637189.0,0.0001322,2.0
637197.0,0.0001322,1.0
637219.0,0.0001322,1.0
637226.0,0.0001322,2.0
637238.0,0.0001322,1.0
637244.0,0.0001322,1.0
637264.0,0.0001322,2.0
637270.0,0.0001322,1.0
637273.0,0.0001322,2.0
637276.0,0.0001322,1.0
637279.0,0.0001322,1.0
637298.0,0.0001322,1.0
637300.0,0.0001322,1.0
637305.0,0.0001322,1.0
637322.0,0.0001322,1.0
637334.0,0.0001322,1.0
637342.0,0.0001322,1.0
637358.0,0.0001322,1.0
637363.0,0.0001322,1.0
637366.0,0.0001322,1.0
637378.0,0.0001322,1.0
637428.0,0.0001322,1.0
637429.0,0.0001322,1.0
637437.0,0.0001322,2.0
637457.0,0.0001322,1.0
637466.0,0.0001322,1.0
637469.0,0.0001322,1.0
637471.0,0.0001322,2.0
637487.0,0.0001322,1.0
637499.0,0.0001322,1.0
637514.0,0.0001322,1.0
637517.0,0.0001322,1.0
637519.0,0.0001322,1.0
637535.0,0.0001322,2.0
637536.0,0.0001322,1.0
637543.0,0.0001322,1.0
637563.0,0.0001322,1.0
637565.0,0.0001322,2.0
637566.0,0.0001322,1.0
637612.0,0.0001322,1.0
637622.0,0.0001322,1.0
637626.0,0.0001322,1.0
637642.0,0.0001322,1.0
637659.0,0.0001322,2.0
637682.0,0.0001322,1.0
637687.0,0.0001322,1.0
637701.0,0.0001322,1.0
637706.0,0.0001322,2.0
637711.0,0.0001322,2.0
637714.0,0.0001322,1.0
637721.0,0.0001322,2.0
637755.0,0.0001322,1.0
637761.0,0.0001322,2.0
637776.0,0.0001322,1.0
637778.0,0.0001322,1.0
637797.0,0.0001322,1.0
637820.0,0.0001322,1.0
637829.0,0.0001322,2.0
637834.0,0.0001322,1.0
637859.0,0.0001322,1.0
637866.0,0.0001322,1.0
637870.0,0.0001322,1.0
637878.0,0.0001322,1.0
637879.0,0.0001322,1.0
637881.0,0.0001322,2.0
637917.0,0.0001322,1.0
637947.0,0.0001322,1.0
637965.0,0.0001322,1.0
637966.0,0.0001322,1.0
638002.0,0.0001322,1.0
638014.0,0.0001322,1.0
638026.0,0.0001322,1.0
638041.0,0.0001322,1.0
638053.0,0.0001322,1.0
638058.0,0.0001322,1.0
638076.0,0.0001322,1.0
638082.0,0.0001322,1.0
638086.0,0.0001322,2.0
638088.0,0.0001322,2.0
638117.0,0.0001322,1.0
638163.0,0.0001322,1.0
638189.0,0.0001322,1.0
638196.0,0.0001322,1.0
638234.0,0.0001322,1.0
638247.0,0.0001322,1.0
638259.0,0.0001322,1.0
638276.0,0.0001322,2.0
638282.0,0.0001322,1.0
638304.0,0.0001322,1.0
638307.0,0.0001322,2.0
638322.0,0.0001322,1.0
638359.0,0.0001322,1.0
638366.0,0.0001322,1.0
638413.0,0.0001322,1.0
638436.0,0.0001322,1.0
638462.0,0.0001322,2.0
638468.0,0.0001322,1.0
638469.0,0.0001322,2.0
638485.0,0.0001322,1.0
638498.0,0.0001322,1.0
638513.0,0.0001322,1.0
638519.0,0.0001322,1.0
638524.0,0.0001322,1.0
638535.0,0.0001322,1.0
638536.0,0.0001322,1.0
638537.0,0.0001322,1.0
638546.0,0.0001322,1.0
638553.0,0.0001322,1.0
638565.0,0.0001322,2.0
638570.0,0.0001322,1.0
638580.0,0.0001322,1.0
638621.0,0.0001322,1.0
638622.0,0.0001322,1.0
638636.0,0.0001322,1.0
638678.0,0.0001322,2.0
638691.0,0.0001322,2.0
638703.0,0.0001322,1.0
638772.0,0.0001322,1.0
638777.0,0.0001322,1.0
638787.0,0.0001322,1.0
638788.0,0.0001322,1.0
638795.0,0.0001322,1.0
638805.0,0.0001322,1.0
638818.0,0.0001322,1.0
638820.0,0.0001322,2.0
638833.0,0.0001322,1.0
638835.0,0.0001322,1.0
638846.0,0.0001322,1.0
638857.0,0.0001322,1.0
638868.0,0.0001322,1.0
638869.0,0.0001322,2.0
638872.0,0.0001322,1.0
638879.0,0.0001322,1.0
638885.0,0.0001322,2.0
638897.0,0.0001322,1.0
638906.0,0.0001322,1.0
638957.0,0.0001322,1.0
638986.0,0.0001322,1.0
638998.0,0.0001322,1.0
639020.0,0.0001322,1.0
639026.0,0.0001322,1.0
639029.0,0.0001322,1.0
639047.0,0.0001322,1.0
639050.0,0.0001322,1.0
639068.0,0.0001322,1.0
639092.0,0.0001322,1.0
639120.0,0.0001322,1.0
639154.0,0.0001322,1.0
639160.0,0.0001322,1.0
639185.0,0.0001322,1.0
639206.0,0.0001322,2.0
639215.0,0.0001322,1.0
639217.0,0.0001322,1.0
639220.0,0.0001322,1.0
639250.0,0.0001322,1.0
639253.0,0.0001322,1.0
639270.0,0.0001322,2.0
639318.0,0.0001322,1.0
639321.0,0.0001322,2.0
639347.0,0.0001322,1.0
639358.0,0.0001322,1.0
639363.0,0.0001322,2.0
639387.0,0.0001322,1.0
639389.0,0.0001322,1.0
639408.0,0.0001322,2.0
639494.0,0.0001322,1.0
639515.0,0.0001322,1.0
639527.0,0.0001322,1.0
639533.0,0.0001322,1.0
639547.0,0.0001322,1.0
639550.0,0.0001322,1.0
639556.0,0.0001322,1.0
639558.0,0.0001322,1.0
639565.0,0.0001322,1.0
639566.0,0.0001322,1.0
639586.0,0.0001322,1.0
639597.0,0.0001322,1.0
639622.0,0.0001322,2.0
639628.0,0.0001322,1.0
639642.0,0.0001322,2.0
639658.0,0.0001322,1.0
639673.0,0.0001322,1.0
639684.0,0.0001322,2.0
639707.0,0.0001322,1.0
639723.0,0.0001322,1.0
639747.0,0.0001322,1.0
639749.0,0.0001322,1.0
639824.0,0.0001322,1.0
639826.0,0.0001322,1.0
639858.0,0.0001322,1.0
639891.0,0.0001322,1.0
639917.0,0.0001322,2.0
639919.0,0.0001322,1.0
639932.0,0.0001322,1.0
639961.0,0.0001322,1.0
630036.0,0.0001322,1.0
630064.0,0.0001322,1.0
630070.0,0.0001322,1.0
630085.0,0.0001322,1.0
630106.0,0.0001322,1.0
630123.0,0.0001322,2.0
630235.0,0.0001322,1.0
630373.0,0.0001322,1.0
630389.0,0.0001322,1.0
630554.0,0.0001322,2.0
630620.0,0.0001322,1.0
630665.0,0.0001322,1.0
630841.0,0.0001322,1.0
630846.0,0.0001322,1.0
630914.0,0.0001322,1.0
630973.0,0.0001322,1.0
631099.0,0.0001322,1.0
631124.0,0.0001322,1.0
631147.0,0.0001322,2.0
631202.0,0.0001322,1.0
631266.0,0.0001322,1.0
631316.0,0.0001322,2.0
631396.0,0.0001322,2.0
631494.0,0.0001322,1.0
631537.0,0.0001322,1.0
631580.0,0.0001322,1.0
631600.0,0.0001322,1.0
631603.0,0.0001322,1.0
631645.0,0.0001322,1.0
631826.0,0.0001322,1.0
631964.0,0.0001322,1.0
632043.0,0.0001322,1.0
632047.0,0.0001322,1.0
632339.0,0.0001322,1.0
632354.0,0.0001322,1.0
632461.0,0.0001322,1.0
632511.0,0.0001322,1.0
632764.0,0.0001322,1.0
632892.0,0.0001322,1.0
632949.0,0.0001322,2.0
632978.0,0.0001322,1.0
633063.0,0.0001322,1.0
633093.0,0.0001322,1.0
633110.0,0.0001322,1.0
633142.0,0.0001322,2.0
633205.0,0.0001322,1.0
633213.0,0.0001322,1.0
633246.0,0.0001322,1.0
633251.0,0.0001322,2.0
633252.0,0.0001322,1.0
633254.0,0.0001322,1.0
633341.0,0.0001322,1.0
633363.0,0.0001322,1.0
633414.0,0.0001322,1.0
633454.0,0.0001322,1.0
633493.0,0.0001322,1.0
633495.0,0.0001322,1.0
633512.0,0.0001322,1.0
633514.0,0.0001322,1.0
633517.0,0.0001322,1.0
633530.0,0.0001322,1.0
633550.0,0.0001322,1.0
633568.0,0.0001322,1.0
633644.0,0.0001322,1.0
633775.0,0.0001322,1.0
633813.0,0.0001322,1.0
634028.0,0.0001322,1.0
634165.0,0.0001322,1.0
634171.0,0.0001322,1.0
634203.0,0.0001322,1.0
634264.0,0.0001322,1.0
634285.0,0.0001322,2.0
634308.0,0.0001322,1.0
634343.0,0.0001322,1.0
634364.0,0.0001322,1.0
634518.0,0.0001322,1.0
634640.0,0.0001322,2.0
634802.0,0.0001322,1.0
634866.0,0.0001322,1.0
634917.0,0.0001322,1.0
634966.0,0.0001322,1.0
634975.0,0.0001322,1.0
635005.0,0.0001322,1.0
635022.0,0.0001322,1.0
635050.0,0.0001322,1.0
635051.0,0.0001322,1.0
635146.0,0.0001322,1.0
635191.0,0.0001322,1.0
635253.0,0.0001322,1.0
635390.0,0.0001322,1.0
635437.0,0.0001322,2.0
635446.0,0.0001322,1.0
635534.0,0.0001322,1.0
635548.0,0.0001322,1.0
635555.0,0.0001322,2.0
635596.0,0.0001322,1.0
635639.0,0.0001322,1.0
635747.0,0.0001322,1.0
635756.0,0.0001322,1.0
635773.0,0.0001322,1.0
635803.0,0.0001322,2.0
635818.0,0.0001322,1.0
635945.0,0.0001322,1.0
635989.0,0.0001322,1.0
636095.0,0.0001322,2.0
636180.0,0.0001322,1.0
636270.0,0.0001322,1.0
636337.0,0.0001322,1.0
636540.0,0.0001322,1.0
636556.0,0.0001322,1.0
636590.0,0.0001322,1.0
636634.0,0.0001322,1.0
636840.0,0.0001322,1.0
636859.0,0.0001322,1.0
636860.0,0.0001322,1.0
636986.0,0.0001322,1.0
637050.0,0.0001322,1.0
637187.0,0.0001322,1.0
637286.0,0.0001322,1.0
637308.0,0.0001322,2.0
637356.0,0.0001322,1.0
637415.0,0.0001322,1.0
637520.0,0.0001322,1.0
637694.0,0.0001322,2.0
637699.0,0.0001322,1.0
637877.0,0.0001322,1.0
637941.0,0.0001322,1.0
638146.0,0.0001322,2.0
638171.0,0.0001322,1.0
638233.0,0.0001322,1.0
638356.0,0.0001322,1.0
638752.0,0.0001322,1.0
638783.0,0.0001322,1.0
638814.0,0.0001322,1.0
638930.0,0.0001322,1.0
638936.0,0.0001322,1.0
638972.0,0.0001322,1.0
639009.0,0.0001322,1.0
639015.0,0.0001322,1.0
639096.0,0.0001322,2.0
639151.0,0.0001322,2.0
639320.0,0.0001322,1.0
639434.0,0.0001322,1.0
639549.0,0.0001322,1.0
639626.0,0.0001322,1.0
639828.0,0.0001322,1.0
639841.0,0.0001322,1.0
639929.0,0.0001322,2.0
639944.0,0.0001322,1.0
639981.0,0.0001322,1.0
630081.0,0.0001322,1.0
630238.0,0.0001322,1.0
630381.0,0.0001322,1.0
630585.0,0.0001322,1.0
630628.0,0.0001322,1.0
630783.0,0.0001322,1.0
630849.0,0.0001322,1.0
630876.0,0.0001322,1.0
631118.0,0.0001322,1.0
631179.0,0.0001322,1.0
631216.0,0.0001322,1.0
631238.0,0.0001322,1.0
631486.0,0.0001322,1.0
632403.0,0.0001322,1.0
632414.0,0.0001322,1.0
632829.0,0.0001322,1.0
633340.0,0.0001322,1.0
634023.0,0.0001322,1.0
634138.0,0.0001322,1.0
634508.0,0.0001322,1.0
634521.0,0.0001322,1.0
634543.0,0.0001322,1.0
634823.0,0.0001322,1.0
634839.0,0.0001322,1.0
635314.0,0.0001322,1.0
635357.0,0.0001322,1.0
635465.0,0.0001322,1.0
635636.0,0.0001322,1.0
635698.0,0.0001322,1.0
635749.0,0.0001322,1.0
636062.0,0.0001322,1.0
636205.0,0.0001322,1.0
636436.0,0.0001322,1.0
636446.0,0.0001322,1.0
636592.0,0.0001322,1.0
636761.0,0.0001322,1.0
636813.0,0.0001322,1.0
637089.0,0.0001322,1.0
637210.0,0.0001322,1.0
637369.0,0.0001322,1.0
637525.0,0.0001322,1.0
637590.0,0.0001322,1.0
637773.0,0.0001322,1.0
637819.0,0.0001322,1.0
637990.0,0.0001322,1.0
638031.0,0.0001322,1.0
638062.0,0.0001322,1.0
638105.0,0.0001322,1.0
638230.0,0.0001322,1.0
638388.0,0.0001322,1.0
638473.0,0.0001322,1.0
638796.0,0.0001322,1.0
639806.0,0.0001322,1.0
640004.0,0.0001417,1.0
640005.0,0.0001417,1.0
640024.0,0.0001417,4.0
640027.0,0.0001417,1.0
640029.0,0.0001417,1.0
640032.0,0.0001417,2.0
640036.0,0.0001417,4.0
640038.0,0.0001417,1.0
640064.0,0.0001417,5.0
640080.0,0.0001417,2.0
640081.0,0.0001417,2.0
640106.0,0.0001417,4.0
640107.0,0.0001417,3.0
640120.0,0.0001417,2.0
640123.0,0.0001417,4.0
640126.0,0.0001417,2.0
640199.0,0.0001417,4.0
640209.0,0.0001417,2.0
640235.0,0.0001417,4.0
640250.0,0.0001417,3.0
640268.0,0.0001417,3.0
640269.0,0.0001417,1.0
640278.0,0.0001417,2.0
640307.0,0.0001417,2.0
640313.0,0.0001417,1.0
640316.0,0.0001417,3.0
640334.0,0.0001417,1.0
640346.0,0.0001417,2.0
640349.0,0.0001417,1.0
640353.0,0.0001417,1.0
640381.0,0.0001417,3.0
640389.0,0.0001417,4.0
640400.0,0.0001417,3.0
640402.0,0.0001417,3.0
640410.0,0.0001417,1.0
640424.0,0.0001417,1.0
640425.0,0.0001417,2.0
640441.0,0.0001417,2.0
640461.0,0.0001417,3.0
640474.0,0.0001417,3.0
640487.0,0.0001417,1.0
640490.0,0.0001417,1.0
640508.0,0.0001417,4.0
640515.0,0.0001417,3.0
640525.0,0.0001417,1.0
640531.0,0.0001417,1.0
640543.0,0.0001417,1.0
640551.0,0.0001417,5.0
640554.0,0.0001417,6.0
640585.0,0.0001417,3.0
640592.0,0.0001417,5.0
640620.0,0.0001417,5.0
640628.0,0.0001417,2.0
640634.0,0.0001417,1.0
640642.0,0.0001417,3.0
640665.0,0.0001417,3.0
640681.0,0.0001417,4.0
640683.0,0.0001417,2.0
640687.0,0.0001417,3.0
640690.0,0.0001417,1.0
640725.0,0.0001417,3.0
640737.0,0.0001417,4.0
640741.0,0.0001417,1.0
640754.0,0.0001417,4.0
640756.0,0.0001417,3.0
640760.0,0.0001417,1.0
640783.0,0.0001417,3.0
640796.0,0.0001417,1.0
640800.0,0.0001417,1.0
640821.0,0.0001417,1.0
640836.0,0.0001417,2.0
640837.0,0.0001417,3.0
640841.0,0.0001417,4.0
640846.0,0.0001417,7.0
640849.0,0.0001417,3.0
640862.0,0.0001417,1.0
640870.0,0.0001417,4.0
640876.0,0.0001417,3.0
640884.0,0.0001417,3.0
640896.0,0.0001417,2.0
640899.0,0.0001417,1.0
640904.0,0.0001417,2.0
640913.0,0.0001417,3.0
640914.0,0.0001417,3.0
640935.0,0.0001417,1.0
640973.0,0.0001417,3.0
640982.0,0.0001417,5.0
640998.0,0.0001417,2.0
641000.0,0.0001417,4.0
641016.0,0.0001417,1.0
641019.0,0.0001417,1.0
641041.0,0.0001417,3.0
641048.0,0.0001417,3.0
641051.0,0.0001417,1.0
641066.0,0.0001417,1.0
641078.0,0.0001417,4.0
641103.0,0.0001417,1.0
641106.0,0.0001417,2.0
641118.0,0.0001417,3.0
641122.0,0.0001417,2.0
641124.0,0.0001417,4.0
641139.0,0.0001417,1.0
641147.0,0.0001417,4.0
641151.0,0.0001417,3.0
641156.0,0.0001417,3.0
641158.0,0.0001417,2.0
641179.0,0.0001417,3.0
641192.0,0.0001417,1.0
641200.0,0.0001417,3.0
641202.0,0.0001417,3.0
641203.0,0.0001417,2.0
641216.0,0.0001417,2.0
641238.0,0.0001417,3.0
641256.0,0.0001417,2.0
641266.0,0.0001417,3.0
641285.0,0.0001417,1.0
641286.0,0.0001417,1.0
641288.0,0.0001417,2.0
641298.0,0.0001417,1.0
641316.0,0.0001417,3.0
641317.0,0.0001417,1.0
641341.0,0.0001417,5.0
641350.0,0.0001417,2.0
641352.0,0.0001417,1.0
641354.0,0.0001417,1.0
641381.0,0.0001417,1.0
641390.0,0.0001417,1.0
641396.0,0.0001417,3.0
641403.0,0.0001417,1.0
641406.0,0.0001417,1.0
641427.0,0.0001417,2.0
641432.0,0.0001417,1.0
641436.0,0.0001417,2.0
641439.0,0.0001417,2.0
641449.0,0.0001417,1.0
641454.0,0.0001417,1.0
641458.0,0.0001417,3.0
641479.0,0.0001417,5.0
641481.0,0.0001417,1.0
641486.0,0.0001417,3.0
641494.0,0.0001417,4.0
641503.0,0.0001417,1.0
641512.0,0.0001417,3.0
641534.0,0.0001417,1.0
641535.0,0.0001417,1.0
641536.0,0.0001417,1.0
641537.0,0.0001417,6.0
641545.0,0.0001417,1.0
641546.0,0.0001417,1.0
641562.0,0.0001417,1.0
641563.0,0.0001417,5.0
641566.0,0.0001417,1.0
641572.0,0.0001417,5.0
641576.0,0.0001417,6.0
641580.0,0.0001417,4.0
641585.0,0.0001417,4.0
641600.0,0.0001417,4.0
641603.0,0.0001417,3.0
641611.0,0.0001417,1.0
641629.0,0.0001417,2.0
641645.0,0.0001417,5.0
641677.0,0.0001417,1.0
641679.0,0.0001417,2.0
641684.0,0.0001417,2.0
641687.0,0.0001417,1.0
641695.0,0.0001417,5.0
641713.0,0.0001417,2.0
641754.0,0.0001417,1.0
641756.0,0.0001417,1.0
641759.0,0.0001417,1.0
641781.0,0.0001417,2.0
641790.0,0.0001417,3.0
641811.0,0.0001417,3.0
641816.0,0.0001417,1.0
641820.0,0.0001417,1.0
641824.0,0.0001417,3.0
641826.0,0.0001417,4.0
641874.0,0.0001417,1.0
641907.0,0.0001417,1.0
641908.0,0.0001417,1.0
641921.0,0.0001417,3.0
641938.0,0.0001417,4.0
641964.0,0.0001417,4.0
641972.0,0.0001417,2.0
641977.0,0.0001417,1.0
641982.0,0.0001417,3.0
641983.0,0.0001417,2.0
641986.0,0.0001417,2.0
641997.0,0.0001417,3.0
642015.0,0.0001417,2.0
642029.0,0.0001417,1.0
642031.0,0.0001417,1.0
642043.0,0.0001417,5.0
642047.0,0.0001417,4.0
642071.0,0.0001417,1.0
642075.0,0.0001417,1.0
642078.0,0.0001417,2.0
642094.0,0.0001417,3.0
642150.0,0.0001417,4.0
642161.0,0.0001417,1.0
642173.0,0.0001417,3.0
642177.0,0.0001417,3.0
642187.0,0.0001417,1.0
642192.0,0.0001417,2.0
642202.0,0.0001417,1.0
642206.0,0.0001417,1.0
642210.0,0.0001417,3.0
642216.0,0.0001417,2.0
642255.0,0.0001417,1.0
642264.0,0.0001417,3.0
642271.0,0.0001417,4.0
642299.0,0.0001417,1.0
642303.0,0.0001417,3.0
642318.0,0.0001417,4.0
642324.0,0.0001417,2.0
642331.0,0.0001417,1.0
642337.0,0.0001417,1.0
642339.0,0.0001417,5.0
642340.0,0.0001417,3.0
642354.0,0.0001417,3.0
642358.0,0.0001417,2.0
642376.0,0.0001417,3.0
642389.0,0.0001417,5.0
642393.0,0.0001417,1.0
642397.0,0.0001417,3.0
642404.0,0.0001417,4.0
642409.0,0.0001417,2.0
642413.0,0.0001417,4.0
642424.0,0.0001417,3.0
642430.0,0.0001417,1.0
642434.0,0.0001417,1.0
642461.0,0.0001417,4.0
642483.0,0.0001417,1.0
642503.0,0.0001417,3.0
642511.0,0.0001417,3.0
642514.0,0.0001417,1.0
642557.0,0.0001417,4.0
642571.0,0.0001417,3.0
642576.0,0.0001417,1.0
642601.0,0.0001417,1.0
642624.0,0.0001417,3.0
642629.0,0.0001417,1.0
642633.0,0.0001417,5.0
642634.0,0.0001417,3.0
642646.0,0.0001417,1.0
642702.0,0.0001417,2.0
642716.0,0.0001417,3.0
642719.0,0.0001417,1.0
642725.0,0.0001417,5.0
642738.0,0.0001417,2.0
642752.0,0.0001417,1.0
642753.0,0.0001417,2.0
642760.0,0.0001417,4.0
642764.0,0.0001417,3.0
642766.0,0.0001417,2.0
642775.0,0.0001417,2.0
642777.0,0.0001417,3.0
642786.0,0.0001417,1.0
642818.0,0.0001417,3.0
642825.0,0.0001417,3.0
642826.0,0.0001417,2.0
642829.0,0.0001417,3.0
642830.0,0.0001417,2.0
642834.0,0.0001417,1.0
642861.0,0.0001417,4.0
642862.0,0.0001417,1.0
642871.0,0.0001417,4.0
642872.0,0.0001417,3.0
642886.0,0.0001417,2.0
642887.0,0.0001417,2.0
642888.0,0.0001417,1.0
642892.0,0.0001417,6.0
642894.0,0.0001417,3.0
642915.0,0.0001417,3.0
642945.0,0.0001417,2.0
642949.0,0.0001417,3.0
642978.0,0.0001417,4.0
642989.0,0.0001417,1.0
643019.0,0.0001417,3.0
643048.0,0.0001417,3.0
643055.0,0.0001417,2.0
643056.0,0.0001417,1.0
643063.0,0.0001417,5.0
643071.0,0.0001417,3.0
643085.0,0.0001417,1.0
643088.0,0.0001417,4.0
643089.0,0.0001417,3.0
643093.0,0.0001417,4.0
643108.0,0.0001417,3.0
643110.0,0.0001417,3.0
643120.0,0.0001417,2.0
643124.0,0.0001417,1.0
643135.0,0.0001417,1.0
643142.0,0.0001417,4.0
643145.0,0.0001417,3.0
643147.0,0.0001417,3.0
643162.0,0.0001417,3.0
643170.0,0.0001417,2.0
643197.0,0.0001417,3.0
643205.0,0.0001417,3.0
643218.0,0.0001417,4.0
643240.0,0.0001417,1.0
643246.0,0.0001417,3.0
643250.0,0.0001417,1.0
643251.0,0.0001417,3.0
643252.0,0.0001417,4.0
643254.0,0.0001417,5.0
643290.0,0.0001417,3.0
643300.0,0.0001417,3.0
643302.0,0.0001417,3.0
643310.0,0.0001417,1.0
643319.0,0.0001417,1.0
643341.0,0.0001417,3.0
643345.0,0.0001417,2.0
643363.0,0.0001417,4.0
643376.0,0.0001417,4.0
643381.0,0.0001417,2.0
643392.0,0.0001417,1.0
643411.0,0.0001417,2.0
643414.0,0.0001417,3.0
643426.0,0.0001417,1.0
643454.0,0.0001417,4.0
643457.0,0.0001417,2.0
643459.0,0.0001417,1.0
643461.0,0.0001417,3.0
643474.0,0.0001417,2.0
643492.0,0.0001417,3.0
643493.0,0.0001417,4.0
643508.0,0.0001417,2.0
643512.0,0.0001417,3.0
643517.0,0.0001417,5.0
643529.0,0.0001417,3.0
643530.0,0.0001417,4.0
643538.0,0.0001417,1.0
643550.0,0.0001417,5.0
643566.0,0.0001417,3.0
643568.0,0.0001417,4.0
643577.0,0.0001417,3.0
643588.0,0.0001417,2.0
643615.0,0.0001417,1.0
643619.0,0.0001417,2.0
643642.0,0.0001417,1.0
643644.0,0.0001417,3.0
643653.0,0.0001417,3.0
643660.0,0.0001417,3.0
643671.0,0.0001417,2.0
643681.0,0.0001417,1.0
643682.0,0.0001417,4.0
643711.0,0.0001417,5.0
643717.0,0.0001417,2.0
643736.0,0.0001417,1.0
643741.0,0.0001417,1.0
643745.0,0.0001417,1.0
643767.0,0.0001417,1.0
643771.0,0.0001417,3.0
643777.0,0.0001417,3.0
643780.0,0.0001417,1.0
643813.0,0.0001417,5.0
643818.0,0.0001417,4.0
643827.0,0.0001417,1.0
643847.0,0.0001417,1.0
643850.0,0.0001417,1.0
643857.0,0.0001417,4.0
643859.0,0.0001417,1.0
643886.0,0.0001417,2.0
643944.0,0.0001417,1.0
643953.0,0.0001417,1.0
643972.0,0.0001417,4.0
643984.0,0.0001417,4.0
643985.0,0.0001417,1.0
643995.0,0.0001417,2.0
643996.0,0.0001417,4.0
644001.0,0.0001417,3.0
644004.0,0.0001417,4.0
644010.0,0.0001417,1.0
644023.0,0.0001417,3.0
644025.0,0.0001417,3.0
644028.0,0.0001417,5.0
644034.0,0.0001417,2.0
644043.0,0.0001417,2.0
644045.0,0.0001417,4.0
644059.0,0.0001417,2.0
644096.0,0.0001417,3.0
644107.0,0.0001417,1.0
644130.0,0.0001417,1.0
644135.0,0.0001417,5.0
644139.0,0.0001417,1.0
644165.0,0.0001417,6.0
644171.0,0.0001417,4.0
644179.0,0.0001417,1.0
644184.0,0.0001417,3.0
644187.0,0.0001417,1.0
644192.0,0.0001417,4.0
644203.0,0.0001417,3.0
644211.0,0.0001417,2.0
644232.0,0.0001417,1.0
644233.0,0.0001417,1.0
644234.0,0.0001417,1.0
644235.0,0.0001417,1.0
644237.0,0.0001417,4.0
644251.0,0.0001417,3.0
644255.0,0.0001417,3.0
644262.0,0.0001417,5.0
644264.0,0.0001417,4.0
644281.0,0.0001417,6.0
644285.0,0.0001417,4.0
644288.0,0.0001417,1.0
644294.0,0.0001417,3.0
644308.0,0.0001417,4.0
644312.0,0.0001417,1.0
644337.0,0.0001417,3.0
644352.0,0.0001417,5.0
644362.0,0.0001417,4.0
644364.0,0.0001417,4.0
644407.0,0.0001417,3.0
644408.0,0.0001417,5.0
644417.0,0.0001417,1.0
644430.0,0.0001417,3.0
644431.0,0.0001417,5.0
644432.0,0.0001417,2.0
644437.0,0.0001417,2.0
644461.0,0.0001417,1.0
644476.0,0.0001417,2.0
644480.0,0.0001417,2.0
644484.0,0.0001417,1.0
644499.0,0.0001417,1.0
644508.0,0.0001417,2.0
644518.0,0.0001417,4.0
644521.0,0.0001417,3.0
644543.0,0.0001417,3.0
644546.0,0.0001417,3.0
644549.0,0.0001417,3.0
644572.0,0.0001417,1.0
644575.0,0.0001417,1.0
644579.0,0.0001417,2.0
644603.0,0.0001417,2.0
644615.0,0.0001417,3.0
644616.0,0.0001417,3.0
644637.0,0.0001417,1.0
644640.0,0.0001417,3.0
644654.0,0.0001417,3.0
644691.0,0.0001417,4.0
644701.0,0.0001417,2.0
644702.0,0.0001417,1.0
644704.0,0.0001417,1.0
644721.0,0.0001417,3.0
644726.0,0.0001417,1.0
644727.0,0.0001417,1.0
644739.0,0.0001417,3.0
644765.0,0.0001417,1.0
644781.0,0.0001417,1.0
644784.0,0.0001417,1.0
644787.0,0.0001417,1.0
644802.0,0.0001417,5.0
644831.0,0.0001417,1.0
644834.0,0.0001417,2.0
644839.0,0.0001417,2.0
644845.0,0.0001417,1.0
644853.0,0.0001417,1.0
644866.0,0.0001417,4.0
644870.0,0.0001417,1.0
644890.0,0.0001417,3.0
644909.0,0.0001417,3.0
644917.0,0.0001417,4.0
644936.0,0.0001417,4.0
644966.0,0.0001417,4.0
644975.0,0.0001417,3.0
644977.0,0.0001417,1.0
644981.0,0.0001417,1.0
644990.0,0.0001417,5.0
645022.0,0.0001417,3.0
645030.0,0.0001417,3.0
645044.0,0.0001417,2.0
645050.0,0.0001417,3.0
645051.0,0.0001417,4.0
645059.0,0.0001417,2.0
645060.0,0.0001417,2.0
645068.0,0.0001417,2.0
645069.0,0.0001417,2.0
645074.0,0.0001417,4.0
645088.0,0.0001417,1.0
645101.0,0.0001417,1.0
645105.0,0.0001417,3.0
645121.0,0.0001417,1.0
645122.0,0.0001417,1.0
645146.0,0.0001417,4.0
645157.0,0.0001417,1.0
645170.0,0.0001417,1.0
645181.0,0.0001417,1.0
645191.0,0.0001417,3.0
645200.0,0.0001417,1.0
645223.0,0.0001417,2.0
645253.0,0.0001417,3.0
645260.0,0.0001417,1.0
645278.0,0.0001417,3.0
645281.0,0.0001417,1.0
645287.0,0.0001417,1.0
645304.0,0.0001417,1.0
645318.0,0.0001417,2.0
645328.0,0.0001417,3.0
645338.0,0.0001417,1.0
645344.0,0.0001417,2.0
645353.0,0.0001417,3.0
645354.0,0.0001417,3.0
645357.0,0.0001417,5.0
645401.0,0.0001417,3.0
645407.0,0.0001417,4.0
645419.0,0.0001417,3.0
645437.0,0.0001417,3.0
645448.0,0.0001417,1.0
645450.0,0.0001417,1.0
645474.0,0.0001417,5.0
645482.0,0.0001417,2.0
645488.0,0.0001417,3.0
645503.0,0.0001417,5.0
645521.0,0.0001417,2.0
645532.0,0.0001417,1.0
645534.0,0.0001417,4.0
645540.0,0.0001417,2.0
645543.0,0.0001417,5.0
645548.0,0.0001417,4.0
645549.0,0.0001417,4.0
645555.0,0.0001417,5.0
645573.0,0.0001417,1.0
645593.0,0.0001417,1.0
645608.0,0.0001417,3.0
645610.0,0.0001417,3.0
645615.0,0.0001417,2.0
645626.0,0.0001417,3.0
645627.0,0.0001417,1.0
645629.0,0.0001417,1.0
645636.0,0.0001417,3.0
645639.0,0.0001417,3.0
645642.0,0.0001417,3.0
645652.0,0.0001417,3.0
645660.0,0.0001417,3.0
645663.0,0.0001417,1.0
645672.0,0.0001417,1.0
645674.0,0.0001417,1.0
645698.0,0.0001417,3.0
645708.0,0.0001417,1.0
645728.0,0.0001417,5.0
645747.0,0.0001417,5.0
645749.0,0.0001417,3.0
645756.0,0.0001417,4.0
645767.0,0.0001417,1.0
645773.0,0.0001417,4.0
645785.0,0.0001417,1.0
645803.0,0.0001417,3.0
645805.0,0.0001417,3.0
645814.0,0.0001417,3.0
645818.0,0.0001417,4.0
645844.0,0.0001417,2.0
645848.0,0.0001417,1.0
645856.0,0.0001417,3.0
645893.0,0.0001417,2.0
645895.0,0.0001417,3.0
645936.0,0.0001417,3.0
645941.0,0.0001417,1.0
645944.0,0.0001417,1.0
645945.0,0.0001417,4.0
645950.0,0.0001417,4.0
645969.0,0.0001417,3.0
645987.0,0.0001417,1.0
645989.0,0.0001417,4.0
645999.0,0.0001417,2.0
646009.0,0.0001417,3.0
646013.0,0.0001417,1.0
646048.0,0.0001417,2.0
646057.0,0.0001417,2.0
646062.0,0.0001417,3.0
646076.0,0.0001417,1.0
646095.0,0.0001417,3.0
646101.0,0.0001417,3.0
646113.0,0.0001417,3.0
646123.0,0.0001417,1.0
646125.0,0.0001417,4.0
646131.0,0.0001417,2.0
646162.0,0.0001417,2.0
646166.0,0.0001417,2.0
646180.0,0.0001417,3.0
646199.0,0.0001417,2.0
646205.0,0.0001417,3.0
646227.0,0.0001417,3.0
646248.0,0.0001417,2.0
646263.0,0.0001417,1.0
646276.0,0.0001417,3.0
646295.0,0.0001417,5.0
646308.0,0.0001417,1.0
646326.0,0.0001417,4.0
646333.0,0.0001417,1.0
646344.0,0.0001417,3.0
646347.0,0.0001417,2.0
646353.0,0.0001417,1.0
646388.0,0.0001417,3.0
646398.0,0.0001417,1.0
646432.0,0.0001417,2.0
646436.0,0.0001417,3.0
646446.0,0.0001417,3.0
646450.0,0.0001417,3.0
646463.0,0.0001417,1.0
646465.0,0.0001417,3.0
646483.0,0.0001417,4.0
646506.0,0.0001417,2.0
646525.0,0.0001417,2.0
646540.0,0.0001417,6.0
646556.0,0.0001417,4.0
646573.0,0.0001417,2.0
646584.0,0.0001417,1.0
646592.0,0.0001417,3.0
646602.0,0.0001417,2.0
646634.0,0.0001417,5.0
646648.0,0.0001417,3.0
646650.0,0.0001417,1.0
646657.0,0.0001417,1.0
646686.0,0.0001417,1.0
646747.0,0.0001417,2.0
646748.0,0.0001417,1.0
646757.0,0.0001417,1.0
646761.0,0.0001417,2.0
646767.0,0.0001417,2.0
646790.0,0.0001417,3.0
646793.0,0.0001417,1.0
646813.0,0.0001417,3.0
646818.0,0.0001417,1.0
646834.0,0.0001417,1.0
646859.0,0.0001417,5.0
646860.0,0.0001417,5.0
646888.0,0.0001417,1.0
646913.0,0.0001417,4.0
646928.0,0.0001417,1.0
646935.0,0.0001417,1.0
646949.0,0.0001417,2.0
646953.0,0.0001417,2.0
646967.0,0.0001417,1.0
646970.0,0.0001417,1.0
646973.0,0.0001417,1.0
646974.0,0.0001417,1.0
646986.0,0.0001417,6.0
647025.0,0.0001417,1.0
647050.0,0.0001417,4.0
647080.0,0.0001417,1.0
647083.0,0.0001417,4.0
647126.0,0.0001417,3.0
647150.0,0.0001417,3.0
647160.0,0.0001417,1.0
647170.0,0.0001417,3.0
647177.0,0.0001417,4.0
647187.0,0.0001417,5.0
647189.0,0.0001417,2.0
647197.0,0.0001417,2.0
647238.0,0.0001417,2.0
647253.0,0.0001417,1.0
647255.0,0.0001417,3.0
647264.0,0.0001417,2.0
647268.0,0.0001417,1.0
647270.0,0.0001417,1.0
647273.0,0.0001417,4.0
647279.0,0.0001417,1.0
647286.0,0.0001417,4.0
647305.0,0.0001417,1.0
647308.0,0.0001417,8.0
647309.0,0.0001417,1.0
647334.0,0.0001417,1.0
647341.0,0.0001417,3.0
647348.0,0.0001417,3.0
647349.0,0.0001417,1.0
647356.0,0.0001417,4.0
647358.0,0.0001417,1.0
647363.0,0.0001417,1.0
647366.0,0.0001417,3.0
647378.0,0.0001417,1.0
647390.0,0.0001417,1.0
647406.0,0.0001417,3.0
647427.0,0.0001417,1.0
647434.0,0.0001417,3.0
647437.0,0.0001417,2.0
647453.0,0.0001417,3.0
647469.0,0.0001417,1.0
647471.0,0.0001417,4.0
647487.0,0.0001417,3.0
647514.0,0.0001417,2.0
647520.0,0.0001417,4.0
647525.0,0.0001417,4.0
647563.0,0.0001417,3.0
647565.0,0.0001417,2.0
647590.0,0.0001417,3.0
647612.0,0.0001417,3.0
647616.0,0.0001417,3.0
647622.0,0.0001417,2.0
647636.0,0.0001417,3.0
647642.0,0.0001417,2.0
647659.0,0.0001417,4.0
647667.0,0.0001417,1.0
647682.0,0.0001417,1.0
647699.0,0.0001417,4.0
647710.0,0.0001417,3.0
647714.0,0.0001417,2.0
647721.0,0.0001417,4.0
647761.0,0.0001417,5.0
647765.0,0.0001417,4.0
647773.0,0.0001417,3.0
647778.0,0.0001417,3.0
647817.0,0.0001417,5.0
647819.0,0.0001417,3.0
647829.0,0.0001417,4.0
647847.0,0.0001417,4.0
647859.0,0.0001417,3.0
647878.0,0.0001417,1.0
647879.0,0.0001417,2.0
647903.0,0.0001417,2.0
647917.0,0.0001417,3.0
647941.0,0.0001417,4.0
647943.0,0.0001417,3.0
647944.0,0.0001417,1.0
647948.0,0.0001417,3.0
647957.0,0.0001417,3.0
647966.0,0.0001417,2.0
647990.0,0.0001417,3.0
648014.0,0.0001417,1.0
648025.0,0.0001417,2.0
648026.0,0.0001417,4.0
648031.0,0.0001417,5.0
648041.0,0.0001417,3.0
648050.0,0.0001417,1.0
648053.0,0.0001417,1.0
648058.0,0.0001417,2.0
648062.0,0.0001417,3.0
648080.0,0.0001417,3.0
648088.0,0.0001417,4.0
648105.0,0.0001417,4.0
648113.0,0.0001417,4.0
648117.0,0.0001417,2.0
648123.0,0.0001417,1.0
648146.0,0.0001417,4.0
648163.0,0.0001417,2.0
648188.0,0.0001417,3.0
648196.0,0.0001417,1.0
648205.0,0.0001417,2.0
648207.0,0.0001417,3.0
648228.0,0.0001417,1.0
648233.0,0.0001417,3.0
648234.0,0.0001417,1.0
648245.0,0.0001417,3.0
648254.0,0.0001417,1.0
648259.0,0.0001417,3.0
648264.0,0.0001417,1.0
648304.0,0.0001417,1.0
648305.0,0.0001417,3.0
648307.0,0.0001417,4.0
648322.0,0.0001417,1.0
648333.0,0.0001417,1.0
648356.0,0.0001417,4.0
648359.0,0.0001417,1.0
648366.0,0.0001417,2.0
648436.0,0.0001417,1.0
648453.0,0.0001417,4.0
648462.0,0.0001417,4.0
648468.0,0.0001417,1.0
648469.0,0.0001417,4.0
648473.0,0.0001417,3.0
648485.0,0.0001417,1.0
648493.0,0.0001417,2.0
648498.0,0.0001417,1.0
648499.0,0.0001417,3.0
648519.0,0.0001417,1.0
648535.0,0.0001417,3.0
648546.0,0.0001417,1.0
648565.0,0.0001417,2.0
648570.0,0.0001417,3.0
648580.0,0.0001417,1.0
648621.0,0.0001417,2.0
648623.0,0.0001417,2.0
648678.0,0.0001417,4.0
648686.0,0.0001417,1.0
648691.0,0.0001417,4.0
648700.0,0.0001417,1.0
648703.0,0.0001417,2.0
648718.0,0.0001417,4.0
648725.0,0.0001417,3.0
648742.0,0.0001417,1.0
648777.0,0.0001417,2.0
648783.0,0.0001417,5.0
648788.0,0.0001417,2.0
648795.0,0.0001417,3.0
648796.0,0.0001417,5.0
648805.0,0.0001417,3.0
648814.0,0.0001417,4.0
648818.0,0.0001417,1.0
648829.0,0.0001417,1.0
648833.0,0.0001417,1.0
648835.0,0.0001417,1.0
648841.0,0.0001417,3.0
648868.0,0.0001417,1.0
648869.0,0.0001417,4.0
648879.0,0.0001417,2.0
648885.0,0.0001417,3.0
648897.0,0.0001417,5.0
648898.0,0.0001417,1.0
648904.0,0.0001417,1.0
648912.0,0.0001417,1.0
648921.0,0.0001417,1.0
648930.0,0.0001417,4.0
648933.0,0.0001417,1.0
648957.0,0.0001417,1.0
648972.0,0.0001417,5.0
648986.0,0.0001417,2.0
648993.0,0.0001417,1.0
648994.0,0.0001417,1.0
649009.0,0.0001417,4.0
649015.0,0.0001417,4.0
649017.0,0.0001417,3.0
649020.0,0.0001417,1.0
649026.0,0.0001417,2.0
649039.0,0.0001417,1.0
649043.0,0.0001417,3.0
649054.0,0.0001417,3.0
649059.0,0.0001417,3.0
649068.0,0.0001417,2.0
649082.0,0.0001417,3.0
649085.0,0.0001417,4.0
649096.0,0.0001417,6.0
649120.0,0.0001417,1.0
649133.0,0.0001417,3.0
649151.0,0.0001417,3.0
649154.0,0.0001417,1.0
649160.0,0.0001417,1.0
649169.0,0.0001417,1.0
649177.0,0.0001417,3.0
649190.0,0.0001417,2.0
649200.0,0.0001417,1.0
649202.0,0.0001417,1.0
649206.0,0.0001417,4.0
649215.0,0.0001417,1.0
649218.0,0.0001417,3.0
649220.0,0.0001417,2.0
649250.0,0.0001417,1.0
649298.0,0.0001417,4.0
649318.0,0.0001417,2.0
649320.0,0.0001417,6.0
649321.0,0.0001417,4.0
649353.0,0.0001417,3.0
649358.0,0.0001417,1.0
649363.0,0.0001417,2.0
649371.0,0.0001417,1.0
649381.0,0.0001417,3.0
649385.0,0.0001417,1.0
649387.0,0.0001417,2.0
649389.0,0.0001417,1.0
649408.0,0.0001417,4.0
649434.0,0.0001417,4.0
649440.0,0.0001417,4.0
649447.0,0.0001417,4.0
649477.0,0.0001417,3.0
649494.0,0.0001417,1.0
649510.0,0.0001417,3.0
649515.0,0.0001417,2.0
649533.0,0.0001417,1.0
649547.0,0.0001417,1.0
649549.0,0.0001417,4.0
649550.0,0.0001417,1.0
649556.0,0.0001417,2.0
649565.0,0.0001417,1.0
649566.0,0.0001417,2.0
649622.0,0.0001417,4.0
649626.0,0.0001417,4.0
649628.0,0.0001417,2.0
649642.0,0.0001417,2.0
649658.0,0.0001417,6.0
649681.0,0.0001417,3.0
649682.0,0.0001417,3.0
649684.0,0.0001417,3.0
649693.0,0.0001417,3.0
649723.0,0.0001417,3.0
649749.0,0.0001417,1.0
649754.0,0.0001417,3.0
649806.0,0.0001417,2.0
649824.0,0.0001417,1.0
649826.0,0.0001417,1.0
649828.0,0.0001417,3.0
649842.0,0.0001417,1.0
649847.0,0.0001417,1.0
649857.0,0.0001417,4.0
649891.0,0.0001417,6.0
649919.0,0.0001417,4.0
649924.0,0.0001417,1.0
649929.0,0.0001417,3.0
649932.0,0.0001417,1.0
649944.0,0.0001417,3.0
649961.0,0.0001417,1.0
649981.0,0.0001417,3.0
640040.0,0.0001417,2.0
640063.0,0.0001417,2.0
640070.0,0.0001417,2.0
640085.0,0.0001417,1.0
640136.0,0.0001417,2.0
640210.0,0.0001417,2.0
640238.0,0.0001417,1.0
640244.0,0.0001417,1.0
640291.0,0.0001417,1.0
640328.0,0.0001417,1.0
640373.0,0.0001417,1.0
640388.0,0.0001417,2.0
640505.0,0.0001417,1.0
640653.0,0.0001417,1.0
640680.0,0.0001417,1.0
640788.0,0.0001417,1.0
640997.0,0.0001417,2.0
641046.0,0.0001417,1.0
641282.0,0.0001417,1.0
641290.0,0.0001417,1.0
641308.0,0.0001417,1.0
641589.0,0.0001417,1.0
641741.0,0.0001417,1.0
641777.0,0.0001417,3.0
641906.0,0.0001417,2.0
642026.0,0.0001417,2.0
642062.0,0.0001417,1.0
642273.0,0.0001417,1.0
642352.0,0.0001417,1.0
642372.0,0.0001417,1.0
642403.0,0.0001417,1.0
642438.0,0.0001417,1.0
642568.0,0.0001417,1.0
642772.0,0.0001417,1.0
642837.0,0.0001417,1.0
643203.0,0.0001417,1.0
643213.0,0.0001417,1.0
643271.0,0.0001417,1.0
643305.0,0.0001417,1.0
643340.0,0.0001417,1.0
643495.0,0.0001417,1.0
643775.0,0.0001417,1.0
643809.0,0.0001417,1.0
643851.0,0.0001417,1.0
643889.0,0.0001417,2.0
643936.0,0.0001417,2.0
643937.0,0.0001417,1.0
643977.0,0.0001417,1.0
644015.0,0.0001417,1.0
644038.0,0.0001417,1.0
644054.0,0.0001417,1.0
644103.0,0.0001417,3.0
644253.0,0.0001417,1.0
644274.0,0.0001417,1.0
644343.0,0.0001417,2.0
644344.0,0.0001417,3.0
644426.0,0.0001417,1.0
644450.0,0.0001417,1.0
644737.0,0.0001417,1.0
644741.0,0.0001417,2.0
644822.0,0.0001417,1.0
644823.0,0.0001417,1.0
644976.0,0.0001417,1.0
645005.0,0.0001417,1.0
645043.0,0.0001417,2.0
645159.0,0.0001417,2.0
645160.0,0.0001417,1.0
645204.0,0.0001417,1.0
645306.0,0.0001417,1.0
645314.0,0.0001417,1.0
645390.0,0.0001417,1.0
645429.0,0.0001417,1.0
645446.0,0.0001417,3.0
645465.0,0.0001417,2.0
645574.0,0.0001417,2.0
645596.0,0.0001417,1.0
645621.0,0.0001417,1.0
645815.0,0.0001417,1.0
645965.0,0.0001417,1.0
646012.0,0.0001417,1.0
646046.0,0.0001417,3.0
646059.0,0.0001417,2.0
646118.0,0.0001417,1.0
646172.0,0.0001417,1.0
646266.0,0.0001417,1.0
646270.0,0.0001417,2.0
646322.0,0.0001417,2.0
646337.0,0.0001417,1.0
646392.0,0.0001417,1.0
646517.0,0.0001417,1.0
646520.0,0.0001417,1.0
646536.0,0.0001417,1.0
646590.0,0.0001417,2.0
646604.0,0.0001417,1.0
646636.0,0.0001417,1.0
646814.0,0.0001417,2.0
646820.0,0.0001417,1.0
646969.0,0.0001417,1.0
647145.0,0.0001417,1.0
647210.0,0.0001417,2.0
647226.0,0.0001417,1.0
647276.0,0.0001417,1.0
647298.0,0.0001417,2.0
647300.0,0.0001417,1.0
647324.0,0.0001417,1.0
647369.0,0.0001417,1.0
647415.0,0.0001417,1.0
647466.0,0.0001417,1.0
647482.0,0.0001417,1.0
647694.0,0.0001417,1.0
647701.0,0.0001417,3.0
647728.0,0.0001417,2.0
647752.0,0.0001417,1.0
647820.0,0.0001417,1.0
647840.0,0.0001417,1.0
647852.0,0.0001417,1.0
647877.0,0.0001417,1.0
647881.0,0.0001417,1.0
647991.0,0.0001417,1.0
648055.0,0.0001417,1.0
648086.0,0.0001417,2.0
648171.0,0.0001417,1.0
648247.0,0.0001417,1.0
648352.0,0.0001417,1.0
648388.0,0.0001417,1.0
648475.0,0.0001417,1.0
648513.0,0.0001417,2.0
648636.0,0.0001417,1.0
648752.0,0.0001417,1.0
648872.0,0.0001417,1.0
648936.0,0.0001417,2.0
649029.0,0.0001417,1.0
649050.0,0.0001417,1.0
649185.0,0.0001417,1.0
649189.0,0.0001417,1.0
649233.0,0.0001417,1.0
649270.0,0.0001417,2.0
649295.0,0.0001417,1.0
649527.0,0.0001417,1.0
649586.0,0.0001417,2.0
649661.0,0.0001417,2.0
649747.0,0.0001417,1.0
649841.0,0.0001417,1.0
649917.0,0.0001417,1.0
650005.0,0.000152,1.0
650024.0,0.000152,2.0
650032.0,0.000152,2.0
650036.0,0.000152,2.0
650040.0,0.000152,2.0
650062.0,0.000152,1.0
650063.0,0.000152,2.0
650064.0,0.000152,3.0
650070.0,0.000152,2.0
650080.0,0.000152,2.0
650081.0,0.000152,1.0
650085.0,0.000152,3.0
650106.0,0.000152,3.0
650107.0,0.000152,1.0
650109.0,0.000152,2.0
650120.0,0.000152,1.0
650123.0,0.000152,2.0
650199.0,0.000152,2.0
650204.0,0.000152,1.0
650209.0,0.000152,1.0
650210.0,0.000152,2.0
650235.0,0.000152,2.0
650238.0,0.000152,2.0
650244.0,0.000152,1.0
650250.0,0.000152,2.0
650268.0,0.000152,2.0
650278.0,0.000152,1.0
650291.0,0.000152,1.0
650316.0,0.000152,3.0
650327.0,0.000152,1.0
650328.0,0.000152,1.0
650344.0,0.000152,1.0
650367.0,0.000152,1.0
650373.0,0.000152,2.0
650381.0,0.000152,2.0
650383.0,0.000152,1.0
650388.0,0.000152,1.0
650389.0,0.000152,3.0
650425.0,0.000152,1.0
650438.0,0.000152,1.0
650439.0,0.000152,1.0
650452.0,0.000152,1.0
650461.0,0.000152,2.0
650508.0,0.000152,3.0
650515.0,0.000152,2.0
650543.0,0.000152,1.0
650551.0,0.000152,2.0
650554.0,0.000152,3.0
650585.0,0.000152,2.0
650592.0,0.000152,4.0
650620.0,0.000152,2.0
650628.0,0.000152,1.0
650642.0,0.000152,2.0
650653.0,0.000152,1.0
650665.0,0.000152,2.0
650673.0,0.000152,1.0
650681.0,0.000152,3.0
650702.0,0.000152,1.0
650718.0,0.000152,1.0
650725.0,0.000152,4.0
650727.0,0.000152,1.0
650737.0,0.000152,3.0
650754.0,0.000152,3.0
650756.0,0.000152,1.0
650783.0,0.000152,2.0
650788.0,0.000152,2.0
650836.0,0.000152,1.0
650837.0,0.000152,4.0
650841.0,0.000152,2.0
650846.0,0.000152,2.0
650849.0,0.000152,1.0
650866.0,0.000152,1.0
650870.0,0.000152,2.0
650884.0,0.000152,2.0
650889.0,0.000152,1.0
650904.0,0.000152,1.0
650906.0,0.000152,1.0
650913.0,0.000152,1.0
650914.0,0.000152,2.0
650982.0,0.000152,3.0
650997.0,0.000152,3.0
650999.0,0.000152,1.0
651000.0,0.000152,3.0
651031.0,0.000152,1.0
651046.0,0.000152,4.0
651048.0,0.000152,1.0
651078.0,0.000152,3.0
651099.0,0.000152,3.0
651108.0,0.000152,3.0
651118.0,0.000152,2.0
651122.0,0.000152,1.0
651124.0,0.000152,3.0
651147.0,0.000152,3.0
651151.0,0.000152,1.0
651156.0,0.000152,2.0
651179.0,0.000152,2.0
651200.0,0.000152,1.0
651206.0,0.000152,1.0
651212.0,0.000152,2.0
651216.0,0.000152,1.0
651238.0,0.000152,2.0
651247.0,0.000152,1.0
651266.0,0.000152,2.0
651282.0,0.000152,2.0
651288.0,0.000152,1.0
651316.0,0.000152,2.0
651341.0,0.000152,4.0
651396.0,0.000152,2.0
651416.0,0.000152,1.0
651427.0,0.000152,2.0
651432.0,0.000152,1.0
651436.0,0.000152,1.0
651453.0,0.000152,1.0
651458.0,0.000152,1.0
651479.0,0.000152,3.0
651486.0,0.000152,2.0
651494.0,0.000152,3.0
651512.0,0.000152,2.0
651535.0,0.000152,1.0
651537.0,0.000152,2.0
651563.0,0.000152,3.0
651568.0,0.000152,1.0
651572.0,0.000152,3.0
651576.0,0.000152,3.0
651580.0,0.000152,2.0
651585.0,0.000152,2.0
651589.0,0.000152,2.0
651600.0,0.000152,3.0
651603.0,0.000152,2.0
651609.0,0.000152,1.0
651629.0,0.000152,1.0
651645.0,0.000152,4.0
651684.0,0.000152,1.0
651687.0,0.000152,1.0
651695.0,0.000152,4.0
651720.0,0.000152,1.0
651730.0,0.000152,4.0
651741.0,0.000152,2.0
651756.0,0.000152,1.0
651777.0,0.000152,2.0
651781.0,0.000152,1.0
651790.0,0.000152,4.0
651811.0,0.000152,1.0
651824.0,0.000152,2.0
651826.0,0.000152,2.0
651905.0,0.000152,1.0
651906.0,0.000152,2.0
651921.0,0.000152,3.0
651938.0,0.000152,4.0
651957.0,0.000152,1.0
651964.0,0.000152,2.0
651972.0,0.000152,1.0
651982.0,0.000152,1.0
651986.0,0.000152,2.0
652015.0,0.000152,1.0
652026.0,0.000152,4.0
652029.0,0.000152,1.0
652043.0,0.000152,3.0
652047.0,0.000152,4.0
652062.0,0.000152,1.0
652075.0,0.000152,1.0
652078.0,0.000152,1.0
652087.0,0.000152,1.0
652089.0,0.000152,1.0
652094.0,0.000152,1.0
652150.0,0.000152,3.0
652156.0,0.000152,1.0
652173.0,0.000152,2.0
652192.0,0.000152,1.0
652210.0,0.000152,1.0
652216.0,0.000152,1.0
652239.0,0.000152,2.0
652264.0,0.000152,1.0
652271.0,0.000152,3.0
652273.0,0.000152,4.0
652318.0,0.000152,2.0
652331.0,0.000152,1.0
652339.0,0.000152,4.0
652340.0,0.000152,4.0
652354.0,0.000152,3.0
652358.0,0.000152,1.0
652368.0,0.000152,3.0
652372.0,0.000152,1.0
652376.0,0.000152,1.0
652389.0,0.000152,4.0
652401.0,0.000152,1.0
652404.0,0.000152,2.0
652409.0,0.000152,1.0
652413.0,0.000152,2.0
652414.0,0.000152,1.0
652424.0,0.000152,1.0
652434.0,0.000152,1.0
652438.0,0.000152,1.0
652453.0,0.000152,1.0
652461.0,0.000152,2.0
652483.0,0.000152,1.0
652503.0,0.000152,2.0
652511.0,0.000152,2.0
652557.0,0.000152,3.0
652561.0,0.000152,1.0
652568.0,0.000152,4.0
652571.0,0.000152,2.0
652624.0,0.000152,2.0
652633.0,0.000152,3.0
652634.0,0.000152,2.0
652646.0,0.000152,1.0
652716.0,0.000152,5.0
652725.0,0.000152,4.0
652753.0,0.000152,1.0
652760.0,0.000152,3.0
652775.0,0.000152,1.0
652777.0,0.000152,3.0
652807.0,0.000152,1.0
652812.0,0.000152,1.0
652816.0,0.000152,1.0
652818.0,0.000152,3.0
652820.0,0.000152,1.0
652825.0,0.000152,3.0
652829.0,0.000152,1.0
652830.0,0.000152,1.0
652837.0,0.000152,4.0
652861.0,0.000152,1.0
652871.0,0.000152,2.0
652872.0,0.000152,2.0
652887.0,0.000152,1.0
652892.0,0.000152,3.0
652894.0,0.000152,3.0
652915.0,0.000152,2.0
652949.0,0.000152,2.0
652978.0,0.000152,4.0
653005.0,0.000152,1.0
653027.0,0.000152,2.0
653048.0,0.000152,2.0
653063.0,0.000152,4.0
653071.0,0.000152,1.0
653081.0,0.000152,1.0
653085.0,0.000152,1.0
653088.0,0.000152,2.0
653093.0,0.000152,2.0
653108.0,0.000152,2.0
653110.0,0.000152,2.0
653142.0,0.000152,3.0
653145.0,0.000152,4.0
653147.0,0.000152,1.0
653162.0,0.000152,2.0
653170.0,0.000152,1.0
653197.0,0.000152,3.0
653203.0,0.000152,1.0
653205.0,0.000152,2.0
653213.0,0.000152,2.0
653218.0,0.000152,3.0
653246.0,0.000152,2.0
653251.0,0.000152,2.0
653252.0,0.000152,3.0
653254.0,0.000152,3.0
653271.0,0.000152,2.0
653290.0,0.000152,2.0
653300.0,0.000152,2.0
653302.0,0.000152,2.0
653340.0,0.000152,1.0
653363.0,0.000152,4.0
653376.0,0.000152,3.0
653392.0,0.000152,1.0
653411.0,0.000152,1.0
653414.0,0.000152,2.0
653454.0,0.000152,3.0
653471.0,0.000152,1.0
653492.0,0.000152,2.0
653493.0,0.000152,2.0
653495.0,0.000152,3.0
653508.0,0.000152,1.0
653512.0,0.000152,2.0
653514.0,0.000152,4.0
653517.0,0.000152,3.0
653529.0,0.000152,2.0
653530.0,0.000152,3.0
653550.0,0.000152,3.0
653552.0,0.000152,1.0
653554.0,0.000152,1.0
653566.0,0.000152,1.0
653568.0,0.000152,2.0
653619.0,0.000152,1.0
653628.0,0.000152,1.0
653644.0,0.000152,2.0
653649.0,0.000152,1.0
653653.0,0.000152,2.0
653660.0,0.000152,2.0
653672.0,0.000152,1.0
653682.0,0.000152,4.0
653686.0,0.000152,1.0
653696.0,0.000152,1.0
653717.0,0.000152,1.0
653721.0,0.000152,1.0
653775.0,0.000152,4.0
653800.0,0.000152,1.0
653809.0,0.000152,4.0
653813.0,0.000152,3.0
653818.0,0.000152,3.0
653847.0,0.000152,1.0
653857.0,0.000152,2.0
653886.0,0.000152,1.0
653889.0,0.000152,2.0
653936.0,0.000152,1.0
653937.0,0.000152,1.0
653972.0,0.000152,4.0
653977.0,0.000152,3.0
653984.0,0.000152,4.0
653985.0,0.000152,1.0
653996.0,0.000152,4.0
654001.0,0.000152,2.0
654004.0,0.000152,3.0
654015.0,0.000152,1.0
654023.0,0.000152,2.0
654025.0,0.000152,1.0
654028.0,0.000152,4.0
654045.0,0.000152,4.0
654046.0,0.000152,1.0
654050.0,0.000152,1.0
654107.0,0.000152,1.0
654130.0,0.000152,1.0
654135.0,0.000152,4.0
654138.0,0.000152,2.0
654165.0,0.000152,2.0
654171.0,0.000152,2.0
654173.0,0.000152,1.0
654192.0,0.000152,2.0
654203.0,0.000152,2.0
654232.0,0.000152,1.0
654237.0,0.000152,2.0
654251.0,0.000152,3.0
654253.0,0.000152,2.0
654255.0,0.000152,2.0
654258.0,0.000152,1.0
654262.0,0.000152,2.0
654264.0,0.000152,3.0
654274.0,0.000152,4.0
654285.0,0.000152,2.0
654294.0,0.000152,1.0
654308.0,0.000152,2.0
654337.0,0.000152,2.0
654343.0,0.000152,2.0
654344.0,0.000152,3.0
654345.0,0.000152,2.0
654348.0,0.000152,4.0
654352.0,0.000152,2.0
654362.0,0.000152,2.0
654364.0,0.000152,3.0
654376.0,0.000152,1.0
654408.0,0.000152,4.0
654426.0,0.000152,1.0
654430.0,0.000152,2.0
654431.0,0.000152,3.0
654437.0,0.000152,2.0
654476.0,0.000152,3.0
654480.0,0.000152,1.0
654508.0,0.000152,1.0
654509.0,0.000152,1.0
654518.0,0.000152,3.0
654521.0,0.000152,1.0
654528.0,0.000152,1.0
654543.0,0.000152,2.0
654546.0,0.000152,1.0
654549.0,0.000152,3.0
654572.0,0.000152,1.0
654579.0,0.000152,1.0
654590.0,0.000152,1.0
654603.0,0.000152,1.0
654614.0,0.000152,2.0
654615.0,0.000152,2.0
654640.0,0.000152,2.0
654642.0,0.000152,1.0
654654.0,0.000152,2.0
654691.0,0.000152,2.0
654737.0,0.000152,4.0
654739.0,0.000152,3.0
654780.0,0.000152,2.0
654784.0,0.000152,1.0
654802.0,0.000152,3.0
654823.0,0.000152,1.0
654839.0,0.000152,1.0
654841.0,0.000152,1.0
654866.0,0.000152,2.0
654890.0,0.000152,2.0
654909.0,0.000152,2.0
654917.0,0.000152,2.0
654928.0,0.000152,2.0
654929.0,0.000152,1.0
654936.0,0.000152,3.0
654966.0,0.000152,2.0
654975.0,0.000152,2.0
654977.0,0.000152,1.0
654990.0,0.000152,2.0
655005.0,0.000152,2.0
655022.0,0.000152,2.0
655030.0,0.000152,1.0
655043.0,0.000152,2.0
655050.0,0.000152,2.0
655051.0,0.000152,2.0
655053.0,0.000152,1.0
655059.0,0.000152,1.0
655060.0,0.000152,1.0
655068.0,0.000152,1.0
655069.0,0.000152,1.0
655074.0,0.000152,4.0
655105.0,0.000152,2.0
655146.0,0.000152,3.0
655159.0,0.000152,2.0
655160.0,0.000152,2.0
655191.0,0.000152,2.0
655200.0,0.000152,1.0
655204.0,0.000152,2.0
655212.0,0.000152,2.0
655239.0,0.000152,1.0
655253.0,0.000152,3.0
655278.0,0.000152,2.0
655287.0,0.000152,1.0
655306.0,0.000152,1.0
655314.0,0.000152,2.0
655318.0,0.000152,1.0
655328.0,0.000152,2.0
655344.0,0.000152,1.0
655357.0,0.000152,5.0
655383.0,0.000152,1.0
655390.0,0.000152,2.0
655401.0,0.000152,2.0
655407.0,0.000152,3.0
655410.0,0.000152,1.0
655419.0,0.000152,2.0
655429.0,0.000152,1.0
655437.0,0.000152,2.0
655451.0,0.000152,3.0
655465.0,0.000152,2.0
655474.0,0.000152,2.0
655482.0,0.000152,1.0
655488.0,0.000152,4.0
655521.0,0.000152,1.0
655534.0,0.000152,2.0
655540.0,0.000152,2.0
655542.0,0.000152,1.0
655543.0,0.000152,5.0
655548.0,0.000152,2.0
655555.0,0.000152,3.0
655574.0,0.000152,2.0
655596.0,0.000152,3.0
655608.0,0.000152,2.0
655610.0,0.000152,2.0
655615.0,0.000152,2.0
655621.0,0.000152,2.0
655626.0,0.000152,2.0
655639.0,0.000152,2.0
655652.0,0.000152,1.0
655660.0,0.000152,1.0
655698.0,0.000152,2.0
655728.0,0.000152,3.0
655747.0,0.000152,4.0
655749.0,0.000152,2.0
655756.0,0.000152,3.0
655803.0,0.000152,2.0
655814.0,0.000152,1.0
655815.0,0.000152,4.0
655818.0,0.000152,4.0
655856.0,0.000152,2.0
655866.0,0.000152,1.0
655867.0,0.000152,1.0
655874.0,0.000152,1.0
655886.0,0.000152,1.0
655895.0,0.000152,2.0
655936.0,0.000152,2.0
655945.0,0.000152,2.0
655950.0,0.000152,2.0
655965.0,0.000152,1.0
655973.0,0.000152,1.0
655989.0,0.000152,5.0
656009.0,0.000152,2.0
656013.0,0.000152,1.0
656046.0,0.000152,3.0
656057.0,0.000152,1.0
656059.0,0.000152,2.0
656062.0,0.000152,2.0
656095.0,0.000152,2.0
656101.0,0.000152,2.0
656118.0,0.000152,1.0
656131.0,0.000152,1.0
656166.0,0.000152,2.0
656172.0,0.000152,2.0
656180.0,0.000152,2.0
656205.0,0.000152,1.0
656224.0,0.000152,1.0
656248.0,0.000152,1.0
656266.0,0.000152,2.0
656295.0,0.000152,3.0
656322.0,0.000152,4.0
656326.0,0.000152,3.0
656334.0,0.000152,2.0
656337.0,0.000152,3.0
656344.0,0.000152,2.0
656388.0,0.000152,2.0
656392.0,0.000152,1.0
656407.0,0.000152,1.0
656410.0,0.000152,1.0
656432.0,0.000152,1.0
656436.0,0.000152,4.0
656446.0,0.000152,2.0
656450.0,0.000152,1.0
656465.0,0.000152,2.0
656483.0,0.000152,2.0
656506.0,0.000152,1.0
656516.0,0.000152,1.0
656517.0,0.000152,1.0
656520.0,0.000152,2.0
656525.0,0.000152,1.0
656536.0,0.000152,1.0
656540.0,0.000152,3.0
656551.0,0.000152,1.0
656556.0,0.000152,2.0
656587.0,0.000152,1.0
656590.0,0.000152,2.0
656592.0,0.000152,2.0
656602.0,0.000152,1.0
656634.0,0.000152,4.0
656648.0,0.000152,2.0
656660.0,0.000152,1.0
656714.0,0.000152,1.0
656747.0,0.000152,1.0
656748.0,0.000152,1.0
656761.0,0.000152,1.0
656767.0,0.000152,2.0
656790.0,0.000152,2.0
656794.0,0.000152,1.0
656813.0,0.000152,2.0
656814.0,0.000152,1.0
656820.0,0.000152,3.0
656840.0,0.000152,4.0
656859.0,0.000152,2.0
656860.0,0.000152,4.0
656876.0,0.000152,1.0
656913.0,0.000152,3.0
656969.0,0.000152,1.0
656973.0,0.000152,1.0
657050.0,0.000152,2.0
657089.0,0.000152,2.0
657126.0,0.000152,2.0
657145.0,0.000152,1.0
657150.0,0.000152,2.0
657170.0,0.000152,2.0
657177.0,0.000152,4.0
657187.0,0.000152,2.0
657189.0,0.000152,1.0
657210.0,0.000152,2.0
657214.0,0.000152,1.0
657226.0,0.000152,3.0
657255.0,0.000152,2.0
657264.0,0.000152,1.0
657268.0,0.000152,1.0
657273.0,0.000152,2.0
657286.0,0.000152,4.0
657298.0,0.000152,2.0
657308.0,0.000152,2.0
657309.0,0.000152,1.0
657322.0,0.000152,1.0
657324.0,0.000152,1.0
657341.0,0.000152,2.0
657348.0,0.000152,2.0
657349.0,0.000152,1.0
657356.0,0.000152,4.0
657366.0,0.000152,2.0
657369.0,0.000152,4.0
657385.0,0.000152,1.0
657406.0,0.000152,2.0
657415.0,0.000152,4.0
657426.0,0.000152,1.0
657434.0,0.000152,2.0
657437.0,0.000152,1.0
657453.0,0.000152,2.0
657471.0,0.000152,3.0
657482.0,0.000152,2.0
657487.0,0.000152,2.0
657520.0,0.000152,2.0
657525.0,0.000152,4.0
657535.0,0.000152,4.0
657558.0,0.000152,1.0
657565.0,0.000152,1.0
657590.0,0.000152,2.0
657612.0,0.000152,4.0
657616.0,0.000152,2.0
657620.0,0.000152,1.0
657636.0,0.000152,2.0
657659.0,0.000152,2.0
657694.0,0.000152,2.0
657699.0,0.000152,2.0
657701.0,0.000152,4.0
657706.0,0.000152,4.0
657710.0,0.000152,2.0
657711.0,0.000152,4.0
657714.0,0.000152,1.0
657721.0,0.000152,3.0
657728.0,0.000152,1.0
657752.0,0.000152,4.0
657761.0,0.000152,2.0
657765.0,0.000152,4.0
657773.0,0.000152,1.0
657817.0,0.000152,4.0
657819.0,0.000152,2.0
657829.0,0.000152,3.0
657840.0,0.000152,1.0
657847.0,0.000152,2.0
657852.0,0.000152,1.0
657859.0,0.000152,2.0
657877.0,0.000152,3.0
657881.0,0.000152,1.0
657888.0,0.000152,1.0
657892.0,0.000152,1.0
657903.0,0.000152,1.0
657917.0,0.000152,1.0
657941.0,0.000152,3.0
657943.0,0.000152,2.0
657957.0,0.000152,2.0
657990.0,0.000152,2.0
657991.0,0.000152,2.0
658005.0,0.000152,1.0
658025.0,0.000152,1.0
658026.0,0.000152,4.0
658031.0,0.000152,4.0
658041.0,0.000152,2.0
658050.0,0.000152,1.0
658055.0,0.000152,4.0
658058.0,0.000152,1.0
658086.0,0.000152,2.0
658088.0,0.000152,3.0
658105.0,0.000152,5.0
658113.0,0.000152,3.0
658117.0,0.000152,1.0
658146.0,0.000152,3.0
658171.0,0.000152,2.0
658188.0,0.000152,1.0
658189.0,0.000152,2.0
658205.0,0.000152,1.0
658207.0,0.000152,2.0
658223.0,0.000152,1.0
658228.0,0.000152,1.0
658230.0,0.000152,2.0
658233.0,0.000152,2.0
658245.0,0.000152,2.0
658247.0,0.000152,1.0
658254.0,0.000152,1.0
658305.0,0.000152,3.0
658307.0,0.000152,4.0
658352.0,0.000152,5.0
658356.0,0.000152,3.0
658388.0,0.000152,1.0
658453.0,0.000152,3.0
658462.0,0.000152,3.0
658467.0,0.000152,1.0
658469.0,0.000152,3.0
658473.0,0.000152,2.0
658475.0,0.000152,1.0
658493.0,0.000152,1.0
658499.0,0.000152,2.0
658513.0,0.000152,1.0
658535.0,0.000152,1.0
658540.0,0.000152,1.0
658565.0,0.000152,1.0
658621.0,0.000152,1.0
658623.0,0.000152,1.0
658678.0,0.000152,2.0
658691.0,0.000152,2.0
658718.0,0.000152,4.0
658725.0,0.000152,2.0
658732.0,0.000152,2.0
658742.0,0.000152,1.0
658752.0,0.000152,3.0
658769.0,0.000152,3.0
658783.0,0.000152,2.0
658788.0,0.000152,2.0
658794.0,0.000152,1.0
658796.0,0.000152,3.0
658814.0,0.000152,3.0
658820.0,0.000152,5.0
658841.0,0.000152,4.0
658869.0,0.000152,2.0
658897.0,0.000152,4.0
658898.0,0.000152,1.0
658912.0,0.000152,1.0
658930.0,0.000152,2.0
658936.0,0.000152,2.0
658972.0,0.000152,4.0
658986.0,0.000152,1.0
658993.0,0.000152,1.0
658994.0,0.000152,1.0
659009.0,0.000152,2.0
659014.0,0.000152,1.0
659015.0,0.000152,2.0
659017.0,0.000152,1.0
659043.0,0.000152,1.0
659050.0,0.000152,5.0
659059.0,0.000152,1.0
659082.0,0.000152,2.0
659085.0,0.000152,4.0
659096.0,0.000152,2.0
659130.0,0.000152,1.0
659133.0,0.000152,2.0
659151.0,0.000152,2.0
659169.0,0.000152,1.0
659177.0,0.000152,2.0
659189.0,0.000152,1.0
659190.0,0.000152,1.0
659200.0,0.000152,1.0
659206.0,0.000152,4.0
659218.0,0.000152,2.0
659233.0,0.000152,2.0
659241.0,0.000152,1.0
659295.0,0.000152,5.0
659298.0,0.000152,2.0
659318.0,0.000152,1.0
659320.0,0.000152,2.0
659321.0,0.000152,3.0
659338.0,0.000152,1.0
659353.0,0.000152,1.0
659363.0,0.000152,1.0
659371.0,0.000152,1.0
659381.0,0.000152,2.0
659406.0,0.000152,1.0
659408.0,0.000152,2.0
659434.0,0.000152,2.0
659440.0,0.000152,3.0
659447.0,0.000152,2.0
659515.0,0.000152,1.0
659549.0,0.000152,2.0
659560.0,0.000152,1.0
659585.0,0.000152,1.0
659586.0,0.000152,1.0
659622.0,0.000152,4.0
659626.0,0.000152,2.0
659642.0,0.000152,1.0
659658.0,0.000152,4.0
659681.0,0.000152,2.0
659682.0,0.000152,2.0
659684.0,0.000152,3.0
659693.0,0.000152,2.0
659727.0,0.000152,1.0
659730.0,0.000152,1.0
659754.0,0.000152,2.0
659806.0,0.000152,1.0
659828.0,0.000152,2.0
659829.0,0.000152,1.0
659841.0,0.000152,3.0
659857.0,0.000152,3.0
659917.0,0.000152,1.0
659919.0,0.000152,2.0
659924.0,0.000152,1.0
659929.0,0.000152,2.0
659937.0,0.000152,1.0
659944.0,0.000152,2.0
659981.0,0.000152,2.0
653341.0,0.000152,1.0
653711.0,0.000152,1.0
658276.0,0.000152,1.0
650027.0,0.000152,1.0
650029.0,0.000152,1.0
650207.0,0.000152,1.0
650568.0,0.000152,1.0
650634.0,0.000152,1.0
650683.0,0.000152,1.0
650998.0,0.000152,1.0
651051.0,0.000152,1.0
651132.0,0.000152,1.0
651161.0,0.000152,1.0
651350.0,0.000152,1.0
651536.0,0.000152,1.0
651820.0,0.000152,1.0
651848.0,0.000152,1.0
651874.0,0.000152,1.0
652031.0,0.000152,1.0
652299.0,0.000152,1.0
652514.0,0.000152,1.0
652629.0,0.000152,1.0
652888.0,0.000152,1.0
653240.0,0.000152,1.0
653297.0,0.000152,1.0
653319.0,0.000152,1.0
653345.0,0.000152,1.0
653544.0,0.000152,1.0
653588.0,0.000152,1.0
653615.0,0.000152,1.0
653850.0,0.000152,1.0
653853.0,0.000152,1.0
654038.0,0.000152,1.0
654059.0,0.000152,1.0
654484.0,0.000152,1.0
654575.0,0.000152,1.0
654637.0,0.000152,1.0
654701.0,0.000152,1.0
655101.0,0.000152,1.0
655122.0,0.000152,1.0
655170.0,0.000152,1.0
655223.0,0.000152,1.0
655305.0,0.000152,1.0
655470.0,0.000152,1.0
655532.0,0.000152,1.0
655893.0,0.000152,1.0
655941.0,0.000152,1.0
656123.0,0.000152,1.0
656199.0,0.000152,1.0
656308.0,0.000152,1.0
656463.0,0.000152,1.0
656519.0,0.000152,1.0
656574.0,0.000152,1.0
656909.0,0.000152,1.0
656970.0,0.000152,1.0
657160.0,0.000152,1.0
657197.0,0.000152,1.0
657357.0,0.000152,1.0
657358.0,0.000152,1.0
657364.0,0.000152,1.0
657537.0,0.000152,1.0
657642.0,0.000152,1.0
657870.0,0.000152,1.0
657878.0,0.000152,1.0
658366.0,0.000152,1.0
658468.0,0.000152,1.0
658519.0,0.000152,1.0
658553.0,0.000152,1.0
658580.0,0.000152,1.0
658679.0,0.000152,1.0
658833.0,0.000152,1.0
658868.0,0.000152,1.0
658872.0,0.000152,1.0
659092.0,0.000152,1.0
659160.0,0.000152,1.0
659253.0,0.000152,1.0
659387.0,0.000152,1.0
659550.0,0.000152,1.0
659565.0,0.000152,1.0
660004.0,0.000163,1.0
660024.0,0.000163,5.0
660032.0,0.000163,3.0
660036.0,0.000163,2.0
660040.0,0.000163,3.0
660063.0,0.000163,2.0
660064.0,0.000163,2.0
660070.0,0.000163,2.0
660081.0,0.000163,1.0
660085.0,0.000163,3.0
660106.0,0.000163,4.0
660107.0,0.000163,3.0
660109.0,0.000163,3.0
660120.0,0.000163,1.0
660123.0,0.000163,2.0
660126.0,0.000163,1.0
660136.0,0.000163,1.0
660209.0,0.000163,1.0
660210.0,0.000163,5.0
660235.0,0.000163,2.0
660238.0,0.000163,3.0
660244.0,0.000163,2.0
660268.0,0.000163,1.0
660291.0,0.000163,2.0
660307.0,0.000163,1.0
660316.0,0.000163,2.0
660328.0,0.000163,1.0
660334.0,0.000163,2.0
660344.0,0.000163,1.0
660346.0,0.000163,1.0
660349.0,0.000163,1.0
660373.0,0.000163,2.0
660381.0,0.000163,1.0
660383.0,0.000163,2.0
660388.0,0.000163,2.0
660389.0,0.000163,2.0
660402.0,0.000163,1.0
660425.0,0.000163,1.0
660461.0,0.000163,2.0
660474.0,0.000163,1.0
660505.0,0.000163,2.0
660508.0,0.000163,2.0
660531.0,0.000163,1.0
660551.0,0.000163,3.0
660554.0,0.000163,3.0
660585.0,0.000163,2.0
660592.0,0.000163,3.0
660620.0,0.000163,3.0
660628.0,0.000163,1.0
660642.0,0.000163,2.0
660653.0,0.000163,1.0
660665.0,0.000163,2.0
660673.0,0.000163,1.0
660680.0,0.000163,1.0
660681.0,0.000163,2.0
660683.0,0.000163,2.0
660687.0,0.000163,1.0
660718.0,0.000163,1.0
660725.0,0.000163,3.0
660737.0,0.000163,2.0
660741.0,0.000163,1.0
660754.0,0.000163,3.0
660756.0,0.000163,1.0
660783.0,0.000163,4.0
660788.0,0.000163,2.0
660790.0,0.000163,1.0
660796.0,0.000163,1.0
660800.0,0.000163,1.0
660836.0,0.000163,1.0
660837.0,0.000163,2.0
660841.0,0.000163,2.0
660846.0,0.000163,4.0
660849.0,0.000163,1.0
660870.0,0.000163,2.0
660876.0,0.000163,1.0
660896.0,0.000163,1.0
660913.0,0.000163,1.0
660914.0,0.000163,4.0
660973.0,0.000163,4.0
660982.0,0.000163,3.0
660997.0,0.000163,2.0
660998.0,0.000163,1.0
661000.0,0.000163,1.0
661008.0,0.000163,2.0
661019.0,0.000163,1.0
661041.0,0.000163,1.0
661046.0,0.000163,2.0
661048.0,0.000163,2.0
661051.0,0.000163,1.0
661066.0,0.000163,1.0
661078.0,0.000163,2.0
661099.0,0.000163,3.0
661106.0,0.000163,1.0
661108.0,0.000163,2.0
661122.0,0.000163,1.0
661124.0,0.000163,3.0
661138.0,0.000163,1.0
661139.0,0.000163,1.0
661147.0,0.000163,4.0
661151.0,0.000163,4.0
661156.0,0.000163,2.0
661158.0,0.000163,2.0
661179.0,0.000163,2.0
661192.0,0.000163,1.0
661200.0,0.000163,2.0
661203.0,0.000163,2.0
661212.0,0.000163,1.0
661216.0,0.000163,1.0
661238.0,0.000163,3.0
661256.0,0.000163,1.0
661266.0,0.000163,2.0
661282.0,0.000163,3.0
661288.0,0.000163,1.0
661290.0,0.000163,1.0
661308.0,0.000163,1.0
661316.0,0.000163,1.0
661317.0,0.000163,1.0
661325.0,0.000163,1.0
661341.0,0.000163,3.0
661350.0,0.000163,1.0
661396.0,0.000163,1.0
661403.0,0.000163,1.0
661427.0,0.000163,2.0
661432.0,0.000163,1.0
661436.0,0.000163,1.0
661439.0,0.000163,1.0
661449.0,0.000163,1.0
661454.0,0.000163,1.0
661458.0,0.000163,3.0
661479.0,0.000163,2.0
661486.0,0.000163,2.0
661494.0,0.000163,2.0
661512.0,0.000163,2.0
661537.0,0.000163,4.0
661563.0,0.000163,2.0
661566.0,0.000163,1.0
661572.0,0.000163,2.0
661576.0,0.000163,2.0
661580.0,0.000163,3.0
661585.0,0.000163,2.0
661589.0,0.000163,1.0
661600.0,0.000163,2.0
661603.0,0.000163,2.0
661611.0,0.000163,1.0
661645.0,0.000163,2.0
661679.0,0.000163,1.0
661684.0,0.000163,1.0
661695.0,0.000163,2.0
661713.0,0.000163,1.0
661730.0,0.000163,2.0
661759.0,0.000163,1.0
661777.0,0.000163,2.0
661781.0,0.000163,1.0
661790.0,0.000163,3.0
661816.0,0.000163,1.0
661824.0,0.000163,3.0
661826.0,0.000163,2.0
661875.0,0.000163,1.0
661906.0,0.000163,2.0
661907.0,0.000163,1.0
661921.0,0.000163,2.0
661938.0,0.000163,3.0
661964.0,0.000163,3.0
661972.0,0.000163,1.0
661976.0,0.000163,1.0
661982.0,0.000163,1.0
661983.0,0.000163,2.0
661986.0,0.000163,2.0
661997.0,0.000163,2.0
662015.0,0.000163,1.0
662026.0,0.000163,3.0
662043.0,0.000163,4.0
662047.0,0.000163,1.0
662062.0,0.000163,1.0
662078.0,0.000163,3.0
662087.0,0.000163,3.0
662094.0,0.000163,1.0
662150.0,0.000163,2.0
662156.0,0.000163,1.0
662173.0,0.000163,3.0
662177.0,0.000163,2.0
662192.0,0.000163,1.0
662206.0,0.000163,1.0
662210.0,0.000163,4.0
662239.0,0.000163,3.0
662264.0,0.000163,1.0
662271.0,0.000163,3.0
662273.0,0.000163,2.0
662299.0,0.000163,1.0
662303.0,0.000163,4.0
662318.0,0.000163,2.0
662324.0,0.000163,1.0
662339.0,0.000163,2.0
662340.0,0.000163,3.0
662352.0,0.000163,1.0
662354.0,0.000163,2.0
662358.0,0.000163,1.0
662368.0,0.000163,3.0
662372.0,0.000163,1.0
662389.0,0.000163,2.0
662393.0,0.000163,1.0
662397.0,0.000163,1.0
662403.0,0.000163,1.0
662404.0,0.000163,2.0
662409.0,0.000163,1.0
662413.0,0.000163,1.0
662414.0,0.000163,1.0
662424.0,0.000163,1.0
662438.0,0.000163,3.0
662453.0,0.000163,1.0
662461.0,0.000163,4.0
662503.0,0.000163,3.0
662511.0,0.000163,4.0
662568.0,0.000163,1.0
662571.0,0.000163,3.0
662576.0,0.000163,1.0
662633.0,0.000163,4.0
662634.0,0.000163,2.0
662702.0,0.000163,1.0
662711.0,0.000163,1.0
662716.0,0.000163,3.0
662725.0,0.000163,2.0
662736.0,0.000163,3.0
662738.0,0.000163,1.0
662753.0,0.000163,1.0
662760.0,0.000163,1.0
662761.0,0.000163,1.0
662764.0,0.000163,3.0
662766.0,0.000163,2.0
662772.0,0.000163,1.0
662775.0,0.000163,2.0
662777.0,0.000163,3.0
662818.0,0.000163,1.0
662819.0,0.000163,2.0
662825.0,0.000163,3.0
662826.0,0.000163,1.0
662829.0,0.000163,1.0
662830.0,0.000163,1.0
662837.0,0.000163,2.0
662861.0,0.000163,2.0
662862.0,0.000163,1.0
662871.0,0.000163,2.0
662872.0,0.000163,4.0
662886.0,0.000163,2.0
662887.0,0.000163,1.0
662892.0,0.000163,4.0
662894.0,0.000163,2.0
662915.0,0.000163,3.0
662945.0,0.000163,1.0
662949.0,0.000163,2.0
662978.0,0.000163,2.0
662989.0,0.000163,1.0
663019.0,0.000163,3.0
663027.0,0.000163,3.0
663048.0,0.000163,2.0
663055.0,0.000163,1.0
663063.0,0.000163,2.0
663071.0,0.000163,2.0
663085.0,0.000163,1.0
663088.0,0.000163,2.0
663089.0,0.000163,2.0
663093.0,0.000163,2.0
663108.0,0.000163,3.0
663110.0,0.000163,3.0
663120.0,0.000163,1.0
663142.0,0.000163,4.0
663145.0,0.000163,3.0
663162.0,0.000163,2.0
663170.0,0.000163,1.0
663197.0,0.000163,3.0
663205.0,0.000163,2.0
663213.0,0.000163,3.0
663218.0,0.000163,2.0
663246.0,0.000163,1.0
663251.0,0.000163,4.0
663252.0,0.000163,2.0
663254.0,0.000163,5.0
663271.0,0.000163,1.0
663290.0,0.000163,3.0
663300.0,0.000163,3.0
663302.0,0.000163,1.0
663305.0,0.000163,1.0
663314.0,0.000163,1.0
663340.0,0.000163,1.0
663341.0,0.000163,3.0
663345.0,0.000163,1.0
663363.0,0.000163,2.0
663381.0,0.000163,1.0
663411.0,0.000163,3.0
663414.0,0.000163,2.0
663454.0,0.000163,2.0
663457.0,0.000163,1.0
663459.0,0.000163,1.0
663461.0,0.000163,1.0
663474.0,0.000163,2.0
663492.0,0.000163,3.0
663493.0,0.000163,2.0
663495.0,0.000163,4.0
663508.0,0.000163,1.0
663512.0,0.000163,3.0
663514.0,0.000163,1.0
663517.0,0.000163,4.0
663529.0,0.000163,4.0
663530.0,0.000163,2.0
663544.0,0.000163,1.0
663550.0,0.000163,4.0
663552.0,0.000163,1.0
663568.0,0.000163,3.0
663577.0,0.000163,2.0
663588.0,0.000163,1.0
663619.0,0.000163,1.0
663644.0,0.000163,4.0
663649.0,0.000163,1.0
663653.0,0.000163,3.0
663660.0,0.000163,2.0
663671.0,0.000163,1.0
663682.0,0.000163,3.0
663711.0,0.000163,3.0
663717.0,0.000163,3.0
663736.0,0.000163,1.0
663771.0,0.000163,1.0
663775.0,0.000163,3.0
663777.0,0.000163,2.0
663809.0,0.000163,2.0
663813.0,0.000163,4.0
663818.0,0.000163,3.0
663851.0,0.000163,1.0
663853.0,0.000163,1.0
663857.0,0.000163,2.0
663886.0,0.000163,1.0
663889.0,0.000163,3.0
663936.0,0.000163,1.0
663937.0,0.000163,1.0
663944.0,0.000163,1.0
663972.0,0.000163,2.0
663977.0,0.000163,1.0
663995.0,0.000163,1.0
663996.0,0.000163,2.0
664001.0,0.000163,2.0
664004.0,0.000163,1.0
664015.0,0.000163,1.0
664023.0,0.000163,1.0
664025.0,0.000163,1.0
664028.0,0.000163,3.0
664034.0,0.000163,1.0
664038.0,0.000163,1.0
664043.0,0.000163,1.0
664045.0,0.000163,2.0
664054.0,0.000163,1.0
664059.0,0.000163,1.0
664096.0,0.000163,2.0
664103.0,0.000163,1.0
664135.0,0.000163,2.0
664165.0,0.000163,2.0
664171.0,0.000163,2.0
664184.0,0.000163,3.0
664192.0,0.000163,2.0
664203.0,0.000163,4.0
664211.0,0.000163,1.0
664233.0,0.000163,1.0
664234.0,0.000163,1.0
664237.0,0.000163,3.0
664251.0,0.000163,1.0
664255.0,0.000163,2.0
664262.0,0.000163,1.0
664274.0,0.000163,3.0
664281.0,0.000163,3.0
664285.0,0.000163,3.0
664294.0,0.000163,2.0
664308.0,0.000163,1.0
664337.0,0.000163,2.0
664343.0,0.000163,5.0
664344.0,0.000163,2.0
664345.0,0.000163,1.0
664348.0,0.000163,3.0
664352.0,0.000163,2.0
664358.0,0.000163,1.0
664362.0,0.000163,2.0
664364.0,0.000163,2.0
664407.0,0.000163,1.0
664408.0,0.000163,2.0
664426.0,0.000163,1.0
664430.0,0.000163,2.0
664431.0,0.000163,1.0
664432.0,0.000163,1.0
664433.0,0.000163,1.0
664437.0,0.000163,1.0
664450.0,0.000163,1.0
664455.0,0.000163,2.0
664461.0,0.000163,1.0
664476.0,0.000163,3.0
664480.0,0.000163,1.0
664499.0,0.000163,1.0
664508.0,0.000163,1.0
664518.0,0.000163,2.0
664521.0,0.000163,1.0
664528.0,0.000163,1.0
664543.0,0.000163,4.0
664546.0,0.000163,2.0
664549.0,0.000163,2.0
664570.0,0.000163,1.0
664603.0,0.000163,2.0
664615.0,0.000163,3.0
664616.0,0.000163,2.0
664640.0,0.000163,2.0
664654.0,0.000163,4.0
664691.0,0.000163,2.0
664701.0,0.000163,1.0
664702.0,0.000163,1.0
664721.0,0.000163,1.0
664737.0,0.000163,2.0
664739.0,0.000163,2.0
664741.0,0.000163,1.0
664780.0,0.000163,2.0
664802.0,0.000163,3.0
664822.0,0.000163,1.0
664823.0,0.000163,1.0
664834.0,0.000163,1.0
664839.0,0.000163,1.0
664841.0,0.000163,1.0
664866.0,0.000163,3.0
664876.0,0.000163,1.0
664890.0,0.000163,2.0
664909.0,0.000163,3.0
664917.0,0.000163,2.0
664929.0,0.000163,1.0
664936.0,0.000163,1.0
664966.0,0.000163,3.0
664975.0,0.000163,4.0
664976.0,0.000163,1.0
664990.0,0.000163,4.0
665005.0,0.000163,2.0
665022.0,0.000163,5.0
665030.0,0.000163,2.0
665043.0,0.000163,2.0
665044.0,0.000163,1.0
665050.0,0.000163,4.0
665051.0,0.000163,3.0
665059.0,0.000163,1.0
665060.0,0.000163,1.0
665068.0,0.000163,1.0
665069.0,0.000163,1.0
665074.0,0.000163,3.0
665105.0,0.000163,2.0
665146.0,0.000163,4.0
665159.0,0.000163,3.0
665160.0,0.000163,2.0
665191.0,0.000163,2.0
665204.0,0.000163,2.0
665223.0,0.000163,1.0
665247.0,0.000163,1.0
665253.0,0.000163,4.0
665278.0,0.000163,1.0
665304.0,0.000163,1.0
665306.0,0.000163,3.0
665314.0,0.000163,3.0
665318.0,0.000163,3.0
665353.0,0.000163,2.0
665354.0,0.000163,2.0
665357.0,0.000163,3.0
665390.0,0.000163,2.0
665401.0,0.000163,2.0
665407.0,0.000163,2.0
665417.0,0.000163,1.0
665429.0,0.000163,3.0
665437.0,0.000163,4.0
665446.0,0.000163,2.0
665451.0,0.000163,2.0
665456.0,0.000163,1.0
665465.0,0.000163,4.0
665474.0,0.000163,4.0
665482.0,0.000163,1.0
665488.0,0.000163,1.0
665503.0,0.000163,1.0
665521.0,0.000163,3.0
665534.0,0.000163,4.0
665540.0,0.000163,2.0
665543.0,0.000163,3.0
665548.0,0.000163,2.0
665549.0,0.000163,2.0
665555.0,0.000163,4.0
665564.0,0.000163,1.0
665574.0,0.000163,1.0
665596.0,0.000163,2.0
665608.0,0.000163,3.0
665610.0,0.000163,2.0
665615.0,0.000163,2.0
665626.0,0.000163,3.0
665636.0,0.000163,1.0
665639.0,0.000163,4.0
665642.0,0.000163,2.0
665652.0,0.000163,1.0
665660.0,0.000163,1.0
665663.0,0.000163,1.0
665672.0,0.000163,1.0
665698.0,0.000163,1.0
665708.0,0.000163,1.0
665728.0,0.000163,3.0
665749.0,0.000163,4.0
665756.0,0.000163,2.0
665767.0,0.000163,1.0
665773.0,0.000163,4.0
665803.0,0.000163,3.0
665805.0,0.000163,2.0
665815.0,0.000163,3.0
665818.0,0.000163,3.0
665844.0,0.000163,1.0
665848.0,0.000163,1.0
665856.0,0.000163,2.0
665874.0,0.000163,1.0
665893.0,0.000163,1.0
665895.0,0.000163,2.0
665936.0,0.000163,2.0
665950.0,0.000163,2.0
665965.0,0.000163,3.0
665969.0,0.000163,1.0
665989.0,0.000163,2.0
665999.0,0.000163,1.0
666009.0,0.000163,3.0
666012.0,0.000163,1.0
666046.0,0.000163,3.0
666048.0,0.000163,2.0
666057.0,0.000163,1.0
666062.0,0.000163,1.0
666095.0,0.000163,4.0
666101.0,0.000163,3.0
666113.0,0.000163,1.0
666118.0,0.000163,2.0
666125.0,0.000163,3.0
666131.0,0.000163,1.0
666162.0,0.000163,1.0
666166.0,0.000163,2.0
666172.0,0.000163,3.0
666179.0,0.000163,1.0
666180.0,0.000163,3.0
666199.0,0.000163,1.0
666205.0,0.000163,1.0
666224.0,0.000163,3.0
666227.0,0.000163,1.0
666241.0,0.000163,2.0
666248.0,0.000163,1.0
666266.0,0.000163,3.0
666270.0,0.000163,2.0
666276.0,0.000163,2.0
666295.0,0.000163,1.0
666322.0,0.000163,2.0
666326.0,0.000163,2.0
666334.0,0.000163,1.0
666337.0,0.000163,3.0
666344.0,0.000163,2.0
666388.0,0.000163,3.0
666398.0,0.000163,1.0
666410.0,0.000163,1.0
666432.0,0.000163,2.0
666436.0,0.000163,3.0
666446.0,0.000163,3.0
666450.0,0.000163,3.0
666456.0,0.000163,1.0
666483.0,0.000163,2.0
666506.0,0.000163,1.0
666517.0,0.000163,1.0
666520.0,0.000163,1.0
666525.0,0.000163,2.0
666536.0,0.000163,1.0
666540.0,0.000163,4.0
666556.0,0.000163,3.0
666573.0,0.000163,2.0
666590.0,0.000163,2.0
666592.0,0.000163,2.0
666602.0,0.000163,3.0
666604.0,0.000163,1.0
666632.0,0.000163,1.0
666634.0,0.000163,2.0
666636.0,0.000163,1.0
666648.0,0.000163,2.0
666747.0,0.000163,1.0
666761.0,0.000163,1.0
666790.0,0.000163,3.0
666793.0,0.000163,1.0
666813.0,0.000163,2.0
666814.0,0.000163,2.0
666818.0,0.000163,1.0
666820.0,0.000163,3.0
666834.0,0.000163,1.0
666840.0,0.000163,5.0
666859.0,0.000163,3.0
666860.0,0.000163,3.0
666909.0,0.000163,1.0
666913.0,0.000163,2.0
666949.0,0.000163,1.0
666953.0,0.000163,1.0
666969.0,0.000163,1.0
666974.0,0.000163,1.0
666986.0,0.000163,2.0
667050.0,0.000163,4.0
667083.0,0.000163,3.0
667089.0,0.000163,3.0
667126.0,0.000163,2.0
667145.0,0.000163,2.0
667150.0,0.000163,3.0
667177.0,0.000163,3.0
667187.0,0.000163,4.0
667189.0,0.000163,3.0
667197.0,0.000163,1.0
667210.0,0.000163,2.0
667219.0,0.000163,1.0
667226.0,0.000163,2.0
667238.0,0.000163,2.0
667264.0,0.000163,2.0
667273.0,0.000163,2.0
667276.0,0.000163,1.0
667286.0,0.000163,2.0
667298.0,0.000163,1.0
667300.0,0.000163,1.0
667305.0,0.000163,1.0
667308.0,0.000163,4.0
667322.0,0.000163,2.0
667341.0,0.000163,2.0
667356.0,0.000163,4.0
667366.0,0.000163,3.0
667369.0,0.000163,3.0
667390.0,0.000163,1.0
667406.0,0.000163,1.0
667415.0,0.000163,2.0
667434.0,0.000163,2.0
667437.0,0.000163,3.0
667453.0,0.000163,2.0
667466.0,0.000163,1.0
667469.0,0.000163,1.0
667471.0,0.000163,2.0
667482.0,0.000163,2.0
667487.0,0.000163,2.0
667514.0,0.000163,1.0
667520.0,0.000163,2.0
667525.0,0.000163,2.0
667535.0,0.000163,2.0
667536.0,0.000163,1.0
667538.0,0.000163,1.0
667563.0,0.000163,1.0
667565.0,0.000163,3.0
667590.0,0.000163,1.0
667612.0,0.000163,2.0
667616.0,0.000163,2.0
667622.0,0.000163,1.0
667626.0,0.000163,1.0
667636.0,0.000163,2.0
667642.0,0.000163,1.0
667659.0,0.000163,2.0
667694.0,0.000163,2.0
667699.0,0.000163,4.0
667701.0,0.000163,2.0
667710.0,0.000163,2.0
667711.0,0.000163,1.0
667714.0,0.000163,1.0
667721.0,0.000163,2.0
667728.0,0.000163,1.0
667752.0,0.000163,2.0
667761.0,0.000163,3.0
667765.0,0.000163,3.0
667773.0,0.000163,1.0
667778.0,0.000163,1.0
667817.0,0.000163,3.0
667819.0,0.000163,3.0
667820.0,0.000163,1.0
667834.0,0.000163,1.0
667847.0,0.000163,3.0
667859.0,0.000163,3.0
667877.0,0.000163,2.0
667881.0,0.000163,2.0
667903.0,0.000163,1.0
667917.0,0.000163,2.0
667941.0,0.000163,2.0
667943.0,0.000163,3.0
667944.0,0.000163,1.0
667957.0,0.000163,4.0
667966.0,0.000163,1.0
667990.0,0.000163,1.0
668026.0,0.000163,1.0
668031.0,0.000163,4.0
668041.0,0.000163,3.0
668055.0,0.000163,1.0
668058.0,0.000163,1.0
668062.0,0.000163,3.0
668080.0,0.000163,2.0
668086.0,0.000163,2.0
668088.0,0.000163,2.0
668105.0,0.000163,3.0
668113.0,0.000163,4.0
668117.0,0.000163,1.0
668146.0,0.000163,4.0
668163.0,0.000163,1.0
668171.0,0.000163,2.0
668188.0,0.000163,3.0
668189.0,0.000163,3.0
668196.0,0.000163,1.0
668205.0,0.000163,3.0
668207.0,0.000163,4.0
668223.0,0.000163,1.0
668230.0,0.000163,1.0
668233.0,0.000163,2.0
668234.0,0.000163,1.0
668245.0,0.000163,2.0
668247.0,0.000163,3.0
668259.0,0.000163,2.0
668264.0,0.000163,1.0
668276.0,0.000163,2.0
668304.0,0.000163,1.0
668305.0,0.000163,2.0
668307.0,0.000163,1.0
668352.0,0.000163,3.0
668356.0,0.000163,1.0
668359.0,0.000163,1.0
668366.0,0.000163,1.0
668388.0,0.000163,1.0
668436.0,0.000163,1.0
668453.0,0.000163,4.0
668462.0,0.000163,2.0
668469.0,0.000163,2.0
668473.0,0.000163,1.0
668475.0,0.000163,1.0
668499.0,0.000163,5.0
668513.0,0.000163,2.0
668535.0,0.000163,2.0
668546.0,0.000163,1.0
668565.0,0.000163,1.0
668570.0,0.000163,1.0
668621.0,0.000163,1.0
668623.0,0.000163,1.0
668636.0,0.000163,1.0
668678.0,0.000163,2.0
668691.0,0.000163,2.0
668703.0,0.000163,1.0
668718.0,0.000163,1.0
668734.0,0.000163,1.0
668752.0,0.000163,4.0
668769.0,0.000163,4.0
668777.0,0.000163,1.0
668783.0,0.000163,5.0
668795.0,0.000163,2.0
668796.0,0.000163,3.0
668805.0,0.000163,2.0
668814.0,0.000163,1.0
668820.0,0.000163,3.0
668825.0,0.000163,1.0
668835.0,0.000163,1.0
668841.0,0.000163,3.0
668857.0,0.000163,3.0
668869.0,0.000163,2.0
668872.0,0.000163,1.0
668885.0,0.000163,3.0
668897.0,0.000163,3.0
668930.0,0.000163,5.0
668936.0,0.000163,3.0
668972.0,0.000163,2.0
668986.0,0.000163,2.0
669009.0,0.000163,2.0
669015.0,0.000163,2.0
669017.0,0.000163,1.0
669020.0,0.000163,1.0
669026.0,0.000163,2.0
669029.0,0.000163,1.0
669043.0,0.000163,1.0
669050.0,0.000163,3.0
669054.0,0.000163,1.0
669059.0,0.000163,1.0
669082.0,0.000163,2.0
669085.0,0.000163,1.0
669096.0,0.000163,1.0
669120.0,0.000163,1.0
669130.0,0.000163,1.0
669151.0,0.000163,4.0
669169.0,0.000163,1.0
669177.0,0.000163,2.0
669185.0,0.000163,2.0
669189.0,0.000163,1.0
669206.0,0.000163,2.0
669215.0,0.000163,1.0
669220.0,0.000163,1.0
669233.0,0.000163,1.0
669295.0,0.000163,3.0
669298.0,0.000163,1.0
669318.0,0.000163,1.0
669320.0,0.000163,2.0
669321.0,0.000163,2.0
669341.0,0.000163,1.0
669358.0,0.000163,1.0
669363.0,0.000163,3.0
669385.0,0.000163,1.0
669387.0,0.000163,1.0
669408.0,0.000163,2.0
669434.0,0.000163,1.0
669440.0,0.000163,2.0
669447.0,0.000163,2.0
669477.0,0.000163,3.0
669510.0,0.000163,1.0
669515.0,0.000163,1.0
669527.0,0.000163,1.0
669556.0,0.000163,1.0
669566.0,0.000163,1.0
669586.0,0.000163,2.0
669591.0,0.000163,1.0
669622.0,0.000163,2.0
669626.0,0.000163,4.0
669628.0,0.000163,1.0
669642.0,0.000163,1.0
669658.0,0.000163,3.0
669661.0,0.000163,1.0
669681.0,0.000163,1.0
669682.0,0.000163,2.0
669684.0,0.000163,2.0
669693.0,0.000163,3.0
669723.0,0.000163,2.0
669747.0,0.000163,3.0
669754.0,0.000163,2.0
669806.0,0.000163,1.0
669826.0,0.000163,1.0
669828.0,0.000163,2.0
669829.0,0.000163,1.0
669841.0,0.000163,4.0
669857.0,0.000163,2.0
669858.0,0.000163,1.0
669891.0,0.000163,3.0
669917.0,0.000163,3.0
669919.0,0.000163,2.0
669929.0,0.000163,3.0
669944.0,0.000163,4.0
669961.0,0.000163,1.0
669981.0,0.000163,3.0
660005.0,0.000163,1.0
660027.0,0.000163,1.0
660080.0,0.000163,1.0
660278.0,0.000163,1.0
660400.0,0.000163,1.0
660515.0,0.000163,1.0
660543.0,0.000163,1.0
660690.0,0.000163,1.0
660884.0,0.000163,1.0
660889.0,0.000163,1.0
660976.0,0.000163,1.0
661103.0,0.000163,1.0
661206.0,0.000163,1.0
661416.0,0.000163,1.0
661629.0,0.000163,1.0
661687.0,0.000163,1.0
661741.0,0.000163,1.0
661756.0,0.000163,1.0
661811.0,0.000163,1.0
661908.0,0.000163,1.0
661957.0,0.000163,1.0
662029.0,0.000163,1.0
662075.0,0.000163,1.0
662216.0,0.000163,1.0
662376.0,0.000163,1.0
662401.0,0.000163,1.0
662434.0,0.000163,1.0
662786.0,0.000163,1.0
663303.0,0.000163,1.0
663310.0,0.000163,1.0
663392.0,0.000163,1.0
663566.0,0.000163,1.0
663655.0,0.000163,1.0
663686.0,0.000163,1.0
663827.0,0.000163,1.0
663985.0,0.000163,1.0
664130.0,0.000163,1.0
664232.0,0.000163,1.0
664424.0,0.000163,1.0
664509.0,0.000163,1.0
664572.0,0.000163,1.0
664579.0,0.000163,1.0
664614.0,0.000163,2.0
664704.0,0.000163,1.0
664811.0,0.000163,1.0
664928.0,0.000163,1.0
664977.0,0.000163,1.0
665088.0,0.000163,1.0
665200.0,0.000163,1.0
665328.0,0.000163,1.0
665450.0,0.000163,1.0
665542.0,0.000163,1.0
665621.0,0.000163,1.0
665814.0,0.000163,1.0
665866.0,0.000163,1.0
666465.0,0.000163,1.0
666539.0,0.000163,1.0
666714.0,0.000163,1.0
666767.0,0.000163,1.0
666973.0,0.000163,1.0
667080.0,0.000163,1.0
667148.0,0.000163,1.0
667170.0,0.000163,2.0
667255.0,0.000163,1.0
667268.0,0.000163,1.0
667309.0,0.000163,1.0
667348.0,0.000163,1.0
667357.0,0.000163,1.0
667427.0,0.000163,1.0
667558.0,0.000163,1.0
667620.0,0.000163,1.0
667840.0,0.000163,1.0
667852.0,0.000163,1.0
667888.0,0.000163,1.0
667948.0,0.000163,1.0
667991.0,0.000163,1.0
668050.0,0.000163,1.0
668123.0,0.000163,1.0
668228.0,0.000163,1.0
668333.0,0.000163,1.0
668493.0,0.000163,1.0
668679.0,0.000163,1.0
668686.0,0.000163,1.0
668742.0,0.000163,1.0
668788.0,0.000163,1.0
668794.0,0.000163,1.0
668829.0,0.000163,1.0
668898.0,0.000163,1.0
668912.0,0.000163,1.0
668993.0,0.000163,1.0
668994.0,0.000163,1.0
669039.0,0.000163,1.0
669133.0,0.000163,1.0
669200.0,0.000163,1.0
669218.0,0.000163,1.0
669241.0,0.000163,1.0
669338.0,0.000163,1.0
669353.0,0.000163,1.0
669371.0,0.000163,1.0
669406.0,0.000163,1.0
669730.0,0.000163,1.0
669924.0,0.000163,1.0
669937.0,0.000163,1.0
661298.0,0.000163,1.0
664349.0,0.000163,1.0
664906.0,0.000163,1.0
668868.0,0.000163,1.0
670024.0,0.0001748,2.0
670032.0,0.0001748,1.0
670036.0,0.0001748,4.0
670040.0,0.0001748,2.0
670063.0,0.0001748,1.0
670064.0,0.0001748,2.0
670070.0,0.0001748,1.0
670081.0,0.0001748,1.0
670085.0,0.0001748,2.0
670106.0,0.0001748,1.0
670107.0,0.0001748,2.0
670109.0,0.0001748,2.0
670123.0,0.0001748,2.0
670136.0,0.0001748,2.0
670199.0,0.0001748,1.0
670210.0,0.0001748,2.0
670235.0,0.0001748,2.0
670238.0,0.0001748,2.0
670244.0,0.0001748,1.0
670268.0,0.0001748,2.0
670278.0,0.0001748,1.0
670316.0,0.0001748,1.0
670381.0,0.0001748,2.0
670383.0,0.0001748,1.0
670388.0,0.0001748,1.0
670389.0,0.0001748,2.0
670400.0,0.0001748,1.0
670474.0,0.0001748,1.0
670508.0,0.0001748,1.0
670515.0,0.0001748,1.0
670551.0,0.0001748,2.0
670554.0,0.0001748,2.0
670585.0,0.0001748,2.0
670592.0,0.0001748,1.0
670620.0,0.0001748,4.0
670628.0,0.0001748,1.0
670665.0,0.0001748,2.0
670681.0,0.0001748,1.0
670725.0,0.0001748,2.0
670737.0,0.0001748,3.0
670754.0,0.0001748,3.0
670756.0,0.0001748,2.0
670783.0,0.0001748,2.0
670837.0,0.0001748,1.0
670841.0,0.0001748,4.0
670846.0,0.0001748,3.0
670849.0,0.0001748,2.0
670870.0,0.0001748,2.0
670876.0,0.0001748,2.0
670884.0,0.0001748,1.0
670889.0,0.0001748,1.0
670914.0,0.0001748,3.0
670973.0,0.0001748,4.0
670982.0,0.0001748,2.0
670997.0,0.0001748,2.0
671000.0,0.0001748,3.0
671046.0,0.0001748,1.0
671048.0,0.0001748,1.0
671078.0,0.0001748,3.0
671099.0,0.0001748,4.0
671108.0,0.0001748,1.0
671118.0,0.0001748,2.0
671124.0,0.0001748,3.0
671147.0,0.0001748,4.0
671151.0,0.0001748,2.0
671156.0,0.0001748,2.0
671179.0,0.0001748,2.0
671200.0,0.0001748,2.0
671202.0,0.0001748,2.0
671212.0,0.0001748,2.0
671216.0,0.0001748,1.0
671238.0,0.0001748,2.0
671266.0,0.0001748,3.0
671282.0,0.0001748,2.0
671316.0,0.0001748,2.0
671341.0,0.0001748,2.0
671396.0,0.0001748,2.0
671458.0,0.0001748,2.0
671479.0,0.0001748,3.0
671486.0,0.0001748,2.0
671494.0,0.0001748,2.0
671512.0,0.0001748,2.0
671537.0,0.0001748,3.0
671563.0,0.0001748,1.0
671572.0,0.0001748,2.0
671576.0,0.0001748,2.0
671580.0,0.0001748,2.0
671585.0,0.0001748,1.0
671589.0,0.0001748,1.0
671600.0,0.0001748,2.0
671603.0,0.0001748,2.0
671645.0,0.0001748,2.0
671695.0,0.0001748,2.0
671730.0,0.0001748,2.0
671741.0,0.0001748,1.0
671777.0,0.0001748,3.0
671790.0,0.0001748,2.0
671811.0,0.0001748,1.0
671824.0,0.0001748,2.0
671826.0,0.0001748,1.0
671906.0,0.0001748,1.0
671921.0,0.0001748,3.0
671938.0,0.0001748,1.0
671964.0,0.0001748,2.0
671982.0,0.0001748,1.0
672043.0,0.0001748,3.0
672047.0,0.0001748,3.0
672087.0,0.0001748,1.0
672094.0,0.0001748,1.0
672150.0,0.0001748,1.0
672173.0,0.0001748,2.0
672210.0,0.0001748,2.0
672239.0,0.0001748,2.0
672264.0,0.0001748,1.0
672273.0,0.0001748,4.0
672303.0,0.0001748,2.0
672339.0,0.0001748,2.0
672340.0,0.0001748,1.0
672354.0,0.0001748,1.0
672368.0,0.0001748,2.0
672372.0,0.0001748,2.0
672376.0,0.0001748,1.0
672389.0,0.0001748,2.0
672401.0,0.0001748,1.0
672403.0,0.0001748,2.0
672404.0,0.0001748,1.0
672413.0,0.0001748,2.0
672414.0,0.0001748,2.0
672438.0,0.0001748,1.0
672461.0,0.0001748,3.0
672503.0,0.0001748,2.0
672511.0,0.0001748,2.0
672557.0,0.0001748,1.0
672571.0,0.0001748,2.0
672624.0,0.0001748,2.0
672633.0,0.0001748,1.0
672634.0,0.0001748,2.0
672716.0,0.0001748,2.0
672725.0,0.0001748,2.0
672736.0,0.0001748,1.0
672753.0,0.0001748,1.0
672760.0,0.0001748,2.0
672764.0,0.0001748,2.0
672775.0,0.0001748,1.0
672777.0,0.0001748,1.0
672818.0,0.0001748,2.0
672825.0,0.0001748,2.0
672829.0,0.0001748,2.0
672830.0,0.0001748,1.0
672837.0,0.0001748,2.0
672861.0,0.0001748,2.0
672871.0,0.0001748,3.0
672872.0,0.0001748,2.0
672892.0,0.0001748,3.0
672894.0,0.0001748,1.0
672915.0,0.0001748,2.0
672949.0,0.0001748,2.0
672978.0,0.0001748,3.0
673019.0,0.0001748,2.0
673027.0,0.0001748,2.0
673048.0,0.0001748,2.0
673063.0,0.0001748,1.0
673071.0,0.0001748,1.0
673088.0,0.0001748,2.0
673093.0,0.0001748,1.0
673108.0,0.0001748,1.0
673110.0,0.0001748,1.0
673120.0,0.0001748,1.0
673142.0,0.0001748,4.0
673145.0,0.0001748,1.0
673147.0,0.0001748,1.0
673162.0,0.0001748,2.0
673197.0,0.0001748,2.0
673203.0,0.0001748,1.0
673205.0,0.0001748,2.0
673213.0,0.0001748,5.0
673218.0,0.0001748,1.0
673246.0,0.0001748,2.0
673251.0,0.0001748,3.0
673252.0,0.0001748,4.0
673254.0,0.0001748,2.0
673271.0,0.0001748,1.0
673290.0,0.0001748,2.0
673300.0,0.0001748,2.0
673302.0,0.0001748,2.0
673340.0,0.0001748,2.0
673341.0,0.0001748,2.0
673363.0,0.0001748,1.0
673376.0,0.0001748,2.0
673392.0,0.0001748,1.0
673411.0,0.0001748,1.0
673414.0,0.0001748,2.0
673454.0,0.0001748,2.0
673492.0,0.0001748,1.0
673493.0,0.0001748,4.0
673495.0,0.0001748,3.0
673514.0,0.0001748,2.0
673517.0,0.0001748,3.0
673529.0,0.0001748,2.0
673530.0,0.0001748,4.0
673550.0,0.0001748,2.0
673566.0,0.0001748,1.0
673568.0,0.0001748,2.0
673644.0,0.0001748,2.0
673653.0,0.0001748,2.0
673660.0,0.0001748,2.0
673711.0,0.0001748,2.0
673717.0,0.0001748,1.0
673775.0,0.0001748,1.0
673809.0,0.0001748,1.0
673813.0,0.0001748,1.0
673818.0,0.0001748,4.0
673857.0,0.0001748,2.0
673889.0,0.0001748,2.0
673972.0,0.0001748,2.0
673977.0,0.0001748,2.0
673984.0,0.0001748,3.0
673996.0,0.0001748,2.0
674001.0,0.0001748,2.0
674004.0,0.0001748,2.0
674023.0,0.0001748,2.0
674025.0,0.0001748,1.0
674028.0,0.0001748,2.0
674045.0,0.0001748,1.0
674096.0,0.0001748,1.0
674103.0,0.0001748,2.0
674165.0,0.0001748,3.0
674171.0,0.0001748,2.0
674192.0,0.0001748,1.0
674203.0,0.0001748,2.0
674237.0,0.0001748,1.0
674251.0,0.0001748,1.0
674253.0,0.0001748,2.0
674255.0,0.0001748,2.0
674262.0,0.0001748,2.0
674264.0,0.0001748,1.0
674274.0,0.0001748,2.0
674281.0,0.0001748,2.0
674285.0,0.0001748,2.0
674308.0,0.0001748,4.0
674337.0,0.0001748,1.0
674343.0,0.0001748,2.0
674344.0,0.0001748,1.0
674345.0,0.0001748,2.0
674348.0,0.0001748,2.0
674352.0,0.0001748,1.0
674362.0,0.0001748,3.0
674364.0,0.0001748,3.0
674407.0,0.0001748,1.0
674408.0,0.0001748,3.0
674430.0,0.0001748,1.0
674431.0,0.0001748,2.0
674455.0,0.0001748,1.0
674476.0,0.0001748,1.0
674508.0,0.0001748,1.0
674518.0,0.0001748,1.0
674521.0,0.0001748,1.0
674543.0,0.0001748,2.0
674546.0,0.0001748,1.0
674549.0,0.0001748,2.0
674572.0,0.0001748,1.0
674603.0,0.0001748,1.0
674614.0,0.0001748,1.0
674615.0,0.0001748,2.0
674640.0,0.0001748,4.0
674654.0,0.0001748,2.0
674691.0,0.0001748,1.0
674737.0,0.0001748,2.0
674739.0,0.0001748,4.0
674780.0,0.0001748,3.0
674802.0,0.0001748,2.0
674866.0,0.0001748,4.0
674890.0,0.0001748,1.0
674909.0,0.0001748,2.0
674917.0,0.0001748,4.0
674928.0,0.0001748,1.0
674936.0,0.0001748,2.0
674966.0,0.0001748,5.0
674975.0,0.0001748,2.0
674990.0,0.0001748,2.0
675005.0,0.0001748,2.0
675022.0,0.0001748,2.0
675043.0,0.0001748,2.0
675050.0,0.0001748,2.0
675051.0,0.0001748,4.0
675074.0,0.0001748,3.0
675105.0,0.0001748,2.0
675146.0,0.0001748,2.0
675159.0,0.0001748,1.0
675191.0,0.0001748,1.0
675204.0,0.0001748,2.0
675253.0,0.0001748,1.0
675278.0,0.0001748,2.0
675306.0,0.0001748,2.0
675314.0,0.0001748,2.0
675318.0,0.0001748,2.0
675328.0,0.0001748,1.0
675344.0,0.0001748,1.0
675353.0,0.0001748,1.0
675357.0,0.0001748,2.0
675390.0,0.0001748,5.0
675401.0,0.0001748,2.0
675407.0,0.0001748,2.0
675419.0,0.0001748,2.0
675429.0,0.0001748,1.0
675437.0,0.0001748,2.0
675451.0,0.0001748,1.0
675465.0,0.0001748,2.0
675474.0,0.0001748,4.0
675488.0,0.0001748,2.0
675503.0,0.0001748,2.0
675521.0,0.0001748,1.0
675534.0,0.0001748,2.0
675543.0,0.0001748,2.0
675548.0,0.0001748,4.0
675549.0,0.0001748,2.0
675555.0,0.0001748,4.0
675574.0,0.0001748,2.0
675596.0,0.0001748,2.0
675608.0,0.0001748,1.0
675610.0,0.0001748,2.0
675621.0,0.0001748,1.0
675626.0,0.0001748,2.0
675636.0,0.0001748,2.0
675639.0,0.0001748,2.0
675698.0,0.0001748,2.0
675728.0,0.0001748,1.0
675747.0,0.0001748,2.0
675749.0,0.0001748,2.0
675756.0,0.0001748,1.0
675773.0,0.0001748,2.0
675803.0,0.0001748,3.0
675814.0,0.0001748,1.0
675815.0,0.0001748,4.0
675818.0,0.0001748,2.0
675856.0,0.0001748,1.0
675895.0,0.0001748,2.0
675936.0,0.0001748,1.0
675945.0,0.0001748,3.0
675950.0,0.0001748,2.0
675965.0,0.0001748,2.0
675989.0,0.0001748,2.0
676009.0,0.0001748,2.0
676046.0,0.0001748,3.0
676059.0,0.0001748,1.0
676062.0,0.0001748,2.0
676095.0,0.0001748,2.0
676101.0,0.0001748,2.0
676125.0,0.0001748,1.0
676166.0,0.0001748,1.0
676172.0,0.0001748,2.0
676180.0,0.0001748,2.0
676205.0,0.0001748,2.0
676224.0,0.0001748,1.0
676266.0,0.0001748,1.0
676270.0,0.0001748,1.0
676276.0,0.0001748,2.0
676295.0,0.0001748,2.0
676326.0,0.0001748,1.0
676334.0,0.0001748,2.0
676337.0,0.0001748,3.0
676344.0,0.0001748,2.0
676388.0,0.0001748,2.0
676410.0,0.0001748,1.0
676432.0,0.0001748,1.0
676446.0,0.0001748,2.0
676450.0,0.0001748,2.0
676465.0,0.0001748,1.0
676483.0,0.0001748,1.0
676520.0,0.0001748,2.0
676525.0,0.0001748,1.0
676536.0,0.0001748,1.0
676540.0,0.0001748,3.0
676556.0,0.0001748,1.0
676590.0,0.0001748,1.0
676592.0,0.0001748,2.0
676602.0,0.0001748,1.0
676604.0,0.0001748,1.0
676634.0,0.0001748,1.0
676648.0,0.0001748,2.0
676790.0,0.0001748,2.0
676813.0,0.0001748,2.0
676814.0,0.0001748,1.0
676820.0,0.0001748,2.0
676840.0,0.0001748,1.0
676859.0,0.0001748,2.0
676860.0,0.0001748,2.0
676913.0,0.0001748,1.0
676986.0,0.0001748,3.0
677050.0,0.0001748,2.0
677089.0,0.0001748,2.0
677145.0,0.0001748,2.0
677150.0,0.0001748,2.0
677170.0,0.0001748,1.0
677177.0,0.0001748,1.0
677187.0,0.0001748,2.0
677189.0,0.0001748,1.0
677210.0,0.0001748,2.0
677226.0,0.0001748,1.0
677255.0,0.0001748,1.0
677264.0,0.0001748,1.0
677273.0,0.0001748,1.0
677286.0,0.0001748,1.0
677298.0,0.0001748,2.0
677308.0,0.0001748,2.0
677341.0,0.0001748,1.0
677348.0,0.0001748,1.0
677356.0,0.0001748,2.0
677366.0,0.0001748,2.0
677369.0,0.0001748,1.0
677406.0,0.0001748,2.0
677415.0,0.0001748,1.0
677434.0,0.0001748,2.0
677437.0,0.0001748,1.0
677471.0,0.0001748,3.0
677482.0,0.0001748,1.0
677487.0,0.0001748,2.0
677520.0,0.0001748,5.0
677525.0,0.0001748,2.0
677535.0,0.0001748,2.0
677563.0,0.0001748,2.0
677565.0,0.0001748,1.0
677590.0,0.0001748,2.0
677612.0,0.0001748,1.0
677616.0,0.0001748,2.0
677636.0,0.0001748,2.0
677659.0,0.0001748,2.0
677694.0,0.0001748,2.0
677699.0,0.0001748,4.0
677701.0,0.0001748,3.0
677706.0,0.0001748,2.0
677710.0,0.0001748,1.0
677711.0,0.0001748,2.0
677721.0,0.0001748,1.0
677752.0,0.0001748,1.0
677761.0,0.0001748,2.0
677765.0,0.0001748,2.0
677773.0,0.0001748,2.0
677817.0,0.0001748,2.0
677819.0,0.0001748,2.0
677829.0,0.0001748,2.0
677840.0,0.0001748,1.0
677847.0,0.0001748,2.0
677852.0,0.0001748,1.0
677859.0,0.0001748,2.0
677877.0,0.0001748,2.0
677917.0,0.0001748,1.0
677941.0,0.0001748,5.0
677943.0,0.0001748,2.0
677948.0,0.0001748,1.0
677957.0,0.0001748,2.0
677966.0,0.0001748,2.0
677990.0,0.0001748,2.0
678025.0,0.0001748,1.0
678026.0,0.0001748,2.0
678031.0,0.0001748,2.0
678041.0,0.0001748,2.0
678055.0,0.0001748,1.0
678062.0,0.0001748,2.0
678080.0,0.0001748,1.0
678086.0,0.0001748,3.0
678088.0,0.0001748,1.0
678105.0,0.0001748,2.0
678113.0,0.0001748,1.0
678146.0,0.0001748,4.0
678171.0,0.0001748,3.0
678188.0,0.0001748,1.0
678189.0,0.0001748,2.0
678205.0,0.0001748,1.0
678207.0,0.0001748,2.0
678230.0,0.0001748,2.0
678233.0,0.0001748,2.0
678245.0,0.0001748,2.0
678247.0,0.0001748,2.0
678276.0,0.0001748,2.0
678305.0,0.0001748,2.0
678307.0,0.0001748,2.0
678352.0,0.0001748,2.0
678356.0,0.0001748,2.0
678388.0,0.0001748,2.0
678469.0,0.0001748,2.0
678473.0,0.0001748,2.0
678623.0,0.0001748,1.0
678678.0,0.0001748,2.0
678691.0,0.0001748,2.0
678718.0,0.0001748,1.0
678752.0,0.0001748,1.0
678769.0,0.0001748,2.0
678783.0,0.0001748,3.0
678794.0,0.0001748,1.0
678795.0,0.0001748,3.0
678796.0,0.0001748,2.0
678814.0,0.0001748,1.0
678820.0,0.0001748,1.0
678841.0,0.0001748,1.0
678857.0,0.0001748,1.0
678869.0,0.0001748,3.0
678885.0,0.0001748,2.0
678897.0,0.0001748,2.0
678930.0,0.0001748,1.0
678936.0,0.0001748,2.0
678972.0,0.0001748,1.0
679009.0,0.0001748,1.0
679015.0,0.0001748,3.0
679017.0,0.0001748,1.0
679026.0,0.0001748,1.0
679050.0,0.0001748,2.0
679082.0,0.0001748,1.0
679085.0,0.0001748,2.0
679096.0,0.0001748,4.0
679151.0,0.0001748,2.0
679185.0,0.0001748,1.0
679189.0,0.0001748,1.0
679206.0,0.0001748,2.0
679218.0,0.0001748,1.0
679233.0,0.0001748,2.0
679270.0,0.0001748,2.0
679295.0,0.0001748,2.0
679298.0,0.0001748,1.0
679320.0,0.0001748,3.0
679321.0,0.0001748,1.0
679338.0,0.0001748,1.0
679353.0,0.0001748,1.0
679363.0,0.0001748,2.0
679381.0,0.0001748,2.0
679408.0,0.0001748,1.0
679434.0,0.0001748,2.0
679447.0,0.0001748,4.0
679477.0,0.0001748,1.0
679510.0,0.0001748,1.0
679549.0,0.0001748,2.0
679622.0,0.0001748,1.0
679626.0,0.0001748,4.0
679658.0,0.0001748,2.0
679681.0,0.0001748,2.0
679682.0,0.0001748,1.0
679684.0,0.0001748,2.0
679693.0,0.0001748,2.0
679747.0,0.0001748,2.0
679754.0,0.0001748,1.0
679806.0,0.0001748,1.0
679828.0,0.0001748,2.0
679857.0,0.0001748,3.0
679891.0,0.0001748,2.0
679917.0,0.0001748,1.0
679929.0,0.0001748,2.0
679937.0,0.0001748,1.0
679944.0,0.0001748,2.0
679981.0,0.0001748,2.0
678499.0,0.0001748,1.0
680005.0,0.0001874,1.0
680024.0,0.0001874,3.0
680027.0,0.0001874,2.0
680029.0,0.0001874,1.0
680036.0,0.0001874,3.0
680063.0,0.0001874,2.0
680064.0,0.0001874,3.0
680070.0,0.0001874,3.0
680080.0,0.0001874,2.0
680085.0,0.0001874,3.0
680106.0,0.0001874,2.0
680123.0,0.0001874,2.0
680126.0,0.0001874,1.0
680144.0,0.0001874,1.0
680199.0,0.0001874,3.0
680207.0,0.0001874,1.0
680235.0,0.0001874,3.0
680238.0,0.0001874,3.0
680240.0,0.0001874,1.0
680250.0,0.0001874,2.0
680278.0,0.0001874,2.0
680291.0,0.0001874,3.0
680307.0,0.0001874,1.0
680316.0,0.0001874,3.0
680327.0,0.0001874,1.0
680334.0,0.0001874,2.0
680346.0,0.0001874,2.0
680365.0,0.0001874,1.0
680366.0,0.0001874,1.0
680373.0,0.0001874,2.0
680383.0,0.0001874,3.0
680388.0,0.0001874,3.0
680389.0,0.0001874,3.0
680400.0,0.0001874,2.0
680402.0,0.0001874,2.0
680438.0,0.0001874,1.0
680439.0,0.0001874,1.0
680461.0,0.0001874,1.0
680474.0,0.0001874,3.0
680490.0,0.0001874,1.0
680503.0,0.0001874,1.0
680505.0,0.0001874,2.0
680508.0,0.0001874,4.0
680515.0,0.0001874,1.0
680525.0,0.0001874,2.0
680543.0,0.0001874,2.0
680551.0,0.0001874,2.0
680554.0,0.0001874,3.0
680585.0,0.0001874,2.0
680592.0,0.0001874,2.0
680604.0,0.0001874,1.0
680620.0,0.0001874,4.0
680634.0,0.0001874,1.0
680642.0,0.0001874,2.0
680665.0,0.0001874,3.0
680680.0,0.0001874,3.0
680681.0,0.0001874,3.0
680683.0,0.0001874,2.0
680687.0,0.0001874,3.0
680690.0,0.0001874,2.0
680702.0,0.0001874,1.0
680727.0,0.0001874,1.0
680730.0,0.0001874,1.0
680737.0,0.0001874,3.0
680754.0,0.0001874,3.0
680760.0,0.0001874,1.0
680788.0,0.0001874,2.0
680800.0,0.0001874,1.0
680821.0,0.0001874,1.0
680837.0,0.0001874,3.0
680841.0,0.0001874,3.0
680842.0,0.0001874,1.0
680846.0,0.0001874,3.0
680858.0,0.0001874,1.0
680870.0,0.0001874,4.0
680871.0,0.0001874,1.0
680884.0,0.0001874,2.0
680889.0,0.0001874,2.0
680896.0,0.0001874,1.0
680899.0,0.0001874,1.0
680906.0,0.0001874,1.0
680913.0,0.0001874,3.0
680914.0,0.0001874,4.0
680973.0,0.0001874,2.0
680976.0,0.0001874,2.0
680982.0,0.0001874,3.0
680997.0,0.0001874,1.0
681000.0,0.0001874,4.0
681008.0,0.0001874,3.0
681021.0,0.0001874,1.0
681023.0,0.0001874,1.0
681041.0,0.0001874,3.0
681046.0,0.0001874,3.0
681048.0,0.0001874,3.0
681064.0,0.0001874,1.0
681078.0,0.0001874,4.0
681099.0,0.0001874,2.0
681103.0,0.0001874,2.0
681108.0,0.0001874,3.0
681124.0,0.0001874,2.0
681139.0,0.0001874,1.0
681147.0,0.0001874,4.0
681158.0,0.0001874,2.0
681161.0,0.0001874,1.0
681170.0,0.0001874,1.0
681179.0,0.0001874,2.0
681200.0,0.0001874,3.0
681202.0,0.0001874,3.0
681203.0,0.0001874,2.0
681206.0,0.0001874,1.0
681238.0,0.0001874,2.0
681256.0,0.0001874,1.0
681266.0,0.0001874,2.0
681285.0,0.0001874,1.0
681286.0,0.0001874,1.0
681289.0,0.0001874,1.0
681298.0,0.0001874,1.0
681308.0,0.0001874,2.0
681316.0,0.0001874,1.0
681318.0,0.0001874,1.0
681354.0,0.0001874,2.0
681390.0,0.0001874,1.0
681396.0,0.0001874,4.0
681403.0,0.0001874,1.0
681406.0,0.0001874,1.0
681416.0,0.0001874,1.0
681427.0,0.0001874,2.0
681448.0,0.0001874,1.0
681454.0,0.0001874,2.0
681479.0,0.0001874,3.0
681494.0,0.0001874,3.0
681512.0,0.0001874,3.0
681536.0,0.0001874,1.0
681537.0,0.0001874,2.0
681546.0,0.0001874,1.0
681563.0,0.0001874,3.0
681568.0,0.0001874,1.0
681572.0,0.0001874,1.0
681576.0,0.0001874,4.0
681580.0,0.0001874,3.0
681585.0,0.0001874,4.0
681589.0,0.0001874,2.0
681600.0,0.0001874,3.0
681602.0,0.0001874,1.0
681603.0,0.0001874,3.0
681629.0,0.0001874,2.0
681645.0,0.0001874,3.0
681666.0,0.0001874,1.0
681679.0,0.0001874,2.0
681683.0,0.0001874,1.0
681687.0,0.0001874,1.0
681695.0,0.0001874,2.0
681720.0,0.0001874,1.0
681730.0,0.0001874,4.0
681741.0,0.0001874,2.0
681754.0,0.0001874,1.0
681756.0,0.0001874,1.0
681777.0,0.0001874,4.0
681811.0,0.0001874,2.0
681817.0,0.0001874,1.0
681820.0,0.0001874,1.0
681824.0,0.0001874,2.0
681826.0,0.0001874,3.0
681846.0,0.0001874,1.0
681848.0,0.0001874,1.0
681867.0,0.0001874,1.0
681874.0,0.0001874,1.0
681906.0,0.0001874,2.0
681908.0,0.0001874,1.0
681921.0,0.0001874,4.0
681936.0,0.0001874,1.0
681938.0,0.0001874,2.0
681957.0,0.0001874,1.0
681964.0,0.0001874,4.0
681983.0,0.0001874,2.0
681997.0,0.0001874,3.0
682026.0,0.0001874,2.0
682029.0,0.0001874,1.0
682031.0,0.0001874,1.0
682043.0,0.0001874,3.0
682047.0,0.0001874,4.0
682075.0,0.0001874,1.0
682087.0,0.0001874,3.0
682089.0,0.0001874,1.0
682111.0,0.0001874,1.0
682123.0,0.0001874,1.0
682150.0,0.0001874,3.0
682177.0,0.0001874,1.0
682187.0,0.0001874,1.0
682216.0,0.0001874,3.0
682264.0,0.0001874,2.0
682271.0,0.0001874,3.0
682273.0,0.0001874,3.0
682299.0,0.0001874,1.0
682303.0,0.0001874,2.0
682312.0,0.0001874,1.0
682313.0,0.0001874,1.0
682331.0,0.0001874,1.0
682339.0,0.0001874,3.0
682340.0,0.0001874,3.0
682343.0,0.0001874,1.0
682345.0,0.0001874,1.0
682352.0,0.0001874,2.0
682354.0,0.0001874,3.0
682358.0,0.0001874,2.0
682368.0,0.0001874,4.0
682376.0,0.0001874,2.0
682389.0,0.0001874,4.0
682401.0,0.0001874,2.0
682404.0,0.0001874,3.0
682413.0,0.0001874,3.0
682424.0,0.0001874,3.0
682434.0,0.0001874,1.0
682461.0,0.0001874,2.0
682511.0,0.0001874,2.0
682514.0,0.0001874,1.0
682542.0,0.0001874,1.0
682557.0,0.0001874,4.0
682568.0,0.0001874,3.0
682576.0,0.0001874,1.0
682597.0,0.0001874,1.0
682629.0,0.0001874,1.0
682633.0,0.0001874,3.0
682634.0,0.0001874,2.0
682702.0,0.0001874,2.0
682725.0,0.0001874,3.0
682726.0,0.0001874,1.0
682760.0,0.0001874,1.0
682764.0,0.0001874,2.0
682766.0,0.0001874,2.0
682777.0,0.0001874,3.0
682786.0,0.0001874,1.0
682818.0,0.0001874,2.0
682819.0,0.0001874,3.0
682837.0,0.0001874,4.0
682839.0,0.0001874,1.0
682861.0,0.0001874,3.0
682862.0,0.0001874,1.0
682871.0,0.0001874,3.0
682872.0,0.0001874,2.0
682875.0,0.0001874,1.0
682878.0,0.0001874,1.0
682886.0,0.0001874,2.0
682888.0,0.0001874,1.0
682890.0,0.0001874,1.0
682892.0,0.0001874,1.0
682894.0,0.0001874,3.0
682945.0,0.0001874,1.0
682949.0,0.0001874,2.0
682959.0,0.0001874,1.0
682978.0,0.0001874,3.0
683005.0,0.0001874,1.0
683027.0,0.0001874,2.0
683048.0,0.0001874,2.0
683055.0,0.0001874,3.0
683056.0,0.0001874,1.0
683063.0,0.0001874,1.0
683071.0,0.0001874,3.0
683081.0,0.0001874,1.0
683088.0,0.0001874,3.0
683089.0,0.0001874,2.0
683093.0,0.0001874,3.0
683106.0,0.0001874,1.0
683108.0,0.0001874,2.0
683110.0,0.0001874,3.0
683124.0,0.0001874,1.0
683142.0,0.0001874,3.0
683145.0,0.0001874,3.0
683147.0,0.0001874,2.0
683162.0,0.0001874,2.0
683203.0,0.0001874,2.0
683205.0,0.0001874,3.0
683213.0,0.0001874,3.0
683218.0,0.0001874,3.0
683240.0,0.0001874,1.0
683246.0,0.0001874,4.0
683251.0,0.0001874,4.0
683252.0,0.0001874,2.0
683254.0,0.0001874,2.0
683271.0,0.0001874,3.0
683275.0,0.0001874,1.0
683287.0,0.0001874,1.0
683297.0,0.0001874,1.0
683300.0,0.0001874,3.0
683303.0,0.0001874,1.0
683305.0,0.0001874,1.0
683310.0,0.0001874,1.0
683314.0,0.0001874,3.0
683341.0,0.0001874,1.0
683363.0,0.0001874,3.0
683364.0,0.0001874,1.0
683372.0,0.0001874,1.0
683388.0,0.0001874,1.0
683392.0,0.0001874,2.0
683410.0,0.0001874,1.0
683414.0,0.0001874,3.0
683426.0,0.0001874,1.0
683436.0,0.0001874,1.0
683454.0,0.0001874,3.0
683459.0,0.0001874,2.0
683461.0,0.0001874,3.0
683474.0,0.0001874,1.0
683492.0,0.0001874,1.0
683493.0,0.0001874,4.0
683495.0,0.0001874,2.0
683501.0,0.0001874,1.0
683512.0,0.0001874,2.0
683513.0,0.0001874,1.0
683514.0,0.0001874,3.0
683517.0,0.0001874,2.0
683527.0,0.0001874,1.0
683529.0,0.0001874,3.0
683530.0,0.0001874,3.0
683544.0,0.0001874,2.0
683550.0,0.0001874,3.0
683566.0,0.0001874,2.0
683568.0,0.0001874,3.0
683577.0,0.0001874,2.0
683588.0,0.0001874,1.0
683626.0,0.0001874,1.0
683644.0,0.0001874,2.0
683655.0,0.0001874,2.0
683660.0,0.0001874,2.0
683671.0,0.0001874,1.0
683672.0,0.0001874,1.0
683682.0,0.0001874,3.0
683686.0,0.0001874,1.0
683697.0,0.0001874,1.0
683711.0,0.0001874,4.0
683745.0,0.0001874,2.0
683753.0,0.0001874,1.0
683771.0,0.0001874,2.0
683775.0,0.0001874,2.0
683777.0,0.0001874,3.0
683809.0,0.0001874,3.0
683813.0,0.0001874,3.0
683818.0,0.0001874,3.0
683827.0,0.0001874,1.0
683850.0,0.0001874,1.0
683857.0,0.0001874,2.0
683881.0,0.0001874,1.0
683936.0,0.0001874,3.0
683944.0,0.0001874,2.0
683953.0,0.0001874,1.0
683972.0,0.0001874,4.0
683984.0,0.0001874,3.0
683985.0,0.0001874,1.0
683987.0,0.0001874,1.0
683994.0,0.0001874,1.0
683995.0,0.0001874,2.0
683996.0,0.0001874,3.0
684001.0,0.0001874,2.0
684004.0,0.0001874,3.0
684015.0,0.0001874,2.0
684025.0,0.0001874,3.0
684028.0,0.0001874,1.0
684043.0,0.0001874,2.0
684045.0,0.0001874,4.0
684047.0,0.0001874,1.0
684059.0,0.0001874,2.0
684096.0,0.0001874,2.0
684100.0,0.0001874,1.0
684102.0,0.0001874,1.0
684103.0,0.0001874,1.0
684107.0,0.0001874,1.0
684127.0,0.0001874,1.0
684130.0,0.0001874,1.0
684135.0,0.0001874,2.0
684138.0,0.0001874,2.0
684139.0,0.0001874,1.0
684140.0,0.0001874,1.0
684145.0,0.0001874,1.0
684165.0,0.0001874,3.0
684171.0,0.0001874,3.0
684173.0,0.0001874,1.0
684184.0,0.0001874,2.0
684187.0,0.0001874,1.0
684192.0,0.0001874,1.0
684203.0,0.0001874,2.0
684232.0,0.0001874,1.0
684237.0,0.0001874,3.0
684251.0,0.0001874,3.0
684255.0,0.0001874,2.0
684262.0,0.0001874,3.0
684264.0,0.0001874,3.0
684274.0,0.0001874,1.0
684281.0,0.0001874,4.0
684285.0,0.0001874,3.0
684288.0,0.0001874,1.0
684294.0,0.0001874,1.0
684308.0,0.0001874,3.0
684312.0,0.0001874,1.0
684343.0,0.0001874,2.0
684344.0,0.0001874,4.0
684349.0,0.0001874,1.0
684352.0,0.0001874,1.0
684362.0,0.0001874,4.0
684364.0,0.0001874,3.0
684407.0,0.0001874,3.0
684408.0,0.0001874,3.0
684412.0,0.0001874,1.0
684417.0,0.0001874,1.0
684421.0,0.0001874,1.0
684424.0,0.0001874,1.0
684430.0,0.0001874,2.0
684431.0,0.0001874,3.0
684432.0,0.0001874,2.0
684455.0,0.0001874,3.0
684472.0,0.0001874,1.0
684476.0,0.0001874,2.0
684505.0,0.0001874,1.0
684509.0,0.0001874,1.0
684518.0,0.0001874,3.0
684522.0,0.0001874,1.0
684546.0,0.0001874,2.0
684572.0,0.0001874,2.0
684575.0,0.0001874,1.0
684579.0,0.0001874,2.0
684590.0,0.0001874,1.0
684614.0,0.0001874,2.0
684615.0,0.0001874,2.0
684616.0,0.0001874,3.0
684640.0,0.0001874,4.0
684654.0,0.0001874,2.0
684675.0,0.0001874,1.0
684691.0,0.0001874,3.0
684704.0,0.0001874,1.0
684721.0,0.0001874,3.0
684727.0,0.0001874,1.0
684737.0,0.0001874,3.0
684739.0,0.0001874,2.0
684741.0,0.0001874,3.0
684758.0,0.0001874,1.0
684780.0,0.0001874,3.0
684802.0,0.0001874,2.0
684811.0,0.0001874,1.0
684822.0,0.0001874,1.0
684831.0,0.0001874,1.0
684833.0,0.0001874,1.0
684858.0,0.0001874,1.0
684866.0,0.0001874,3.0
684890.0,0.0001874,4.0
684904.0,0.0001874,1.0
684906.0,0.0001874,1.0
684917.0,0.0001874,3.0
684927.0,0.0001874,1.0
684928.0,0.0001874,3.0
684943.0,0.0001874,1.0
684966.0,0.0001874,4.0
684975.0,0.0001874,2.0
684976.0,0.0001874,3.0
684977.0,0.0001874,1.0
684990.0,0.0001874,2.0
685005.0,0.0001874,2.0
685022.0,0.0001874,4.0
685030.0,0.0001874,3.0
685043.0,0.0001874,2.0
685044.0,0.0001874,3.0
685050.0,0.0001874,3.0
685051.0,0.0001874,1.0
685059.0,0.0001874,2.0
685074.0,0.0001874,3.0
685088.0,0.0001874,2.0
685101.0,0.0001874,1.0
685105.0,0.0001874,2.0
685121.0,0.0001874,1.0
685146.0,0.0001874,3.0
685157.0,0.0001874,1.0
685159.0,0.0001874,2.0
685160.0,0.0001874,2.0
685170.0,0.0001874,1.0
685181.0,0.0001874,1.0
685191.0,0.0001874,3.0
685200.0,0.0001874,1.0
685204.0,0.0001874,2.0
685212.0,0.0001874,2.0
685235.0,0.0001874,1.0
685239.0,0.0001874,1.0
685253.0,0.0001874,2.0
685281.0,0.0001874,1.0
685304.0,0.0001874,1.0
685305.0,0.0001874,1.0
685314.0,0.0001874,2.0
685319.0,0.0001874,1.0
685327.0,0.0001874,1.0
685328.0,0.0001874,2.0
685344.0,0.0001874,1.0
685353.0,0.0001874,1.0
685354.0,0.0001874,2.0
685357.0,0.0001874,4.0
685379.0,0.0001874,1.0
685390.0,0.0001874,3.0
685401.0,0.0001874,3.0
685407.0,0.0001874,3.0
685419.0,0.0001874,2.0
685437.0,0.0001874,2.0
685438.0,0.0001874,1.0
685446.0,0.0001874,3.0
685450.0,0.0001874,1.0
685451.0,0.0001874,3.0
685465.0,0.0001874,3.0
685470.0,0.0001874,1.0
685474.0,0.0001874,1.0
685503.0,0.0001874,3.0
685532.0,0.0001874,1.0
685534.0,0.0001874,3.0
685540.0,0.0001874,2.0
685542.0,0.0001874,1.0
685543.0,0.0001874,3.0
685548.0,0.0001874,1.0
685549.0,0.0001874,3.0
685555.0,0.0001874,3.0
685596.0,0.0001874,2.0
685608.0,0.0001874,2.0
685610.0,0.0001874,2.0
685621.0,0.0001874,2.0
685639.0,0.0001874,2.0
685652.0,0.0001874,3.0
685660.0,0.0001874,1.0
685663.0,0.0001874,1.0
685686.0,0.0001874,1.0
685728.0,0.0001874,2.0
685747.0,0.0001874,3.0
685749.0,0.0001874,2.0
685756.0,0.0001874,3.0
685767.0,0.0001874,1.0
685773.0,0.0001874,2.0
685785.0,0.0001874,1.0
685803.0,0.0001874,3.0
685814.0,0.0001874,1.0
685815.0,0.0001874,3.0
685818.0,0.0001874,3.0
685835.0,0.0001874,1.0
685856.0,0.0001874,3.0
685866.0,0.0001874,1.0
685886.0,0.0001874,1.0
685895.0,0.0001874,3.0
685936.0,0.0001874,2.0
685941.0,0.0001874,1.0
685944.0,0.0001874,1.0
685945.0,0.0001874,3.0
685950.0,0.0001874,3.0
685955.0,0.0001874,1.0
685969.0,0.0001874,1.0
685973.0,0.0001874,1.0
685987.0,0.0001874,1.0
685989.0,0.0001874,4.0
686046.0,0.0001874,4.0
686048.0,0.0001874,2.0
686059.0,0.0001874,2.0
686071.0,0.0001874,1.0
686095.0,0.0001874,2.0
686109.0,0.0001874,1.0
686113.0,0.0001874,3.0
686118.0,0.0001874,3.0
686123.0,0.0001874,1.0
686125.0,0.0001874,3.0
686132.0,0.0001874,1.0
686162.0,0.0001874,2.0
686166.0,0.0001874,2.0
686180.0,0.0001874,1.0
686225.0,0.0001874,1.0
686227.0,0.0001874,3.0
686241.0,0.0001874,2.0
686266.0,0.0001874,2.0
686270.0,0.0001874,3.0
686276.0,0.0001874,2.0
686295.0,0.0001874,3.0
686308.0,0.0001874,1.0
686322.0,0.0001874,3.0
686326.0,0.0001874,4.0
686334.0,0.0001874,2.0
686337.0,0.0001874,4.0
686344.0,0.0001874,2.0
686347.0,0.0001874,2.0
686410.0,0.0001874,3.0
686432.0,0.0001874,2.0
686436.0,0.0001874,3.0
686446.0,0.0001874,3.0
686463.0,0.0001874,1.0
686464.0,0.0001874,1.0
686465.0,0.0001874,2.0
686483.0,0.0001874,3.0
686519.0,0.0001874,1.0
686520.0,0.0001874,3.0
686539.0,0.0001874,1.0
686540.0,0.0001874,1.0
686556.0,0.0001874,3.0
686573.0,0.0001874,2.0
686574.0,0.0001874,1.0
686584.0,0.0001874,1.0
686587.0,0.0001874,1.0
686590.0,0.0001874,3.0
686592.0,0.0001874,2.0
686609.0,0.0001874,1.0
686613.0,0.0001874,1.0
686634.0,0.0001874,2.0
686648.0,0.0001874,3.0
686650.0,0.0001874,1.0
686660.0,0.0001874,1.0
686686.0,0.0001874,1.0
686707.0,0.0001874,1.0
686714.0,0.0001874,1.0
686767.0,0.0001874,2.0
686790.0,0.0001874,2.0
686793.0,0.0001874,1.0
686805.0,0.0001874,1.0
686814.0,0.0001874,3.0
686818.0,0.0001874,2.0
686840.0,0.0001874,3.0
686859.0,0.0001874,3.0
686860.0,0.0001874,3.0
686882.0,0.0001874,1.0
686923.0,0.0001874,1.0
686928.0,0.0001874,1.0
686935.0,0.0001874,1.0
686949.0,0.0001874,2.0
686967.0,0.0001874,2.0
686969.0,0.0001874,3.0
686970.0,0.0001874,1.0
686973.0,0.0001874,1.0
686986.0,0.0001874,4.0
687025.0,0.0001874,1.0
687029.0,0.0001874,1.0
687050.0,0.0001874,4.0
687080.0,0.0001874,1.0
687089.0,0.0001874,2.0
687126.0,0.0001874,3.0
687148.0,0.0001874,1.0
687170.0,0.0001874,2.0
687177.0,0.0001874,2.0
687187.0,0.0001874,2.0
687199.0,0.0001874,1.0
687210.0,0.0001874,2.0
687214.0,0.0001874,1.0
687226.0,0.0001874,4.0
687238.0,0.0001874,2.0
687255.0,0.0001874,2.0
687268.0,0.0001874,1.0
687273.0,0.0001874,3.0
687286.0,0.0001874,4.0
687305.0,0.0001874,1.0
687308.0,0.0001874,3.0
687309.0,0.0001874,1.0
687322.0,0.0001874,2.0
687341.0,0.0001874,3.0
687348.0,0.0001874,2.0
687356.0,0.0001874,3.0
687357.0,0.0001874,1.0
687358.0,0.0001874,1.0
687364.0,0.0001874,1.0
687369.0,0.0001874,4.0
687385.0,0.0001874,1.0
687406.0,0.0001874,2.0
687415.0,0.0001874,2.0
687427.0,0.0001874,1.0
687434.0,0.0001874,2.0
687449.0,0.0001874,1.0
687453.0,0.0001874,3.0
687463.0,0.0001874,1.0
687466.0,0.0001874,1.0
687471.0,0.0001874,1.0
687482.0,0.0001874,3.0
687514.0,0.0001874,2.0
687520.0,0.0001874,4.0
687525.0,0.0001874,4.0
687535.0,0.0001874,3.0
687537.0,0.0001874,1.0
687549.0,0.0001874,1.0
687558.0,0.0001874,1.0
687590.0,0.0001874,2.0
687612.0,0.0001874,4.0
687616.0,0.0001874,2.0
687620.0,0.0001874,2.0
687624.0,0.0001874,1.0
687626.0,0.0001874,2.0
687636.0,0.0001874,2.0
687642.0,0.0001874,1.0
687659.0,0.0001874,3.0
687673.0,0.0001874,1.0
687694.0,0.0001874,2.0
687699.0,0.0001874,3.0
687701.0,0.0001874,3.0
687706.0,0.0001874,3.0
687710.0,0.0001874,2.0
687711.0,0.0001874,3.0
687721.0,0.0001874,1.0
687728.0,0.0001874,3.0
687737.0,0.0001874,1.0
687752.0,0.0001874,3.0
687761.0,0.0001874,4.0
687765.0,0.0001874,4.0
687778.0,0.0001874,3.0
687817.0,0.0001874,3.0
687819.0,0.0001874,2.0
687829.0,0.0001874,4.0
687840.0,0.0001874,2.0
687847.0,0.0001874,3.0
687852.0,0.0001874,2.0
687878.0,0.0001874,1.0
687879.0,0.0001874,1.0
687888.0,0.0001874,1.0
687917.0,0.0001874,2.0
687923.0,0.0001874,1.0
687941.0,0.0001874,3.0
687948.0,0.0001874,2.0
687990.0,0.0001874,2.0
687991.0,0.0001874,2.0
687994.0,0.0001874,1.0
688008.0,0.0001874,1.0
688025.0,0.0001874,2.0
688026.0,0.0001874,3.0
688031.0,0.0001874,4.0
688050.0,0.0001874,1.0
688053.0,0.0001874,1.0
688062.0,0.0001874,2.0
688080.0,0.0001874,3.0
688082.0,0.0001874,1.0
688086.0,0.0001874,4.0
688088.0,0.0001874,3.0
688105.0,0.0001874,2.0
688113.0,0.0001874,3.0
688123.0,0.0001874,1.0
688146.0,0.0001874,3.0
688154.0,0.0001874,1.0
688161.0,0.0001874,1.0
688171.0,0.0001874,3.0
688177.0,0.0001874,1.0
688188.0,0.0001874,1.0
688207.0,0.0001874,3.0
688228.0,0.0001874,1.0
688233.0,0.0001874,2.0
688245.0,0.0001874,2.0
688259.0,0.0001874,2.0
688276.0,0.0001874,3.0
688277.0,0.0001874,1.0
688304.0,0.0001874,2.0
688305.0,0.0001874,3.0
688307.0,0.0001874,3.0
688322.0,0.0001874,1.0
688333.0,0.0001874,1.0
688334.0,0.0001874,1.0
688352.0,0.0001874,4.0
688356.0,0.0001874,3.0
688392.0,0.0001874,1.0
688405.0,0.0001874,1.0
688431.0,0.0001874,1.0
688453.0,0.0001874,3.0
688461.0,0.0001874,1.0
688462.0,0.0001874,4.0
688468.0,0.0001874,1.0
688469.0,0.0001874,4.0
688473.0,0.0001874,2.0
688485.0,0.0001874,1.0
688493.0,0.0001874,3.0
688499.0,0.0001874,3.0
688513.0,0.0001874,1.0
688519.0,0.0001874,1.0
688535.0,0.0001874,2.0
688553.0,0.0001874,1.0
688570.0,0.0001874,1.0
688647.0,0.0001874,1.0
688678.0,0.0001874,3.0
688679.0,0.0001874,2.0
688686.0,0.0001874,1.0
688691.0,0.0001874,3.0
688703.0,0.0001874,2.0
688718.0,0.0001874,2.0
688725.0,0.0001874,1.0
688732.0,0.0001874,2.0
688742.0,0.0001874,1.0
688752.0,0.0001874,2.0
688769.0,0.0001874,2.0
688777.0,0.0001874,1.0
688783.0,0.0001874,2.0
688788.0,0.0001874,2.0
688794.0,0.0001874,2.0
688795.0,0.0001874,4.0
688796.0,0.0001874,3.0
688805.0,0.0001874,1.0
688814.0,0.0001874,3.0
688819.0,0.0001874,1.0
688820.0,0.0001874,2.0
688829.0,0.0001874,1.0
688833.0,0.0001874,1.0
688841.0,0.0001874,3.0
688868.0,0.0001874,1.0
688869.0,0.0001874,4.0
688872.0,0.0001874,2.0
688879.0,0.0001874,2.0
688897.0,0.0001874,3.0
688898.0,0.0001874,1.0
688904.0,0.0001874,1.0
688912.0,0.0001874,1.0
688917.0,0.0001874,1.0
688921.0,0.0001874,1.0
688930.0,0.0001874,3.0
688933.0,0.0001874,1.0
688936.0,0.0001874,2.0
688972.0,0.0001874,3.0
688993.0,0.0001874,1.0
688994.0,0.0001874,1.0
689009.0,0.0001874,3.0
689015.0,0.0001874,3.0
689017.0,0.0001874,2.0
689026.0,0.0001874,1.0
689039.0,0.0001874,1.0
689043.0,0.0001874,3.0
689050.0,0.0001874,3.0
689059.0,0.0001874,2.0
689068.0,0.0001874,1.0
689082.0,0.0001874,2.0
689085.0,0.0001874,3.0
689086.0,0.0001874,1.0
689092.0,0.0001874,1.0
689133.0,0.0001874,2.0
689137.0,0.0001874,1.0
689151.0,0.0001874,2.0
689154.0,0.0001874,1.0
689160.0,0.0001874,1.0
689177.0,0.0001874,2.0
689185.0,0.0001874,3.0
689200.0,0.0001874,1.0
689202.0,0.0001874,1.0
689206.0,0.0001874,4.0
689218.0,0.0001874,2.0
689233.0,0.0001874,2.0
689234.0,0.0001874,1.0
689241.0,0.0001874,1.0
689253.0,0.0001874,1.0
689267.0,0.0001874,1.0
689270.0,0.0001874,2.0
689295.0,0.0001874,3.0
689298.0,0.0001874,3.0
689308.0,0.0001874,1.0
689320.0,0.0001874,3.0
689321.0,0.0001874,1.0
689338.0,0.0001874,1.0
689353.0,0.0001874,3.0
689371.0,0.0001874,1.0
689381.0,0.0001874,2.0
689389.0,0.0001874,1.0
689406.0,0.0001874,1.0
689408.0,0.0001874,4.0
689434.0,0.0001874,3.0
689440.0,0.0001874,3.0
689447.0,0.0001874,3.0
689477.0,0.0001874,2.0
689482.0,0.0001874,1.0
689510.0,0.0001874,1.0
689533.0,0.0001874,1.0
689547.0,0.0001874,1.0
689549.0,0.0001874,3.0
689550.0,0.0001874,1.0
689556.0,0.0001874,2.0
689565.0,0.0001874,1.0
689585.0,0.0001874,1.0
689586.0,0.0001874,2.0
689622.0,0.0001874,3.0
689626.0,0.0001874,1.0
689658.0,0.0001874,3.0
689661.0,0.0001874,3.0
689681.0,0.0001874,2.0
689682.0,0.0001874,3.0
689684.0,0.0001874,3.0
689723.0,0.0001874,2.0
689728.0,0.0001874,1.0
689730.0,0.0001874,1.0
689754.0,0.0001874,2.0
689824.0,0.0001874,1.0
689826.0,0.0001874,1.0
689828.0,0.0001874,3.0
689841.0,0.0001874,2.0
689842.0,0.0001874,1.0
689847.0,0.0001874,1.0
689857.0,0.0001874,4.0
689919.0,0.0001874,4.0
689924.0,0.0001874,1.0
689929.0,0.0001874,2.0
689932.0,0.0001874,1.0
689937.0,0.0001874,1.0
689944.0,0.0001874,2.0
689981.0,0.0001874,2.0
680040.0,0.0001874,1.0
680109.0,0.0001874,1.0
680136.0,0.0001874,1.0
680268.0,0.0001874,1.0
680381.0,0.0001874,1.0
680725.0,0.0001874,3.0
680756.0,0.0001874,1.0
680783.0,0.0001874,2.0
680849.0,0.0001874,2.0
680876.0,0.0001874,1.0
681156.0,0.0001874,1.0
681341.0,0.0001874,2.0
681486.0,0.0001874,1.0
681790.0,0.0001874,3.0
681982.0,0.0001874,1.0
682173.0,0.0001874,1.0
682372.0,0.0001874,1.0
682403.0,0.0001874,1.0
682414.0,0.0001874,1.0
682503.0,0.0001874,1.0
682571.0,0.0001874,1.0
682624.0,0.0001874,1.0
682915.0,0.0001874,1.0
683019.0,0.0001874,1.0
683197.0,0.0001874,2.0
683290.0,0.0001874,1.0
683302.0,0.0001874,1.0
683376.0,0.0001874,2.0
683653.0,0.0001874,1.0
683889.0,0.0001874,1.0
683977.0,0.0001874,2.0
684023.0,0.0001874,2.0
684253.0,0.0001874,1.0
684345.0,0.0001874,1.0
684521.0,0.0001874,1.0
684543.0,0.0001874,2.0
684909.0,0.0001874,1.0
684936.0,0.0001874,2.0
685488.0,0.0001874,2.0
685574.0,0.0001874,1.0
685626.0,0.0001874,2.0
685636.0,0.0001874,1.0
685698.0,0.0001874,1.0
685805.0,0.0001874,2.0
686009.0,0.0001874,1.0
686172.0,0.0001874,1.0
686813.0,0.0001874,1.0
687083.0,0.0001874,1.0
687150.0,0.0001874,1.0
687298.0,0.0001874,2.0
687366.0,0.0001874,1.0
687487.0,0.0001874,1.0
687563.0,0.0001874,1.0
687859.0,0.0001874,1.0
687943.0,0.0001874,1.0
687957.0,0.0001874,1.0
688041.0,0.0001874,1.0
688388.0,0.0001874,1.0
689189.0,0.0001874,1.0
689693.0,0.0001874,2.0
680032.0,0.0001874,1.0
681282.0,0.0001874,1.0
681458.0,0.0001874,1.0
681986.0,0.0001874,1.0
682210.0,0.0001874,1.0
682239.0,0.0001874,1.0
682716.0,0.0001874,1.0
682825.0,0.0001874,2.0
683120.0,0.0001874,1.0
683411.0,0.0001874,1.0
683937.0,0.0001874,1.0
684549.0,0.0001874,1.0
684603.0,0.0001874,1.0
685318.0,0.0001874,1.0
685521.0,0.0001874,1.0
685615.0,0.0001874,1.0
685893.0,0.0001874,1.0
688117.0,0.0001874,1.0
688857.0,0.0001874,1.0
689515.0,0.0001874,1.0
680628.0,0.0001874,1.0
682078.0,0.0001874,1.0
683340.0,0.0001874,1.0
685306.0,0.0001874,1.0
686602.0,0.0001874,1.0
688205.0,0.0001874,1.0
690004.0,0.0002009,1.0
690024.0,0.0002009,2.0
690032.0,0.0002009,2.0
690036.0,0.0002009,3.0
690038.0,0.0002009,1.0
690040.0,0.0002009,2.0
690053.0,0.0002009,1.0
690064.0,0.0002009,3.0
690070.0,0.0002009,3.0
690081.0,0.0002009,2.0
690085.0,0.0002009,3.0
690106.0,0.0002009,3.0
690107.0,0.0002009,2.0
690109.0,0.0002009,2.0
690120.0,0.0002009,1.0
690123.0,0.0002009,2.0
690126.0,0.0002009,1.0
690136.0,0.0002009,2.0
690204.0,0.0002009,1.0
690209.0,0.0002009,1.0
690210.0,0.0002009,2.0
690235.0,0.0002009,2.0
690238.0,0.0002009,2.0
690250.0,0.0002009,3.0
690268.0,0.0002009,2.0
690269.0,0.0002009,1.0
690291.0,0.0002009,2.0
690298.0,0.0002009,1.0
690307.0,0.0002009,1.0
690328.0,0.0002009,2.0
690344.0,0.0002009,1.0
690346.0,0.0002009,1.0
690349.0,0.0002009,1.0
690353.0,0.0002009,1.0
690373.0,0.0002009,3.0
690381.0,0.0002009,2.0
690383.0,0.0002009,2.0
690388.0,0.0002009,2.0
690389.0,0.0002009,3.0
690402.0,0.0002009,1.0
690425.0,0.0002009,2.0
690441.0,0.0002009,1.0
690461.0,0.0002009,2.0
690474.0,0.0002009,3.0
690505.0,0.0002009,1.0
690531.0,0.0002009,1.0
690551.0,0.0002009,2.0
690554.0,0.0002009,3.0
690585.0,0.0002009,2.0
690592.0,0.0002009,3.0
690620.0,0.0002009,3.0
690628.0,0.0002009,2.0
690653.0,0.0002009,2.0
690665.0,0.0002009,3.0
690673.0,0.0002009,1.0
690677.0,0.0002009,1.0
690680.0,0.0002009,1.0
690687.0,0.0002009,1.0
690718.0,0.0002009,1.0
690725.0,0.0002009,2.0
690737.0,0.0002009,3.0
690741.0,0.0002009,1.0
690754.0,0.0002009,4.0
690756.0,0.0002009,2.0
690783.0,0.0002009,2.0
690788.0,0.0002009,3.0
690790.0,0.0002009,1.0
690796.0,0.0002009,1.0
690800.0,0.0002009,1.0
690836.0,0.0002009,1.0
690837.0,0.0002009,3.0
690841.0,0.0002009,3.0
690846.0,0.0002009,3.0
690849.0,0.0002009,2.0
690870.0,0.0002009,2.0
690876.0,0.0002009,2.0
690896.0,0.0002009,1.0
690904.0,0.0002009,2.0
690913.0,0.0002009,1.0
690914.0,0.0002009,3.0
690973.0,0.0002009,2.0
690982.0,0.0002009,3.0
690997.0,0.0002009,2.0
690998.0,0.0002009,1.0
690999.0,0.0002009,1.0
691000.0,0.0002009,4.0
691008.0,0.0002009,2.0
691019.0,0.0002009,1.0
691041.0,0.0002009,1.0
691051.0,0.0002009,1.0
691066.0,0.0002009,1.0
691078.0,0.0002009,3.0
691099.0,0.0002009,4.0
691106.0,0.0002009,1.0
691109.0,0.0002009,1.0
691118.0,0.0002009,3.0
691122.0,0.0002009,2.0
691124.0,0.0002009,4.0
691138.0,0.0002009,1.0
691139.0,0.0002009,1.0
691151.0,0.0002009,2.0
691156.0,0.0002009,2.0
691179.0,0.0002009,2.0
691192.0,0.0002009,1.0
691200.0,0.0002009,2.0
691202.0,0.0002009,3.0
691212.0,0.0002009,2.0
691216.0,0.0002009,2.0
691238.0,0.0002009,2.0
691256.0,0.0002009,1.0
691266.0,0.0002009,3.0
691288.0,0.0002009,2.0
691290.0,0.0002009,1.0
691316.0,0.0002009,3.0
691317.0,0.0002009,1.0
691320.0,0.0002009,1.0
691325.0,0.0002009,1.0
691336.0,0.0002009,1.0
691341.0,0.0002009,2.0
691350.0,0.0002009,1.0
691396.0,0.0002009,1.0
691403.0,0.0002009,1.0
691436.0,0.0002009,2.0
691439.0,0.0002009,1.0
691449.0,0.0002009,1.0
691458.0,0.0002009,2.0
691479.0,0.0002009,3.0
691486.0,0.0002009,2.0
691534.0,0.0002009,1.0
691537.0,0.0002009,4.0
691563.0,0.0002009,4.0
691566.0,0.0002009,1.0
691572.0,0.0002009,3.0
691576.0,0.0002009,4.0
691580.0,0.0002009,3.0
691581.0,0.0002009,1.0
691585.0,0.0002009,2.0
691589.0,0.0002009,2.0
691600.0,0.0002009,3.0
691611.0,0.0002009,1.0
691619.0,0.0002009,1.0
691645.0,0.0002009,3.0
691679.0,0.0002009,1.0
691684.0,0.0002009,1.0
691695.0,0.0002009,4.0
691713.0,0.0002009,1.0
691715.0,0.0002009,1.0
691721.0,0.0002009,1.0
691730.0,0.0002009,4.0
691759.0,0.0002009,1.0
691777.0,0.0002009,3.0
691781.0,0.0002009,2.0
691790.0,0.0002009,2.0
691816.0,0.0002009,1.0
691824.0,0.0002009,2.0
691826.0,0.0002009,4.0
691875.0,0.0002009,1.0
691906.0,0.0002009,2.0
691907.0,0.0002009,1.0
691921.0,0.0002009,2.0
691938.0,0.0002009,3.0
691964.0,0.0002009,2.0
691972.0,0.0002009,2.0
691976.0,0.0002009,1.0
691982.0,0.0002009,2.0
691986.0,0.0002009,2.0
691997.0,0.0002009,2.0
692015.0,0.0002009,2.0
692026.0,0.0002009,3.0
692043.0,0.0002009,4.0
692047.0,0.0002009,4.0
692062.0,0.0002009,2.0
692078.0,0.0002009,2.0
692087.0,0.0002009,3.0
692094.0,0.0002009,2.0
692150.0,0.0002009,4.0
692156.0,0.0002009,2.0
692161.0,0.0002009,1.0
692173.0,0.0002009,2.0
692192.0,0.0002009,2.0
692202.0,0.0002009,1.0
692206.0,0.0002009,1.0
692210.0,0.0002009,2.0
692239.0,0.0002009,2.0
692264.0,0.0002009,2.0
692271.0,0.0002009,3.0
692273.0,0.0002009,4.0
692299.0,0.0002009,1.0
692303.0,0.0002009,4.0
692318.0,0.0002009,4.0
692324.0,0.0002009,1.0
692339.0,0.0002009,3.0
692340.0,0.0002009,2.0
692352.0,0.0002009,1.0
692354.0,0.0002009,3.0
692358.0,0.0002009,1.0
692368.0,0.0002009,3.0
692372.0,0.0002009,2.0
692389.0,0.0002009,3.0
692393.0,0.0002009,1.0
692397.0,0.0002009,1.0
692403.0,0.0002009,2.0
692409.0,0.0002009,1.0
692414.0,0.0002009,2.0
692424.0,0.0002009,2.0
692438.0,0.0002009,2.0
692453.0,0.0002009,1.0
692461.0,0.0002009,2.0
692483.0,0.0002009,2.0
692503.0,0.0002009,2.0
692511.0,0.0002009,3.0
692557.0,0.0002009,4.0
692568.0,0.0002009,3.0
692571.0,0.0002009,2.0
692624.0,0.0002009,2.0
692646.0,0.0002009,1.0
692702.0,0.0002009,1.0
692711.0,0.0002009,1.0
692716.0,0.0002009,2.0
692725.0,0.0002009,3.0
692736.0,0.0002009,3.0
692738.0,0.0002009,1.0
692752.0,0.0002009,1.0
692753.0,0.0002009,2.0
692760.0,0.0002009,3.0
692761.0,0.0002009,1.0
692764.0,0.0002009,2.0
692772.0,0.0002009,1.0
692775.0,0.0002009,2.0
692777.0,0.0002009,3.0
692807.0,0.0002009,1.0
692812.0,0.0002009,1.0
692816.0,0.0002009,1.0
692818.0,0.0002009,3.0
692819.0,0.0002009,2.0
692820.0,0.0002009,2.0
692825.0,0.0002009,2.0
692826.0,0.0002009,1.0
692829.0,0.0002009,2.0
692861.0,0.0002009,3.0
692871.0,0.0002009,3.0
692875.0,0.0002009,1.0
692887.0,0.0002009,2.0
692892.0,0.0002009,4.0
692915.0,0.0002009,2.0
692945.0,0.0002009,1.0
692949.0,0.0002009,3.0
692978.0,0.0002009,3.0
693019.0,0.0002009,2.0
693027.0,0.0002009,2.0
693048.0,0.0002009,3.0
693055.0,0.0002009,1.0
693063.0,0.0002009,3.0
693071.0,0.0002009,2.0
693085.0,0.0002009,1.0
693088.0,0.0002009,4.0
693089.0,0.0002009,1.0
693120.0,0.0002009,2.0
693142.0,0.0002009,3.0
693145.0,0.0002009,2.0
693162.0,0.0002009,2.0
693170.0,0.0002009,1.0
693198.0,0.0002009,1.0
693205.0,0.0002009,3.0
693213.0,0.0002009,3.0
693246.0,0.0002009,3.0
693250.0,0.0002009,1.0
693251.0,0.0002009,3.0
693252.0,0.0002009,3.0
693254.0,0.0002009,3.0
693271.0,0.0002009,2.0
693290.0,0.0002009,2.0
693300.0,0.0002009,3.0
693302.0,0.0002009,2.0
693305.0,0.0002009,1.0
693314.0,0.0002009,2.0
693332.0,0.0002009,1.0
693340.0,0.0002009,2.0
693341.0,0.0002009,3.0
693345.0,0.0002009,1.0
693363.0,0.0002009,3.0
693376.0,0.0002009,2.0
693381.0,0.0002009,2.0
693401.0,0.0002009,1.0
693411.0,0.0002009,2.0
693414.0,0.0002009,3.0
693454.0,0.0002009,3.0
693457.0,0.0002009,1.0
693461.0,0.0002009,2.0
693492.0,0.0002009,3.0
693493.0,0.0002009,3.0
693495.0,0.0002009,2.0
693508.0,0.0002009,1.0
693514.0,0.0002009,3.0
693517.0,0.0002009,4.0
693529.0,0.0002009,2.0
693530.0,0.0002009,4.0
693544.0,0.0002009,1.0
693550.0,0.0002009,4.0
693552.0,0.0002009,1.0
693568.0,0.0002009,3.0
693577.0,0.0002009,1.0
693588.0,0.0002009,1.0
693615.0,0.0002009,1.0
693619.0,0.0002009,2.0
693644.0,0.0002009,4.0
693649.0,0.0002009,1.0
693653.0,0.0002009,2.0
693671.0,0.0002009,1.0
693681.0,0.0002009,1.0
693682.0,0.0002009,4.0
693696.0,0.0002009,1.0
693711.0,0.0002009,3.0
693717.0,0.0002009,2.0
693736.0,0.0002009,1.0
693741.0,0.0002009,1.0
693771.0,0.0002009,1.0
693775.0,0.0002009,4.0
693777.0,0.0002009,2.0
693780.0,0.0002009,1.0
693800.0,0.0002009,1.0
693813.0,0.0002009,3.0
693818.0,0.0002009,4.0
693847.0,0.0002009,1.0
693851.0,0.0002009,1.0
693853.0,0.0002009,1.0
693857.0,0.0002009,2.0
693886.0,0.0002009,2.0
693889.0,0.0002009,2.0
693936.0,0.0002009,3.0
693937.0,0.0002009,1.0
693944.0,0.0002009,1.0
693972.0,0.0002009,3.0
693977.0,0.0002009,2.0
693982.0,0.0002009,1.0
693984.0,0.0002009,4.0
693996.0,0.0002009,4.0
694004.0,0.0002009,3.0
694015.0,0.0002009,2.0
694023.0,0.0002009,2.0
694025.0,0.0002009,3.0
694028.0,0.0002009,4.0
694034.0,0.0002009,1.0
694038.0,0.0002009,1.0
694043.0,0.0002009,1.0
694045.0,0.0002009,3.0
694046.0,0.0002009,1.0
694050.0,0.0002009,1.0
694054.0,0.0002009,1.0
694059.0,0.0002009,1.0
694096.0,0.0002009,2.0
694103.0,0.0002009,4.0
694135.0,0.0002009,4.0
694138.0,0.0002009,2.0
694165.0,0.0002009,3.0
694171.0,0.0002009,3.0
694179.0,0.0002009,1.0
694184.0,0.0002009,2.0
694203.0,0.0002009,3.0
694211.0,0.0002009,1.0
694233.0,0.0002009,1.0
694234.0,0.0002009,1.0
694237.0,0.0002009,4.0
694251.0,0.0002009,3.0
694253.0,0.0002009,2.0
694262.0,0.0002009,3.0
694264.0,0.0002009,4.0
694274.0,0.0002009,3.0
694281.0,0.0002009,3.0
694285.0,0.0002009,2.0
694294.0,0.0002009,2.0
694308.0,0.0002009,3.0
694343.0,0.0002009,2.0
694344.0,0.0002009,4.0
694345.0,0.0002009,2.0
694348.0,0.0002009,3.0
694352.0,0.0002009,4.0
694358.0,0.0002009,1.0
694362.0,0.0002009,3.0
694364.0,0.0002009,4.0
694407.0,0.0002009,3.0
694408.0,0.0002009,3.0
694426.0,0.0002009,2.0
694432.0,0.0002009,1.0
694433.0,0.0002009,1.0
694437.0,0.0002009,2.0
694450.0,0.0002009,1.0
694461.0,0.0002009,1.0
694476.0,0.0002009,2.0
694480.0,0.0002009,2.0
694499.0,0.0002009,1.0
694508.0,0.0002009,2.0
694518.0,0.0002009,3.0
694521.0,0.0002009,2.0
694543.0,0.0002009,2.0
694546.0,0.0002009,1.0
694554.0,0.0002009,1.0
694570.0,0.0002009,1.0
694615.0,0.0002009,2.0
694640.0,0.0002009,2.0
694654.0,0.0002009,2.0
694691.0,0.0002009,4.0
694701.0,0.0002009,1.0
694702.0,0.0002009,1.0
694721.0,0.0002009,1.0
694737.0,0.0002009,3.0
694739.0,0.0002009,3.0
694741.0,0.0002009,1.0
694780.0,0.0002009,2.0
694802.0,0.0002009,3.0
694822.0,0.0002009,1.0
694823.0,0.0002009,2.0
694834.0,0.0002009,1.0
694839.0,0.0002009,2.0
694841.0,0.0002009,1.0
694866.0,0.0002009,3.0
694867.0,0.0002009,1.0
694876.0,0.0002009,1.0
694890.0,0.0002009,2.0
694909.0,0.0002009,2.0
694917.0,0.0002009,3.0
694929.0,0.0002009,1.0
694936.0,0.0002009,2.0
694966.0,0.0002009,3.0
694975.0,0.0002009,4.0
694976.0,0.0002009,1.0
694990.0,0.0002009,3.0
695005.0,0.0002009,3.0
695022.0,0.0002009,3.0
695030.0,0.0002009,2.0
695043.0,0.0002009,3.0
695044.0,0.0002009,1.0
695050.0,0.0002009,2.0
695051.0,0.0002009,3.0
695059.0,0.0002009,2.0
695060.0,0.0002009,2.0
695068.0,0.0002009,2.0
695069.0,0.0002009,2.0
695074.0,0.0002009,4.0
695105.0,0.0002009,2.0
695114.0,0.0002009,1.0
695146.0,0.0002009,3.0
695223.0,0.0002009,1.0
695247.0,0.0002009,1.0
695253.0,0.0002009,4.0
695278.0,0.0002009,2.0
695304.0,0.0002009,1.0
695306.0,0.0002009,2.0
695314.0,0.0002009,2.0
695318.0,0.0002009,2.0
695338.0,0.0002009,1.0
695357.0,0.0002009,3.0
695390.0,0.0002009,3.0
695401.0,0.0002009,3.0
695407.0,0.0002009,3.0
695417.0,0.0002009,1.0
695419.0,0.0002009,2.0
695429.0,0.0002009,2.0
695437.0,0.0002009,3.0
695456.0,0.0002009,1.0
695465.0,0.0002009,3.0
695474.0,0.0002009,3.0
695488.0,0.0002009,2.0
695503.0,0.0002009,3.0
695521.0,0.0002009,2.0
695534.0,0.0002009,3.0
695543.0,0.0002009,3.0
695548.0,0.0002009,4.0
695555.0,0.0002009,4.0
695558.0,0.0002009,1.0
695564.0,0.0002009,1.0
695573.0,0.0002009,1.0
695574.0,0.0002009,2.0
695593.0,0.0002009,1.0
695596.0,0.0002009,3.0
695610.0,0.0002009,3.0
695615.0,0.0002009,2.0
695626.0,0.0002009,2.0
695636.0,0.0002009,2.0
695639.0,0.0002009,3.0
695642.0,0.0002009,1.0
695652.0,0.0002009,2.0
695660.0,0.0002009,3.0
695663.0,0.0002009,1.0
695672.0,0.0002009,1.0
695698.0,0.0002009,2.0
695708.0,0.0002009,1.0
695747.0,0.0002009,1.0
695749.0,0.0002009,2.0
695773.0,0.0002009,3.0
695803.0,0.0002009,2.0
695805.0,0.0002009,2.0
695815.0,0.0002009,4.0
695844.0,0.0002009,1.0
695848.0,0.0002009,1.0
695856.0,0.0002009,3.0
695867.0,0.0002009,1.0
695874.0,0.0002009,1.0
695893.0,0.0002009,1.0
695895.0,0.0002009,2.0
695945.0,0.0002009,3.0
695950.0,0.0002009,4.0
695960.0,0.0002009,1.0
695965.0,0.0002009,2.0
695969.0,0.0002009,2.0
695989.0,0.0002009,3.0
695999.0,0.0002009,1.0
696009.0,0.0002009,2.0
696012.0,0.0002009,1.0
696013.0,0.0002009,1.0
696046.0,0.0002009,3.0
696050.0,0.0002009,1.0
696057.0,0.0002009,2.0
696062.0,0.0002009,2.0
696076.0,0.0002009,1.0
696095.0,0.0002009,3.0
696101.0,0.0002009,2.0
696118.0,0.0002009,2.0
696131.0,0.0002009,2.0
696162.0,0.0002009,1.0
696172.0,0.0002009,2.0
696177.0,0.0002009,1.0
696179.0,0.0002009,1.0
696180.0,0.0002009,3.0
696199.0,0.0002009,1.0
696205.0,0.0002009,2.0
696215.0,0.0002009,1.0
696224.0,0.0002009,2.0
696227.0,0.0002009,3.0
696248.0,0.0002009,2.0
696266.0,0.0002009,3.0
696295.0,0.0002009,4.0
696322.0,0.0002009,4.0
696326.0,0.0002009,4.0
696333.0,0.0002009,1.0
696334.0,0.0002009,2.0
696337.0,0.0002009,3.0
696347.0,0.0002009,1.0
696388.0,0.0002009,2.0
696392.0,0.0002009,2.0
696398.0,0.0002009,1.0
696410.0,0.0002009,2.0
696436.0,0.0002009,3.0
696437.0,0.0002009,1.0
696446.0,0.0002009,2.0
696450.0,0.0002009,2.0
696456.0,0.0002009,1.0
696483.0,0.0002009,4.0
696517.0,0.0002009,2.0
696520.0,0.0002009,3.0
696525.0,0.0002009,2.0
696540.0,0.0002009,3.0
696592.0,0.0002009,2.0
696602.0,0.0002009,2.0
696604.0,0.0002009,2.0
696632.0,0.0002009,1.0
696634.0,0.0002009,1.0
696636.0,0.0002009,1.0
696648.0,0.0002009,2.0
696654.0,0.0002009,1.0
696707.0,0.0002009,1.0
696747.0,0.0002009,2.0
696748.0,0.0002009,1.0
696761.0,0.0002009,2.0
696790.0,0.0002009,2.0
696793.0,0.0002009,1.0
696813.0,0.0002009,2.0
696814.0,0.0002009,2.0
696820.0,0.0002009,2.0
696834.0,0.0002009,1.0
696840.0,0.0002009,3.0
696859.0,0.0002009,3.0
696860.0,0.0002009,3.0
696909.0,0.0002009,1.0
696913.0,0.0002009,2.0
696949.0,0.0002009,1.0
696953.0,0.0002009,2.0
696969.0,0.0002009,3.0
696974.0,0.0002009,1.0
696986.0,0.0002009,3.0
696994.0,0.0002009,1.0
697050.0,0.0002009,3.0
697083.0,0.0002009,2.0
697126.0,0.0002009,3.0
697150.0,0.0002009,2.0
697177.0,0.0002009,3.0
697187.0,0.0002009,3.0
697189.0,0.0002009,2.0
697197.0,0.0002009,1.0
697210.0,0.0002009,2.0
697219.0,0.0002009,1.0
697221.0,0.0002009,1.0
697226.0,0.0002009,2.0
697253.0,0.0002009,1.0
697264.0,0.0002009,2.0
697276.0,0.0002009,1.0
697286.0,0.0002009,3.0
697298.0,0.0002009,2.0
697300.0,0.0002009,2.0
697308.0,0.0002009,4.0
697324.0,0.0002009,2.0
697341.0,0.0002009,2.0
697356.0,0.0002009,4.0
697366.0,0.0002009,2.0
697369.0,0.0002009,3.0
697390.0,0.0002009,1.0
697406.0,0.0002009,3.0
697415.0,0.0002009,3.0
697437.0,0.0002009,2.0
697453.0,0.0002009,2.0
697471.0,0.0002009,3.0
697487.0,0.0002009,2.0
697514.0,0.0002009,1.0
697517.0,0.0002009,1.0
697520.0,0.0002009,3.0
697525.0,0.0002009,3.0
697535.0,0.0002009,4.0
697536.0,0.0002009,1.0
697538.0,0.0002009,1.0
697563.0,0.0002009,2.0
697565.0,0.0002009,2.0
697590.0,0.0002009,2.0
697612.0,0.0002009,2.0
697616.0,0.0002009,3.0
697622.0,0.0002009,1.0
697636.0,0.0002009,3.0
697642.0,0.0002009,1.0
697659.0,0.0002009,3.0
697667.0,0.0002009,1.0
697694.0,0.0002009,3.0
697699.0,0.0002009,4.0
697701.0,0.0002009,4.0
697706.0,0.0002009,3.0
697710.0,0.0002009,2.0
697711.0,0.0002009,4.0
697714.0,0.0002009,2.0
697721.0,0.0002009,4.0
697728.0,0.0002009,2.0
697761.0,0.0002009,3.0
697765.0,0.0002009,3.0
697773.0,0.0002009,2.0
697778.0,0.0002009,2.0
697817.0,0.0002009,3.0
697819.0,0.0002009,2.0
697820.0,0.0002009,1.0
697829.0,0.0002009,4.0
697834.0,0.0002009,2.0
697847.0,0.0002009,3.0
697859.0,0.0002009,2.0
697877.0,0.0002009,4.0
697879.0,0.0002009,1.0
697881.0,0.0002009,2.0
697903.0,0.0002009,2.0
697927.0,0.0002009,1.0
697941.0,0.0002009,4.0
697943.0,0.0002009,2.0
697944.0,0.0002009,1.0
697947.0,0.0002009,1.0
697957.0,0.0002009,2.0
697966.0,0.0002009,2.0
697990.0,0.0002009,2.0
698026.0,0.0002009,2.0
698041.0,0.0002009,2.0
698055.0,0.0002009,3.0
698058.0,0.0002009,1.0
698062.0,0.0002009,2.0
698076.0,0.0002009,1.0
698086.0,0.0002009,3.0
698105.0,0.0002009,3.0
698113.0,0.0002009,3.0
698117.0,0.0002009,2.0
698144.0,0.0002009,1.0
698146.0,0.0002009,4.0
698163.0,0.0002009,1.0
698171.0,0.0002009,3.0
698188.0,0.0002009,3.0
698189.0,0.0002009,2.0
698196.0,0.0002009,1.0
698205.0,0.0002009,2.0
698207.0,0.0002009,2.0
698223.0,0.0002009,2.0
698230.0,0.0002009,2.0
698233.0,0.0002009,3.0
698234.0,0.0002009,1.0
698245.0,0.0002009,2.0
698247.0,0.0002009,2.0
698264.0,0.0002009,1.0
698276.0,0.0002009,3.0
698305.0,0.0002009,3.0
698307.0,0.0002009,4.0
698352.0,0.0002009,3.0
698356.0,0.0002009,4.0
698359.0,0.0002009,1.0
698366.0,0.0002009,1.0
698388.0,0.0002009,2.0
698413.0,0.0002009,1.0
698430.0,0.0002009,1.0
698436.0,0.0002009,1.0
698453.0,0.0002009,4.0
698469.0,0.0002009,3.0
698475.0,0.0002009,2.0
698499.0,0.0002009,2.0
698513.0,0.0002009,2.0
698546.0,0.0002009,1.0
698565.0,0.0002009,2.0
698570.0,0.0002009,1.0
698621.0,0.0002009,2.0
698623.0,0.0002009,2.0
698636.0,0.0002009,1.0
698678.0,0.0002009,4.0
698691.0,0.0002009,3.0
698718.0,0.0002009,3.0
698725.0,0.0002009,3.0
698734.0,0.0002009,1.0
698752.0,0.0002009,3.0
698769.0,0.0002009,3.0
698777.0,0.0002009,1.0
698787.0,0.0002009,1.0
698795.0,0.0002009,2.0
698796.0,0.0002009,3.0
698805.0,0.0002009,1.0
698814.0,0.0002009,3.0
698820.0,0.0002009,2.0
698825.0,0.0002009,1.0
698835.0,0.0002009,1.0
698841.0,0.0002009,3.0
698857.0,0.0002009,2.0
698869.0,0.0002009,2.0
698872.0,0.0002009,1.0
698879.0,0.0002009,1.0
698885.0,0.0002009,2.0
698897.0,0.0002009,3.0
698930.0,0.0002009,3.0
698936.0,0.0002009,3.0
698964.0,0.0002009,1.0
698972.0,0.0002009,3.0
698986.0,0.0002009,2.0
699015.0,0.0002009,3.0
699017.0,0.0002009,2.0
699020.0,0.0002009,1.0
699029.0,0.0002009,2.0
699043.0,0.0002009,3.0
699050.0,0.0002009,3.0
699054.0,0.0002009,1.0
699059.0,0.0002009,2.0
699068.0,0.0002009,1.0
699085.0,0.0002009,3.0
699096.0,0.0002009,4.0
699120.0,0.0002009,1.0
699130.0,0.0002009,2.0
699151.0,0.0002009,3.0
699169.0,0.0002009,1.0
699189.0,0.0002009,2.0
699190.0,0.0002009,2.0
699206.0,0.0002009,3.0
699215.0,0.0002009,1.0
699220.0,0.0002009,1.0
699233.0,0.0002009,2.0
699250.0,0.0002009,1.0
699270.0,0.0002009,2.0
699295.0,0.0002009,3.0
699318.0,0.0002009,1.0
699320.0,0.0002009,3.0
699321.0,0.0002009,3.0
699341.0,0.0002009,1.0
699358.0,0.0002009,1.0
699363.0,0.0002009,2.0
699381.0,0.0002009,3.0
699385.0,0.0002009,1.0
699387.0,0.0002009,1.0
699408.0,0.0002009,2.0
699440.0,0.0002009,2.0
699447.0,0.0002009,4.0
699494.0,0.0002009,1.0
699510.0,0.0002009,3.0
699527.0,0.0002009,1.0
699549.0,0.0002009,3.0
699556.0,0.0002009,1.0
699566.0,0.0002009,1.0
699586.0,0.0002009,2.0
699591.0,0.0002009,1.0
699597.0,0.0002009,1.0
699622.0,0.0002009,4.0
699626.0,0.0002009,4.0
699628.0,0.0002009,2.0
699642.0,0.0002009,2.0
699658.0,0.0002009,3.0
699661.0,0.0002009,2.0
699681.0,0.0002009,2.0
699684.0,0.0002009,2.0
699693.0,0.0002009,2.0
699723.0,0.0002009,2.0
699747.0,0.0002009,2.0
699775.0,0.0002009,1.0
699806.0,0.0002009,2.0
699826.0,0.0002009,1.0
699829.0,0.0002009,2.0
699841.0,0.0002009,3.0
699857.0,0.0002009,3.0
699858.0,0.0002009,1.0
699891.0,0.0002009,4.0
699917.0,0.0002009,2.0
699929.0,0.0002009,3.0
699944.0,0.0002009,2.0
699961.0,0.0002009,1.0
699981.0,0.0002009,3.0
690063.0,0.0002009,2.0
690400.0,0.0002009,1.0
690884.0,0.0002009,1.0
691108.0,0.0002009,3.0
691512.0,0.0002009,2.0
691741.0,0.0002009,1.0
692634.0,0.0002009,1.0
693093.0,0.0002009,2.0
693108.0,0.0002009,1.0
693110.0,0.0002009,2.0
693147.0,0.0002009,1.0
693203.0,0.0002009,1.0
693512.0,0.0002009,2.0
693566.0,0.0002009,1.0
694001.0,0.0002009,1.0
694430.0,0.0002009,2.0
695159.0,0.0002009,2.0
695191.0,0.0002009,2.0
695204.0,0.0002009,1.0
695328.0,0.0002009,1.0
695353.0,0.0002009,2.0
695446.0,0.0002009,3.0
695549.0,0.0002009,3.0
695608.0,0.0002009,1.0
695756.0,0.0002009,3.0
695814.0,0.0002009,1.0
696059.0,0.0002009,2.0
696344.0,0.0002009,2.0
696465.0,0.0002009,1.0
696556.0,0.0002009,3.0
696590.0,0.0002009,2.0
697434.0,0.0002009,2.0
697840.0,0.0002009,1.0
699009.0,0.0002009,3.0
699082.0,0.0002009,1.0
699133.0,0.0002009,1.0
699177.0,0.0002009,2.0
699298.0,0.0002009,3.0
699434.0,0.0002009,3.0
699477.0,0.0002009,2.0
699754.0,0.0002009,1.0
699828.0,0.0002009,2.0
690681.0,0.0002009,1.0
691046.0,0.0002009,1.0
691494.0,0.0002009,2.0
693218.0,0.0002009,1.0
694192.0,0.0002009,2.0
696270.0,0.0002009,2.0
697273.0,0.0002009,2.0
697917.0,0.0002009,1.0
699185.0,0.0002009,1.0
692894.0,0.0002009,1.0
695451.0,0.0002009,1.0
697752.0,0.0002009,1.0
700004.0,0.0002154,1.0
700024.0,0.0002154,3.0
700032.0,0.0002154,2.0
700036.0,0.0002154,3.0
700040.0,0.0002154,2.0
700053.0,0.0002154,1.0
700062.0,0.0002154,1.0
700064.0,0.0002154,5.0
700070.0,0.0002154,3.0
700081.0,0.0002154,1.0
700085.0,0.0002154,3.0
700106.0,0.0002154,4.0
700107.0,0.0002154,2.0
700109.0,0.0002154,2.0
700120.0,0.0002154,1.0
700123.0,0.0002154,3.0
700136.0,0.0002154,1.0
700199.0,0.0002154,2.0
700204.0,0.0002154,1.0
700209.0,0.0002154,1.0
700235.0,0.0002154,3.0
700238.0,0.0002154,2.0
700244.0,0.0002154,1.0
700250.0,0.0002154,3.0
700268.0,0.0002154,1.0
700291.0,0.0002154,3.0
700328.0,0.0002154,1.0
700344.0,0.0002154,1.0
700346.0,0.0002154,1.0
700349.0,0.0002154,1.0
700373.0,0.0002154,3.0
700381.0,0.0002154,2.0
700388.0,0.0002154,3.0
700389.0,0.0002154,4.0
700400.0,0.0002154,1.0
700402.0,0.0002154,2.0
700425.0,0.0002154,1.0
700441.0,0.0002154,1.0
700452.0,0.0002154,1.0
700461.0,0.0002154,3.0
700474.0,0.0002154,3.0
700508.0,0.0002154,4.0
700551.0,0.0002154,3.0
700554.0,0.0002154,5.0
700585.0,0.0002154,2.0
700592.0,0.0002154,3.0
700620.0,0.0002154,3.0
700653.0,0.0002154,1.0
700665.0,0.0002154,3.0
700673.0,0.0002154,1.0
700677.0,0.0002154,1.0
700680.0,0.0002154,2.0
700702.0,0.0002154,1.0
700705.0,0.0002154,1.0
700718.0,0.0002154,1.0
700725.0,0.0002154,3.0
700737.0,0.0002154,4.0
700741.0,0.0002154,1.0
700754.0,0.0002154,5.0
700756.0,0.0002154,1.0
700783.0,0.0002154,2.0
700788.0,0.0002154,2.0
700790.0,0.0002154,1.0
700796.0,0.0002154,1.0
700836.0,0.0002154,1.0
700837.0,0.0002154,3.0
700841.0,0.0002154,4.0
700846.0,0.0002154,4.0
700849.0,0.0002154,1.0
700876.0,0.0002154,1.0
700904.0,0.0002154,1.0
700913.0,0.0002154,2.0
700914.0,0.0002154,3.0
700973.0,0.0002154,2.0
700982.0,0.0002154,4.0
700997.0,0.0002154,3.0
700998.0,0.0002154,1.0
700999.0,0.0002154,1.0
701000.0,0.0002154,3.0
701031.0,0.0002154,1.0
701078.0,0.0002154,5.0
701099.0,0.0002154,4.0
701106.0,0.0002154,1.0
701118.0,0.0002154,2.0
701122.0,0.0002154,1.0
701124.0,0.0002154,3.0
701147.0,0.0002154,2.0
701151.0,0.0002154,1.0
701156.0,0.0002154,3.0
701179.0,0.0002154,2.0
701202.0,0.0002154,3.0
701212.0,0.0002154,3.0
701216.0,0.0002154,1.0
701238.0,0.0002154,2.0
701247.0,0.0002154,1.0
701266.0,0.0002154,3.0
701282.0,0.0002154,3.0
701288.0,0.0002154,1.0
701316.0,0.0002154,3.0
701317.0,0.0002154,1.0
701320.0,0.0002154,1.0
701325.0,0.0002154,1.0
701341.0,0.0002154,3.0
701350.0,0.0002154,1.0
701396.0,0.0002154,3.0
701432.0,0.0002154,1.0
701436.0,0.0002154,1.0
701439.0,0.0002154,1.0
701453.0,0.0002154,1.0
701458.0,0.0002154,2.0
701486.0,0.0002154,2.0
701534.0,0.0002154,1.0
701535.0,0.0002154,1.0
701537.0,0.0002154,3.0
701563.0,0.0002154,4.0
701566.0,0.0002154,1.0
701572.0,0.0002154,4.0
701576.0,0.0002154,5.0
701580.0,0.0002154,2.0
701581.0,0.0002154,1.0
701589.0,0.0002154,1.0
701600.0,0.0002154,4.0
701603.0,0.0002154,3.0
701609.0,0.0002154,1.0
701611.0,0.0002154,1.0
701645.0,0.0002154,2.0
701679.0,0.0002154,1.0
701684.0,0.0002154,1.0
701695.0,0.0002154,4.0
701713.0,0.0002154,1.0
701715.0,0.0002154,1.0
701721.0,0.0002154,1.0
701730.0,0.0002154,3.0
701741.0,0.0002154,1.0
701759.0,0.0002154,1.0
701777.0,0.0002154,4.0
701781.0,0.0002154,1.0
701790.0,0.0002154,3.0
701824.0,0.0002154,2.0
701826.0,0.0002154,4.0
701905.0,0.0002154,1.0
701906.0,0.0002154,1.0
701907.0,0.0002154,1.0
701938.0,0.0002154,3.0
701964.0,0.0002154,3.0
701972.0,0.0002154,1.0
701976.0,0.0002154,1.0
701982.0,0.0002154,1.0
701986.0,0.0002154,2.0
702015.0,0.0002154,1.0
702026.0,0.0002154,3.0
702043.0,0.0002154,5.0
702047.0,0.0002154,4.0
702062.0,0.0002154,1.0
702078.0,0.0002154,1.0
702087.0,0.0002154,3.0
702089.0,0.0002154,1.0
702094.0,0.0002154,1.0
702150.0,0.0002154,4.0
702156.0,0.0002154,1.0
702173.0,0.0002154,2.0
702192.0,0.0002154,1.0
702202.0,0.0002154,1.0
702206.0,0.0002154,1.0
702210.0,0.0002154,2.0
702239.0,0.0002154,3.0
702264.0,0.0002154,2.0
702271.0,0.0002154,3.0
702273.0,0.0002154,5.0
702303.0,0.0002154,3.0
702324.0,0.0002154,1.0
702339.0,0.0002154,3.0
702340.0,0.0002154,2.0
702354.0,0.0002154,3.0
702358.0,0.0002154,2.0
702368.0,0.0002154,4.0
702372.0,0.0002154,1.0
702389.0,0.0002154,3.0
702393.0,0.0002154,1.0
702397.0,0.0002154,2.0
702403.0,0.0002154,1.0
702409.0,0.0002154,1.0
702413.0,0.0002154,4.0
702414.0,0.0002154,1.0
702424.0,0.0002154,2.0
702438.0,0.0002154,1.0
702453.0,0.0002154,1.0
702461.0,0.0002154,3.0
702483.0,0.0002154,1.0
702503.0,0.0002154,2.0
702511.0,0.0002154,3.0
702568.0,0.0002154,3.0
702571.0,0.0002154,2.0
702624.0,0.0002154,2.0
702633.0,0.0002154,5.0
702634.0,0.0002154,1.0
702646.0,0.0002154,1.0
702716.0,0.0002154,2.0
702725.0,0.0002154,3.0
702736.0,0.0002154,3.0
702738.0,0.0002154,1.0
702753.0,0.0002154,1.0
702760.0,0.0002154,5.0
702761.0,0.0002154,1.0
702764.0,0.0002154,3.0
702772.0,0.0002154,1.0
702775.0,0.0002154,1.0
702777.0,0.0002154,3.0
702807.0,0.0002154,1.0
702816.0,0.0002154,1.0
702818.0,0.0002154,3.0
702820.0,0.0002154,1.0
702825.0,0.0002154,2.0
702826.0,0.0002154,1.0
702829.0,0.0002154,1.0
702830.0,0.0002154,1.0
702837.0,0.0002154,3.0
702861.0,0.0002154,3.0
702872.0,0.0002154,3.0
702887.0,0.0002154,1.0
702892.0,0.0002154,5.0
702915.0,0.0002154,3.0
702949.0,0.0002154,2.0
702978.0,0.0002154,4.0
702989.0,0.0002154,1.0
703019.0,0.0002154,3.0
703027.0,0.0002154,1.0
703048.0,0.0002154,2.0
703063.0,0.0002154,3.0
703093.0,0.0002154,2.0
703120.0,0.0002154,2.0
703142.0,0.0002154,5.0
703145.0,0.0002154,2.0
703147.0,0.0002154,1.0
703162.0,0.0002154,2.0
703170.0,0.0002154,1.0
703197.0,0.0002154,3.0
703198.0,0.0002154,1.0
703203.0,0.0002154,1.0
703205.0,0.0002154,3.0
703213.0,0.0002154,4.0
703246.0,0.0002154,2.0
703251.0,0.0002154,3.0
703252.0,0.0002154,4.0
703254.0,0.0002154,3.0
703271.0,0.0002154,2.0
703290.0,0.0002154,2.0
703300.0,0.0002154,3.0
703302.0,0.0002154,2.0
703314.0,0.0002154,3.0
703340.0,0.0002154,1.0
703341.0,0.0002154,3.0
703345.0,0.0002154,1.0
703363.0,0.0002154,3.0
703376.0,0.0002154,3.0
703381.0,0.0002154,1.0
703411.0,0.0002154,2.0
703414.0,0.0002154,3.0
703454.0,0.0002154,4.0
703457.0,0.0002154,1.0
703461.0,0.0002154,2.0
703492.0,0.0002154,3.0
703493.0,0.0002154,3.0
703495.0,0.0002154,3.0
703508.0,0.0002154,1.0
703512.0,0.0002154,1.0
703514.0,0.0002154,5.0
703517.0,0.0002154,4.0
703523.0,0.0002154,1.0
703529.0,0.0002154,3.0
703530.0,0.0002154,4.0
703544.0,0.0002154,2.0
703550.0,0.0002154,4.0
703552.0,0.0002154,1.0
703566.0,0.0002154,1.0
703568.0,0.0002154,4.0
703588.0,0.0002154,2.0
703615.0,0.0002154,1.0
703619.0,0.0002154,1.0
703644.0,0.0002154,3.0
703649.0,0.0002154,1.0
703653.0,0.0002154,2.0
703660.0,0.0002154,1.0
703671.0,0.0002154,1.0
703681.0,0.0002154,1.0
703682.0,0.0002154,4.0
703696.0,0.0002154,1.0
703711.0,0.0002154,4.0
703717.0,0.0002154,2.0
703736.0,0.0002154,1.0
703741.0,0.0002154,1.0
703775.0,0.0002154,4.0
703800.0,0.0002154,1.0
703813.0,0.0002154,2.0
703818.0,0.0002154,3.0
703847.0,0.0002154,1.0
703851.0,0.0002154,1.0
703857.0,0.0002154,3.0
703886.0,0.0002154,1.0
703889.0,0.0002154,2.0
703936.0,0.0002154,2.0
703937.0,0.0002154,1.0
703972.0,0.0002154,4.0
703984.0,0.0002154,2.0
703996.0,0.0002154,4.0
704001.0,0.0002154,1.0
704004.0,0.0002154,3.0
704015.0,0.0002154,2.0
704023.0,0.0002154,1.0
704025.0,0.0002154,2.0
704028.0,0.0002154,5.0
704034.0,0.0002154,2.0
704038.0,0.0002154,1.0
704043.0,0.0002154,2.0
704045.0,0.0002154,3.0
704046.0,0.0002154,1.0
704050.0,0.0002154,1.0
704054.0,0.0002154,1.0
704059.0,0.0002154,1.0
704096.0,0.0002154,2.0
704103.0,0.0002154,5.0
704135.0,0.0002154,4.0
704138.0,0.0002154,2.0
704165.0,0.0002154,5.0
704171.0,0.0002154,2.0
704179.0,0.0002154,1.0
704184.0,0.0002154,2.0
704203.0,0.0002154,3.0
704211.0,0.0002154,1.0
704251.0,0.0002154,3.0
704253.0,0.0002154,2.0
704255.0,0.0002154,1.0
704258.0,0.0002154,1.0
704262.0,0.0002154,3.0
704264.0,0.0002154,4.0
704274.0,0.0002154,3.0
704281.0,0.0002154,5.0
704285.0,0.0002154,3.0
704308.0,0.0002154,3.0
704337.0,0.0002154,1.0
704343.0,0.0002154,3.0
704344.0,0.0002154,3.0
704345.0,0.0002154,1.0
704348.0,0.0002154,4.0
704352.0,0.0002154,4.0
704362.0,0.0002154,3.0
704364.0,0.0002154,4.0
704407.0,0.0002154,2.0
704408.0,0.0002154,4.0
704426.0,0.0002154,1.0
704431.0,0.0002154,4.0
704432.0,0.0002154,2.0
704433.0,0.0002154,1.0
704437.0,0.0002154,1.0
704450.0,0.0002154,1.0
704461.0,0.0002154,1.0
704480.0,0.0002154,1.0
704508.0,0.0002154,1.0
704518.0,0.0002154,4.0
704521.0,0.0002154,1.0
704528.0,0.0002154,1.0
704543.0,0.0002154,1.0
704546.0,0.0002154,2.0
704549.0,0.0002154,1.0
704570.0,0.0002154,1.0
704603.0,0.0002154,2.0
704615.0,0.0002154,3.0
704640.0,0.0002154,4.0
704654.0,0.0002154,3.0
704691.0,0.0002154,4.0
704701.0,0.0002154,1.0
704702.0,0.0002154,1.0
704721.0,0.0002154,2.0
704737.0,0.0002154,4.0
704741.0,0.0002154,2.0
704784.0,0.0002154,1.0
704802.0,0.0002154,4.0
704822.0,0.0002154,2.0
704823.0,0.0002154,1.0
704834.0,0.0002154,1.0
704839.0,0.0002154,1.0
704841.0,0.0002154,1.0
704866.0,0.0002154,5.0
704876.0,0.0002154,1.0
704909.0,0.0002154,1.0
704929.0,0.0002154,1.0
704936.0,0.0002154,3.0
704966.0,0.0002154,4.0
704990.0,0.0002154,1.0
705005.0,0.0002154,2.0
705022.0,0.0002154,3.0
705043.0,0.0002154,2.0
705050.0,0.0002154,3.0
705051.0,0.0002154,3.0
705059.0,0.0002154,2.0
705060.0,0.0002154,1.0
705068.0,0.0002154,1.0
705069.0,0.0002154,1.0
705074.0,0.0002154,3.0
705105.0,0.0002154,1.0
705114.0,0.0002154,1.0
705146.0,0.0002154,3.0
705159.0,0.0002154,1.0
705191.0,0.0002154,2.0
705204.0,0.0002154,1.0
705223.0,0.0002154,1.0
705247.0,0.0002154,1.0
705253.0,0.0002154,3.0
705278.0,0.0002154,1.0
705287.0,0.0002154,1.0
705306.0,0.0002154,1.0
705314.0,0.0002154,2.0
705318.0,0.0002154,2.0
705328.0,0.0002154,1.0
705357.0,0.0002154,4.0
705390.0,0.0002154,4.0
705401.0,0.0002154,3.0
705407.0,0.0002154,5.0
705417.0,0.0002154,1.0
705419.0,0.0002154,1.0
705429.0,0.0002154,2.0
705437.0,0.0002154,3.0
705465.0,0.0002154,2.0
705474.0,0.0002154,4.0
705482.0,0.0002154,1.0
705488.0,0.0002154,3.0
705503.0,0.0002154,2.0
705521.0,0.0002154,2.0
705534.0,0.0002154,3.0
705543.0,0.0002154,3.0
705548.0,0.0002154,4.0
705555.0,0.0002154,4.0
705564.0,0.0002154,1.0
705573.0,0.0002154,1.0
705574.0,0.0002154,1.0
705593.0,0.0002154,1.0
705596.0,0.0002154,3.0
705608.0,0.0002154,1.0
705610.0,0.0002154,2.0
705615.0,0.0002154,2.0
705626.0,0.0002154,3.0
705636.0,0.0002154,1.0
705639.0,0.0002154,2.0
705652.0,0.0002154,3.0
705660.0,0.0002154,2.0
705698.0,0.0002154,1.0
705728.0,0.0002154,4.0
705747.0,0.0002154,4.0
705749.0,0.0002154,1.0
705756.0,0.0002154,3.0
705773.0,0.0002154,3.0
705803.0,0.0002154,3.0
705805.0,0.0002154,3.0
705814.0,0.0002154,1.0
705815.0,0.0002154,4.0
705818.0,0.0002154,4.0
705848.0,0.0002154,1.0
705856.0,0.0002154,3.0
705867.0,0.0002154,1.0
705874.0,0.0002154,1.0
705893.0,0.0002154,1.0
705936.0,0.0002154,1.0
705945.0,0.0002154,3.0
705965.0,0.0002154,1.0
705974.0,0.0002154,1.0
705989.0,0.0002154,2.0
705999.0,0.0002154,1.0
706009.0,0.0002154,2.0
706012.0,0.0002154,1.0
706013.0,0.0002154,1.0
706030.0,0.0002154,1.0
706046.0,0.0002154,4.0
706057.0,0.0002154,1.0
706062.0,0.0002154,2.0
706095.0,0.0002154,1.0
706101.0,0.0002154,2.0
706113.0,0.0002154,3.0
706125.0,0.0002154,2.0
706131.0,0.0002154,1.0
706162.0,0.0002154,1.0
706172.0,0.0002154,3.0
706179.0,0.0002154,1.0
706199.0,0.0002154,1.0
706205.0,0.0002154,1.0
706224.0,0.0002154,1.0
706227.0,0.0002154,2.0
706248.0,0.0002154,1.0
706266.0,0.0002154,2.0
706276.0,0.0002154,1.0
706295.0,0.0002154,3.0
706322.0,0.0002154,2.0
706326.0,0.0002154,3.0
706334.0,0.0002154,1.0
706337.0,0.0002154,5.0
706344.0,0.0002154,2.0
706353.0,0.0002154,1.0
706388.0,0.0002154,2.0
706392.0,0.0002154,1.0
706410.0,0.0002154,3.0
706436.0,0.0002154,2.0
706437.0,0.0002154,1.0
706446.0,0.0002154,2.0
706450.0,0.0002154,1.0
706465.0,0.0002154,1.0
706483.0,0.0002154,3.0
706506.0,0.0002154,1.0
706517.0,0.0002154,1.0
706520.0,0.0002154,3.0
706525.0,0.0002154,1.0
706540.0,0.0002154,1.0
706587.0,0.0002154,1.0
706590.0,0.0002154,2.0
706592.0,0.0002154,2.0
706602.0,0.0002154,1.0
706604.0,0.0002154,1.0
706632.0,0.0002154,1.0
706634.0,0.0002154,3.0
706636.0,0.0002154,1.0
706648.0,0.0002154,3.0
706747.0,0.0002154,1.0
706748.0,0.0002154,1.0
706761.0,0.0002154,1.0
706790.0,0.0002154,2.0
706794.0,0.0002154,1.0
706813.0,0.0002154,1.0
706820.0,0.0002154,3.0
706834.0,0.0002154,1.0
706840.0,0.0002154,4.0
706859.0,0.0002154,4.0
706860.0,0.0002154,3.0
706911.0,0.0002154,1.0
706953.0,0.0002154,1.0
706969.0,0.0002154,2.0
706974.0,0.0002154,1.0
706986.0,0.0002154,2.0
706994.0,0.0002154,1.0
707050.0,0.0002154,3.0
707083.0,0.0002154,3.0
707089.0,0.0002154,2.0
707126.0,0.0002154,3.0
707145.0,0.0002154,1.0
707177.0,0.0002154,3.0
707187.0,0.0002154,2.0
707197.0,0.0002154,1.0
707210.0,0.0002154,2.0
707219.0,0.0002154,1.0
707226.0,0.0002154,3.0
707253.0,0.0002154,1.0
707264.0,0.0002154,1.0
707276.0,0.0002154,1.0
707286.0,0.0002154,3.0
707298.0,0.0002154,3.0
707300.0,0.0002154,1.0
707308.0,0.0002154,4.0
707324.0,0.0002154,1.0
707341.0,0.0002154,3.0
707349.0,0.0002154,1.0
707356.0,0.0002154,3.0
707366.0,0.0002154,2.0
707369.0,0.0002154,3.0
707390.0,0.0002154,1.0
707406.0,0.0002154,2.0
707415.0,0.0002154,4.0
707434.0,0.0002154,1.0
707437.0,0.0002154,1.0
707453.0,0.0002154,3.0
707466.0,0.0002154,1.0
707469.0,0.0002154,1.0
707471.0,0.0002154,4.0
707487.0,0.0002154,2.0
707520.0,0.0002154,4.0
707525.0,0.0002154,4.0
707535.0,0.0002154,3.0
707538.0,0.0002154,1.0
707563.0,0.0002154,3.0
707565.0,0.0002154,1.0
707590.0,0.0002154,2.0
707612.0,0.0002154,3.0
707616.0,0.0002154,2.0
707622.0,0.0002154,1.0
707636.0,0.0002154,2.0
707642.0,0.0002154,1.0
707659.0,0.0002154,4.0
707667.0,0.0002154,1.0
707694.0,0.0002154,3.0
707699.0,0.0002154,3.0
707701.0,0.0002154,4.0
707706.0,0.0002154,4.0
707710.0,0.0002154,1.0
707711.0,0.0002154,4.0
707714.0,0.0002154,1.0
707721.0,0.0002154,3.0
707728.0,0.0002154,2.0
707761.0,0.0002154,3.0
707765.0,0.0002154,4.0
707773.0,0.0002154,1.0
707817.0,0.0002154,3.0
707819.0,0.0002154,2.0
707820.0,0.0002154,1.0
707829.0,0.0002154,3.0
707847.0,0.0002154,4.0
707859.0,0.0002154,1.0
707877.0,0.0002154,4.0
707881.0,0.0002154,1.0
707892.0,0.0002154,1.0
707903.0,0.0002154,1.0
707927.0,0.0002154,1.0
707941.0,0.0002154,4.0
707943.0,0.0002154,2.0
707944.0,0.0002154,1.0
707957.0,0.0002154,2.0
707966.0,0.0002154,1.0
707990.0,0.0002154,2.0
708025.0,0.0002154,1.0
708026.0,0.0002154,3.0
708031.0,0.0002154,2.0
708041.0,0.0002154,2.0
708055.0,0.0002154,2.0
708058.0,0.0002154,1.0
708062.0,0.0002154,1.0
708105.0,0.0002154,3.0
708113.0,0.0002154,4.0
708117.0,0.0002154,2.0
708144.0,0.0002154,1.0
708146.0,0.0002154,5.0
708163.0,0.0002154,1.0
708171.0,0.0002154,3.0
708188.0,0.0002154,3.0
708189.0,0.0002154,2.0
708196.0,0.0002154,1.0
708205.0,0.0002154,1.0
708207.0,0.0002154,2.0
708223.0,0.0002154,1.0
708230.0,0.0002154,1.0
708233.0,0.0002154,3.0
708245.0,0.0002154,1.0
708247.0,0.0002154,1.0
708254.0,0.0002154,1.0
708264.0,0.0002154,1.0
708305.0,0.0002154,3.0
708307.0,0.0002154,3.0
708352.0,0.0002154,4.0
708356.0,0.0002154,3.0
708366.0,0.0002154,1.0
708388.0,0.0002154,1.0
708430.0,0.0002154,1.0
708436.0,0.0002154,1.0
708453.0,0.0002154,2.0
708469.0,0.0002154,5.0
708473.0,0.0002154,2.0
708475.0,0.0002154,1.0
708499.0,0.0002154,3.0
708565.0,0.0002154,1.0
708570.0,0.0002154,2.0
708621.0,0.0002154,1.0
708623.0,0.0002154,1.0
708636.0,0.0002154,1.0
708678.0,0.0002154,4.0
708718.0,0.0002154,4.0
708725.0,0.0002154,2.0
708734.0,0.0002154,1.0
708752.0,0.0002154,3.0
708769.0,0.0002154,3.0
708783.0,0.0002154,3.0
708794.0,0.0002154,1.0
708796.0,0.0002154,4.0
708814.0,0.0002154,5.0
708820.0,0.0002154,2.0
708825.0,0.0002154,1.0
708835.0,0.0002154,1.0
708841.0,0.0002154,3.0
708857.0,0.0002154,2.0
708872.0,0.0002154,1.0
708879.0,0.0002154,1.0
708885.0,0.0002154,1.0
708897.0,0.0002154,3.0
708930.0,0.0002154,4.0
708936.0,0.0002154,4.0
708972.0,0.0002154,3.0
708986.0,0.0002154,1.0
709009.0,0.0002154,2.0
709014.0,0.0002154,1.0
709015.0,0.0002154,4.0
709017.0,0.0002154,1.0
709029.0,0.0002154,1.0
709043.0,0.0002154,2.0
709050.0,0.0002154,3.0
709054.0,0.0002154,2.0
709059.0,0.0002154,2.0
709082.0,0.0002154,1.0
709085.0,0.0002154,5.0
709096.0,0.0002154,5.0
709120.0,0.0002154,1.0
709130.0,0.0002154,1.0
709151.0,0.0002154,3.0
709169.0,0.0002154,1.0
709189.0,0.0002154,1.0
709190.0,0.0002154,1.0
709206.0,0.0002154,3.0
709218.0,0.0002154,1.0
709220.0,0.0002154,1.0
709233.0,0.0002154,1.0
709270.0,0.0002154,3.0
709295.0,0.0002154,4.0
709298.0,0.0002154,2.0
709318.0,0.0002154,1.0
709320.0,0.0002154,4.0
709341.0,0.0002154,1.0
709358.0,0.0002154,1.0
709363.0,0.0002154,1.0
709381.0,0.0002154,2.0
709387.0,0.0002154,1.0
709434.0,0.0002154,3.0
709440.0,0.0002154,3.0
709447.0,0.0002154,3.0
709477.0,0.0002154,1.0
709494.0,0.0002154,1.0
709510.0,0.0002154,2.0
709515.0,0.0002154,1.0
709527.0,0.0002154,1.0
709549.0,0.0002154,4.0
709556.0,0.0002154,1.0
709566.0,0.0002154,1.0
709591.0,0.0002154,2.0
709622.0,0.0002154,3.0
709626.0,0.0002154,3.0
709628.0,0.0002154,1.0
709642.0,0.0002154,1.0
709658.0,0.0002154,3.0
709681.0,0.0002154,2.0
709684.0,0.0002154,3.0
709693.0,0.0002154,2.0
709727.0,0.0002154,1.0
709747.0,0.0002154,2.0
709754.0,0.0002154,1.0
709775.0,0.0002154,1.0
709806.0,0.0002154,1.0
709828.0,0.0002154,2.0
709829.0,0.0002154,2.0
709841.0,0.0002154,4.0
709857.0,0.0002154,3.0
709891.0,0.0002154,2.0
709917.0,0.0002154,1.0
709929.0,0.0002154,3.0
709944.0,0.0002154,3.0
709961.0,0.0002154,1.0
709981.0,0.0002154,3.0
700383.0,0.0002154,2.0
700642.0,0.0002154,1.0
700681.0,0.0002154,2.0
700687.0,0.0002154,1.0
700870.0,0.0002154,2.0
701008.0,0.0002154,1.0
701041.0,0.0002154,1.0
701046.0,0.0002154,1.0
701048.0,0.0002154,1.0
701108.0,0.0002154,2.0
701200.0,0.0002154,2.0
701494.0,0.0002154,1.0
701585.0,0.0002154,2.0
701921.0,0.0002154,2.0
701997.0,0.0002154,2.0
702177.0,0.0002154,1.0
702318.0,0.0002154,2.0
702404.0,0.0002154,1.0
702557.0,0.0002154,2.0
702819.0,0.0002154,1.0
702871.0,0.0002154,1.0
702894.0,0.0002154,1.0
703055.0,0.0002154,1.0
703071.0,0.0002154,2.0
703088.0,0.0002154,1.0
703089.0,0.0002154,1.0
703110.0,0.0002154,1.0
703218.0,0.0002154,1.0
703577.0,0.0002154,1.0
703777.0,0.0002154,2.0
703809.0,0.0002154,1.0
704192.0,0.0002154,1.0
704237.0,0.0002154,2.0
704294.0,0.0002154,2.0
704455.0,0.0002154,1.0
704616.0,0.0002154,1.0
704780.0,0.0002154,2.0
705030.0,0.0002154,2.0
705044.0,0.0002154,1.0
705160.0,0.0002154,1.0
705344.0,0.0002154,1.0
705354.0,0.0002154,1.0
705446.0,0.0002154,2.0
705549.0,0.0002154,2.0
705642.0,0.0002154,1.0
705895.0,0.0002154,2.0
705950.0,0.0002154,2.0
705969.0,0.0002154,2.0
706270.0,0.0002154,1.0
706556.0,0.0002154,1.0
706913.0,0.0002154,2.0
707273.0,0.0002154,1.0
707322.0,0.0002154,1.0
707752.0,0.0002154,1.0
707778.0,0.0002154,1.0
707917.0,0.0002154,1.0
708086.0,0.0002154,2.0
708088.0,0.0002154,2.0
708259.0,0.0002154,1.0
708276.0,0.0002154,2.0
708462.0,0.0002154,1.0
708513.0,0.0002154,2.0
708535.0,0.0002154,1.0
708691.0,0.0002154,2.0
708795.0,0.0002154,2.0
708805.0,0.0002154,1.0
708869.0,0.0002154,2.0
709026.0,0.0002154,1.0
709185.0,0.0002154,1.0
709321.0,0.0002154,2.0
709408.0,0.0002154,1.0
709586.0,0.0002154,2.0
709661.0,0.0002154,1.0
709723.0,0.0002154,1.0
709919.0,0.0002154,2.0
710004.0,0.000231,2.0
710005.0,0.000231,3.0
710024.0,0.000231,5.0
710027.0,0.000231,2.0
710032.0,0.000231,3.0
710036.0,0.000231,3.0
710040.0,0.000231,3.0
710053.0,0.000231,1.0
710062.0,0.000231,1.0
710063.0,0.000231,2.0
710064.0,0.000231,3.0
710070.0,0.000231,4.0
710080.0,0.000231,2.0
710081.0,0.000231,1.0
710085.0,0.000231,4.0
710103.0,0.000231,1.0
710106.0,0.000231,3.0
710107.0,0.000231,3.0
710109.0,0.000231,5.0
710120.0,0.000231,3.0
710126.0,0.000231,3.0
710136.0,0.000231,2.0
710199.0,0.000231,2.0
710204.0,0.000231,1.0
710207.0,0.000231,2.0
710210.0,0.000231,3.0
710235.0,0.000231,3.0
710238.0,0.000231,3.0
710244.0,0.000231,2.0
710250.0,0.000231,3.0
710268.0,0.000231,2.0
710277.0,0.000231,2.0
710278.0,0.000231,2.0
710291.0,0.000231,3.0
710307.0,0.000231,3.0
710316.0,0.000231,2.0
710327.0,0.000231,2.0
710328.0,0.000231,2.0
710334.0,0.000231,2.0
710344.0,0.000231,2.0
710346.0,0.000231,3.0
710373.0,0.000231,3.0
710381.0,0.000231,2.0
710383.0,0.000231,3.0
710388.0,0.000231,3.0
710389.0,0.000231,3.0
710402.0,0.000231,3.0
710410.0,0.000231,1.0
710425.0,0.000231,2.0
710441.0,0.000231,2.0
710452.0,0.000231,1.0
710461.0,0.000231,4.0
710474.0,0.000231,4.0
710505.0,0.000231,3.0
710508.0,0.000231,7.0
710515.0,0.000231,2.0
710525.0,0.000231,2.0
710531.0,0.000231,1.0
710543.0,0.000231,2.0
710551.0,0.000231,5.0
710554.0,0.000231,4.0
710585.0,0.000231,4.0
710592.0,0.000231,4.0
710620.0,0.000231,3.0
710628.0,0.000231,2.0
710634.0,0.000231,2.0
710642.0,0.000231,2.0
710653.0,0.000231,1.0
710665.0,0.000231,3.0
710673.0,0.000231,1.0
710677.0,0.000231,1.0
710680.0,0.000231,3.0
710681.0,0.000231,3.0
710683.0,0.000231,2.0
710687.0,0.000231,3.0
710690.0,0.000231,2.0
710702.0,0.000231,2.0
710718.0,0.000231,1.0
710725.0,0.000231,4.0
710727.0,0.000231,2.0
710737.0,0.000231,3.0
710741.0,0.000231,1.0
710756.0,0.000231,2.0
710783.0,0.000231,3.0
710788.0,0.000231,3.0
710790.0,0.000231,2.0
710796.0,0.000231,1.0
710800.0,0.000231,2.0
710836.0,0.000231,1.0
710837.0,0.000231,3.0
710841.0,0.000231,3.0
710846.0,0.000231,3.0
710849.0,0.000231,1.0
710870.0,0.000231,2.0
710876.0,0.000231,2.0
710884.0,0.000231,2.0
710889.0,0.000231,2.0
710896.0,0.000231,3.0
710906.0,0.000231,2.0
710913.0,0.000231,3.0
710914.0,0.000231,3.0
710973.0,0.000231,3.0
710976.0,0.000231,2.0
710982.0,0.000231,6.0
710997.0,0.000231,5.0
710998.0,0.000231,3.0
710999.0,0.000231,1.0
711000.0,0.000231,3.0
711008.0,0.000231,3.0
711019.0,0.000231,1.0
711031.0,0.000231,1.0
711046.0,0.000231,3.0
711048.0,0.000231,2.0
711051.0,0.000231,1.0
711066.0,0.000231,1.0
711078.0,0.000231,5.0
711099.0,0.000231,3.0
711103.0,0.000231,2.0
711108.0,0.000231,3.0
711118.0,0.000231,3.0
711124.0,0.000231,3.0
711132.0,0.000231,1.0
711138.0,0.000231,2.0
711139.0,0.000231,2.0
711147.0,0.000231,3.0
711156.0,0.000231,3.0
711158.0,0.000231,2.0
711179.0,0.000231,4.0
711200.0,0.000231,3.0
711202.0,0.000231,3.0
711203.0,0.000231,2.0
711206.0,0.000231,3.0
711212.0,0.000231,4.0
711216.0,0.000231,2.0
711238.0,0.000231,2.0
711256.0,0.000231,3.0
711266.0,0.000231,3.0
711282.0,0.000231,3.0
711286.0,0.000231,2.0
711288.0,0.000231,2.0
711290.0,0.000231,2.0
711308.0,0.000231,3.0
711316.0,0.000231,2.0
711317.0,0.000231,1.0
711320.0,0.000231,1.0
711325.0,0.000231,1.0
711341.0,0.000231,3.0
711350.0,0.000231,3.0
711354.0,0.000231,2.0
711396.0,0.000231,3.0
711403.0,0.000231,3.0
711416.0,0.000231,3.0
711427.0,0.000231,2.0
711432.0,0.000231,1.0
711436.0,0.000231,2.0
711439.0,0.000231,2.0
711449.0,0.000231,1.0
711453.0,0.000231,2.0
711454.0,0.000231,2.0
711458.0,0.000231,3.0
711479.0,0.000231,5.0
711486.0,0.000231,2.0
711494.0,0.000231,3.0
711512.0,0.000231,2.0
711534.0,0.000231,1.0
711535.0,0.000231,2.0
711537.0,0.000231,3.0
711546.0,0.000231,2.0
711563.0,0.000231,4.0
711566.0,0.000231,1.0
711572.0,0.000231,4.0
711576.0,0.000231,5.0
711580.0,0.000231,6.0
711585.0,0.000231,3.0
711589.0,0.000231,3.0
711600.0,0.000231,4.0
711602.0,0.000231,2.0
711603.0,0.000231,3.0
711611.0,0.000231,2.0
711629.0,0.000231,3.0
711645.0,0.000231,4.0
711679.0,0.000231,3.0
711684.0,0.000231,2.0
711687.0,0.000231,3.0
711695.0,0.000231,4.0
711713.0,0.000231,2.0
711730.0,0.000231,4.0
711741.0,0.000231,2.0
711754.0,0.000231,2.0
711756.0,0.000231,3.0
711759.0,0.000231,1.0
711781.0,0.000231,2.0
711790.0,0.000231,4.0
711811.0,0.000231,2.0
711816.0,0.000231,2.0
711820.0,0.000231,2.0
711824.0,0.000231,5.0
711826.0,0.000231,2.0
711848.0,0.000231,2.0
711875.0,0.000231,1.0
711905.0,0.000231,2.0
711907.0,0.000231,2.0
711921.0,0.000231,3.0
711938.0,0.000231,3.0
711964.0,0.000231,3.0
711972.0,0.000231,2.0
711976.0,0.000231,1.0
711982.0,0.000231,2.0
711983.0,0.000231,2.0
711986.0,0.000231,3.0
711997.0,0.000231,3.0
712015.0,0.000231,3.0
712026.0,0.000231,3.0
712029.0,0.000231,3.0
712043.0,0.000231,4.0
712047.0,0.000231,3.0
712062.0,0.000231,1.0
712075.0,0.000231,3.0
712078.0,0.000231,2.0
712087.0,0.000231,3.0
712089.0,0.000231,2.0
712094.0,0.000231,2.0
712150.0,0.000231,5.0
712156.0,0.000231,2.0
712192.0,0.000231,2.0
712206.0,0.000231,1.0
712210.0,0.000231,3.0
712216.0,0.000231,3.0
712239.0,0.000231,3.0
712264.0,0.000231,3.0
712271.0,0.000231,3.0
712273.0,0.000231,5.0
712299.0,0.000231,3.0
712303.0,0.000231,5.0
712318.0,0.000231,4.0
712324.0,0.000231,2.0
712331.0,0.000231,3.0
712339.0,0.000231,3.0
712340.0,0.000231,3.0
712354.0,0.000231,3.0
712358.0,0.000231,3.0
712368.0,0.000231,3.0
712372.0,0.000231,1.0
712376.0,0.000231,2.0
712389.0,0.000231,4.0
712393.0,0.000231,1.0
712397.0,0.000231,3.0
712401.0,0.000231,2.0
712403.0,0.000231,2.0
712404.0,0.000231,3.0
712413.0,0.000231,3.0
712414.0,0.000231,2.0
712424.0,0.000231,3.0
712434.0,0.000231,3.0
712438.0,0.000231,2.0
712453.0,0.000231,1.0
712461.0,0.000231,3.0
712483.0,0.000231,2.0
712503.0,0.000231,5.0
712511.0,0.000231,4.0
712557.0,0.000231,4.0
712568.0,0.000231,4.0
712571.0,0.000231,3.0
712576.0,0.000231,2.0
712624.0,0.000231,2.0
712633.0,0.000231,3.0
712634.0,0.000231,3.0
712646.0,0.000231,1.0
712702.0,0.000231,2.0
712711.0,0.000231,1.0
712716.0,0.000231,3.0
712725.0,0.000231,3.0
712736.0,0.000231,3.0
712738.0,0.000231,1.0
712752.0,0.000231,1.0
712753.0,0.000231,2.0
712760.0,0.000231,6.0
712761.0,0.000231,1.0
712764.0,0.000231,3.0
712766.0,0.000231,2.0
712775.0,0.000231,2.0
712777.0,0.000231,3.0
712786.0,0.000231,2.0
712812.0,0.000231,1.0
712816.0,0.000231,1.0
712818.0,0.000231,5.0
712819.0,0.000231,3.0
712825.0,0.000231,3.0
712826.0,0.000231,3.0
712829.0,0.000231,1.0
712830.0,0.000231,2.0
712837.0,0.000231,4.0
712861.0,0.000231,3.0
712862.0,0.000231,2.0
712871.0,0.000231,3.0
712886.0,0.000231,2.0
712887.0,0.000231,2.0
712892.0,0.000231,4.0
712894.0,0.000231,2.0
712915.0,0.000231,3.0
712945.0,0.000231,3.0
712949.0,0.000231,3.0
712978.0,0.000231,4.0
712989.0,0.000231,1.0
713005.0,0.000231,3.0
713019.0,0.000231,5.0
713027.0,0.000231,3.0
713048.0,0.000231,3.0
713055.0,0.000231,3.0
713063.0,0.000231,4.0
713071.0,0.000231,3.0
713085.0,0.000231,1.0
713088.0,0.000231,3.0
713089.0,0.000231,2.0
713093.0,0.000231,2.0
713110.0,0.000231,2.0
713120.0,0.000231,3.0
713142.0,0.000231,5.0
713145.0,0.000231,3.0
713147.0,0.000231,2.0
713162.0,0.000231,3.0
713170.0,0.000231,1.0
713197.0,0.000231,4.0
713203.0,0.000231,2.0
713205.0,0.000231,3.0
713213.0,0.000231,3.0
713218.0,0.000231,3.0
713240.0,0.000231,2.0
713246.0,0.000231,3.0
713251.0,0.000231,3.0
713252.0,0.000231,4.0
713254.0,0.000231,5.0
713271.0,0.000231,3.0
713290.0,0.000231,2.0
713300.0,0.000231,3.0
713302.0,0.000231,5.0
713303.0,0.000231,2.0
713305.0,0.000231,2.0
713314.0,0.000231,3.0
713319.0,0.000231,1.0
713345.0,0.000231,2.0
713363.0,0.000231,3.0
713376.0,0.000231,3.0
713381.0,0.000231,2.0
713392.0,0.000231,2.0
713401.0,0.000231,1.0
713411.0,0.000231,3.0
713414.0,0.000231,3.0
713454.0,0.000231,4.0
713457.0,0.000231,1.0
713459.0,0.000231,2.0
713461.0,0.000231,3.0
713474.0,0.000231,2.0
713492.0,0.000231,3.0
713493.0,0.000231,3.0
713501.0,0.000231,2.0
713508.0,0.000231,1.0
713514.0,0.000231,4.0
713517.0,0.000231,4.0
713523.0,0.000231,1.0
713529.0,0.000231,5.0
713530.0,0.000231,3.0
713544.0,0.000231,3.0
713550.0,0.000231,4.0
713552.0,0.000231,1.0
713566.0,0.000231,2.0
713568.0,0.000231,4.0
713577.0,0.000231,2.0
713615.0,0.000231,2.0
713649.0,0.000231,1.0
713653.0,0.000231,2.0
713655.0,0.000231,3.0
713671.0,0.000231,3.0
713682.0,0.000231,4.0
713696.0,0.000231,1.0
713711.0,0.000231,4.0
713717.0,0.000231,3.0
713736.0,0.000231,2.0
713741.0,0.000231,1.0
713745.0,0.000231,2.0
713771.0,0.000231,2.0
713775.0,0.000231,3.0
713777.0,0.000231,3.0
713780.0,0.000231,1.0
713800.0,0.000231,1.0
713809.0,0.000231,3.0
713813.0,0.000231,3.0
713818.0,0.000231,3.0
713827.0,0.000231,2.0
713847.0,0.000231,1.0
713850.0,0.000231,2.0
713851.0,0.000231,1.0
713853.0,0.000231,1.0
713857.0,0.000231,5.0
713886.0,0.000231,1.0
713889.0,0.000231,5.0
713936.0,0.000231,3.0
713937.0,0.000231,3.0
713944.0,0.000231,2.0
713972.0,0.000231,5.0
713977.0,0.000231,4.0
713982.0,0.000231,1.0
713984.0,0.000231,3.0
713985.0,0.000231,3.0
713995.0,0.000231,2.0
713996.0,0.000231,3.0
714001.0,0.000231,2.0
714004.0,0.000231,3.0
714015.0,0.000231,3.0
714023.0,0.000231,2.0
714025.0,0.000231,3.0
714028.0,0.000231,3.0
714034.0,0.000231,3.0
714038.0,0.000231,2.0
714043.0,0.000231,3.0
714045.0,0.000231,3.0
714046.0,0.000231,1.0
714050.0,0.000231,1.0
714054.0,0.000231,2.0
714059.0,0.000231,3.0
714096.0,0.000231,3.0
714103.0,0.000231,4.0
714107.0,0.000231,3.0
714130.0,0.000231,3.0
714135.0,0.000231,4.0
714138.0,0.000231,2.0
714165.0,0.000231,4.0
714171.0,0.000231,3.0
714179.0,0.000231,1.0
714184.0,0.000231,2.0
714192.0,0.000231,3.0
714203.0,0.000231,5.0
714232.0,0.000231,3.0
714233.0,0.000231,1.0
714234.0,0.000231,1.0
714237.0,0.000231,3.0
714251.0,0.000231,3.0
714253.0,0.000231,2.0
714255.0,0.000231,2.0
714258.0,0.000231,2.0
714262.0,0.000231,4.0
714264.0,0.000231,2.0
714274.0,0.000231,3.0
714281.0,0.000231,5.0
714285.0,0.000231,3.0
714294.0,0.000231,3.0
714308.0,0.000231,2.0
714337.0,0.000231,2.0
714344.0,0.000231,5.0
714345.0,0.000231,2.0
714348.0,0.000231,5.0
714352.0,0.000231,4.0
714358.0,0.000231,1.0
714362.0,0.000231,4.0
714364.0,0.000231,2.0
714426.0,0.000231,1.0
714430.0,0.000231,2.0
714431.0,0.000231,3.0
714432.0,0.000231,3.0
714433.0,0.000231,1.0
714450.0,0.000231,2.0
714455.0,0.000231,3.0
714461.0,0.000231,1.0
714476.0,0.000231,3.0
714480.0,0.000231,2.0
714508.0,0.000231,2.0
714518.0,0.000231,3.0
714521.0,0.000231,2.0
714522.0,0.000231,2.0
714528.0,0.000231,1.0
714543.0,0.000231,4.0
714546.0,0.000231,3.0
714570.0,0.000231,1.0
714572.0,0.000231,3.0
714579.0,0.000231,3.0
714590.0,0.000231,3.0
714603.0,0.000231,3.0
714614.0,0.000231,2.0
714615.0,0.000231,5.0
714616.0,0.000231,3.0
714640.0,0.000231,3.0
714701.0,0.000231,3.0
714702.0,0.000231,1.0
714704.0,0.000231,2.0
714721.0,0.000231,3.0
714737.0,0.000231,4.0
714739.0,0.000231,3.0
714741.0,0.000231,3.0
714780.0,0.000231,3.0
714784.0,0.000231,2.0
714802.0,0.000231,3.0
714822.0,0.000231,3.0
714823.0,0.000231,1.0
714831.0,0.000231,2.0
714834.0,0.000231,2.0
714839.0,0.000231,1.0
714841.0,0.000231,1.0
714866.0,0.000231,4.0
714876.0,0.000231,2.0
714890.0,0.000231,3.0
714909.0,0.000231,3.0
714917.0,0.000231,3.0
714929.0,0.000231,1.0
714936.0,0.000231,3.0
714966.0,0.000231,2.0
714975.0,0.000231,3.0
714976.0,0.000231,3.0
714977.0,0.000231,3.0
715005.0,0.000231,3.0
715022.0,0.000231,4.0
715044.0,0.000231,3.0
715050.0,0.000231,4.0
715051.0,0.000231,3.0
715059.0,0.000231,3.0
715060.0,0.000231,1.0
715068.0,0.000231,1.0
715069.0,0.000231,1.0
715074.0,0.000231,4.0
715105.0,0.000231,3.0
715114.0,0.000231,1.0
715121.0,0.000231,2.0
715146.0,0.000231,4.0
715159.0,0.000231,2.0
715160.0,0.000231,2.0
715191.0,0.000231,2.0
715200.0,0.000231,3.0
715204.0,0.000231,3.0
715212.0,0.000231,2.0
715223.0,0.000231,3.0
715247.0,0.000231,2.0
715253.0,0.000231,3.0
715278.0,0.000231,3.0
715281.0,0.000231,2.0
715287.0,0.000231,1.0
715304.0,0.000231,2.0
715305.0,0.000231,2.0
715306.0,0.000231,2.0
715314.0,0.000231,4.0
715318.0,0.000231,3.0
715328.0,0.000231,2.0
715344.0,0.000231,2.0
715353.0,0.000231,2.0
715354.0,0.000231,2.0
715357.0,0.000231,3.0
715390.0,0.000231,3.0
715401.0,0.000231,3.0
715407.0,0.000231,5.0
715417.0,0.000231,1.0
715419.0,0.000231,2.0
715429.0,0.000231,3.0
715437.0,0.000231,2.0
715446.0,0.000231,3.0
715450.0,0.000231,2.0
715451.0,0.000231,3.0
715456.0,0.000231,3.0
715465.0,0.000231,3.0
715474.0,0.000231,3.0
715482.0,0.000231,2.0
715488.0,0.000231,3.0
715503.0,0.000231,4.0
715534.0,0.000231,3.0
715540.0,0.000231,2.0
715542.0,0.000231,3.0
715549.0,0.000231,2.0
715564.0,0.000231,1.0
715573.0,0.000231,1.0
715574.0,0.000231,2.0
715593.0,0.000231,1.0
715596.0,0.000231,3.0
715608.0,0.000231,2.0
715610.0,0.000231,3.0
715615.0,0.000231,3.0
715621.0,0.000231,2.0
715626.0,0.000231,5.0
715629.0,0.000231,1.0
715636.0,0.000231,2.0
715639.0,0.000231,4.0
715642.0,0.000231,2.0
715652.0,0.000231,3.0
715660.0,0.000231,3.0
715663.0,0.000231,2.0
715698.0,0.000231,2.0
715708.0,0.000231,1.0
715728.0,0.000231,3.0
715747.0,0.000231,4.0
715749.0,0.000231,3.0
715756.0,0.000231,2.0
715767.0,0.000231,2.0
715773.0,0.000231,3.0
715803.0,0.000231,2.0
715805.0,0.000231,5.0
715814.0,0.000231,2.0
715815.0,0.000231,4.0
715818.0,0.000231,6.0
715844.0,0.000231,3.0
715848.0,0.000231,1.0
715856.0,0.000231,3.0
715866.0,0.000231,3.0
715867.0,0.000231,1.0
715874.0,0.000231,2.0
715893.0,0.000231,3.0
715895.0,0.000231,2.0
715936.0,0.000231,2.0
715945.0,0.000231,3.0
715950.0,0.000231,2.0
715965.0,0.000231,3.0
715969.0,0.000231,3.0
715973.0,0.000231,3.0
715989.0,0.000231,4.0
715999.0,0.000231,2.0
716009.0,0.000231,3.0
716013.0,0.000231,2.0
716046.0,0.000231,4.0
716048.0,0.000231,2.0
716057.0,0.000231,1.0
716059.0,0.000231,2.0
716062.0,0.000231,4.0
716101.0,0.000231,5.0
716113.0,0.000231,3.0
716118.0,0.000231,3.0
716125.0,0.000231,3.0
716131.0,0.000231,2.0
716162.0,0.000231,3.0
716166.0,0.000231,2.0
716172.0,0.000231,3.0
716179.0,0.000231,1.0
716180.0,0.000231,3.0
716199.0,0.000231,3.0
716205.0,0.000231,1.0
716224.0,0.000231,2.0
716227.0,0.000231,3.0
716241.0,0.000231,2.0
716266.0,0.000231,3.0
716270.0,0.000231,2.0
716276.0,0.000231,3.0
716295.0,0.000231,4.0
716322.0,0.000231,4.0
716326.0,0.000231,5.0
716333.0,0.000231,1.0
716334.0,0.000231,2.0
716337.0,0.000231,3.0
716344.0,0.000231,3.0
716347.0,0.000231,2.0
716353.0,0.000231,2.0
716388.0,0.000231,3.0
716398.0,0.000231,1.0
716432.0,0.000231,3.0
716436.0,0.000231,3.0
716437.0,0.000231,1.0
716446.0,0.000231,4.0
716450.0,0.000231,2.0
716456.0,0.000231,1.0
716465.0,0.000231,2.0
716483.0,0.000231,2.0
716506.0,0.000231,2.0
716517.0,0.000231,1.0
716525.0,0.000231,2.0
716536.0,0.000231,2.0
716539.0,0.000231,2.0
716540.0,0.000231,3.0
716556.0,0.000231,2.0
716587.0,0.000231,1.0
716590.0,0.000231,2.0
716592.0,0.000231,4.0
716602.0,0.000231,3.0
716604.0,0.000231,1.0
716632.0,0.000231,1.0
716634.0,0.000231,4.0
716636.0,0.000231,3.0
716648.0,0.000231,3.0
716747.0,0.000231,2.0
716748.0,0.000231,1.0
716767.0,0.000231,3.0
716790.0,0.000231,3.0
716793.0,0.000231,2.0
716794.0,0.000231,1.0
716813.0,0.000231,1.0
716814.0,0.000231,3.0
716818.0,0.000231,2.0
716820.0,0.000231,3.0
716834.0,0.000231,2.0
716840.0,0.000231,3.0
716859.0,0.000231,4.0
716860.0,0.000231,4.0
716888.0,0.000231,2.0
716909.0,0.000231,2.0
716913.0,0.000231,3.0
716928.0,0.000231,2.0
716949.0,0.000231,3.0
716953.0,0.000231,1.0
716967.0,0.000231,2.0
716969.0,0.000231,3.0
716970.0,0.000231,2.0
716973.0,0.000231,3.0
716974.0,0.000231,1.0
717050.0,0.000231,3.0
717080.0,0.000231,2.0
717083.0,0.000231,3.0
717089.0,0.000231,4.0
717126.0,0.000231,3.0
717145.0,0.000231,2.0
717148.0,0.000231,2.0
717150.0,0.000231,2.0
717170.0,0.000231,2.0
717177.0,0.000231,3.0
717189.0,0.000231,2.0
717197.0,0.000231,3.0
717210.0,0.000231,3.0
717214.0,0.000231,2.0
717226.0,0.000231,4.0
717238.0,0.000231,2.0
717253.0,0.000231,1.0
717255.0,0.000231,2.0
717268.0,0.000231,3.0
717273.0,0.000231,3.0
717276.0,0.000231,3.0
717286.0,0.000231,3.0
717298.0,0.000231,4.0
717300.0,0.000231,3.0
717305.0,0.000231,2.0
717308.0,0.000231,4.0
717309.0,0.000231,3.0
717322.0,0.000231,2.0
717324.0,0.000231,2.0
717341.0,0.000231,3.0
717348.0,0.000231,2.0
717366.0,0.000231,2.0
717369.0,0.000231,3.0
717390.0,0.000231,1.0
717406.0,0.000231,3.0
717415.0,0.000231,3.0
717434.0,0.000231,2.0
717437.0,0.000231,2.0
717453.0,0.000231,3.0
717466.0,0.000231,3.0
717469.0,0.000231,1.0
717482.0,0.000231,2.0
717487.0,0.000231,2.0
717514.0,0.000231,3.0
717520.0,0.000231,3.0
717525.0,0.000231,3.0
717536.0,0.000231,1.0
717538.0,0.000231,1.0
717558.0,0.000231,3.0
717565.0,0.000231,2.0
717590.0,0.000231,4.0
717612.0,0.000231,3.0
717616.0,0.000231,2.0
717620.0,0.000231,3.0
717622.0,0.000231,2.0
717626.0,0.000231,2.0
717636.0,0.000231,3.0
717642.0,0.000231,3.0
717659.0,0.000231,4.0
717694.0,0.000231,3.0
717699.0,0.000231,3.0
717701.0,0.000231,5.0
717706.0,0.000231,5.0
717714.0,0.000231,2.0
717721.0,0.000231,3.0
717728.0,0.000231,3.0
717752.0,0.000231,3.0
717755.0,0.000231,1.0
717761.0,0.000231,5.0
717765.0,0.000231,3.0
717773.0,0.000231,1.0
717778.0,0.000231,3.0
717817.0,0.000231,3.0
717819.0,0.000231,2.0
717829.0,0.000231,4.0
717834.0,0.000231,2.0
717840.0,0.000231,2.0
717847.0,0.000231,3.0
717852.0,0.000231,3.0
717859.0,0.000231,3.0
717877.0,0.000231,3.0
717878.0,0.000231,2.0
717879.0,0.000231,2.0
717903.0,0.000231,1.0
717917.0,0.000231,2.0
717941.0,0.000231,2.0
717943.0,0.000231,2.0
717944.0,0.000231,1.0
717947.0,0.000231,1.0
717948.0,0.000231,2.0
717957.0,0.000231,2.0
717990.0,0.000231,4.0
717991.0,0.000231,2.0
718026.0,0.000231,3.0
718031.0,0.000231,3.0
718041.0,0.000231,3.0
718050.0,0.000231,3.0
718058.0,0.000231,2.0
718062.0,0.000231,4.0
718076.0,0.000231,1.0
718080.0,0.000231,3.0
718082.0,0.000231,2.0
718088.0,0.000231,3.0
718105.0,0.000231,3.0
718113.0,0.000231,3.0
718117.0,0.000231,3.0
718144.0,0.000231,1.0
718146.0,0.000231,3.0
718163.0,0.000231,2.0
718171.0,0.000231,3.0
718188.0,0.000231,3.0
718189.0,0.000231,2.0
718196.0,0.000231,1.0
718205.0,0.000231,2.0
718207.0,0.000231,4.0
718223.0,0.000231,1.0
718230.0,0.000231,2.0
718233.0,0.000231,3.0
718234.0,0.000231,1.0
718247.0,0.000231,2.0
718254.0,0.000231,2.0
718264.0,0.000231,1.0
718276.0,0.000231,3.0
718304.0,0.000231,2.0
718305.0,0.000231,3.0
718307.0,0.000231,4.0
718322.0,0.000231,2.0
718333.0,0.000231,3.0
718352.0,0.000231,3.0
718356.0,0.000231,4.0
718359.0,0.000231,1.0
718366.0,0.000231,3.0
718388.0,0.000231,2.0
718436.0,0.000231,1.0
718453.0,0.000231,4.0
718469.0,0.000231,5.0
718473.0,0.000231,3.0
718475.0,0.000231,1.0
718493.0,0.000231,3.0
718499.0,0.000231,5.0
718513.0,0.000231,2.0
718535.0,0.000231,2.0
718546.0,0.000231,1.0
718565.0,0.000231,2.0
718570.0,0.000231,3.0
718621.0,0.000231,2.0
718623.0,0.000231,2.0
718636.0,0.000231,2.0
718678.0,0.000231,2.0
718679.0,0.000231,2.0
718686.0,0.000231,3.0
718691.0,0.000231,3.0
718703.0,0.000231,2.0
718718.0,0.000231,4.0
718725.0,0.000231,3.0
718732.0,0.000231,3.0
718734.0,0.000231,1.0
718752.0,0.000231,3.0
718769.0,0.000231,4.0
718777.0,0.000231,3.0
718783.0,0.000231,3.0
718788.0,0.000231,2.0
718794.0,0.000231,3.0
718795.0,0.000231,2.0
718796.0,0.000231,3.0
718805.0,0.000231,2.0
718814.0,0.000231,3.0
718820.0,0.000231,3.0
718825.0,0.000231,1.0
718829.0,0.000231,3.0
718833.0,0.000231,2.0
718835.0,0.000231,1.0
718841.0,0.000231,3.0
718857.0,0.000231,3.0
718869.0,0.000231,3.0
718872.0,0.000231,3.0
718879.0,0.000231,3.0
718885.0,0.000231,2.0
718897.0,0.000231,3.0
718898.0,0.000231,3.0
718936.0,0.000231,3.0
718972.0,0.000231,4.0
718986.0,0.000231,2.0
718993.0,0.000231,3.0
718994.0,0.000231,3.0
719009.0,0.000231,2.0
719015.0,0.000231,4.0
719017.0,0.000231,2.0
719026.0,0.000231,3.0
719029.0,0.000231,2.0
719039.0,0.000231,2.0
719043.0,0.000231,3.0
719050.0,0.000231,3.0
719054.0,0.000231,3.0
719068.0,0.000231,3.0
719082.0,0.000231,2.0
719085.0,0.000231,3.0
719096.0,0.000231,4.0
719120.0,0.000231,1.0
719130.0,0.000231,2.0
719133.0,0.000231,2.0
719151.0,0.000231,3.0
719154.0,0.000231,2.0
719160.0,0.000231,2.0
719169.0,0.000231,1.0
719177.0,0.000231,2.0
719185.0,0.000231,3.0
719189.0,0.000231,2.0
719190.0,0.000231,1.0
719200.0,0.000231,3.0
719206.0,0.000231,4.0
719215.0,0.000231,1.0
719218.0,0.000231,2.0
719220.0,0.000231,3.0
719233.0,0.000231,2.0
719241.0,0.000231,3.0
719270.0,0.000231,5.0
719295.0,0.000231,3.0
719298.0,0.000231,2.0
719318.0,0.000231,2.0
719320.0,0.000231,4.0
719321.0,0.000231,3.0
719338.0,0.000231,2.0
719341.0,0.000231,1.0
719353.0,0.000231,3.0
719363.0,0.000231,3.0
719371.0,0.000231,3.0
719381.0,0.000231,3.0
719385.0,0.000231,1.0
719387.0,0.000231,3.0
719406.0,0.000231,3.0
719434.0,0.000231,2.0
719440.0,0.000231,3.0
719447.0,0.000231,3.0
719477.0,0.000231,2.0
719494.0,0.000231,1.0
719510.0,0.000231,3.0
719515.0,0.000231,3.0
719527.0,0.000231,2.0
719549.0,0.000231,4.0
719550.0,0.000231,2.0
719556.0,0.000231,3.0
719566.0,0.000231,2.0
719586.0,0.000231,2.0
719622.0,0.000231,4.0
719626.0,0.000231,4.0
719628.0,0.000231,2.0
719642.0,0.000231,2.0
719658.0,0.000231,4.0
719661.0,0.000231,3.0
719681.0,0.000231,3.0
719682.0,0.000231,2.0
719684.0,0.000231,4.0
719693.0,0.000231,5.0
719730.0,0.000231,3.0
719747.0,0.000231,2.0
719754.0,0.000231,2.0
719775.0,0.000231,1.0
719806.0,0.000231,1.0
719824.0,0.000231,2.0
719826.0,0.000231,2.0
719828.0,0.000231,2.0
719829.0,0.000231,3.0
719841.0,0.000231,3.0
719857.0,0.000231,4.0
719858.0,0.000231,1.0
719891.0,0.000231,3.0
719917.0,0.000231,3.0
719924.0,0.000231,3.0
719929.0,0.000231,3.0
719932.0,0.000231,2.0
719937.0,0.000231,2.0
719944.0,0.000231,5.0
719961.0,0.000231,1.0
719981.0,0.000231,3.0
710366.0,0.000231,2.0
710490.0,0.000231,1.0
710730.0,0.000231,1.0
710754.0,0.000231,2.0
710760.0,0.000231,1.0
710899.0,0.000231,1.0
711023.0,0.000231,1.0
711161.0,0.000231,1.0
711170.0,0.000231,1.0
711285.0,0.000231,1.0
711289.0,0.000231,1.0
711298.0,0.000231,1.0
711390.0,0.000231,1.0
711406.0,0.000231,1.0
711448.0,0.000231,2.0
711536.0,0.000231,1.0
711666.0,0.000231,1.0
711867.0,0.000231,1.0
711874.0,0.000231,1.0
711908.0,0.000231,1.0
711957.0,0.000231,2.0
712031.0,0.000231,1.0
712187.0,0.000231,1.0
712343.0,0.000231,1.0
712345.0,0.000231,1.0
712352.0,0.000231,2.0
712726.0,0.000231,2.0
712839.0,0.000231,1.0
712875.0,0.000231,1.0
712888.0,0.000231,1.0
712959.0,0.000231,1.0
713056.0,0.000231,1.0
713124.0,0.000231,1.0
713275.0,0.000231,1.0
713287.0,0.000231,1.0
713297.0,0.000231,1.0
713310.0,0.000231,2.0
713426.0,0.000231,1.0
713495.0,0.000231,2.0
713686.0,0.000231,2.0
713881.0,0.000231,1.0
713953.0,0.000231,1.0
713994.0,0.000231,1.0
714100.0,0.000231,1.0
714139.0,0.000231,1.0
714173.0,0.000231,2.0
714187.0,0.000231,1.0
714288.0,0.000231,2.0
714312.0,0.000231,1.0
714349.0,0.000231,1.0
714417.0,0.000231,1.0
714421.0,0.000231,2.0
714472.0,0.000231,1.0
714484.0,0.000231,1.0
714509.0,0.000231,2.0
714575.0,0.000231,1.0
714675.0,0.000231,1.0
714727.0,0.000231,1.0
714758.0,0.000231,2.0
714811.0,0.000231,1.0
714906.0,0.000231,1.0
714927.0,0.000231,1.0
714928.0,0.000231,1.0
714943.0,0.000231,1.0
715030.0,0.000231,2.0
715088.0,0.000231,1.0
715101.0,0.000231,1.0
715157.0,0.000231,1.0
715170.0,0.000231,1.0
715181.0,0.000231,1.0
715235.0,0.000231,1.0
715239.0,0.000231,2.0
715379.0,0.000231,1.0
715470.0,0.000231,1.0
715521.0,0.000231,2.0
715532.0,0.000231,1.0
715555.0,0.000231,2.0
715672.0,0.000231,1.0
715686.0,0.000231,2.0
715785.0,0.000231,1.0
715835.0,0.000231,1.0
715886.0,0.000231,2.0
715941.0,0.000231,1.0
715987.0,0.000231,1.0
716071.0,0.000231,1.0
716109.0,0.000231,1.0
716123.0,0.000231,1.0
716308.0,0.000231,1.0
716463.0,0.000231,1.0
716574.0,0.000231,1.0
716584.0,0.000231,1.0
716650.0,0.000231,1.0
716686.0,0.000231,1.0
716707.0,0.000231,1.0
716714.0,0.000231,2.0
716805.0,0.000231,1.0
716923.0,0.000231,1.0
716935.0,0.000231,2.0
717025.0,0.000231,1.0
717187.0,0.000231,2.0
717199.0,0.000231,1.0
717357.0,0.000231,1.0
717358.0,0.000231,1.0
717364.0,0.000231,1.0
717385.0,0.000231,2.0
717427.0,0.000231,1.0
717537.0,0.000231,1.0
717624.0,0.000231,1.0
717673.0,0.000231,1.0
717737.0,0.000231,1.0
717888.0,0.000231,2.0
717923.0,0.000231,1.0
718008.0,0.000231,1.0
718123.0,0.000231,2.0
718161.0,0.000231,1.0
718177.0,0.000231,1.0
718228.0,0.000231,2.0
718259.0,0.000231,1.0
718277.0,0.000231,1.0
718392.0,0.000231,1.0
718405.0,0.000231,1.0
718462.0,0.000231,2.0
718485.0,0.000231,1.0
718553.0,0.000231,1.0
718742.0,0.000231,2.0
718868.0,0.000231,1.0
718912.0,0.000231,1.0
718917.0,0.000231,1.0
718921.0,0.000231,1.0
718933.0,0.000231,1.0
719086.0,0.000231,1.0
719092.0,0.000231,1.0
719202.0,0.000231,1.0
719234.0,0.000231,1.0
719253.0,0.000231,1.0
719408.0,0.000231,2.0
719533.0,0.000231,1.0
719547.0,0.000231,1.0
719565.0,0.000231,1.0
719585.0,0.000231,2.0
719591.0,0.000231,2.0
719723.0,0.000231,1.0
719728.0,0.000231,1.0
719842.0,0.000231,1.0
719847.0,0.000231,1.0
711106.0,0.000231,1.0
711151.0,0.000231,1.0
712772.0,0.000231,1.0
712872.0,0.000231,1.0
713340.0,0.000231,1.0
713588.0,0.000231,1.0
713619.0,0.000231,1.0
714211.0,0.000231,1.0
714343.0,0.000231,1.0
714407.0,0.000231,1.0
714408.0,0.000231,1.0
714549.0,0.000231,1.0
716012.0,0.000231,1.0
716248.0,0.000231,1.0
716410.0,0.000231,1.0
716520.0,0.000231,1.0
717219.0,0.000231,1.0
717264.0,0.000231,1.0
717356.0,0.000231,1.0
717563.0,0.000231,1.0
717711.0,0.000231,1.0
717820.0,0.000231,1.0
717966.0,0.000231,1.0
718930.0,0.000231,1.0
710438.0,0.000231,1.0
710439.0,0.000231,1.0
710866.0,0.000231,1.0
711568.0,0.000231,1.0
711720.0,0.000231,1.0
712561.0,0.000231,1.0
712878.0,0.000231,1.0
713106.0,0.000231,1.0
713697.0,0.000231,1.0
713721.0,0.000231,1.0
713987.0,0.000231,1.0
714318.0,0.000231,1.0
714376.0,0.000231,1.0
715410.0,0.000231,1.0
715438.0,0.000231,1.0
716551.0,0.000231,1.0
716660.0,0.000231,1.0
717426.0,0.000231,1.0
718005.0,0.000231,1.0
718461.0,0.000231,1.0
718467.0,0.000231,1.0
718540.0,0.000231,1.0
720005.0,0.0002477,2.0
720027.0,0.0002477,2.0
720029.0,0.0002477,1.0
720032.0,0.0002477,1.0
720036.0,0.0002477,2.0
720063.0,0.0002477,1.0
720064.0,0.0002477,2.0
720070.0,0.0002477,2.0
720080.0,0.0002477,1.0
720085.0,0.0002477,2.0
720103.0,0.0002477,1.0
720106.0,0.0002477,2.0
720123.0,0.0002477,3.0
720126.0,0.0002477,1.0
720199.0,0.0002477,1.0
720207.0,0.0002477,2.0
720217.0,0.0002477,1.0
720250.0,0.0002477,1.0
720291.0,0.0002477,2.0
720307.0,0.0002477,1.0
720316.0,0.0002477,1.0
720327.0,0.0002477,1.0
720334.0,0.0002477,2.0
720346.0,0.0002477,1.0
720373.0,0.0002477,1.0
720383.0,0.0002477,2.0
720388.0,0.0002477,2.0
720389.0,0.0002477,1.0
720402.0,0.0002477,2.0
720461.0,0.0002477,1.0
720474.0,0.0002477,2.0
720487.0,0.0002477,1.0
720490.0,0.0002477,1.0
720505.0,0.0002477,1.0
720508.0,0.0002477,1.0
720515.0,0.0002477,1.0
720525.0,0.0002477,1.0
720543.0,0.0002477,2.0
720554.0,0.0002477,2.0
720592.0,0.0002477,1.0
720620.0,0.0002477,2.0
720634.0,0.0002477,2.0
720642.0,0.0002477,1.0
720665.0,0.0002477,2.0
720680.0,0.0002477,2.0
720681.0,0.0002477,1.0
720683.0,0.0002477,2.0
720687.0,0.0002477,1.0
720690.0,0.0002477,2.0
720730.0,0.0002477,2.0
720737.0,0.0002477,2.0
720754.0,0.0002477,1.0
720760.0,0.0002477,1.0
720788.0,0.0002477,3.0
720800.0,0.0002477,1.0
720821.0,0.0002477,1.0
720837.0,0.0002477,1.0
720841.0,0.0002477,1.0
720846.0,0.0002477,2.0
720870.0,0.0002477,1.0
720884.0,0.0002477,1.0
720889.0,0.0002477,2.0
720896.0,0.0002477,1.0
720899.0,0.0002477,1.0
720913.0,0.0002477,2.0
720914.0,0.0002477,2.0
720973.0,0.0002477,2.0
720976.0,0.0002477,1.0
720982.0,0.0002477,2.0
720997.0,0.0002477,1.0
720998.0,0.0002477,1.0
721000.0,0.0002477,1.0
721008.0,0.0002477,2.0
721021.0,0.0002477,1.0
721023.0,0.0002477,1.0
721041.0,0.0002477,1.0
721046.0,0.0002477,1.0
721048.0,0.0002477,1.0
721051.0,0.0002477,1.0
721078.0,0.0002477,1.0
721099.0,0.0002477,2.0
721103.0,0.0002477,2.0
721106.0,0.0002477,2.0
721108.0,0.0002477,1.0
721124.0,0.0002477,2.0
721132.0,0.0002477,1.0
721138.0,0.0002477,1.0
721139.0,0.0002477,1.0
721147.0,0.0002477,2.0
721158.0,0.0002477,2.0
721161.0,0.0002477,1.0
721170.0,0.0002477,1.0
721200.0,0.0002477,1.0
721202.0,0.0002477,1.0
721203.0,0.0002477,2.0
721238.0,0.0002477,2.0
721256.0,0.0002477,1.0
721266.0,0.0002477,2.0
721285.0,0.0002477,1.0
721286.0,0.0002477,2.0
721289.0,0.0002477,1.0
721298.0,0.0002477,1.0
721308.0,0.0002477,1.0
721316.0,0.0002477,1.0
721341.0,0.0002477,2.0
721350.0,0.0002477,1.0
721354.0,0.0002477,1.0
721390.0,0.0002477,2.0
721396.0,0.0002477,3.0
721403.0,0.0002477,1.0
721406.0,0.0002477,1.0
721427.0,0.0002477,1.0
721448.0,0.0002477,2.0
721454.0,0.0002477,2.0
721479.0,0.0002477,1.0
721494.0,0.0002477,1.0
721512.0,0.0002477,1.0
721536.0,0.0002477,1.0
721537.0,0.0002477,1.0
721546.0,0.0002477,2.0
721563.0,0.0002477,1.0
721572.0,0.0002477,1.0
721576.0,0.0002477,2.0
721580.0,0.0002477,2.0
721585.0,0.0002477,1.0
721589.0,0.0002477,1.0
721600.0,0.0002477,2.0
721602.0,0.0002477,1.0
721603.0,0.0002477,3.0
721629.0,0.0002477,1.0
721645.0,0.0002477,1.0
721666.0,0.0002477,1.0
721677.0,0.0002477,1.0
721679.0,0.0002477,1.0
721683.0,0.0002477,1.0
721687.0,0.0002477,2.0
721695.0,0.0002477,2.0
721730.0,0.0002477,2.0
721741.0,0.0002477,2.0
721754.0,0.0002477,1.0
721756.0,0.0002477,2.0
721777.0,0.0002477,1.0
721811.0,0.0002477,2.0
721817.0,0.0002477,1.0
721820.0,0.0002477,1.0
721826.0,0.0002477,1.0
721848.0,0.0002477,1.0
721867.0,0.0002477,1.0
721874.0,0.0002477,1.0
721908.0,0.0002477,2.0
721921.0,0.0002477,1.0
721936.0,0.0002477,1.0
721938.0,0.0002477,1.0
721964.0,0.0002477,2.0
721983.0,0.0002477,2.0
721986.0,0.0002477,1.0
721997.0,0.0002477,2.0
722026.0,0.0002477,1.0
722029.0,0.0002477,2.0
722031.0,0.0002477,1.0
722043.0,0.0002477,2.0
722044.0,0.0002477,1.0
722047.0,0.0002477,2.0
722075.0,0.0002477,1.0
722087.0,0.0002477,1.0
722150.0,0.0002477,1.0
722177.0,0.0002477,2.0
722187.0,0.0002477,1.0
722210.0,0.0002477,2.0
722216.0,0.0002477,1.0
722264.0,0.0002477,1.0
722271.0,0.0002477,1.0
722273.0,0.0002477,1.0
722299.0,0.0002477,1.0
722313.0,0.0002477,1.0
722318.0,0.0002477,1.0
722331.0,0.0002477,1.0
722339.0,0.0002477,1.0
722340.0,0.0002477,2.0
722343.0,0.0002477,2.0
722345.0,0.0002477,1.0
722352.0,0.0002477,1.0
722354.0,0.0002477,3.0
722358.0,0.0002477,2.0
722368.0,0.0002477,2.0
722376.0,0.0002477,1.0
722389.0,0.0002477,1.0
722397.0,0.0002477,2.0
722401.0,0.0002477,2.0
722404.0,0.0002477,1.0
722413.0,0.0002477,2.0
722424.0,0.0002477,2.0
722434.0,0.0002477,2.0
722461.0,0.0002477,2.0
722511.0,0.0002477,2.0
722514.0,0.0002477,1.0
722557.0,0.0002477,1.0
722568.0,0.0002477,1.0
722576.0,0.0002477,1.0
722629.0,0.0002477,1.0
722633.0,0.0002477,1.0
722634.0,0.0002477,1.0
722702.0,0.0002477,1.0
722716.0,0.0002477,2.0
722725.0,0.0002477,2.0
722736.0,0.0002477,1.0
722760.0,0.0002477,2.0
722764.0,0.0002477,2.0
722766.0,0.0002477,1.0
722777.0,0.0002477,1.0
722786.0,0.0002477,2.0
722819.0,0.0002477,2.0
722825.0,0.0002477,2.0
722826.0,0.0002477,2.0
722837.0,0.0002477,1.0
722839.0,0.0002477,1.0
722861.0,0.0002477,1.0
722862.0,0.0002477,1.0
722871.0,0.0002477,1.0
722875.0,0.0002477,1.0
722886.0,0.0002477,2.0
722888.0,0.0002477,1.0
722890.0,0.0002477,1.0
722892.0,0.0002477,2.0
722894.0,0.0002477,1.0
722945.0,0.0002477,1.0
722949.0,0.0002477,2.0
722959.0,0.0002477,1.0
722978.0,0.0002477,2.0
723005.0,0.0002477,2.0
723048.0,0.0002477,2.0
723055.0,0.0002477,1.0
723056.0,0.0002477,2.0
723063.0,0.0002477,3.0
723071.0,0.0002477,2.0
723088.0,0.0002477,1.0
723089.0,0.0002477,1.0
723093.0,0.0002477,1.0
723108.0,0.0002477,2.0
723110.0,0.0002477,1.0
723120.0,0.0002477,1.0
723124.0,0.0002477,1.0
723142.0,0.0002477,2.0
723145.0,0.0002477,2.0
723205.0,0.0002477,2.0
723213.0,0.0002477,2.0
723218.0,0.0002477,1.0
723240.0,0.0002477,2.0
723251.0,0.0002477,3.0
723252.0,0.0002477,2.0
723271.0,0.0002477,2.0
723275.0,0.0002477,1.0
723287.0,0.0002477,1.0
723297.0,0.0002477,1.0
723300.0,0.0002477,3.0
723303.0,0.0002477,2.0
723305.0,0.0002477,1.0
723310.0,0.0002477,1.0
723314.0,0.0002477,1.0
723319.0,0.0002477,1.0
723341.0,0.0002477,1.0
723345.0,0.0002477,1.0
723363.0,0.0002477,3.0
723364.0,0.0002477,1.0
723372.0,0.0002477,1.0
723392.0,0.0002477,2.0
723410.0,0.0002477,1.0
723411.0,0.0002477,2.0
723414.0,0.0002477,2.0
723426.0,0.0002477,1.0
723454.0,0.0002477,2.0
723459.0,0.0002477,1.0
723461.0,0.0002477,2.0
723474.0,0.0002477,1.0
723492.0,0.0002477,1.0
723493.0,0.0002477,2.0
723495.0,0.0002477,2.0
723501.0,0.0002477,1.0
723512.0,0.0002477,1.0
723514.0,0.0002477,2.0
723517.0,0.0002477,1.0
723527.0,0.0002477,1.0
723530.0,0.0002477,1.0
723544.0,0.0002477,2.0
723550.0,0.0002477,1.0
723568.0,0.0002477,2.0
723577.0,0.0002477,2.0
723588.0,0.0002477,2.0
723642.0,0.0002477,1.0
723644.0,0.0002477,1.0
723655.0,0.0002477,1.0
723660.0,0.0002477,2.0
723671.0,0.0002477,2.0
723682.0,0.0002477,1.0
723686.0,0.0002477,2.0
723711.0,0.0002477,1.0
723717.0,0.0002477,1.0
723745.0,0.0002477,1.0
723771.0,0.0002477,2.0
723775.0,0.0002477,1.0
723777.0,0.0002477,2.0
723809.0,0.0002477,1.0
723813.0,0.0002477,1.0
723818.0,0.0002477,1.0
723827.0,0.0002477,2.0
723850.0,0.0002477,2.0
723859.0,0.0002477,1.0
723881.0,0.0002477,2.0
723936.0,0.0002477,1.0
723937.0,0.0002477,2.0
723944.0,0.0002477,1.0
723953.0,0.0002477,1.0
723972.0,0.0002477,2.0
723984.0,0.0002477,1.0
723985.0,0.0002477,2.0
723994.0,0.0002477,1.0
723995.0,0.0002477,1.0
723996.0,0.0002477,1.0
724001.0,0.0002477,3.0
724004.0,0.0002477,2.0
724010.0,0.0002477,1.0
724015.0,0.0002477,1.0
724025.0,0.0002477,1.0
724028.0,0.0002477,2.0
724034.0,0.0002477,1.0
724043.0,0.0002477,1.0
724045.0,0.0002477,2.0
724059.0,0.0002477,2.0
724096.0,0.0002477,1.0
724100.0,0.0002477,1.0
724103.0,0.0002477,2.0
724107.0,0.0002477,1.0
724130.0,0.0002477,1.0
724135.0,0.0002477,1.0
724139.0,0.0002477,1.0
724165.0,0.0002477,1.0
724171.0,0.0002477,2.0
724184.0,0.0002477,3.0
724187.0,0.0002477,2.0
724192.0,0.0002477,1.0
724211.0,0.0002477,2.0
724232.0,0.0002477,1.0
724237.0,0.0002477,1.0
724251.0,0.0002477,1.0
724262.0,0.0002477,2.0
724264.0,0.0002477,1.0
724274.0,0.0002477,1.0
724281.0,0.0002477,2.0
724285.0,0.0002477,2.0
724288.0,0.0002477,2.0
724294.0,0.0002477,1.0
724308.0,0.0002477,2.0
724312.0,0.0002477,2.0
724337.0,0.0002477,2.0
724344.0,0.0002477,1.0
724349.0,0.0002477,2.0
724352.0,0.0002477,1.0
724362.0,0.0002477,1.0
724364.0,0.0002477,1.0
724407.0,0.0002477,1.0
724408.0,0.0002477,1.0
724412.0,0.0002477,1.0
724417.0,0.0002477,1.0
724424.0,0.0002477,2.0
724430.0,0.0002477,1.0
724431.0,0.0002477,2.0
724432.0,0.0002477,2.0
724437.0,0.0002477,2.0
724455.0,0.0002477,1.0
724472.0,0.0002477,1.0
724476.0,0.0002477,2.0
724484.0,0.0002477,1.0
724505.0,0.0002477,1.0
724518.0,0.0002477,1.0
724522.0,0.0002477,1.0
724546.0,0.0002477,1.0
724547.0,0.0002477,1.0
724549.0,0.0002477,2.0
724572.0,0.0002477,2.0
724575.0,0.0002477,1.0
724579.0,0.0002477,1.0
724603.0,0.0002477,2.0
724614.0,0.0002477,1.0
724616.0,0.0002477,2.0
724640.0,0.0002477,2.0
724675.0,0.0002477,2.0
724691.0,0.0002477,1.0
724701.0,0.0002477,2.0
724704.0,0.0002477,1.0
724721.0,0.0002477,2.0
724727.0,0.0002477,2.0
724737.0,0.0002477,1.0
724739.0,0.0002477,2.0
724741.0,0.0002477,1.0
724758.0,0.0002477,1.0
724780.0,0.0002477,1.0
724802.0,0.0002477,2.0
724811.0,0.0002477,2.0
724822.0,0.0002477,2.0
724831.0,0.0002477,1.0
724833.0,0.0002477,1.0
724853.0,0.0002477,1.0
724866.0,0.0002477,2.0
724890.0,0.0002477,1.0
724906.0,0.0002477,1.0
724917.0,0.0002477,2.0
724927.0,0.0002477,2.0
724928.0,0.0002477,1.0
724943.0,0.0002477,1.0
724966.0,0.0002477,2.0
724975.0,0.0002477,1.0
724976.0,0.0002477,1.0
724977.0,0.0002477,1.0
724990.0,0.0002477,1.0
724996.0,0.0002477,1.0
725005.0,0.0002477,3.0
725022.0,0.0002477,2.0
725030.0,0.0002477,1.0
725043.0,0.0002477,3.0
725044.0,0.0002477,1.0
725051.0,0.0002477,2.0
725059.0,0.0002477,2.0
725074.0,0.0002477,1.0
725088.0,0.0002477,1.0
725101.0,0.0002477,1.0
725121.0,0.0002477,1.0
725146.0,0.0002477,2.0
725157.0,0.0002477,1.0
725159.0,0.0002477,1.0
725160.0,0.0002477,1.0
725170.0,0.0002477,1.0
725181.0,0.0002477,1.0
725191.0,0.0002477,1.0
725200.0,0.0002477,2.0
725204.0,0.0002477,1.0
725212.0,0.0002477,1.0
725223.0,0.0002477,2.0
725253.0,0.0002477,2.0
725260.0,0.0002477,1.0
725281.0,0.0002477,2.0
725304.0,0.0002477,1.0
725305.0,0.0002477,1.0
725319.0,0.0002477,1.0
725328.0,0.0002477,2.0
725344.0,0.0002477,1.0
725353.0,0.0002477,1.0
725354.0,0.0002477,2.0
725357.0,0.0002477,2.0
725390.0,0.0002477,3.0
725401.0,0.0002477,3.0
725407.0,0.0002477,1.0
725429.0,0.0002477,1.0
725437.0,0.0002477,3.0
725446.0,0.0002477,1.0
725448.0,0.0002477,1.0
725450.0,0.0002477,1.0
725451.0,0.0002477,1.0
725456.0,0.0002477,1.0
725470.0,0.0002477,1.0
725474.0,0.0002477,2.0
725521.0,0.0002477,1.0
725532.0,0.0002477,1.0
725540.0,0.0002477,1.0
725542.0,0.0002477,2.0
725543.0,0.0002477,2.0
725548.0,0.0002477,1.0
725549.0,0.0002477,1.0
725555.0,0.0002477,2.0
725596.0,0.0002477,2.0
725608.0,0.0002477,2.0
725610.0,0.0002477,4.0
725615.0,0.0002477,1.0
725621.0,0.0002477,1.0
725627.0,0.0002477,1.0
725639.0,0.0002477,2.0
725642.0,0.0002477,2.0
725652.0,0.0002477,1.0
725660.0,0.0002477,2.0
725663.0,0.0002477,1.0
725672.0,0.0002477,1.0
725708.0,0.0002477,1.0
725728.0,0.0002477,2.0
725729.0,0.0002477,1.0
725747.0,0.0002477,1.0
725756.0,0.0002477,1.0
725767.0,0.0002477,1.0
725773.0,0.0002477,1.0
725785.0,0.0002477,1.0
725803.0,0.0002477,3.0
725807.0,0.0002477,1.0
725815.0,0.0002477,1.0
725818.0,0.0002477,1.0
725835.0,0.0002477,1.0
725844.0,0.0002477,1.0
725856.0,0.0002477,1.0
725866.0,0.0002477,2.0
725893.0,0.0002477,1.0
725895.0,0.0002477,1.0
725936.0,0.0002477,1.0
725941.0,0.0002477,1.0
725944.0,0.0002477,1.0
725945.0,0.0002477,2.0
725950.0,0.0002477,1.0
725955.0,0.0002477,1.0
725969.0,0.0002477,2.0
725986.0,0.0002477,1.0
725987.0,0.0002477,1.0
725989.0,0.0002477,1.0
726046.0,0.0002477,2.0
726048.0,0.0002477,2.0
726059.0,0.0002477,1.0
726071.0,0.0002477,1.0
726095.0,0.0002477,3.0
726109.0,0.0002477,1.0
726113.0,0.0002477,2.0
726118.0,0.0002477,1.0
726123.0,0.0002477,1.0
726125.0,0.0002477,2.0
726162.0,0.0002477,1.0
726166.0,0.0002477,1.0
726180.0,0.0002477,3.0
726199.0,0.0002477,2.0
726227.0,0.0002477,2.0
726241.0,0.0002477,2.0
726266.0,0.0002477,1.0
726270.0,0.0002477,1.0
726276.0,0.0002477,4.0
726295.0,0.0002477,2.0
726308.0,0.0002477,1.0
726322.0,0.0002477,2.0
726326.0,0.0002477,1.0
726333.0,0.0002477,1.0
726337.0,0.0002477,2.0
726344.0,0.0002477,3.0
726347.0,0.0002477,1.0
726410.0,0.0002477,1.0
726432.0,0.0002477,1.0
726436.0,0.0002477,2.0
726463.0,0.0002477,1.0
726465.0,0.0002477,2.0
726483.0,0.0002477,1.0
726519.0,0.0002477,1.0
726520.0,0.0002477,2.0
726539.0,0.0002477,1.0
726540.0,0.0002477,3.0
726556.0,0.0002477,1.0
726573.0,0.0002477,2.0
726574.0,0.0002477,1.0
726584.0,0.0002477,1.0
726590.0,0.0002477,1.0
726634.0,0.0002477,2.0
726636.0,0.0002477,1.0
726648.0,0.0002477,2.0
726650.0,0.0002477,2.0
726686.0,0.0002477,1.0
726707.0,0.0002477,1.0
726793.0,0.0002477,1.0
726805.0,0.0002477,1.0
726814.0,0.0002477,2.0
726818.0,0.0002477,1.0
726820.0,0.0002477,2.0
726840.0,0.0002477,1.0
726850.0,0.0002477,1.0
726859.0,0.0002477,2.0
726860.0,0.0002477,2.0
726888.0,0.0002477,1.0
726909.0,0.0002477,1.0
726913.0,0.0002477,1.0
726923.0,0.0002477,1.0
726928.0,0.0002477,1.0
726935.0,0.0002477,2.0
726949.0,0.0002477,1.0
726967.0,0.0002477,2.0
726969.0,0.0002477,1.0
726970.0,0.0002477,2.0
726973.0,0.0002477,2.0
726986.0,0.0002477,2.0
727025.0,0.0002477,1.0
727050.0,0.0002477,3.0
727080.0,0.0002477,2.0
727126.0,0.0002477,2.0
727148.0,0.0002477,2.0
727170.0,0.0002477,1.0
727177.0,0.0002477,1.0
727197.0,0.0002477,2.0
727199.0,0.0002477,2.0
727226.0,0.0002477,1.0
727238.0,0.0002477,2.0
727255.0,0.0002477,1.0
727268.0,0.0002477,2.0
727273.0,0.0002477,1.0
727276.0,0.0002477,1.0
727286.0,0.0002477,2.0
727300.0,0.0002477,2.0
727305.0,0.0002477,1.0
727308.0,0.0002477,2.0
727322.0,0.0002477,1.0
727341.0,0.0002477,2.0
727348.0,0.0002477,1.0
727356.0,0.0002477,1.0
727357.0,0.0002477,1.0
727358.0,0.0002477,1.0
727363.0,0.0002477,1.0
727364.0,0.0002477,2.0
727369.0,0.0002477,1.0
727378.0,0.0002477,1.0
727406.0,0.0002477,1.0
727415.0,0.0002477,1.0
727427.0,0.0002477,1.0
727434.0,0.0002477,1.0
727453.0,0.0002477,2.0
727463.0,0.0002477,1.0
727466.0,0.0002477,1.0
727471.0,0.0002477,2.0
727482.0,0.0002477,1.0
727514.0,0.0002477,1.0
727520.0,0.0002477,2.0
727525.0,0.0002477,2.0
727535.0,0.0002477,2.0
727537.0,0.0002477,1.0
727558.0,0.0002477,2.0
727612.0,0.0002477,2.0
727616.0,0.0002477,2.0
727620.0,0.0002477,2.0
727624.0,0.0002477,2.0
727626.0,0.0002477,2.0
727636.0,0.0002477,2.0
727642.0,0.0002477,1.0
727659.0,0.0002477,1.0
727673.0,0.0002477,1.0
727682.0,0.0002477,1.0
727694.0,0.0002477,3.0
727699.0,0.0002477,2.0
727701.0,0.0002477,1.0
727706.0,0.0002477,1.0
727711.0,0.0002477,1.0
727721.0,0.0002477,1.0
727728.0,0.0002477,2.0
727752.0,0.0002477,1.0
727765.0,0.0002477,2.0
727778.0,0.0002477,1.0
727817.0,0.0002477,1.0
727829.0,0.0002477,1.0
727847.0,0.0002477,1.0
727852.0,0.0002477,1.0
727870.0,0.0002477,1.0
727877.0,0.0002477,2.0
727878.0,0.0002477,1.0
727879.0,0.0002477,1.0
727888.0,0.0002477,1.0
727917.0,0.0002477,1.0
727923.0,0.0002477,1.0
727941.0,0.0002477,1.0
727948.0,0.0002477,2.0
727991.0,0.0002477,1.0
728008.0,0.0002477,1.0
728026.0,0.0002477,2.0
728031.0,0.0002477,2.0
728050.0,0.0002477,1.0
728053.0,0.0002477,1.0
728055.0,0.0002477,1.0
728080.0,0.0002477,1.0
728082.0,0.0002477,2.0
728086.0,0.0002477,1.0
728088.0,0.0002477,1.0
728105.0,0.0002477,2.0
728113.0,0.0002477,1.0
728117.0,0.0002477,1.0
728123.0,0.0002477,2.0
728146.0,0.0002477,2.0
728161.0,0.0002477,1.0
728171.0,0.0002477,2.0
728177.0,0.0002477,2.0
728188.0,0.0002477,1.0
728228.0,0.0002477,2.0
728233.0,0.0002477,3.0
728234.0,0.0002477,1.0
728259.0,0.0002477,1.0
728276.0,0.0002477,1.0
728304.0,0.0002477,2.0
728305.0,0.0002477,2.0
728307.0,0.0002477,3.0
728322.0,0.0002477,1.0
728333.0,0.0002477,1.0
728352.0,0.0002477,2.0
728356.0,0.0002477,2.0
728366.0,0.0002477,2.0
728392.0,0.0002477,1.0
728405.0,0.0002477,1.0
728431.0,0.0002477,1.0
728453.0,0.0002477,1.0
728462.0,0.0002477,1.0
728468.0,0.0002477,1.0
728469.0,0.0002477,1.0
728485.0,0.0002477,1.0
728493.0,0.0002477,1.0
728513.0,0.0002477,2.0
728519.0,0.0002477,1.0
728535.0,0.0002477,1.0
728553.0,0.0002477,1.0
728570.0,0.0002477,1.0
728580.0,0.0002477,1.0
728678.0,0.0002477,1.0
728679.0,0.0002477,2.0
728686.0,0.0002477,2.0
728691.0,0.0002477,1.0
728700.0,0.0002477,1.0
728703.0,0.0002477,1.0
728718.0,0.0002477,1.0
728725.0,0.0002477,4.0
728732.0,0.0002477,1.0
728742.0,0.0002477,1.0
728752.0,0.0002477,1.0
728769.0,0.0002477,1.0
728777.0,0.0002477,1.0
728783.0,0.0002477,3.0
728788.0,0.0002477,1.0
728795.0,0.0002477,1.0
728796.0,0.0002477,2.0
728805.0,0.0002477,2.0
728814.0,0.0002477,2.0
728820.0,0.0002477,2.0
728829.0,0.0002477,2.0
728833.0,0.0002477,1.0
728841.0,0.0002477,1.0
728857.0,0.0002477,1.0
728868.0,0.0002477,1.0
728869.0,0.0002477,1.0
728872.0,0.0002477,1.0
728879.0,0.0002477,1.0
728897.0,0.0002477,2.0
728904.0,0.0002477,1.0
728912.0,0.0002477,2.0
728917.0,0.0002477,1.0
728921.0,0.0002477,2.0
728930.0,0.0002477,1.0
728933.0,0.0002477,1.0
728936.0,0.0002477,1.0
728972.0,0.0002477,3.0
728993.0,0.0002477,2.0
728994.0,0.0002477,2.0
729009.0,0.0002477,1.0
729015.0,0.0002477,2.0
729026.0,0.0002477,1.0
729039.0,0.0002477,2.0
729043.0,0.0002477,1.0
729050.0,0.0002477,2.0
729054.0,0.0002477,2.0
729059.0,0.0002477,1.0
729068.0,0.0002477,1.0
729080.0,0.0002477,1.0
729085.0,0.0002477,2.0
729086.0,0.0002477,1.0
729092.0,0.0002477,1.0
729096.0,0.0002477,1.0
729133.0,0.0002477,1.0
729137.0,0.0002477,1.0
729151.0,0.0002477,2.0
729154.0,0.0002477,1.0
729160.0,0.0002477,1.0
729177.0,0.0002477,2.0
729185.0,0.0002477,1.0
729200.0,0.0002477,2.0
729202.0,0.0002477,2.0
729206.0,0.0002477,2.0
729215.0,0.0002477,1.0
729220.0,0.0002477,2.0
729234.0,0.0002477,1.0
729253.0,0.0002477,1.0
729295.0,0.0002477,2.0
729298.0,0.0002477,1.0
729320.0,0.0002477,2.0
729321.0,0.0002477,1.0
729338.0,0.0002477,1.0
729353.0,0.0002477,1.0
729371.0,0.0002477,2.0
729381.0,0.0002477,3.0
729387.0,0.0002477,2.0
729389.0,0.0002477,1.0
729406.0,0.0002477,2.0
729408.0,0.0002477,1.0
729434.0,0.0002477,1.0
729440.0,0.0002477,1.0
729447.0,0.0002477,1.0
729477.0,0.0002477,1.0
729510.0,0.0002477,1.0
729515.0,0.0002477,2.0
729533.0,0.0002477,1.0
729547.0,0.0002477,1.0
729549.0,0.0002477,1.0
729550.0,0.0002477,1.0
729556.0,0.0002477,1.0
729565.0,0.0002477,1.0
729586.0,0.0002477,2.0
729591.0,0.0002477,2.0
729622.0,0.0002477,1.0
729626.0,0.0002477,1.0
729658.0,0.0002477,2.0
729661.0,0.0002477,1.0
729682.0,0.0002477,1.0
729684.0,0.0002477,1.0
729723.0,0.0002477,1.0
729728.0,0.0002477,1.0
729730.0,0.0002477,2.0
729754.0,0.0002477,1.0
729824.0,0.0002477,2.0
729826.0,0.0002477,1.0
729828.0,0.0002477,1.0
729829.0,0.0002477,1.0
729841.0,0.0002477,2.0
729842.0,0.0002477,1.0
729847.0,0.0002477,1.0
729857.0,0.0002477,1.0
729858.0,0.0002477,1.0
729891.0,0.0002477,2.0
729919.0,0.0002477,1.0
729929.0,0.0002477,2.0
729932.0,0.0002477,1.0
729937.0,0.0002477,2.0
729981.0,0.0002477,2.0
720024.0,0.0002477,1.0
720040.0,0.0002477,2.0
720081.0,0.0002477,1.0
720107.0,0.0002477,1.0
720109.0,0.0002477,1.0
720136.0,0.0002477,1.0
720210.0,0.0002477,1.0
720238.0,0.0002477,1.0
720244.0,0.0002477,2.0
720268.0,0.0002477,1.0
720381.0,0.0002477,1.0
720551.0,0.0002477,3.0
720585.0,0.0002477,1.0
720628.0,0.0002477,1.0
720725.0,0.0002477,1.0
720756.0,0.0002477,1.0
720783.0,0.0002477,1.0
720849.0,0.0002477,1.0
720876.0,0.0002477,1.0
721118.0,0.0002477,1.0
721122.0,0.0002477,1.0
721151.0,0.0002477,2.0
721156.0,0.0002477,1.0
721179.0,0.0002477,2.0
721216.0,0.0002477,1.0
721282.0,0.0002477,1.0
721458.0,0.0002477,1.0
721486.0,0.0002477,1.0
721790.0,0.0002477,1.0
721824.0,0.0002477,2.0
721982.0,0.0002477,1.0
722062.0,0.0002477,1.0
722078.0,0.0002477,2.0
722094.0,0.0002477,1.0
722173.0,0.0002477,1.0
722239.0,0.0002477,1.0
722403.0,0.0002477,1.0
722414.0,0.0002477,1.0
722438.0,0.0002477,2.0
722503.0,0.0002477,2.0
722571.0,0.0002477,1.0
722624.0,0.0002477,1.0
722775.0,0.0002477,2.0
722829.0,0.0002477,1.0
722915.0,0.0002477,2.0
723019.0,0.0002477,3.0
723162.0,0.0002477,1.0
723197.0,0.0002477,1.0
723246.0,0.0002477,1.0
723290.0,0.0002477,1.0
723302.0,0.0002477,2.0
723340.0,0.0002477,1.0
723376.0,0.0002477,1.0
723529.0,0.0002477,1.0
723653.0,0.0002477,1.0
723857.0,0.0002477,2.0
723886.0,0.0002477,1.0
723889.0,0.0002477,2.0
723977.0,0.0002477,1.0
724023.0,0.0002477,1.0
724138.0,0.0002477,1.0
724253.0,0.0002477,2.0
724255.0,0.0002477,2.0
724508.0,0.0002477,1.0
724521.0,0.0002477,1.0
724543.0,0.0002477,1.0
724615.0,0.0002477,2.0
724654.0,0.0002477,2.0
724823.0,0.0002477,1.0
724839.0,0.0002477,1.0
724909.0,0.0002477,2.0
724936.0,0.0002477,1.0
725050.0,0.0002477,1.0
725068.0,0.0002477,1.0
725105.0,0.0002477,1.0
725278.0,0.0002477,2.0
725306.0,0.0002477,1.0
725419.0,0.0002477,1.0
725465.0,0.0002477,1.0
725482.0,0.0002477,1.0
725488.0,0.0002477,1.0
725503.0,0.0002477,2.0
725574.0,0.0002477,1.0
725636.0,0.0002477,1.0
725698.0,0.0002477,1.0
725749.0,0.0002477,1.0
725805.0,0.0002477,3.0
726009.0,0.0002477,2.0
726062.0,0.0002477,2.0
726172.0,0.0002477,2.0
726205.0,0.0002477,1.0
726224.0,0.0002477,2.0
726334.0,0.0002477,1.0
726446.0,0.0002477,1.0
726450.0,0.0002477,2.0
726525.0,0.0002477,2.0
726536.0,0.0002477,1.0
726592.0,0.0002477,2.0
726602.0,0.0002477,2.0
726761.0,0.0002477,1.0
726813.0,0.0002477,1.0
727083.0,0.0002477,1.0
727089.0,0.0002477,2.0
727145.0,0.0002477,2.0
727150.0,0.0002477,2.0
727189.0,0.0002477,2.0
727210.0,0.0002477,1.0
727264.0,0.0002477,1.0
727298.0,0.0002477,1.0
727366.0,0.0002477,2.0
727437.0,0.0002477,2.0
727487.0,0.0002477,2.0
727563.0,0.0002477,1.0
727565.0,0.0002477,2.0
727590.0,0.0002477,1.0
727773.0,0.0002477,1.0
727819.0,0.0002477,1.0
727859.0,0.0002477,1.0
727881.0,0.0002477,2.0
727943.0,0.0002477,1.0
727957.0,0.0002477,1.0
727966.0,0.0002477,2.0
727990.0,0.0002477,1.0
728041.0,0.0002477,2.0
728062.0,0.0002477,1.0
728189.0,0.0002477,2.0
728205.0,0.0002477,2.0
728207.0,0.0002477,1.0
728230.0,0.0002477,1.0
728245.0,0.0002477,1.0
728247.0,0.0002477,1.0
728388.0,0.0002477,1.0
728473.0,0.0002477,1.0
728499.0,0.0002477,1.0
728623.0,0.0002477,1.0
728885.0,0.0002477,1.0
729017.0,0.0002477,1.0
729189.0,0.0002477,1.0
729642.0,0.0002477,1.0
729681.0,0.0002477,1.0
729693.0,0.0002477,2.0
729747.0,0.0002477,1.0
729806.0,0.0002477,1.0
729944.0,0.0002477,1.0
724509.0,0.0002477,1.0
729241.0,0.0002477,1.0
720120.0,0.0002477,1.0
720344.0,0.0002477,1.0
721436.0,0.0002477,1.0
721781.0,0.0002477,1.0
721972.0,0.0002477,1.0
722015.0,0.0002477,1.0
722303.0,0.0002477,1.0
722818.0,0.0002477,1.0
722872.0,0.0002477,1.0
723254.0,0.0002477,1.0
723381.0,0.0002477,1.0
724203.0,0.0002477,1.0
725874.0,0.0002477,1.0
725999.0,0.0002477,1.0
726248.0,0.0002477,1.0
726747.0,0.0002477,1.0
727187.0,0.0002477,1.0
727834.0,0.0002477,1.0
728565.0,0.0002477,1.0
729270.0,0.0002477,1.0
729318.0,0.0002477,1.0
729628.0,0.0002477,1.0
730005.0,0.0002656,2.0
730024.0,0.0002656,3.0
730032.0,0.0002656,1.0
730036.0,0.0002656,4.0
730040.0,0.0002656,1.0
730063.0,0.0002656,2.0
730064.0,0.0002656,3.0
730070.0,0.0002656,3.0
730080.0,0.0002656,2.0
730081.0,0.0002656,1.0
730085.0,0.0002656,3.0
730106.0,0.0002656,3.0
730107.0,0.0002656,1.0
730109.0,0.0002656,1.0
730120.0,0.0002656,1.0
730123.0,0.0002656,4.0
730136.0,0.0002656,1.0
730199.0,0.0002656,3.0
730210.0,0.0002656,3.0
730235.0,0.0002656,1.0
730238.0,0.0002656,2.0
730244.0,0.0002656,1.0
730250.0,0.0002656,2.0
730268.0,0.0002656,1.0
730278.0,0.0002656,2.0
730316.0,0.0002656,2.0
730327.0,0.0002656,2.0
730328.0,0.0002656,1.0
730344.0,0.0002656,1.0
730373.0,0.0002656,4.0
730381.0,0.0002656,1.0
730383.0,0.0002656,2.0
730388.0,0.0002656,3.0
730389.0,0.0002656,4.0
730400.0,0.0002656,1.0
730402.0,0.0002656,1.0
730425.0,0.0002656,1.0
730461.0,0.0002656,3.0
730474.0,0.0002656,1.0
730505.0,0.0002656,1.0
730508.0,0.0002656,3.0
730515.0,0.0002656,2.0
730543.0,0.0002656,1.0
730551.0,0.0002656,1.0
730554.0,0.0002656,2.0
730585.0,0.0002656,1.0
730592.0,0.0002656,2.0
730620.0,0.0002656,4.0
730628.0,0.0002656,1.0
730642.0,0.0002656,2.0
730665.0,0.0002656,4.0
730680.0,0.0002656,1.0
730681.0,0.0002656,3.0
730683.0,0.0002656,2.0
730687.0,0.0002656,1.0
730702.0,0.0002656,1.0
730725.0,0.0002656,1.0
730737.0,0.0002656,4.0
730754.0,0.0002656,3.0
730756.0,0.0002656,1.0
730783.0,0.0002656,1.0
730788.0,0.0002656,2.0
730837.0,0.0002656,2.0
730841.0,0.0002656,4.0
730846.0,0.0002656,4.0
730849.0,0.0002656,1.0
730870.0,0.0002656,3.0
730876.0,0.0002656,1.0
730884.0,0.0002656,2.0
730889.0,0.0002656,2.0
730896.0,0.0002656,1.0
730904.0,0.0002656,1.0
730913.0,0.0002656,1.0
730914.0,0.0002656,4.0
730973.0,0.0002656,3.0
730976.0,0.0002656,2.0
730982.0,0.0002656,4.0
730997.0,0.0002656,3.0
731000.0,0.0002656,3.0
731008.0,0.0002656,2.0
731041.0,0.0002656,1.0
731046.0,0.0002656,2.0
731048.0,0.0002656,3.0
731078.0,0.0002656,4.0
731099.0,0.0002656,3.0
731103.0,0.0002656,2.0
731106.0,0.0002656,1.0
731108.0,0.0002656,3.0
731118.0,0.0002656,3.0
731122.0,0.0002656,1.0
731124.0,0.0002656,2.0
731147.0,0.0002656,3.0
731151.0,0.0002656,1.0
731156.0,0.0002656,1.0
731158.0,0.0002656,2.0
731179.0,0.0002656,1.0
731200.0,0.0002656,3.0
731202.0,0.0002656,4.0
731212.0,0.0002656,1.0
731216.0,0.0002656,1.0
731238.0,0.0002656,2.0
731266.0,0.0002656,4.0
731282.0,0.0002656,1.0
731288.0,0.0002656,1.0
731316.0,0.0002656,4.0
731341.0,0.0002656,2.0
731396.0,0.0002656,4.0
731427.0,0.0002656,2.0
731436.0,0.0002656,1.0
731453.0,0.0002656,1.0
731479.0,0.0002656,4.0
731486.0,0.0002656,1.0
731494.0,0.0002656,3.0
731512.0,0.0002656,2.0
731535.0,0.0002656,1.0
731537.0,0.0002656,3.0
731563.0,0.0002656,3.0
731572.0,0.0002656,3.0
731576.0,0.0002656,3.0
731580.0,0.0002656,3.0
731585.0,0.0002656,3.0
731589.0,0.0002656,1.0
731600.0,0.0002656,2.0
731603.0,0.0002656,3.0
731629.0,0.0002656,2.0
731645.0,0.0002656,2.0
731695.0,0.0002656,2.0
731730.0,0.0002656,3.0
731741.0,0.0002656,2.0
731756.0,0.0002656,2.0
731777.0,0.0002656,4.0
731781.0,0.0002656,1.0
731790.0,0.0002656,1.0
731811.0,0.0002656,2.0
731824.0,0.0002656,1.0
731826.0,0.0002656,2.0
731906.0,0.0002656,1.0
731921.0,0.0002656,3.0
731938.0,0.0002656,3.0
731964.0,0.0002656,4.0
731972.0,0.0002656,1.0
731982.0,0.0002656,1.0
731983.0,0.0002656,2.0
731986.0,0.0002656,1.0
731997.0,0.0002656,2.0
732015.0,0.0002656,1.0
732026.0,0.0002656,2.0
732029.0,0.0002656,1.0
732043.0,0.0002656,3.0
732047.0,0.0002656,3.0
732062.0,0.0002656,1.0
732075.0,0.0002656,1.0
732078.0,0.0002656,1.0
732087.0,0.0002656,1.0
732089.0,0.0002656,1.0
732094.0,0.0002656,1.0
732150.0,0.0002656,3.0
732156.0,0.0002656,1.0
732173.0,0.0002656,1.0
732177.0,0.0002656,2.0
732192.0,0.0002656,1.0
732210.0,0.0002656,1.0
732216.0,0.0002656,2.0
732239.0,0.0002656,1.0
732264.0,0.0002656,1.0
732271.0,0.0002656,1.0
732273.0,0.0002656,4.0
732303.0,0.0002656,4.0
732318.0,0.0002656,3.0
732331.0,0.0002656,2.0
732339.0,0.0002656,3.0
732340.0,0.0002656,1.0
732352.0,0.0002656,1.0
732354.0,0.0002656,3.0
732358.0,0.0002656,1.0
732368.0,0.0002656,2.0
732372.0,0.0002656,1.0
732376.0,0.0002656,2.0
732389.0,0.0002656,3.0
732397.0,0.0002656,1.0
732401.0,0.0002656,2.0
732403.0,0.0002656,1.0
732404.0,0.0002656,2.0
732413.0,0.0002656,4.0
732414.0,0.0002656,1.0
732424.0,0.0002656,1.0
732438.0,0.0002656,1.0
732461.0,0.0002656,3.0
732483.0,0.0002656,1.0
732503.0,0.0002656,1.0
732511.0,0.0002656,4.0
732557.0,0.0002656,3.0
732568.0,0.0002656,2.0
732571.0,0.0002656,1.0
732624.0,0.0002656,1.0
732633.0,0.0002656,3.0
732634.0,0.0002656,2.0
732702.0,0.0002656,1.0
732716.0,0.0002656,2.0
732725.0,0.0002656,3.0
732736.0,0.0002656,1.0
732753.0,0.0002656,1.0
732760.0,0.0002656,4.0
732764.0,0.0002656,4.0
732766.0,0.0002656,2.0
732775.0,0.0002656,1.0
732777.0,0.0002656,2.0
732818.0,0.0002656,4.0
732819.0,0.0002656,1.0
732820.0,0.0002656,1.0
732825.0,0.0002656,1.0
732826.0,0.0002656,1.0
732829.0,0.0002656,1.0
732830.0,0.0002656,1.0
732837.0,0.0002656,3.0
732861.0,0.0002656,3.0
732871.0,0.0002656,3.0
732872.0,0.0002656,4.0
732886.0,0.0002656,2.0
732887.0,0.0002656,1.0
732892.0,0.0002656,3.0
732894.0,0.0002656,2.0
732949.0,0.0002656,3.0
732978.0,0.0002656,3.0
733019.0,0.0002656,1.0
733027.0,0.0002656,2.0
733048.0,0.0002656,3.0
733055.0,0.0002656,1.0
733063.0,0.0002656,3.0
733071.0,0.0002656,2.0
733088.0,0.0002656,3.0
733089.0,0.0002656,2.0
733093.0,0.0002656,3.0
733108.0,0.0002656,2.0
733110.0,0.0002656,1.0
733120.0,0.0002656,1.0
733142.0,0.0002656,3.0
733145.0,0.0002656,1.0
733147.0,0.0002656,1.0
733162.0,0.0002656,2.0
733197.0,0.0002656,1.0
733203.0,0.0002656,1.0
733205.0,0.0002656,4.0
733213.0,0.0002656,4.0
733218.0,0.0002656,2.0
733246.0,0.0002656,2.0
733251.0,0.0002656,4.0
733252.0,0.0002656,4.0
733254.0,0.0002656,4.0
733271.0,0.0002656,5.0
733290.0,0.0002656,1.0
733300.0,0.0002656,3.0
733302.0,0.0002656,1.0
733314.0,0.0002656,1.0
733340.0,0.0002656,1.0
733341.0,0.0002656,3.0
733363.0,0.0002656,3.0
733376.0,0.0002656,1.0
733381.0,0.0002656,1.0
733392.0,0.0002656,2.0
733414.0,0.0002656,1.0
733454.0,0.0002656,4.0
733461.0,0.0002656,1.0
733492.0,0.0002656,1.0
733493.0,0.0002656,4.0
733495.0,0.0002656,3.0
733512.0,0.0002656,2.0
733514.0,0.0002656,4.0
733517.0,0.0002656,3.0
733529.0,0.0002656,2.0
733530.0,0.0002656,4.0
733544.0,0.0002656,1.0
733550.0,0.0002656,2.0
733552.0,0.0002656,1.0
733566.0,0.0002656,1.0
733568.0,0.0002656,3.0
733577.0,0.0002656,1.0
733588.0,0.0002656,1.0
733619.0,0.0002656,1.0
733644.0,0.0002656,4.0
733653.0,0.0002656,1.0
733655.0,0.0002656,2.0
733660.0,0.0002656,2.0
733671.0,0.0002656,1.0
733682.0,0.0002656,3.0
733711.0,0.0002656,3.0
733717.0,0.0002656,1.0
733771.0,0.0002656,1.0
733775.0,0.0002656,3.0
733777.0,0.0002656,2.0
733809.0,0.0002656,2.0
733813.0,0.0002656,3.0
733818.0,0.0002656,2.0
733857.0,0.0002656,2.0
733886.0,0.0002656,1.0
733889.0,0.0002656,1.0
733936.0,0.0002656,1.0
733937.0,0.0002656,1.0
733972.0,0.0002656,3.0
733977.0,0.0002656,1.0
733984.0,0.0002656,4.0
733985.0,0.0002656,2.0
733996.0,0.0002656,2.0
734001.0,0.0002656,2.0
734004.0,0.0002656,3.0
734015.0,0.0002656,2.0
734023.0,0.0002656,1.0
734025.0,0.0002656,1.0
734028.0,0.0002656,2.0
734034.0,0.0002656,1.0
734043.0,0.0002656,1.0
734045.0,0.0002656,3.0
734059.0,0.0002656,1.0
734096.0,0.0002656,1.0
734103.0,0.0002656,3.0
734107.0,0.0002656,2.0
734130.0,0.0002656,2.0
734135.0,0.0002656,3.0
734138.0,0.0002656,1.0
734165.0,0.0002656,3.0
734171.0,0.0002656,2.0
734184.0,0.0002656,2.0
734192.0,0.0002656,2.0
734203.0,0.0002656,4.0
734211.0,0.0002656,1.0
734232.0,0.0002656,1.0
734237.0,0.0002656,3.0
734251.0,0.0002656,2.0
734253.0,0.0002656,1.0
734255.0,0.0002656,1.0
734262.0,0.0002656,2.0
734264.0,0.0002656,3.0
734274.0,0.0002656,3.0
734281.0,0.0002656,3.0
734285.0,0.0002656,2.0
734294.0,0.0002656,2.0
734308.0,0.0002656,4.0
734337.0,0.0002656,2.0
734343.0,0.0002656,3.0
734344.0,0.0002656,3.0
734345.0,0.0002656,1.0
734348.0,0.0002656,4.0
734352.0,0.0002656,3.0
734362.0,0.0002656,3.0
734364.0,0.0002656,1.0
734407.0,0.0002656,1.0
734408.0,0.0002656,5.0
734426.0,0.0002656,1.0
734430.0,0.0002656,2.0
734431.0,0.0002656,2.0
734432.0,0.0002656,1.0
734433.0,0.0002656,1.0
734437.0,0.0002656,1.0
734455.0,0.0002656,2.0
734476.0,0.0002656,1.0
734480.0,0.0002656,1.0
734508.0,0.0002656,1.0
734518.0,0.0002656,4.0
734521.0,0.0002656,1.0
734543.0,0.0002656,1.0
734546.0,0.0002656,1.0
734549.0,0.0002656,2.0
734572.0,0.0002656,2.0
734579.0,0.0002656,2.0
734590.0,0.0002656,1.0
734603.0,0.0002656,1.0
734614.0,0.0002656,1.0
734615.0,0.0002656,2.0
734616.0,0.0002656,2.0
734640.0,0.0002656,4.0
734654.0,0.0002656,2.0
734691.0,0.0002656,4.0
734721.0,0.0002656,1.0
734737.0,0.0002656,4.0
734739.0,0.0002656,4.0
734741.0,0.0002656,1.0
734780.0,0.0002656,3.0
734784.0,0.0002656,1.0
734802.0,0.0002656,4.0
734822.0,0.0002656,1.0
734823.0,0.0002656,1.0
734839.0,0.0002656,1.0
734866.0,0.0002656,4.0
734890.0,0.0002656,3.0
734909.0,0.0002656,1.0
734917.0,0.0002656,3.0
734928.0,0.0002656,2.0
734936.0,0.0002656,1.0
734966.0,0.0002656,4.0
734975.0,0.0002656,4.0
734976.0,0.0002656,1.0
734977.0,0.0002656,2.0
734990.0,0.0002656,3.0
735005.0,0.0002656,2.0
735022.0,0.0002656,3.0
735030.0,0.0002656,2.0
735043.0,0.0002656,3.0
735044.0,0.0002656,1.0
735050.0,0.0002656,3.0
735051.0,0.0002656,4.0
735059.0,0.0002656,1.0
735068.0,0.0002656,1.0
735074.0,0.0002656,4.0
735088.0,0.0002656,2.0
735105.0,0.0002656,1.0
735146.0,0.0002656,3.0
735159.0,0.0002656,2.0
735160.0,0.0002656,2.0
735191.0,0.0002656,3.0
735200.0,0.0002656,1.0
735204.0,0.0002656,2.0
735212.0,0.0002656,2.0
735223.0,0.0002656,1.0
735253.0,0.0002656,4.0
735278.0,0.0002656,1.0
735287.0,0.0002656,1.0
735306.0,0.0002656,1.0
735314.0,0.0002656,1.0
735318.0,0.0002656,1.0
735328.0,0.0002656,2.0
735344.0,0.0002656,1.0
735353.0,0.0002656,2.0
735354.0,0.0002656,2.0
735357.0,0.0002656,1.0
735390.0,0.0002656,4.0
735401.0,0.0002656,3.0
735407.0,0.0002656,4.0
735419.0,0.0002656,2.0
735429.0,0.0002656,1.0
735437.0,0.0002656,3.0
735446.0,0.0002656,3.0
735451.0,0.0002656,2.0
735465.0,0.0002656,1.0
735474.0,0.0002656,4.0
735482.0,0.0002656,1.0
735488.0,0.0002656,1.0
735503.0,0.0002656,1.0
735521.0,0.0002656,1.0
735534.0,0.0002656,1.0
735542.0,0.0002656,2.0
735543.0,0.0002656,2.0
735548.0,0.0002656,4.0
735549.0,0.0002656,1.0
735555.0,0.0002656,3.0
735574.0,0.0002656,1.0
735596.0,0.0002656,4.0
735608.0,0.0002656,2.0
735610.0,0.0002656,2.0
735615.0,0.0002656,1.0
735621.0,0.0002656,2.0
735626.0,0.0002656,1.0
735636.0,0.0002656,1.0
735639.0,0.0002656,4.0
735642.0,0.0002656,2.0
735652.0,0.0002656,1.0
735660.0,0.0002656,1.0
735698.0,0.0002656,1.0
735728.0,0.0002656,3.0
735747.0,0.0002656,3.0
735749.0,0.0002656,2.0
735756.0,0.0002656,3.0
735773.0,0.0002656,3.0
735803.0,0.0002656,4.0
735805.0,0.0002656,1.0
735814.0,0.0002656,1.0
735815.0,0.0002656,3.0
735818.0,0.0002656,3.0
735844.0,0.0002656,1.0
735856.0,0.0002656,2.0
735866.0,0.0002656,1.0
735874.0,0.0002656,1.0
735893.0,0.0002656,1.0
735895.0,0.0002656,3.0
735936.0,0.0002656,2.0
735945.0,0.0002656,4.0
735950.0,0.0002656,3.0
735965.0,0.0002656,1.0
735969.0,0.0002656,2.0
735989.0,0.0002656,3.0
735999.0,0.0002656,1.0
736009.0,0.0002656,1.0
736013.0,0.0002656,1.0
736046.0,0.0002656,4.0
736048.0,0.0002656,2.0
736057.0,0.0002656,1.0
736059.0,0.0002656,2.0
736062.0,0.0002656,1.0
736095.0,0.0002656,4.0
736101.0,0.0002656,1.0
736113.0,0.0002656,1.0
736118.0,0.0002656,1.0
736125.0,0.0002656,1.0
736131.0,0.0002656,1.0
736162.0,0.0002656,1.0
736166.0,0.0002656,2.0
736172.0,0.0002656,1.0
736180.0,0.0002656,4.0
736205.0,0.0002656,1.0
736224.0,0.0002656,1.0
736227.0,0.0002656,1.0
736241.0,0.0002656,2.0
736248.0,0.0002656,1.0
736266.0,0.0002656,1.0
736270.0,0.0002656,3.0
736276.0,0.0002656,2.0
736295.0,0.0002656,2.0
736322.0,0.0002656,3.0
736326.0,0.0002656,3.0
736334.0,0.0002656,1.0
736337.0,0.0002656,4.0
736344.0,0.0002656,2.0
736388.0,0.0002656,1.0
736392.0,0.0002656,1.0
736410.0,0.0002656,2.0
736432.0,0.0002656,2.0
736436.0,0.0002656,1.0
736446.0,0.0002656,1.0
736450.0,0.0002656,1.0
736465.0,0.0002656,2.0
736483.0,0.0002656,4.0
736506.0,0.0002656,1.0
736517.0,0.0002656,1.0
736520.0,0.0002656,2.0
736525.0,0.0002656,1.0
736536.0,0.0002656,1.0
736540.0,0.0002656,3.0
736556.0,0.0002656,3.0
736573.0,0.0002656,2.0
736587.0,0.0002656,1.0
736590.0,0.0002656,2.0
736592.0,0.0002656,1.0
736602.0,0.0002656,1.0
736604.0,0.0002656,1.0
736634.0,0.0002656,3.0
736648.0,0.0002656,2.0
736747.0,0.0002656,1.0
736761.0,0.0002656,1.0
736767.0,0.0002656,2.0
736790.0,0.0002656,2.0
736813.0,0.0002656,1.0
736814.0,0.0002656,2.0
736820.0,0.0002656,1.0
736840.0,0.0002656,3.0
736859.0,0.0002656,4.0
736860.0,0.0002656,2.0
736913.0,0.0002656,2.0
736953.0,0.0002656,1.0
736969.0,0.0002656,2.0
736973.0,0.0002656,1.0
736986.0,0.0002656,3.0
737050.0,0.0002656,4.0
737083.0,0.0002656,1.0
737089.0,0.0002656,1.0
737145.0,0.0002656,1.0
737150.0,0.0002656,1.0
737170.0,0.0002656,2.0
737177.0,0.0002656,2.0
737187.0,0.0002656,4.0
737189.0,0.0002656,1.0
737210.0,0.0002656,1.0
737226.0,0.0002656,3.0
737238.0,0.0002656,2.0
737255.0,0.0002656,2.0
737264.0,0.0002656,1.0
737268.0,0.0002656,2.0
737273.0,0.0002656,3.0
737286.0,0.0002656,3.0
737298.0,0.0002656,1.0
737300.0,0.0002656,1.0
737308.0,0.0002656,3.0
737309.0,0.0002656,1.0
737322.0,0.0002656,2.0
737324.0,0.0002656,1.0
737341.0,0.0002656,1.0
737348.0,0.0002656,2.0
737349.0,0.0002656,1.0
737356.0,0.0002656,3.0
737366.0,0.0002656,1.0
737369.0,0.0002656,2.0
737415.0,0.0002656,3.0
737434.0,0.0002656,1.0
737437.0,0.0002656,1.0
737453.0,0.0002656,3.0
737466.0,0.0002656,1.0
737471.0,0.0002656,4.0
737482.0,0.0002656,2.0
737487.0,0.0002656,1.0
737520.0,0.0002656,4.0
737525.0,0.0002656,2.0
737535.0,0.0002656,3.0
737558.0,0.0002656,2.0
737563.0,0.0002656,1.0
737565.0,0.0002656,1.0
737590.0,0.0002656,1.0
737612.0,0.0002656,3.0
737616.0,0.0002656,2.0
737620.0,0.0002656,2.0
737659.0,0.0002656,4.0
737694.0,0.0002656,4.0
737699.0,0.0002656,3.0
737701.0,0.0002656,3.0
737706.0,0.0002656,3.0
737710.0,0.0002656,2.0
737711.0,0.0002656,4.0
737714.0,0.0002656,1.0
737721.0,0.0002656,3.0
737728.0,0.0002656,1.0
737752.0,0.0002656,2.0
737761.0,0.0002656,2.0
737765.0,0.0002656,2.0
737773.0,0.0002656,1.0
737778.0,0.0002656,1.0
737817.0,0.0002656,2.0
737819.0,0.0002656,2.0
737829.0,0.0002656,3.0
737834.0,0.0002656,1.0
737847.0,0.0002656,2.0
737852.0,0.0002656,2.0
737859.0,0.0002656,1.0
737877.0,0.0002656,1.0
737881.0,0.0002656,1.0
737903.0,0.0002656,1.0
737917.0,0.0002656,2.0
737941.0,0.0002656,4.0
737943.0,0.0002656,1.0
737948.0,0.0002656,2.0
737957.0,0.0002656,1.0
737966.0,0.0002656,1.0
737990.0,0.0002656,1.0
737991.0,0.0002656,2.0
738025.0,0.0002656,1.0
738026.0,0.0002656,1.0
738031.0,0.0002656,2.0
738041.0,0.0002656,1.0
738050.0,0.0002656,2.0
738055.0,0.0002656,1.0
738062.0,0.0002656,1.0
738080.0,0.0002656,2.0
738086.0,0.0002656,3.0
738088.0,0.0002656,3.0
738105.0,0.0002656,1.0
738113.0,0.0002656,3.0
738117.0,0.0002656,1.0
738146.0,0.0002656,3.0
738171.0,0.0002656,3.0
738188.0,0.0002656,2.0
738189.0,0.0002656,1.0
738205.0,0.0002656,1.0
738207.0,0.0002656,3.0
738223.0,0.0002656,1.0
738230.0,0.0002656,1.0
738233.0,0.0002656,3.0
738245.0,0.0002656,2.0
738247.0,0.0002656,1.0
738259.0,0.0002656,2.0
738276.0,0.0002656,3.0
738305.0,0.0002656,1.0
738307.0,0.0002656,3.0
738352.0,0.0002656,2.0
738356.0,0.0002656,2.0
738388.0,0.0002656,1.0
738453.0,0.0002656,3.0
738462.0,0.0002656,3.0
738469.0,0.0002656,4.0
738473.0,0.0002656,3.0
738475.0,0.0002656,1.0
738493.0,0.0002656,2.0
738499.0,0.0002656,2.0
738513.0,0.0002656,2.0
738535.0,0.0002656,2.0
738565.0,0.0002656,1.0
738570.0,0.0002656,1.0
738621.0,0.0002656,1.0
738623.0,0.0002656,1.0
738678.0,0.0002656,4.0
738691.0,0.0002656,2.0
738703.0,0.0002656,1.0
738718.0,0.0002656,2.0
738725.0,0.0002656,2.0
738732.0,0.0002656,2.0
738752.0,0.0002656,2.0
738769.0,0.0002656,3.0
738783.0,0.0002656,4.0
738788.0,0.0002656,2.0
738794.0,0.0002656,1.0
738805.0,0.0002656,1.0
738814.0,0.0002656,2.0
738820.0,0.0002656,2.0
738841.0,0.0002656,2.0
738857.0,0.0002656,1.0
738869.0,0.0002656,3.0
738885.0,0.0002656,1.0
738897.0,0.0002656,2.0
738898.0,0.0002656,1.0
738912.0,0.0002656,2.0
738930.0,0.0002656,3.0
738936.0,0.0002656,4.0
738972.0,0.0002656,3.0
738986.0,0.0002656,1.0
738993.0,0.0002656,2.0
739009.0,0.0002656,3.0
739015.0,0.0002656,4.0
739017.0,0.0002656,1.0
739026.0,0.0002656,2.0
739029.0,0.0002656,1.0
739043.0,0.0002656,1.0
739050.0,0.0002656,1.0
739054.0,0.0002656,1.0
739059.0,0.0002656,2.0
739082.0,0.0002656,2.0
739085.0,0.0002656,2.0
739096.0,0.0002656,3.0
739130.0,0.0002656,1.0
739133.0,0.0002656,2.0
739151.0,0.0002656,4.0
739177.0,0.0002656,2.0
739185.0,0.0002656,2.0
739189.0,0.0002656,1.0
739190.0,0.0002656,1.0
739206.0,0.0002656,3.0
739218.0,0.0002656,2.0
739220.0,0.0002656,1.0
739233.0,0.0002656,1.0
739241.0,0.0002656,1.0
739270.0,0.0002656,4.0
739295.0,0.0002656,2.0
739298.0,0.0002656,3.0
739318.0,0.0002656,1.0
739320.0,0.0002656,3.0
739321.0,0.0002656,3.0
739338.0,0.0002656,2.0
739353.0,0.0002656,2.0
739363.0,0.0002656,1.0
739371.0,0.0002656,2.0
739381.0,0.0002656,2.0
739387.0,0.0002656,1.0
739406.0,0.0002656,2.0
739408.0,0.0002656,2.0
739434.0,0.0002656,3.0
739440.0,0.0002656,3.0
739447.0,0.0002656,4.0
739477.0,0.0002656,2.0
739510.0,0.0002656,1.0
739515.0,0.0002656,1.0
739549.0,0.0002656,4.0
739556.0,0.0002656,1.0
739586.0,0.0002656,1.0
739591.0,0.0002656,1.0
739622.0,0.0002656,3.0
739626.0,0.0002656,3.0
739628.0,0.0002656,1.0
739642.0,0.0002656,1.0
739658.0,0.0002656,2.0
739661.0,0.0002656,1.0
739681.0,0.0002656,1.0
739682.0,0.0002656,2.0
739684.0,0.0002656,3.0
739693.0,0.0002656,1.0
739723.0,0.0002656,2.0
739747.0,0.0002656,1.0
739754.0,0.0002656,2.0
739806.0,0.0002656,1.0
739828.0,0.0002656,3.0
739829.0,0.0002656,1.0
739841.0,0.0002656,2.0
739857.0,0.0002656,3.0
739891.0,0.0002656,2.0
739917.0,0.0002656,1.0
739919.0,0.0002656,4.0
739929.0,0.0002656,4.0
739937.0,0.0002656,2.0
739944.0,0.0002656,3.0
739981.0,0.0002656,3.0
730027.0,0.0002656,1.0
731687.0,0.0002656,1.0
733303.0,0.0002656,1.0
734424.0,0.0002656,1.0
734704.0,0.0002656,1.0
736539.0,0.0002656,1.0
737080.0,0.0002656,1.0
737148.0,0.0002656,1.0
737357.0,0.0002656,1.0
738679.0,0.0002656,1.0
738686.0,0.0002656,1.0
738829.0,0.0002656,1.0
738921.0,0.0002656,1.0
739039.0,0.0002656,1.0
739200.0,0.0002656,1.0
739730.0,0.0002656,1.0
740004.0,0.0002848,1.0
740005.0,0.0002848,2.0
740024.0,0.0002848,2.0
740027.0,0.0002848,2.0
740029.0,0.0002848,1.0
740032.0,0.0002848,4.0
740036.0,0.0002848,4.0
740040.0,0.0002848,3.0
740063.0,0.0002848,2.0
740064.0,0.0002848,4.0
740070.0,0.0002848,3.0
740080.0,0.0002848,2.0
740085.0,0.0002848,4.0
740103.0,0.0002848,1.0
740106.0,0.0002848,3.0
740107.0,0.0002848,2.0
740109.0,0.0002848,2.0
740120.0,0.0002848,1.0
740126.0,0.0002848,2.0
740139.0,0.0002848,1.0
740144.0,0.0002848,1.0
740199.0,0.0002848,3.0
740207.0,0.0002848,1.0
740210.0,0.0002848,2.0
740217.0,0.0002848,1.0
740235.0,0.0002848,3.0
740240.0,0.0002848,1.0
740250.0,0.0002848,3.0
740254.0,0.0002848,1.0
740278.0,0.0002848,2.0
740291.0,0.0002848,2.0
740294.0,0.0002848,1.0
740307.0,0.0002848,1.0
740314.0,0.0002848,1.0
740316.0,0.0002848,3.0
740327.0,0.0002848,1.0
740334.0,0.0002848,2.0
740344.0,0.0002848,1.0
740346.0,0.0002848,2.0
740365.0,0.0002848,1.0
740366.0,0.0002848,1.0
740383.0,0.0002848,2.0
740388.0,0.0002848,2.0
740389.0,0.0002848,3.0
740400.0,0.0002848,3.0
740402.0,0.0002848,2.0
740424.0,0.0002848,1.0
740438.0,0.0002848,1.0
740439.0,0.0002848,1.0
740442.0,0.0002848,1.0
740461.0,0.0002848,2.0
740474.0,0.0002848,3.0
740487.0,0.0002848,1.0
740490.0,0.0002848,1.0
740503.0,0.0002848,1.0
740505.0,0.0002848,2.0
740508.0,0.0002848,3.0
740515.0,0.0002848,2.0
740525.0,0.0002848,2.0
740543.0,0.0002848,2.0
740551.0,0.0002848,2.0
740554.0,0.0002848,6.0
740566.0,0.0002848,1.0
740568.0,0.0002848,1.0
740585.0,0.0002848,3.0
740592.0,0.0002848,5.0
740604.0,0.0002848,1.0
740620.0,0.0002848,3.0
740634.0,0.0002848,1.0
740642.0,0.0002848,2.0
740665.0,0.0002848,3.0
740680.0,0.0002848,2.0
740681.0,0.0002848,2.0
740683.0,0.0002848,2.0
740687.0,0.0002848,2.0
740690.0,0.0002848,1.0
740725.0,0.0002848,4.0
740730.0,0.0002848,1.0
740737.0,0.0002848,3.0
740754.0,0.0002848,3.0
740760.0,0.0002848,1.0
740788.0,0.0002848,3.0
740790.0,0.0002848,1.0
740800.0,0.0002848,1.0
740821.0,0.0002848,2.0
740837.0,0.0002848,5.0
740839.0,0.0002848,1.0
740841.0,0.0002848,4.0
740842.0,0.0002848,1.0
740846.0,0.0002848,3.0
740858.0,0.0002848,1.0
740862.0,0.0002848,1.0
740870.0,0.0002848,2.0
740871.0,0.0002848,1.0
740884.0,0.0002848,2.0
740889.0,0.0002848,2.0
740896.0,0.0002848,2.0
740899.0,0.0002848,1.0
740912.0,0.0002848,1.0
740914.0,0.0002848,3.0
740973.0,0.0002848,4.0
740982.0,0.0002848,3.0
740997.0,0.0002848,3.0
740998.0,0.0002848,1.0
741000.0,0.0002848,3.0
741008.0,0.0002848,2.0
741019.0,0.0002848,1.0
741021.0,0.0002848,1.0
741041.0,0.0002848,2.0
741048.0,0.0002848,2.0
741051.0,0.0002848,1.0
741064.0,0.0002848,1.0
741078.0,0.0002848,3.0
741099.0,0.0002848,4.0
741103.0,0.0002848,2.0
741106.0,0.0002848,1.0
741108.0,0.0002848,3.0
741118.0,0.0002848,3.0
741124.0,0.0002848,4.0
741132.0,0.0002848,1.0
741138.0,0.0002848,1.0
741139.0,0.0002848,1.0
741147.0,0.0002848,5.0
741151.0,0.0002848,3.0
741156.0,0.0002848,3.0
741158.0,0.0002848,2.0
741161.0,0.0002848,1.0
741177.0,0.0002848,1.0
741179.0,0.0002848,3.0
741192.0,0.0002848,1.0
741200.0,0.0002848,2.0
741202.0,0.0002848,2.0
741203.0,0.0002848,2.0
741206.0,0.0002848,2.0
741212.0,0.0002848,2.0
741238.0,0.0002848,3.0
741256.0,0.0002848,2.0
741266.0,0.0002848,3.0
741282.0,0.0002848,2.0
741285.0,0.0002848,1.0
741286.0,0.0002848,1.0
741289.0,0.0002848,1.0
741290.0,0.0002848,1.0
741298.0,0.0002848,1.0
741308.0,0.0002848,2.0
741316.0,0.0002848,3.0
741318.0,0.0002848,1.0
741338.0,0.0002848,1.0
741341.0,0.0002848,2.0
741350.0,0.0002848,1.0
741352.0,0.0002848,1.0
741354.0,0.0002848,2.0
741381.0,0.0002848,1.0
741390.0,0.0002848,1.0
741396.0,0.0002848,3.0
741403.0,0.0002848,1.0
741406.0,0.0002848,1.0
741416.0,0.0002848,2.0
741427.0,0.0002848,2.0
741436.0,0.0002848,3.0
741448.0,0.0002848,1.0
741454.0,0.0002848,2.0
741458.0,0.0002848,4.0
741479.0,0.0002848,3.0
741481.0,0.0002848,1.0
741494.0,0.0002848,3.0
741512.0,0.0002848,2.0
741536.0,0.0002848,1.0
741537.0,0.0002848,3.0
741546.0,0.0002848,1.0
741562.0,0.0002848,1.0
741563.0,0.0002848,3.0
741572.0,0.0002848,4.0
741576.0,0.0002848,2.0
741580.0,0.0002848,3.0
741585.0,0.0002848,3.0
741589.0,0.0002848,2.0
741600.0,0.0002848,4.0
741602.0,0.0002848,1.0
741603.0,0.0002848,3.0
741611.0,0.0002848,1.0
741629.0,0.0002848,2.0
741645.0,0.0002848,3.0
741666.0,0.0002848,1.0
741679.0,0.0002848,1.0
741683.0,0.0002848,1.0
741687.0,0.0002848,1.0
741695.0,0.0002848,4.0
741720.0,0.0002848,1.0
741730.0,0.0002848,4.0
741741.0,0.0002848,2.0
741754.0,0.0002848,1.0
741756.0,0.0002848,2.0
741777.0,0.0002848,3.0
741781.0,0.0002848,2.0
741811.0,0.0002848,2.0
741816.0,0.0002848,1.0
741817.0,0.0002848,1.0
741820.0,0.0002848,1.0
741824.0,0.0002848,2.0
741826.0,0.0002848,3.0
741846.0,0.0002848,1.0
741848.0,0.0002848,1.0
741867.0,0.0002848,1.0
741874.0,0.0002848,1.0
741906.0,0.0002848,3.0
741908.0,0.0002848,1.0
741921.0,0.0002848,2.0
741936.0,0.0002848,1.0
741938.0,0.0002848,4.0
741957.0,0.0002848,1.0
741964.0,0.0002848,3.0
741983.0,0.0002848,2.0
741986.0,0.0002848,2.0
741997.0,0.0002848,2.0
742015.0,0.0002848,1.0
742026.0,0.0002848,4.0
742029.0,0.0002848,2.0
742044.0,0.0002848,1.0
742047.0,0.0002848,4.0
742071.0,0.0002848,1.0
742075.0,0.0002848,2.0
742087.0,0.0002848,3.0
742111.0,0.0002848,1.0
742123.0,0.0002848,1.0
742150.0,0.0002848,3.0
742173.0,0.0002848,3.0
742177.0,0.0002848,2.0
742187.0,0.0002848,1.0
742210.0,0.0002848,4.0
742216.0,0.0002848,2.0
742239.0,0.0002848,4.0
742264.0,0.0002848,2.0
742271.0,0.0002848,5.0
742273.0,0.0002848,3.0
742278.0,0.0002848,1.0
742283.0,0.0002848,1.0
742299.0,0.0002848,1.0
742303.0,0.0002848,3.0
742312.0,0.0002848,1.0
742313.0,0.0002848,1.0
742318.0,0.0002848,3.0
742331.0,0.0002848,1.0
742337.0,0.0002848,1.0
742339.0,0.0002848,3.0
742340.0,0.0002848,4.0
742343.0,0.0002848,1.0
742345.0,0.0002848,1.0
742352.0,0.0002848,2.0
742354.0,0.0002848,2.0
742358.0,0.0002848,1.0
742368.0,0.0002848,5.0
742389.0,0.0002848,3.0
742397.0,0.0002848,3.0
742401.0,0.0002848,2.0
742404.0,0.0002848,3.0
742413.0,0.0002848,4.0
742424.0,0.0002848,3.0
742430.0,0.0002848,1.0
742434.0,0.0002848,2.0
742438.0,0.0002848,3.0
742461.0,0.0002848,2.0
742503.0,0.0002848,3.0
742511.0,0.0002848,2.0
742514.0,0.0002848,1.0
742542.0,0.0002848,1.0
742557.0,0.0002848,3.0
742568.0,0.0002848,4.0
742571.0,0.0002848,3.0
742576.0,0.0002848,1.0
742597.0,0.0002848,1.0
742601.0,0.0002848,1.0
742631.0,0.0002848,1.0
742633.0,0.0002848,4.0
742634.0,0.0002848,3.0
742702.0,0.0002848,2.0
742716.0,0.0002848,4.0
742725.0,0.0002848,4.0
742726.0,0.0002848,1.0
742736.0,0.0002848,4.0
742760.0,0.0002848,3.0
742764.0,0.0002848,3.0
742775.0,0.0002848,2.0
742777.0,0.0002848,5.0
742786.0,0.0002848,1.0
742787.0,0.0002848,1.0
742818.0,0.0002848,2.0
742819.0,0.0002848,2.0
742825.0,0.0002848,4.0
742826.0,0.0002848,1.0
742837.0,0.0002848,3.0
742839.0,0.0002848,1.0
742861.0,0.0002848,1.0
742862.0,0.0002848,2.0
742871.0,0.0002848,3.0
742872.0,0.0002848,2.0
742875.0,0.0002848,1.0
742878.0,0.0002848,2.0
742886.0,0.0002848,1.0
742888.0,0.0002848,1.0
742890.0,0.0002848,1.0
742892.0,0.0002848,4.0
742894.0,0.0002848,3.0
742945.0,0.0002848,1.0
742949.0,0.0002848,3.0
742959.0,0.0002848,1.0
742978.0,0.0002848,3.0
742997.0,0.0002848,1.0
743005.0,0.0002848,1.0
743019.0,0.0002848,2.0
743027.0,0.0002848,3.0
743048.0,0.0002848,3.0
743055.0,0.0002848,2.0
743056.0,0.0002848,1.0
743063.0,0.0002848,3.0
743071.0,0.0002848,2.0
743088.0,0.0002848,3.0
743089.0,0.0002848,2.0
743093.0,0.0002848,3.0
743106.0,0.0002848,1.0
743108.0,0.0002848,3.0
743110.0,0.0002848,3.0
743120.0,0.0002848,4.0
743124.0,0.0002848,1.0
743135.0,0.0002848,1.0
743142.0,0.0002848,5.0
743145.0,0.0002848,4.0
743147.0,0.0002848,3.0
743162.0,0.0002848,3.0
743197.0,0.0002848,4.0
743205.0,0.0002848,2.0
743218.0,0.0002848,3.0
743240.0,0.0002848,1.0
743246.0,0.0002848,3.0
743251.0,0.0002848,3.0
743252.0,0.0002848,3.0
743254.0,0.0002848,2.0
743271.0,0.0002848,2.0
743276.0,0.0002848,1.0
743287.0,0.0002848,1.0
743297.0,0.0002848,1.0
743300.0,0.0002848,3.0
743302.0,0.0002848,2.0
743303.0,0.0002848,1.0
743305.0,0.0002848,2.0
743310.0,0.0002848,1.0
743314.0,0.0002848,3.0
743319.0,0.0002848,1.0
743341.0,0.0002848,3.0
743363.0,0.0002848,2.0
743364.0,0.0002848,1.0
743372.0,0.0002848,1.0
743376.0,0.0002848,4.0
743381.0,0.0002848,2.0
743388.0,0.0002848,1.0
743392.0,0.0002848,2.0
743410.0,0.0002848,1.0
743411.0,0.0002848,2.0
743414.0,0.0002848,2.0
743426.0,0.0002848,1.0
743436.0,0.0002848,1.0
743454.0,0.0002848,3.0
743461.0,0.0002848,3.0
743474.0,0.0002848,2.0
743490.0,0.0002848,1.0
743493.0,0.0002848,4.0
743501.0,0.0002848,1.0
743512.0,0.0002848,2.0
743513.0,0.0002848,1.0
743514.0,0.0002848,3.0
743517.0,0.0002848,4.0
743527.0,0.0002848,1.0
743529.0,0.0002848,2.0
743530.0,0.0002848,4.0
743544.0,0.0002848,1.0
743550.0,0.0002848,4.0
743566.0,0.0002848,3.0
743568.0,0.0002848,4.0
743577.0,0.0002848,2.0
743588.0,0.0002848,1.0
743615.0,0.0002848,1.0
743626.0,0.0002848,1.0
743642.0,0.0002848,1.0
743644.0,0.0002848,4.0
743655.0,0.0002848,1.0
743660.0,0.0002848,2.0
743671.0,0.0002848,2.0
743672.0,0.0002848,2.0
743682.0,0.0002848,4.0
743686.0,0.0002848,1.0
743697.0,0.0002848,1.0
743711.0,0.0002848,4.0
743717.0,0.0002848,4.0
743731.0,0.0002848,1.0
743739.0,0.0002848,1.0
743745.0,0.0002848,2.0
743753.0,0.0002848,1.0
743767.0,0.0002848,1.0
743771.0,0.0002848,2.0
743775.0,0.0002848,4.0
743777.0,0.0002848,1.0
743809.0,0.0002848,3.0
743813.0,0.0002848,4.0
743818.0,0.0002848,3.0
743827.0,0.0002848,1.0
743850.0,0.0002848,2.0
743853.0,0.0002848,1.0
743857.0,0.0002848,2.0
743859.0,0.0002848,1.0
743881.0,0.0002848,1.0
743889.0,0.0002848,2.0
743936.0,0.0002848,3.0
743937.0,0.0002848,1.0
743944.0,0.0002848,2.0
743953.0,0.0002848,1.0
743972.0,0.0002848,4.0
743977.0,0.0002848,4.0
743982.0,0.0002848,1.0
743984.0,0.0002848,4.0
743985.0,0.0002848,2.0
743987.0,0.0002848,1.0
743994.0,0.0002848,1.0
743995.0,0.0002848,2.0
743996.0,0.0002848,3.0
744001.0,0.0002848,3.0
744004.0,0.0002848,5.0
744010.0,0.0002848,1.0
744025.0,0.0002848,2.0
744028.0,0.0002848,6.0
744034.0,0.0002848,2.0
744038.0,0.0002848,1.0
744043.0,0.0002848,2.0
744045.0,0.0002848,3.0
744047.0,0.0002848,1.0
744054.0,0.0002848,1.0
744059.0,0.0002848,1.0
744096.0,0.0002848,4.0
744100.0,0.0002848,1.0
744102.0,0.0002848,1.0
744103.0,0.0002848,3.0
744107.0,0.0002848,2.0
744127.0,0.0002848,1.0
744130.0,0.0002848,1.0
744138.0,0.0002848,3.0
744139.0,0.0002848,1.0
744140.0,0.0002848,1.0
744145.0,0.0002848,1.0
744165.0,0.0002848,4.0
744167.0,0.0002848,1.0
744171.0,0.0002848,5.0
744173.0,0.0002848,2.0
744184.0,0.0002848,3.0
744203.0,0.0002848,2.0
744211.0,0.0002848,1.0
744232.0,0.0002848,2.0
744234.0,0.0002848,1.0
744235.0,0.0002848,1.0
744237.0,0.0002848,3.0
744251.0,0.0002848,3.0
744255.0,0.0002848,3.0
744261.0,0.0002848,1.0
744262.0,0.0002848,5.0
744264.0,0.0002848,3.0
744268.0,0.0002848,1.0
744274.0,0.0002848,3.0
744285.0,0.0002848,3.0
744288.0,0.0002848,1.0
744294.0,0.0002848,2.0
744308.0,0.0002848,3.0
744312.0,0.0002848,1.0
744337.0,0.0002848,3.0
744343.0,0.0002848,2.0
744344.0,0.0002848,3.0
744348.0,0.0002848,2.0
744349.0,0.0002848,1.0
744352.0,0.0002848,3.0
744362.0,0.0002848,3.0
744364.0,0.0002848,3.0
744407.0,0.0002848,2.0
744408.0,0.0002848,3.0
744412.0,0.0002848,1.0
744417.0,0.0002848,1.0
744421.0,0.0002848,1.0
744424.0,0.0002848,1.0
744430.0,0.0002848,2.0
744432.0,0.0002848,2.0
744437.0,0.0002848,1.0
744455.0,0.0002848,2.0
744472.0,0.0002848,1.0
744476.0,0.0002848,4.0
744484.0,0.0002848,1.0
744487.0,0.0002848,1.0
744499.0,0.0002848,1.0
744505.0,0.0002848,1.0
744509.0,0.0002848,1.0
744518.0,0.0002848,3.0
744520.0,0.0002848,1.0
744523.0,0.0002848,1.0
744546.0,0.0002848,2.0
744547.0,0.0002848,1.0
744549.0,0.0002848,4.0
744561.0,0.0002848,1.0
744567.0,0.0002848,1.0
744572.0,0.0002848,2.0
744575.0,0.0002848,1.0
744579.0,0.0002848,2.0
744600.0,0.0002848,1.0
744603.0,0.0002848,4.0
744614.0,0.0002848,2.0
744615.0,0.0002848,2.0
744616.0,0.0002848,2.0
744637.0,0.0002848,1.0
744640.0,0.0002848,3.0
744675.0,0.0002848,1.0
744691.0,0.0002848,3.0
744721.0,0.0002848,3.0
744727.0,0.0002848,1.0
744735.0,0.0002848,1.0
744737.0,0.0002848,3.0
744739.0,0.0002848,4.0
744741.0,0.0002848,3.0
744758.0,0.0002848,1.0
744780.0,0.0002848,3.0
744787.0,0.0002848,1.0
744802.0,0.0002848,4.0
744811.0,0.0002848,1.0
744822.0,0.0002848,2.0
744831.0,0.0002848,1.0
744833.0,0.0002848,1.0
744835.0,0.0002848,1.0
744853.0,0.0002848,1.0
744858.0,0.0002848,1.0
744866.0,0.0002848,5.0
744890.0,0.0002848,2.0
744903.0,0.0002848,1.0
744904.0,0.0002848,1.0
744906.0,0.0002848,1.0
744909.0,0.0002848,3.0
744917.0,0.0002848,5.0
744927.0,0.0002848,1.0
744928.0,0.0002848,2.0
744936.0,0.0002848,4.0
744943.0,0.0002848,1.0
744966.0,0.0002848,5.0
744975.0,0.0002848,2.0
744976.0,0.0002848,2.0
744981.0,0.0002848,1.0
744996.0,0.0002848,1.0
745005.0,0.0002848,3.0
745022.0,0.0002848,3.0
745030.0,0.0002848,2.0
745043.0,0.0002848,3.0
745044.0,0.0002848,2.0
745050.0,0.0002848,2.0
745051.0,0.0002848,4.0
745059.0,0.0002848,1.0
745074.0,0.0002848,4.0
745088.0,0.0002848,2.0
745101.0,0.0002848,2.0
745105.0,0.0002848,3.0
745121.0,0.0002848,1.0
745122.0,0.0002848,1.0
745146.0,0.0002848,4.0
745157.0,0.0002848,1.0
745159.0,0.0002848,2.0
745160.0,0.0002848,2.0
745170.0,0.0002848,1.0
745181.0,0.0002848,1.0
745191.0,0.0002848,2.0
745200.0,0.0002848,2.0
745204.0,0.0002848,3.0
745212.0,0.0002848,2.0
745223.0,0.0002848,1.0
745249.0,0.0002848,1.0
745260.0,0.0002848,1.0
745278.0,0.0002848,3.0
745281.0,0.0002848,2.0
745304.0,0.0002848,1.0
745305.0,0.0002848,1.0
745314.0,0.0002848,3.0
745318.0,0.0002848,3.0
745319.0,0.0002848,1.0
745327.0,0.0002848,1.0
745328.0,0.0002848,2.0
745344.0,0.0002848,2.0
745353.0,0.0002848,2.0
745354.0,0.0002848,2.0
745357.0,0.0002848,4.0
745358.0,0.0002848,1.0
745379.0,0.0002848,1.0
745390.0,0.0002848,3.0
745401.0,0.0002848,3.0
745407.0,0.0002848,2.0
745419.0,0.0002848,3.0
745429.0,0.0002848,3.0
745437.0,0.0002848,3.0
745438.0,0.0002848,1.0
745446.0,0.0002848,3.0
745448.0,0.0002848,1.0
745450.0,0.0002848,1.0
745451.0,0.0002848,3.0
745456.0,0.0002848,1.0
745465.0,0.0002848,3.0
745468.0,0.0002848,1.0
745470.0,0.0002848,2.0
745474.0,0.0002848,3.0
745488.0,0.0002848,4.0
745503.0,0.0002848,4.0
745521.0,0.0002848,3.0
745532.0,0.0002848,1.0
745534.0,0.0002848,2.0
745540.0,0.0002848,2.0
745542.0,0.0002848,2.0
745543.0,0.0002848,4.0
745548.0,0.0002848,3.0
745549.0,0.0002848,2.0
745555.0,0.0002848,6.0
745596.0,0.0002848,4.0
745608.0,0.0002848,3.0
745610.0,0.0002848,3.0
745615.0,0.0002848,3.0
745621.0,0.0002848,2.0
745627.0,0.0002848,1.0
745639.0,0.0002848,2.0
745642.0,0.0002848,2.0
745648.0,0.0002848,1.0
745652.0,0.0002848,2.0
745660.0,0.0002848,3.0
745663.0,0.0002848,1.0
745686.0,0.0002848,1.0
745708.0,0.0002848,1.0
745724.0,0.0002848,1.0
745728.0,0.0002848,4.0
745729.0,0.0002848,1.0
745747.0,0.0002848,4.0
745749.0,0.0002848,3.0
745756.0,0.0002848,3.0
745767.0,0.0002848,1.0
745773.0,0.0002848,2.0
745785.0,0.0002848,1.0
745803.0,0.0002848,3.0
745805.0,0.0002848,2.0
745807.0,0.0002848,1.0
745814.0,0.0002848,3.0
745815.0,0.0002848,4.0
745818.0,0.0002848,3.0
745835.0,0.0002848,1.0
745844.0,0.0002848,2.0
745856.0,0.0002848,3.0
745866.0,0.0002848,1.0
745874.0,0.0002848,1.0
745886.0,0.0002848,1.0
745893.0,0.0002848,1.0
745895.0,0.0002848,2.0
745918.0,0.0002848,1.0
745936.0,0.0002848,2.0
745941.0,0.0002848,1.0
745944.0,0.0002848,1.0
745945.0,0.0002848,3.0
745951.0,0.0002848,1.0
745965.0,0.0002848,3.0
745969.0,0.0002848,2.0
745973.0,0.0002848,2.0
745986.0,0.0002848,1.0
745987.0,0.0002848,1.0
745989.0,0.0002848,2.0
745999.0,0.0002848,1.0
746009.0,0.0002848,3.0
746046.0,0.0002848,5.0
746048.0,0.0002848,2.0
746062.0,0.0002848,3.0
746071.0,0.0002848,1.0
746095.0,0.0002848,3.0
746101.0,0.0002848,3.0
746109.0,0.0002848,1.0
746113.0,0.0002848,3.0
746123.0,0.0002848,1.0
746125.0,0.0002848,4.0
746140.0,0.0002848,1.0
746142.0,0.0002848,1.0
746162.0,0.0002848,1.0
746166.0,0.0002848,2.0
746172.0,0.0002848,3.0
746180.0,0.0002848,3.0
746184.0,0.0002848,1.0
746197.0,0.0002848,1.0
746199.0,0.0002848,1.0
746225.0,0.0002848,1.0
746227.0,0.0002848,1.0
746241.0,0.0002848,2.0
746248.0,0.0002848,2.0
746266.0,0.0002848,4.0
746276.0,0.0002848,3.0
746295.0,0.0002848,4.0
746308.0,0.0002848,1.0
746322.0,0.0002848,3.0
746326.0,0.0002848,3.0
746333.0,0.0002848,1.0
746334.0,0.0002848,3.0
746337.0,0.0002848,5.0
746344.0,0.0002848,3.0
746347.0,0.0002848,2.0
746388.0,0.0002848,3.0
746410.0,0.0002848,3.0
746432.0,0.0002848,2.0
746436.0,0.0002848,4.0
746446.0,0.0002848,3.0
746450.0,0.0002848,3.0
746463.0,0.0002848,1.0
746464.0,0.0002848,1.0
746465.0,0.0002848,2.0
746480.0,0.0002848,1.0
746483.0,0.0002848,3.0
746485.0,0.0002848,1.0
746519.0,0.0002848,1.0
746525.0,0.0002848,3.0
746539.0,0.0002848,1.0
746540.0,0.0002848,4.0
746556.0,0.0002848,3.0
746573.0,0.0002848,2.0
746574.0,0.0002848,1.0
746576.0,0.0002848,1.0
746584.0,0.0002848,1.0
746587.0,0.0002848,3.0
746590.0,0.0002848,3.0
746592.0,0.0002848,3.0
746609.0,0.0002848,1.0
746634.0,0.0002848,3.0
746636.0,0.0002848,1.0
746648.0,0.0002848,1.0
746650.0,0.0002848,1.0
746660.0,0.0002848,1.0
746686.0,0.0002848,1.0
746707.0,0.0002848,2.0
746747.0,0.0002848,1.0
746757.0,0.0002848,1.0
746767.0,0.0002848,2.0
746790.0,0.0002848,3.0
746793.0,0.0002848,1.0
746805.0,0.0002848,1.0
746814.0,0.0002848,2.0
746818.0,0.0002848,2.0
746820.0,0.0002848,4.0
746840.0,0.0002848,2.0
746847.0,0.0002848,1.0
746850.0,0.0002848,1.0
746859.0,0.0002848,5.0
746860.0,0.0002848,3.0
746882.0,0.0002848,1.0
746888.0,0.0002848,1.0
746909.0,0.0002848,1.0
746913.0,0.0002848,2.0
746923.0,0.0002848,1.0
746924.0,0.0002848,1.0
746928.0,0.0002848,2.0
746935.0,0.0002848,1.0
746949.0,0.0002848,2.0
746965.0,0.0002848,1.0
746969.0,0.0002848,3.0
746970.0,0.0002848,1.0
746973.0,0.0002848,1.0
746986.0,0.0002848,4.0
747025.0,0.0002848,1.0
747050.0,0.0002848,2.0
747080.0,0.0002848,1.0
747083.0,0.0002848,2.0
747087.0,0.0002848,1.0
747126.0,0.0002848,3.0
747148.0,0.0002848,1.0
747160.0,0.0002848,1.0
747170.0,0.0002848,2.0
747177.0,0.0002848,4.0
747187.0,0.0002848,3.0
747197.0,0.0002848,1.0
747199.0,0.0002848,1.0
747210.0,0.0002848,2.0
747214.0,0.0002848,2.0
747226.0,0.0002848,2.0
747238.0,0.0002848,2.0
747255.0,0.0002848,2.0
747273.0,0.0002848,2.0
747276.0,0.0002848,1.0
747279.0,0.0002848,1.0
747286.0,0.0002848,2.0
747298.0,0.0002848,3.0
747300.0,0.0002848,1.0
747305.0,0.0002848,2.0
747308.0,0.0002848,5.0
747309.0,0.0002848,2.0
747322.0,0.0002848,2.0
747334.0,0.0002848,1.0
747342.0,0.0002848,1.0
747348.0,0.0002848,2.0
747356.0,0.0002848,4.0
747357.0,0.0002848,1.0
747358.0,0.0002848,1.0
747363.0,0.0002848,1.0
747364.0,0.0002848,1.0
747370.0,0.0002848,1.0
747385.0,0.0002848,1.0
747406.0,0.0002848,4.0
747415.0,0.0002848,3.0
747427.0,0.0002848,1.0
747428.0,0.0002848,1.0
747434.0,0.0002848,3.0
747437.0,0.0002848,3.0
747449.0,0.0002848,1.0
747463.0,0.0002848,1.0
747466.0,0.0002848,2.0
747471.0,0.0002848,3.0
747514.0,0.0002848,2.0
747520.0,0.0002848,3.0
747525.0,0.0002848,4.0
747537.0,0.0002848,1.0
747543.0,0.0002848,1.0
747549.0,0.0002848,1.0
747558.0,0.0002848,2.0
747563.0,0.0002848,3.0
747566.0,0.0002848,1.0
747590.0,0.0002848,3.0
747612.0,0.0002848,2.0
747616.0,0.0002848,3.0
747620.0,0.0002848,2.0
747624.0,0.0002848,1.0
747626.0,0.0002848,2.0
747636.0,0.0002848,3.0
747642.0,0.0002848,1.0
747659.0,0.0002848,3.0
747673.0,0.0002848,1.0
747681.0,0.0002848,1.0
747682.0,0.0002848,1.0
747694.0,0.0002848,3.0
747699.0,0.0002848,5.0
747701.0,0.0002848,3.0
747706.0,0.0002848,4.0
747710.0,0.0002848,3.0
747711.0,0.0002848,3.0
747712.0,0.0002848,1.0
747721.0,0.0002848,3.0
747728.0,0.0002848,3.0
747750.0,0.0002848,1.0
747752.0,0.0002848,3.0
747755.0,0.0002848,1.0
747761.0,0.0002848,4.0
747765.0,0.0002848,6.0
747778.0,0.0002848,3.0
747817.0,0.0002848,4.0
747819.0,0.0002848,3.0
747829.0,0.0002848,3.0
747833.0,0.0002848,1.0
747834.0,0.0002848,3.0
747840.0,0.0002848,2.0
747847.0,0.0002848,6.0
747852.0,0.0002848,2.0
747870.0,0.0002848,1.0
747877.0,0.0002848,4.0
747878.0,0.0002848,2.0
747879.0,0.0002848,1.0
747881.0,0.0002848,3.0
747917.0,0.0002848,2.0
747923.0,0.0002848,1.0
747941.0,0.0002848,3.0
747947.0,0.0002848,1.0
747966.0,0.0002848,3.0
747990.0,0.0002848,3.0
747991.0,0.0002848,2.0
747994.0,0.0002848,1.0
748008.0,0.0002848,1.0
748025.0,0.0002848,2.0
748026.0,0.0002848,4.0
748031.0,0.0002848,4.0
748041.0,0.0002848,3.0
748050.0,0.0002848,1.0
748053.0,0.0002848,1.0
748055.0,0.0002848,2.0
748062.0,0.0002848,3.0
748080.0,0.0002848,3.0
748082.0,0.0002848,2.0
748086.0,0.0002848,3.0
748088.0,0.0002848,3.0
748105.0,0.0002848,4.0
748113.0,0.0002848,3.0
748117.0,0.0002848,1.0
748123.0,0.0002848,1.0
748146.0,0.0002848,6.0
748154.0,0.0002848,1.0
748161.0,0.0002848,1.0
748171.0,0.0002848,2.0
748177.0,0.0002848,1.0
748187.0,0.0002848,1.0
748188.0,0.0002848,4.0
748189.0,0.0002848,3.0
748205.0,0.0002848,3.0
748207.0,0.0002848,2.0
748228.0,0.0002848,1.0
748233.0,0.0002848,3.0
748234.0,0.0002848,1.0
748245.0,0.0002848,3.0
748259.0,0.0002848,1.0
748276.0,0.0002848,2.0
748277.0,0.0002848,1.0
748304.0,0.0002848,2.0
748307.0,0.0002848,4.0
748322.0,0.0002848,2.0
748334.0,0.0002848,1.0
748352.0,0.0002848,4.0
748356.0,0.0002848,6.0
748359.0,0.0002848,1.0
748366.0,0.0002848,1.0
748392.0,0.0002848,1.0
748431.0,0.0002848,1.0
748453.0,0.0002848,4.0
748461.0,0.0002848,1.0
748462.0,0.0002848,2.0
748468.0,0.0002848,1.0
748469.0,0.0002848,3.0
748485.0,0.0002848,1.0
748493.0,0.0002848,2.0
748499.0,0.0002848,2.0
748513.0,0.0002848,1.0
748519.0,0.0002848,2.0
748535.0,0.0002848,2.0
748541.0,0.0002848,1.0
748553.0,0.0002848,1.0
748565.0,0.0002848,3.0
748566.0,0.0002848,1.0
748570.0,0.0002848,2.0
748580.0,0.0002848,1.0
748591.0,0.0002848,1.0
748647.0,0.0002848,1.0
748678.0,0.0002848,3.0
748679.0,0.0002848,2.0
748686.0,0.0002848,1.0
748691.0,0.0002848,3.0
748700.0,0.0002848,1.0
748703.0,0.0002848,2.0
748718.0,0.0002848,4.0
748725.0,0.0002848,3.0
748732.0,0.0002848,2.0
748742.0,0.0002848,1.0
748752.0,0.0002848,3.0
748759.0,0.0002848,1.0
748769.0,0.0002848,4.0
748777.0,0.0002848,1.0
748783.0,0.0002848,3.0
748788.0,0.0002848,2.0
748794.0,0.0002848,3.0
748795.0,0.0002848,2.0
748802.0,0.0002848,1.0
748805.0,0.0002848,2.0
748814.0,0.0002848,5.0
748819.0,0.0002848,1.0
748820.0,0.0002848,4.0
748829.0,0.0002848,1.0
748833.0,0.0002848,1.0
748841.0,0.0002848,4.0
748846.0,0.0002848,1.0
748857.0,0.0002848,4.0
748868.0,0.0002848,1.0
748869.0,0.0002848,2.0
748872.0,0.0002848,1.0
748879.0,0.0002848,1.0
748897.0,0.0002848,2.0
748898.0,0.0002848,2.0
748904.0,0.0002848,1.0
748912.0,0.0002848,1.0
748917.0,0.0002848,1.0
748921.0,0.0002848,1.0
748930.0,0.0002848,5.0
748933.0,0.0002848,1.0
748936.0,0.0002848,2.0
748972.0,0.0002848,3.0
748993.0,0.0002848,2.0
748994.0,0.0002848,1.0
749009.0,0.0002848,3.0
749015.0,0.0002848,5.0
749017.0,0.0002848,3.0
749026.0,0.0002848,2.0
749031.0,0.0002848,1.0
749039.0,0.0002848,1.0
749043.0,0.0002848,3.0
749054.0,0.0002848,3.0
749059.0,0.0002848,2.0
749068.0,0.0002848,1.0
749080.0,0.0002848,1.0
749082.0,0.0002848,3.0
749085.0,0.0002848,6.0
749086.0,0.0002848,1.0
749092.0,0.0002848,1.0
749096.0,0.0002848,3.0
749133.0,0.0002848,2.0
749137.0,0.0002848,1.0
749151.0,0.0002848,3.0
749154.0,0.0002848,1.0
749160.0,0.0002848,1.0
749177.0,0.0002848,2.0
749200.0,0.0002848,1.0
749202.0,0.0002848,1.0
749206.0,0.0002848,3.0
749215.0,0.0002848,1.0
749218.0,0.0002848,2.0
749220.0,0.0002848,1.0
749233.0,0.0002848,3.0
749234.0,0.0002848,1.0
749241.0,0.0002848,2.0
749253.0,0.0002848,1.0
749270.0,0.0002848,3.0
749295.0,0.0002848,5.0
749298.0,0.0002848,3.0
749308.0,0.0002848,1.0
749316.0,0.0002848,1.0
749318.0,0.0002848,1.0
749320.0,0.0002848,5.0
749338.0,0.0002848,2.0
749353.0,0.0002848,3.0
749356.0,0.0002848,1.0
749363.0,0.0002848,3.0
749381.0,0.0002848,3.0
749385.0,0.0002848,1.0
749387.0,0.0002848,1.0
749389.0,0.0002848,1.0
749405.0,0.0002848,1.0
749406.0,0.0002848,1.0
749408.0,0.0002848,3.0
749421.0,0.0002848,1.0
749434.0,0.0002848,3.0
749440.0,0.0002848,2.0
749447.0,0.0002848,3.0
749477.0,0.0002848,2.0
749482.0,0.0002848,1.0
749515.0,0.0002848,2.0
749527.0,0.0002848,1.0
749533.0,0.0002848,2.0
749547.0,0.0002848,1.0
749549.0,0.0002848,4.0
749550.0,0.0002848,1.0
749556.0,0.0002848,1.0
749565.0,0.0002848,1.0
749566.0,0.0002848,1.0
749585.0,0.0002848,1.0
749586.0,0.0002848,1.0
749591.0,0.0002848,3.0
749622.0,0.0002848,3.0
749626.0,0.0002848,5.0
749628.0,0.0002848,1.0
749658.0,0.0002848,5.0
749661.0,0.0002848,3.0
749681.0,0.0002848,3.0
749682.0,0.0002848,2.0
749684.0,0.0002848,4.0
749693.0,0.0002848,2.0
749723.0,0.0002848,1.0
749728.0,0.0002848,1.0
749730.0,0.0002848,1.0
749749.0,0.0002848,1.0
749754.0,0.0002848,2.0
749824.0,0.0002848,2.0
749826.0,0.0002848,1.0
749829.0,0.0002848,2.0
749842.0,0.0002848,1.0
749847.0,0.0002848,1.0
749857.0,0.0002848,3.0
749858.0,0.0002848,1.0
749891.0,0.0002848,5.0
749917.0,0.0002848,3.0
749919.0,0.0002848,2.0
749924.0,0.0002848,2.0
749932.0,0.0002848,1.0
749937.0,0.0002848,2.0
749944.0,0.0002848,2.0
749981.0,0.0002848,2.0
740062.0,0.0002848,2.0
740081.0,0.0002848,2.0
740123.0,0.0002848,1.0
740136.0,0.0002848,2.0
740238.0,0.0002848,1.0
740244.0,0.0002848,2.0
740268.0,0.0002848,2.0
740277.0,0.0002848,1.0
740328.0,0.0002848,1.0
740373.0,0.0002848,1.0
740381.0,0.0002848,2.0
740425.0,0.0002848,2.0
740452.0,0.0002848,1.0
740628.0,0.0002848,1.0
740653.0,0.0002848,2.0
740673.0,0.0002848,2.0
740702.0,0.0002848,2.0
740727.0,0.0002848,1.0
740756.0,0.0002848,1.0
740783.0,0.0002848,2.0
740849.0,0.0002848,1.0
740876.0,0.0002848,2.0
740904.0,0.0002848,2.0
740906.0,0.0002848,1.0
741031.0,0.0002848,2.0
741046.0,0.0002848,1.0
741122.0,0.0002848,2.0
741216.0,0.0002848,2.0
741247.0,0.0002848,1.0
741288.0,0.0002848,2.0
741453.0,0.0002848,2.0
741486.0,0.0002848,2.0
741535.0,0.0002848,2.0
741568.0,0.0002848,1.0
741609.0,0.0002848,1.0
741790.0,0.0002848,1.0
741905.0,0.0002848,1.0
741982.0,0.0002848,2.0
742043.0,0.0002848,1.0
742078.0,0.0002848,2.0
742089.0,0.0002848,1.0
742094.0,0.0002848,2.0
742156.0,0.0002848,1.0
742192.0,0.0002848,2.0
742372.0,0.0002848,2.0
742376.0,0.0002848,1.0
742403.0,0.0002848,2.0
742414.0,0.0002848,2.0
742483.0,0.0002848,2.0
742624.0,0.0002848,2.0
742646.0,0.0002848,2.0
742738.0,0.0002848,2.0
742753.0,0.0002848,2.0
742812.0,0.0002848,2.0
742816.0,0.0002848,1.0
742820.0,0.0002848,2.0
742829.0,0.0002848,2.0
742830.0,0.0002848,2.0
742887.0,0.0002848,2.0
742915.0,0.0002848,1.0
743085.0,0.0002848,2.0
743170.0,0.0002848,2.0
743203.0,0.0002848,2.0
743290.0,0.0002848,1.0
743340.0,0.0002848,2.0
743495.0,0.0002848,1.0
743552.0,0.0002848,2.0
743649.0,0.0002848,2.0
743653.0,0.0002848,2.0
743696.0,0.0002848,2.0
743800.0,0.0002848,1.0
743847.0,0.0002848,2.0
743886.0,0.0002848,2.0
744023.0,0.0002848,2.0
744135.0,0.0002848,1.0
744192.0,0.0002848,1.0
744258.0,0.0002848,2.0
744281.0,0.0002848,1.0
744345.0,0.0002848,1.0
744426.0,0.0002848,1.0
744431.0,0.0002848,1.0
744433.0,0.0002848,2.0
744480.0,0.0002848,2.0
744508.0,0.0002848,2.0
744521.0,0.0002848,2.0
744543.0,0.0002848,2.0
744590.0,0.0002848,1.0
744784.0,0.0002848,1.0
744823.0,0.0002848,2.0
744839.0,0.0002848,2.0
744841.0,0.0002848,2.0
744929.0,0.0002848,2.0
744990.0,0.0002848,1.0
745060.0,0.0002848,2.0
745068.0,0.0002848,2.0
745069.0,0.0002848,2.0
745253.0,0.0002848,1.0
745287.0,0.0002848,2.0
745306.0,0.0002848,2.0
745383.0,0.0002848,1.0
745482.0,0.0002848,2.0
745574.0,0.0002848,2.0
745626.0,0.0002848,1.0
745636.0,0.0002848,2.0
745698.0,0.0002848,2.0
746013.0,0.0002848,2.0
746057.0,0.0002848,1.0
746059.0,0.0002848,1.0
746131.0,0.0002848,1.0
746205.0,0.0002848,2.0
746224.0,0.0002848,2.0
746270.0,0.0002848,1.0
746353.0,0.0002848,2.0
746392.0,0.0002848,2.0
746506.0,0.0002848,2.0
746517.0,0.0002848,2.0
746520.0,0.0002848,1.0
746536.0,0.0002848,2.0
746602.0,0.0002848,1.0
746604.0,0.0002848,2.0
746748.0,0.0002848,2.0
746761.0,0.0002848,2.0
746794.0,0.0002848,2.0
746813.0,0.0002848,2.0
746953.0,0.0002848,2.0
746974.0,0.0002848,2.0
747089.0,0.0002848,1.0
747145.0,0.0002848,2.0
747150.0,0.0002848,2.0
747189.0,0.0002848,2.0
747264.0,0.0002848,1.0
747324.0,0.0002848,2.0
747349.0,0.0002848,2.0
747366.0,0.0002848,2.0
747369.0,0.0002848,1.0
747482.0,0.0002848,1.0
747487.0,0.0002848,2.0
747535.0,0.0002848,1.0
747565.0,0.0002848,1.0
747714.0,0.0002848,1.0
747773.0,0.0002848,2.0
747859.0,0.0002848,1.0
747892.0,0.0002848,2.0
747903.0,0.0002848,2.0
747943.0,0.0002848,2.0
747948.0,0.0002848,1.0
747957.0,0.0002848,2.0
748005.0,0.0002848,1.0
748144.0,0.0002848,2.0
748223.0,0.0002848,2.0
748230.0,0.0002848,2.0
748247.0,0.0002848,2.0
748254.0,0.0002848,2.0
748388.0,0.0002848,2.0
748473.0,0.0002848,1.0
748475.0,0.0002848,2.0
748540.0,0.0002848,1.0
748621.0,0.0002848,2.0
748623.0,0.0002848,2.0
748885.0,0.0002848,2.0
749029.0,0.0002848,2.0
749050.0,0.0002848,1.0
749130.0,0.0002848,2.0
749169.0,0.0002848,2.0
749189.0,0.0002848,2.0
749190.0,0.0002848,2.0
749321.0,0.0002848,1.0
749642.0,0.0002848,2.0
749747.0,0.0002848,2.0
749806.0,0.0002848,2.0
749828.0,0.0002848,1.0
749841.0,0.0002848,1.0
749929.0,0.0002848,1.0
740209.0,0.0002848,1.0
740718.0,0.0002848,1.0
740836.0,0.0002848,1.0
741432.0,0.0002848,1.0
741684.0,0.0002848,1.0
741972.0,0.0002848,1.0
742409.0,0.0002848,1.0
742807.0,0.0002848,1.0
743508.0,0.0002848,1.0
743619.0,0.0002848,1.0
744046.0,0.0002848,1.0
744050.0,0.0002848,1.0
744528.0,0.0002848,1.0
745867.0,0.0002848,1.0
746632.0,0.0002848,1.0
747253.0,0.0002848,1.0
747390.0,0.0002848,1.0
747667.0,0.0002848,1.0
748058.0,0.0002848,1.0
749775.0,0.0002848,1.0
750004.0,0.0003054,1.0
750005.0,0.0003054,1.0
750024.0,0.0003054,4.0
750027.0,0.0003054,1.0
750032.0,0.0003054,3.0
750036.0,0.0003054,5.0
750040.0,0.0003054,3.0
750063.0,0.0003054,3.0
750064.0,0.0003054,5.0
750070.0,0.0003054,5.0
750080.0,0.0003054,3.0
750081.0,0.0003054,1.0
750085.0,0.0003054,5.0
750106.0,0.0003054,6.0
750107.0,0.0003054,3.0
750109.0,0.0003054,3.0
750120.0,0.0003054,1.0
750123.0,0.0003054,3.0
750126.0,0.0003054,1.0
750136.0,0.0003054,1.0
750199.0,0.0003054,1.0
750207.0,0.0003054,1.0
750210.0,0.0003054,4.0
750235.0,0.0003054,4.0
750238.0,0.0003054,3.0
750244.0,0.0003054,2.0
750268.0,0.0003054,1.0
750278.0,0.0003054,1.0
750291.0,0.0003054,2.0
750307.0,0.0003054,1.0
750316.0,0.0003054,3.0
750327.0,0.0003054,1.0
750328.0,0.0003054,1.0
750334.0,0.0003054,1.0
750344.0,0.0003054,1.0
750346.0,0.0003054,1.0
750373.0,0.0003054,5.0
750381.0,0.0003054,1.0
750383.0,0.0003054,3.0
750388.0,0.0003054,3.0
750389.0,0.0003054,5.0
750400.0,0.0003054,1.0
750402.0,0.0003054,2.0
750425.0,0.0003054,1.0
750441.0,0.0003054,1.0
750461.0,0.0003054,1.0
750474.0,0.0003054,3.0
750505.0,0.0003054,2.0
750508.0,0.0003054,5.0
750515.0,0.0003054,2.0
750525.0,0.0003054,1.0
750551.0,0.0003054,4.0
750554.0,0.0003054,5.0
750585.0,0.0003054,1.0
750592.0,0.0003054,3.0
750620.0,0.0003054,5.0
750628.0,0.0003054,1.0
750634.0,0.0003054,1.0
750642.0,0.0003054,3.0
750665.0,0.0003054,3.0
750680.0,0.0003054,2.0
750681.0,0.0003054,3.0
750683.0,0.0003054,2.0
750687.0,0.0003054,2.0
750690.0,0.0003054,1.0
750725.0,0.0003054,3.0
750737.0,0.0003054,5.0
750754.0,0.0003054,5.0
750756.0,0.0003054,1.0
750783.0,0.0003054,1.0
750788.0,0.0003054,3.0
750790.0,0.0003054,1.0
750800.0,0.0003054,1.0
750821.0,0.0003054,1.0
750837.0,0.0003054,3.0
750841.0,0.0003054,5.0
750846.0,0.0003054,5.0
750849.0,0.0003054,1.0
750870.0,0.0003054,3.0
750876.0,0.0003054,1.0
750884.0,0.0003054,3.0
750889.0,0.0003054,1.0
750896.0,0.0003054,2.0
750913.0,0.0003054,3.0
750914.0,0.0003054,5.0
750973.0,0.0003054,6.0
750976.0,0.0003054,1.0
750982.0,0.0003054,5.0
750997.0,0.0003054,5.0
750998.0,0.0003054,1.0
751000.0,0.0003054,4.0
751008.0,0.0003054,1.0
751041.0,0.0003054,2.0
751046.0,0.0003054,3.0
751048.0,0.0003054,3.0
751051.0,0.0003054,1.0
751078.0,0.0003054,5.0
751099.0,0.0003054,6.0
751103.0,0.0003054,1.0
751106.0,0.0003054,1.0
751108.0,0.0003054,3.0
751118.0,0.0003054,3.0
751124.0,0.0003054,5.0
751138.0,0.0003054,1.0
751139.0,0.0003054,1.0
751147.0,0.0003054,6.0
751151.0,0.0003054,3.0
751156.0,0.0003054,3.0
751158.0,0.0003054,2.0
751179.0,0.0003054,2.0
751200.0,0.0003054,3.0
751202.0,0.0003054,3.0
751203.0,0.0003054,1.0
751212.0,0.0003054,3.0
751216.0,0.0003054,1.0
751238.0,0.0003054,3.0
751256.0,0.0003054,1.0
751266.0,0.0003054,3.0
751282.0,0.0003054,3.0
751286.0,0.0003054,1.0
751288.0,0.0003054,1.0
751290.0,0.0003054,1.0
751308.0,0.0003054,2.0
751316.0,0.0003054,3.0
751341.0,0.0003054,3.0
751350.0,0.0003054,1.0
751354.0,0.0003054,1.0
751396.0,0.0003054,4.0
751403.0,0.0003054,1.0
751427.0,0.0003054,2.0
751436.0,0.0003054,2.0
751454.0,0.0003054,1.0
751458.0,0.0003054,3.0
751479.0,0.0003054,4.0
751486.0,0.0003054,1.0
751494.0,0.0003054,3.0
751512.0,0.0003054,1.0
751537.0,0.0003054,6.0
751546.0,0.0003054,1.0
751563.0,0.0003054,1.0
751572.0,0.0003054,4.0
751576.0,0.0003054,4.0
751580.0,0.0003054,5.0
751585.0,0.0003054,3.0
751589.0,0.0003054,3.0
751600.0,0.0003054,3.0
751602.0,0.0003054,1.0
751603.0,0.0003054,3.0
751611.0,0.0003054,1.0
751629.0,0.0003054,3.0
751645.0,0.0003054,5.0
751679.0,0.0003054,1.0
751684.0,0.0003054,1.0
751687.0,0.0003054,1.0
751695.0,0.0003054,4.0
751713.0,0.0003054,1.0
751730.0,0.0003054,4.0
751741.0,0.0003054,3.0
751754.0,0.0003054,1.0
751756.0,0.0003054,1.0
751777.0,0.0003054,5.0
751781.0,0.0003054,2.0
751790.0,0.0003054,3.0
751811.0,0.0003054,1.0
751816.0,0.0003054,1.0
751820.0,0.0003054,1.0
751824.0,0.0003054,3.0
751826.0,0.0003054,4.0
751848.0,0.0003054,1.0
751906.0,0.0003054,1.0
751908.0,0.0003054,1.0
751921.0,0.0003054,3.0
751938.0,0.0003054,3.0
751964.0,0.0003054,4.0
751972.0,0.0003054,1.0
751982.0,0.0003054,1.0
751983.0,0.0003054,2.0
751986.0,0.0003054,3.0
751997.0,0.0003054,2.0
752015.0,0.0003054,2.0
752026.0,0.0003054,3.0
752029.0,0.0003054,1.0
752043.0,0.0003054,6.0
752047.0,0.0003054,4.0
752078.0,0.0003054,2.0
752087.0,0.0003054,3.0
752094.0,0.0003054,1.0
752150.0,0.0003054,5.0
752156.0,0.0003054,1.0
752173.0,0.0003054,3.0
752177.0,0.0003054,2.0
752210.0,0.0003054,3.0
752216.0,0.0003054,3.0
752239.0,0.0003054,3.0
752264.0,0.0003054,3.0
752271.0,0.0003054,3.0
752273.0,0.0003054,5.0
752299.0,0.0003054,1.0
752303.0,0.0003054,4.0
752318.0,0.0003054,4.0
752324.0,0.0003054,1.0
752331.0,0.0003054,1.0
752339.0,0.0003054,5.0
752340.0,0.0003054,3.0
752352.0,0.0003054,2.0
752354.0,0.0003054,4.0
752358.0,0.0003054,3.0
752368.0,0.0003054,4.0
752372.0,0.0003054,1.0
752376.0,0.0003054,1.0
752389.0,0.0003054,6.0
752397.0,0.0003054,2.0
752401.0,0.0003054,1.0
752403.0,0.0003054,1.0
752404.0,0.0003054,3.0
752413.0,0.0003054,5.0
752414.0,0.0003054,1.0
752424.0,0.0003054,3.0
752438.0,0.0003054,2.0
752461.0,0.0003054,6.0
752503.0,0.0003054,2.0
752511.0,0.0003054,4.0
752557.0,0.0003054,4.0
752568.0,0.0003054,3.0
752571.0,0.0003054,3.0
752576.0,0.0003054,1.0
752633.0,0.0003054,4.0
752634.0,0.0003054,3.0
752702.0,0.0003054,2.0
752716.0,0.0003054,3.0
752725.0,0.0003054,4.0
752736.0,0.0003054,3.0
752760.0,0.0003054,4.0
752764.0,0.0003054,4.0
752766.0,0.0003054,2.0
752772.0,0.0003054,1.0
752775.0,0.0003054,2.0
752777.0,0.0003054,3.0
752818.0,0.0003054,4.0
752819.0,0.0003054,2.0
752825.0,0.0003054,3.0
752826.0,0.0003054,1.0
752829.0,0.0003054,1.0
752837.0,0.0003054,4.0
752861.0,0.0003054,4.0
752862.0,0.0003054,1.0
752871.0,0.0003054,3.0
752872.0,0.0003054,4.0
752875.0,0.0003054,1.0
752886.0,0.0003054,2.0
752887.0,0.0003054,1.0
752892.0,0.0003054,6.0
752894.0,0.0003054,3.0
752915.0,0.0003054,3.0
752945.0,0.0003054,1.0
752949.0,0.0003054,3.0
752978.0,0.0003054,5.0
753019.0,0.0003054,4.0
753027.0,0.0003054,2.0
753048.0,0.0003054,3.0
753055.0,0.0003054,2.0
753063.0,0.0003054,5.0
753071.0,0.0003054,3.0
753088.0,0.0003054,5.0
753093.0,0.0003054,1.0
753108.0,0.0003054,3.0
753110.0,0.0003054,3.0
753142.0,0.0003054,5.0
753145.0,0.0003054,3.0
753162.0,0.0003054,3.0
753197.0,0.0003054,3.0
753205.0,0.0003054,3.0
753213.0,0.0003054,5.0
753218.0,0.0003054,3.0
753240.0,0.0003054,1.0
753246.0,0.0003054,3.0
753251.0,0.0003054,1.0
753252.0,0.0003054,5.0
753254.0,0.0003054,4.0
753271.0,0.0003054,3.0
753290.0,0.0003054,2.0
753297.0,0.0003054,1.0
753300.0,0.0003054,3.0
753302.0,0.0003054,3.0
753303.0,0.0003054,1.0
753305.0,0.0003054,1.0
753314.0,0.0003054,2.0
753340.0,0.0003054,1.0
753341.0,0.0003054,3.0
753345.0,0.0003054,1.0
753363.0,0.0003054,4.0
753376.0,0.0003054,3.0
753381.0,0.0003054,1.0
753392.0,0.0003054,1.0
753411.0,0.0003054,3.0
753414.0,0.0003054,3.0
753454.0,0.0003054,1.0
753459.0,0.0003054,1.0
753461.0,0.0003054,2.0
753474.0,0.0003054,2.0
753492.0,0.0003054,3.0
753493.0,0.0003054,5.0
753495.0,0.0003054,6.0
753512.0,0.0003054,3.0
753514.0,0.0003054,5.0
753517.0,0.0003054,6.0
753529.0,0.0003054,4.0
753530.0,0.0003054,1.0
753544.0,0.0003054,2.0
753550.0,0.0003054,6.0
753566.0,0.0003054,1.0
753568.0,0.0003054,5.0
753577.0,0.0003054,2.0
753588.0,0.0003054,3.0
753615.0,0.0003054,1.0
753619.0,0.0003054,1.0
753644.0,0.0003054,5.0
753653.0,0.0003054,3.0
753655.0,0.0003054,3.0
753660.0,0.0003054,3.0
753671.0,0.0003054,1.0
753682.0,0.0003054,4.0
753711.0,0.0003054,4.0
753717.0,0.0003054,3.0
753745.0,0.0003054,1.0
753771.0,0.0003054,2.0
753775.0,0.0003054,6.0
753777.0,0.0003054,3.0
753809.0,0.0003054,3.0
753813.0,0.0003054,5.0
753818.0,0.0003054,2.0
753827.0,0.0003054,1.0
753850.0,0.0003054,1.0
753857.0,0.0003054,4.0
753889.0,0.0003054,1.0
753936.0,0.0003054,3.0
753937.0,0.0003054,2.0
753944.0,0.0003054,1.0
753972.0,0.0003054,4.0
753977.0,0.0003054,2.0
753984.0,0.0003054,4.0
753985.0,0.0003054,1.0
753995.0,0.0003054,1.0
753996.0,0.0003054,6.0
754001.0,0.0003054,3.0
754004.0,0.0003054,4.0
754015.0,0.0003054,3.0
754023.0,0.0003054,1.0
754025.0,0.0003054,3.0
754028.0,0.0003054,1.0
754034.0,0.0003054,1.0
754038.0,0.0003054,1.0
754043.0,0.0003054,3.0
754045.0,0.0003054,5.0
754054.0,0.0003054,1.0
754059.0,0.0003054,1.0
754096.0,0.0003054,3.0
754103.0,0.0003054,3.0
754107.0,0.0003054,1.0
754130.0,0.0003054,1.0
754135.0,0.0003054,6.0
754138.0,0.0003054,1.0
754165.0,0.0003054,4.0
754171.0,0.0003054,4.0
754184.0,0.0003054,3.0
754192.0,0.0003054,3.0
754203.0,0.0003054,4.0
754211.0,0.0003054,1.0
754237.0,0.0003054,4.0
754251.0,0.0003054,3.0
754253.0,0.0003054,3.0
754255.0,0.0003054,1.0
754262.0,0.0003054,1.0
754264.0,0.0003054,4.0
754274.0,0.0003054,4.0
754281.0,0.0003054,4.0
754285.0,0.0003054,4.0
754294.0,0.0003054,2.0
754308.0,0.0003054,1.0
754337.0,0.0003054,3.0
754343.0,0.0003054,4.0
754344.0,0.0003054,4.0
754345.0,0.0003054,1.0
754348.0,0.0003054,5.0
754349.0,0.0003054,1.0
754352.0,0.0003054,5.0
754362.0,0.0003054,5.0
754364.0,0.0003054,5.0
754407.0,0.0003054,3.0
754408.0,0.0003054,5.0
754424.0,0.0003054,1.0
754430.0,0.0003054,3.0
754431.0,0.0003054,4.0
754432.0,0.0003054,2.0
754437.0,0.0003054,2.0
754455.0,0.0003054,3.0
754476.0,0.0003054,3.0
754480.0,0.0003054,1.0
754508.0,0.0003054,1.0
754518.0,0.0003054,5.0
754521.0,0.0003054,1.0
754522.0,0.0003054,1.0
754543.0,0.0003054,1.0
754546.0,0.0003054,3.0
754549.0,0.0003054,3.0
754572.0,0.0003054,1.0
754579.0,0.0003054,3.0
754603.0,0.0003054,3.0
754614.0,0.0003054,3.0
754615.0,0.0003054,1.0
754640.0,0.0003054,5.0
754654.0,0.0003054,4.0
754691.0,0.0003054,5.0
754701.0,0.0003054,1.0
754704.0,0.0003054,1.0
754721.0,0.0003054,2.0
754737.0,0.0003054,5.0
754739.0,0.0003054,1.0
754741.0,0.0003054,2.0
754780.0,0.0003054,3.0
754802.0,0.0003054,3.0
754822.0,0.0003054,2.0
754823.0,0.0003054,1.0
754831.0,0.0003054,1.0
754839.0,0.0003054,1.0
754866.0,0.0003054,5.0
754890.0,0.0003054,3.0
754909.0,0.0003054,3.0
754917.0,0.0003054,3.0
754928.0,0.0003054,3.0
754936.0,0.0003054,3.0
754966.0,0.0003054,1.0
754975.0,0.0003054,5.0
754976.0,0.0003054,2.0
754977.0,0.0003054,1.0
754990.0,0.0003054,4.0
755005.0,0.0003054,3.0
755022.0,0.0003054,3.0
755030.0,0.0003054,3.0
755043.0,0.0003054,3.0
755044.0,0.0003054,1.0
755050.0,0.0003054,4.0
755051.0,0.0003054,5.0
755059.0,0.0003054,3.0
755074.0,0.0003054,5.0
755088.0,0.0003054,1.0
755105.0,0.0003054,1.0
755121.0,0.0003054,1.0
755146.0,0.0003054,5.0
755159.0,0.0003054,1.0
755160.0,0.0003054,3.0
755191.0,0.0003054,1.0
755200.0,0.0003054,1.0
755204.0,0.0003054,3.0
755212.0,0.0003054,2.0
755223.0,0.0003054,1.0
755247.0,0.0003054,1.0
755253.0,0.0003054,5.0
755278.0,0.0003054,3.0
755281.0,0.0003054,1.0
755304.0,0.0003054,1.0
755305.0,0.0003054,1.0
755306.0,0.0003054,2.0
755314.0,0.0003054,1.0
755318.0,0.0003054,3.0
755328.0,0.0003054,2.0
755344.0,0.0003054,3.0
755353.0,0.0003054,3.0
755354.0,0.0003054,2.0
755357.0,0.0003054,3.0
755390.0,0.0003054,5.0
755401.0,0.0003054,3.0
755407.0,0.0003054,5.0
755419.0,0.0003054,1.0
755429.0,0.0003054,3.0
755437.0,0.0003054,3.0
755446.0,0.0003054,3.0
755450.0,0.0003054,1.0
755451.0,0.0003054,3.0
755456.0,0.0003054,1.0
755465.0,0.0003054,3.0
755470.0,0.0003054,1.0
755474.0,0.0003054,5.0
755482.0,0.0003054,1.0
755488.0,0.0003054,3.0
755503.0,0.0003054,4.0
755521.0,0.0003054,3.0
755534.0,0.0003054,4.0
755540.0,0.0003054,2.0
755542.0,0.0003054,1.0
755543.0,0.0003054,3.0
755548.0,0.0003054,4.0
755549.0,0.0003054,3.0
755555.0,0.0003054,5.0
755574.0,0.0003054,1.0
755596.0,0.0003054,5.0
755608.0,0.0003054,2.0
755610.0,0.0003054,2.0
755615.0,0.0003054,3.0
755621.0,0.0003054,3.0
755626.0,0.0003054,4.0
755636.0,0.0003054,1.0
755639.0,0.0003054,4.0
755642.0,0.0003054,2.0
755652.0,0.0003054,2.0
755660.0,0.0003054,3.0
755663.0,0.0003054,1.0
755672.0,0.0003054,1.0
755698.0,0.0003054,1.0
755708.0,0.0003054,1.0
755728.0,0.0003054,6.0
755747.0,0.0003054,6.0
755749.0,0.0003054,3.0
755756.0,0.0003054,4.0
755767.0,0.0003054,1.0
755773.0,0.0003054,5.0
755803.0,0.0003054,5.0
755805.0,0.0003054,4.0
755814.0,0.0003054,1.0
755815.0,0.0003054,6.0
755818.0,0.0003054,5.0
755844.0,0.0003054,1.0
755856.0,0.0003054,1.0
755866.0,0.0003054,1.0
755874.0,0.0003054,1.0
755893.0,0.0003054,3.0
755895.0,0.0003054,3.0
755936.0,0.0003054,3.0
755945.0,0.0003054,5.0
755950.0,0.0003054,4.0
755965.0,0.0003054,3.0
755969.0,0.0003054,2.0
755989.0,0.0003054,4.0
755999.0,0.0003054,1.0
756009.0,0.0003054,3.0
756046.0,0.0003054,5.0
756048.0,0.0003054,2.0
756059.0,0.0003054,3.0
756062.0,0.0003054,3.0
756095.0,0.0003054,4.0
756101.0,0.0003054,3.0
756113.0,0.0003054,2.0
756118.0,0.0003054,1.0
756125.0,0.0003054,3.0
756131.0,0.0003054,1.0
756162.0,0.0003054,1.0
756166.0,0.0003054,3.0
756172.0,0.0003054,3.0
756180.0,0.0003054,3.0
756199.0,0.0003054,1.0
756205.0,0.0003054,1.0
756224.0,0.0003054,2.0
756227.0,0.0003054,1.0
756241.0,0.0003054,1.0
756248.0,0.0003054,2.0
756266.0,0.0003054,3.0
756270.0,0.0003054,1.0
756276.0,0.0003054,3.0
756295.0,0.0003054,4.0
756322.0,0.0003054,6.0
756326.0,0.0003054,4.0
756334.0,0.0003054,1.0
756344.0,0.0003054,3.0
756347.0,0.0003054,1.0
756388.0,0.0003054,3.0
756410.0,0.0003054,3.0
756432.0,0.0003054,3.0
756436.0,0.0003054,3.0
756446.0,0.0003054,1.0
756450.0,0.0003054,1.0
756465.0,0.0003054,2.0
756483.0,0.0003054,4.0
756519.0,0.0003054,1.0
756520.0,0.0003054,3.0
756525.0,0.0003054,2.0
756539.0,0.0003054,1.0
756540.0,0.0003054,6.0
756556.0,0.0003054,3.0
756573.0,0.0003054,1.0
756590.0,0.0003054,3.0
756592.0,0.0003054,1.0
756602.0,0.0003054,3.0
756634.0,0.0003054,6.0
756636.0,0.0003054,1.0
756648.0,0.0003054,3.0
756707.0,0.0003054,1.0
756747.0,0.0003054,1.0
756761.0,0.0003054,1.0
756767.0,0.0003054,3.0
756790.0,0.0003054,3.0
756813.0,0.0003054,1.0
756814.0,0.0003054,1.0
756818.0,0.0003054,1.0
756820.0,0.0003054,3.0
756840.0,0.0003054,4.0
756859.0,0.0003054,5.0
756860.0,0.0003054,5.0
756888.0,0.0003054,1.0
756909.0,0.0003054,1.0
756913.0,0.0003054,3.0
756928.0,0.0003054,1.0
756949.0,0.0003054,1.0
756953.0,0.0003054,1.0
756967.0,0.0003054,1.0
756969.0,0.0003054,3.0
756970.0,0.0003054,1.0
756973.0,0.0003054,1.0
756986.0,0.0003054,4.0
757050.0,0.0003054,1.0
757080.0,0.0003054,1.0
757083.0,0.0003054,3.0
757089.0,0.0003054,1.0
757126.0,0.0003054,3.0
757145.0,0.0003054,2.0
757148.0,0.0003054,1.0
757150.0,0.0003054,3.0
757170.0,0.0003054,2.0
757177.0,0.0003054,4.0
757187.0,0.0003054,4.0
757189.0,0.0003054,2.0
757197.0,0.0003054,1.0
757210.0,0.0003054,3.0
757226.0,0.0003054,3.0
757238.0,0.0003054,2.0
757255.0,0.0003054,2.0
757264.0,0.0003054,1.0
757268.0,0.0003054,1.0
757273.0,0.0003054,3.0
757286.0,0.0003054,5.0
757298.0,0.0003054,3.0
757300.0,0.0003054,1.0
757305.0,0.0003054,1.0
757308.0,0.0003054,6.0
757322.0,0.0003054,3.0
757341.0,0.0003054,3.0
757348.0,0.0003054,2.0
757356.0,0.0003054,6.0
757357.0,0.0003054,1.0
757366.0,0.0003054,2.0
757369.0,0.0003054,3.0
757406.0,0.0003054,1.0
757415.0,0.0003054,5.0
757434.0,0.0003054,3.0
757437.0,0.0003054,2.0
757453.0,0.0003054,2.0
757466.0,0.0003054,2.0
757471.0,0.0003054,5.0
757482.0,0.0003054,3.0
757487.0,0.0003054,3.0
757514.0,0.0003054,1.0
757520.0,0.0003054,5.0
757525.0,0.0003054,3.0
757535.0,0.0003054,4.0
757537.0,0.0003054,1.0
757558.0,0.0003054,1.0
757563.0,0.0003054,3.0
757565.0,0.0003054,2.0
757590.0,0.0003054,1.0
757612.0,0.0003054,3.0
757616.0,0.0003054,3.0
757620.0,0.0003054,1.0
757622.0,0.0003054,1.0
757626.0,0.0003054,1.0
757636.0,0.0003054,3.0
757642.0,0.0003054,1.0
757659.0,0.0003054,5.0
757694.0,0.0003054,4.0
757699.0,0.0003054,5.0
757701.0,0.0003054,1.0
757706.0,0.0003054,5.0
757710.0,0.0003054,1.0
757711.0,0.0003054,5.0
757714.0,0.0003054,2.0
757721.0,0.0003054,4.0
757728.0,0.0003054,3.0
757752.0,0.0003054,3.0
757761.0,0.0003054,4.0
757765.0,0.0003054,3.0
757773.0,0.0003054,1.0
757778.0,0.0003054,2.0
757817.0,0.0003054,4.0
757819.0,0.0003054,2.0
757820.0,0.0003054,1.0
757829.0,0.0003054,4.0
757834.0,0.0003054,2.0
757840.0,0.0003054,1.0
757847.0,0.0003054,4.0
757852.0,0.0003054,3.0
757859.0,0.0003054,3.0
757877.0,0.0003054,6.0
757878.0,0.0003054,1.0
757879.0,0.0003054,1.0
757881.0,0.0003054,2.0
757917.0,0.0003054,3.0
757941.0,0.0003054,4.0
757943.0,0.0003054,1.0
757948.0,0.0003054,2.0
757957.0,0.0003054,3.0
757966.0,0.0003054,3.0
757990.0,0.0003054,1.0
758026.0,0.0003054,3.0
758031.0,0.0003054,1.0
758041.0,0.0003054,3.0
758050.0,0.0003054,1.0
758055.0,0.0003054,3.0
758058.0,0.0003054,1.0
758062.0,0.0003054,2.0
758080.0,0.0003054,3.0
758082.0,0.0003054,1.0
758086.0,0.0003054,4.0
758088.0,0.0003054,3.0
758105.0,0.0003054,3.0
758113.0,0.0003054,4.0
758117.0,0.0003054,3.0
758146.0,0.0003054,5.0
758163.0,0.0003054,1.0
758171.0,0.0003054,3.0
758188.0,0.0003054,3.0
758189.0,0.0003054,3.0
758205.0,0.0003054,2.0
758207.0,0.0003054,4.0
758230.0,0.0003054,1.0
758233.0,0.0003054,3.0
758234.0,0.0003054,1.0
758245.0,0.0003054,1.0
758247.0,0.0003054,1.0
758259.0,0.0003054,3.0
758276.0,0.0003054,3.0
758304.0,0.0003054,1.0
758305.0,0.0003054,4.0
758307.0,0.0003054,4.0
758322.0,0.0003054,1.0
758333.0,0.0003054,1.0
758352.0,0.0003054,3.0
758356.0,0.0003054,4.0
758366.0,0.0003054,1.0
758388.0,0.0003054,1.0
758453.0,0.0003054,5.0
758462.0,0.0003054,3.0
758469.0,0.0003054,5.0
758473.0,0.0003054,3.0
758475.0,0.0003054,1.0
758493.0,0.0003054,3.0
758499.0,0.0003054,4.0
758513.0,0.0003054,3.0
758519.0,0.0003054,1.0
758535.0,0.0003054,3.0
758565.0,0.0003054,2.0
758570.0,0.0003054,2.0
758621.0,0.0003054,1.0
758623.0,0.0003054,1.0
758678.0,0.0003054,5.0
758679.0,0.0003054,1.0
758686.0,0.0003054,1.0
758691.0,0.0003054,3.0
758703.0,0.0003054,1.0
758718.0,0.0003054,1.0
758725.0,0.0003054,3.0
758732.0,0.0003054,3.0
758752.0,0.0003054,4.0
758769.0,0.0003054,6.0
758777.0,0.0003054,1.0
758783.0,0.0003054,5.0
758788.0,0.0003054,3.0
758794.0,0.0003054,1.0
758795.0,0.0003054,1.0
758796.0,0.0003054,4.0
758805.0,0.0003054,2.0
758814.0,0.0003054,4.0
758820.0,0.0003054,3.0
758829.0,0.0003054,1.0
758833.0,0.0003054,1.0
758841.0,0.0003054,3.0
758857.0,0.0003054,3.0
758869.0,0.0003054,3.0
758872.0,0.0003054,1.0
758879.0,0.0003054,1.0
758885.0,0.0003054,2.0
758897.0,0.0003054,4.0
758912.0,0.0003054,1.0
758921.0,0.0003054,1.0
758930.0,0.0003054,5.0
758936.0,0.0003054,4.0
758972.0,0.0003054,6.0
758986.0,0.0003054,1.0
758993.0,0.0003054,1.0
759009.0,0.0003054,3.0
759015.0,0.0003054,5.0
759017.0,0.0003054,1.0
759026.0,0.0003054,3.0
759029.0,0.0003054,1.0
759039.0,0.0003054,1.0
759043.0,0.0003054,3.0
759050.0,0.0003054,3.0
759054.0,0.0003054,2.0
759059.0,0.0003054,3.0
759068.0,0.0003054,1.0
759082.0,0.0003054,1.0
759085.0,0.0003054,4.0
759133.0,0.0003054,2.0
759151.0,0.0003054,1.0
759177.0,0.0003054,3.0
759185.0,0.0003054,3.0
759189.0,0.0003054,1.0
759200.0,0.0003054,1.0
759202.0,0.0003054,1.0
759206.0,0.0003054,5.0
759215.0,0.0003054,1.0
759218.0,0.0003054,1.0
759220.0,0.0003054,1.0
759233.0,0.0003054,1.0
759253.0,0.0003054,1.0
759270.0,0.0003054,1.0
759295.0,0.0003054,1.0
759298.0,0.0003054,3.0
759318.0,0.0003054,1.0
759320.0,0.0003054,4.0
759321.0,0.0003054,4.0
759338.0,0.0003054,1.0
759353.0,0.0003054,3.0
759363.0,0.0003054,1.0
759371.0,0.0003054,1.0
759381.0,0.0003054,3.0
759387.0,0.0003054,1.0
759406.0,0.0003054,1.0
759408.0,0.0003054,3.0
759434.0,0.0003054,3.0
759440.0,0.0003054,4.0
759447.0,0.0003054,4.0
759477.0,0.0003054,3.0
759510.0,0.0003054,3.0
759515.0,0.0003054,2.0
759527.0,0.0003054,1.0
759533.0,0.0003054,1.0
759549.0,0.0003054,5.0
759550.0,0.0003054,1.0
759556.0,0.0003054,1.0
759566.0,0.0003054,1.0
759586.0,0.0003054,2.0
759591.0,0.0003054,2.0
759622.0,0.0003054,1.0
759626.0,0.0003054,6.0
759628.0,0.0003054,1.0
759642.0,0.0003054,1.0
759658.0,0.0003054,3.0
759661.0,0.0003054,2.0
759681.0,0.0003054,3.0
759682.0,0.0003054,3.0
759684.0,0.0003054,4.0
759693.0,0.0003054,3.0
759723.0,0.0003054,3.0
759730.0,0.0003054,1.0
759747.0,0.0003054,3.0
759754.0,0.0003054,3.0
759806.0,0.0003054,1.0
759824.0,0.0003054,1.0
759826.0,0.0003054,1.0
759828.0,0.0003054,3.0
759829.0,0.0003054,3.0
759841.0,0.0003054,6.0
759857.0,0.0003054,4.0
759858.0,0.0003054,1.0
759891.0,0.0003054,4.0
759917.0,0.0003054,3.0
759919.0,0.0003054,3.0
759929.0,0.0003054,5.0
759932.0,0.0003054,1.0
759937.0,0.0003054,1.0
759944.0,0.0003054,1.0
759981.0,0.0003054,4.0
760005.0,0.0003275,1.0
760024.0,0.0003275,2.0
760027.0,0.0003275,1.0
760029.0,0.0003275,1.0
760032.0,0.0003275,2.0
760036.0,0.0003275,4.0
760063.0,0.0003275,4.0
760064.0,0.0003275,4.0
760070.0,0.0003275,4.0
760080.0,0.0003275,3.0
760085.0,0.0003275,5.0
760103.0,0.0003275,1.0
760106.0,0.0003275,4.0
760107.0,0.0003275,3.0
760109.0,0.0003275,2.0
760123.0,0.0003275,4.0
760126.0,0.0003275,1.0
760199.0,0.0003275,4.0
760207.0,0.0003275,1.0
760210.0,0.0003275,2.0
760235.0,0.0003275,4.0
760250.0,0.0003275,3.0
760254.0,0.0003275,1.0
760291.0,0.0003275,3.0
760307.0,0.0003275,1.0
760316.0,0.0003275,5.0
760327.0,0.0003275,1.0
760334.0,0.0003275,1.0
760346.0,0.0003275,2.0
760365.0,0.0003275,1.0
760366.0,0.0003275,1.0
760373.0,0.0003275,4.0
760383.0,0.0003275,4.0
760389.0,0.0003275,4.0
760400.0,0.0003275,1.0
760402.0,0.0003275,2.0
760438.0,0.0003275,1.0
760461.0,0.0003275,3.0
760474.0,0.0003275,3.0
760490.0,0.0003275,1.0
760505.0,0.0003275,2.0
760508.0,0.0003275,4.0
760515.0,0.0003275,3.0
760525.0,0.0003275,1.0
760543.0,0.0003275,1.0
760551.0,0.0003275,2.0
760554.0,0.0003275,4.0
760585.0,0.0003275,3.0
760592.0,0.0003275,4.0
760604.0,0.0003275,1.0
760620.0,0.0003275,4.0
760634.0,0.0003275,1.0
760642.0,0.0003275,3.0
760665.0,0.0003275,4.0
760680.0,0.0003275,2.0
760681.0,0.0003275,5.0
760683.0,0.0003275,2.0
760687.0,0.0003275,2.0
760690.0,0.0003275,1.0
760725.0,0.0003275,3.0
760730.0,0.0003275,1.0
760737.0,0.0003275,3.0
760754.0,0.0003275,3.0
760788.0,0.0003275,3.0
760800.0,0.0003275,1.0
760821.0,0.0003275,1.0
760837.0,0.0003275,4.0
760841.0,0.0003275,3.0
760842.0,0.0003275,1.0
760846.0,0.0003275,4.0
760858.0,0.0003275,1.0
760870.0,0.0003275,5.0
760884.0,0.0003275,4.0
760889.0,0.0003275,1.0
760896.0,0.0003275,2.0
760899.0,0.0003275,1.0
760913.0,0.0003275,2.0
760914.0,0.0003275,4.0
760973.0,0.0003275,4.0
760976.0,0.0003275,1.0
760982.0,0.0003275,3.0
760997.0,0.0003275,5.0
760998.0,0.0003275,1.0
761000.0,0.0003275,5.0
761008.0,0.0003275,3.0
761021.0,0.0003275,1.0
761023.0,0.0003275,1.0
761041.0,0.0003275,2.0
761046.0,0.0003275,5.0
761048.0,0.0003275,4.0
761078.0,0.0003275,3.0
761099.0,0.0003275,5.0
761103.0,0.0003275,1.0
761106.0,0.0003275,2.0
761108.0,0.0003275,5.0
761118.0,0.0003275,4.0
761124.0,0.0003275,4.0
761138.0,0.0003275,1.0
761139.0,0.0003275,1.0
761147.0,0.0003275,3.0
761156.0,0.0003275,2.0
761161.0,0.0003275,1.0
761170.0,0.0003275,1.0
761200.0,0.0003275,4.0
761202.0,0.0003275,4.0
761203.0,0.0003275,1.0
761206.0,0.0003275,1.0
761212.0,0.0003275,2.0
761238.0,0.0003275,3.0
761266.0,0.0003275,5.0
761282.0,0.0003275,3.0
761286.0,0.0003275,1.0
761289.0,0.0003275,1.0
761298.0,0.0003275,1.0
761308.0,0.0003275,1.0
761318.0,0.0003275,1.0
761341.0,0.0003275,2.0
761350.0,0.0003275,1.0
761354.0,0.0003275,1.0
761390.0,0.0003275,1.0
761396.0,0.0003275,4.0
761403.0,0.0003275,1.0
761406.0,0.0003275,1.0
761416.0,0.0003275,1.0
761427.0,0.0003275,2.0
761448.0,0.0003275,1.0
761454.0,0.0003275,1.0
761479.0,0.0003275,3.0
761494.0,0.0003275,5.0
761512.0,0.0003275,5.0
761536.0,0.0003275,1.0
761537.0,0.0003275,5.0
761546.0,0.0003275,1.0
761563.0,0.0003275,5.0
761572.0,0.0003275,3.0
761576.0,0.0003275,3.0
761580.0,0.0003275,4.0
761585.0,0.0003275,5.0
761589.0,0.0003275,2.0
761600.0,0.0003275,3.0
761602.0,0.0003275,1.0
761603.0,0.0003275,5.0
761629.0,0.0003275,2.0
761645.0,0.0003275,4.0
761666.0,0.0003275,1.0
761677.0,0.0003275,1.0
761679.0,0.0003275,2.0
761683.0,0.0003275,1.0
761687.0,0.0003275,1.0
761695.0,0.0003275,3.0
761730.0,0.0003275,4.0
761741.0,0.0003275,4.0
761754.0,0.0003275,1.0
761756.0,0.0003275,1.0
761777.0,0.0003275,3.0
761790.0,0.0003275,2.0
761811.0,0.0003275,1.0
761817.0,0.0003275,1.0
761820.0,0.0003275,1.0
761824.0,0.0003275,3.0
761826.0,0.0003275,4.0
761848.0,0.0003275,1.0
761867.0,0.0003275,1.0
761874.0,0.0003275,1.0
761906.0,0.0003275,1.0
761908.0,0.0003275,1.0
761921.0,0.0003275,4.0
761936.0,0.0003275,1.0
761938.0,0.0003275,3.0
761957.0,0.0003275,1.0
761964.0,0.0003275,4.0
761983.0,0.0003275,1.0
761986.0,0.0003275,2.0
761997.0,0.0003275,3.0
762015.0,0.0003275,2.0
762026.0,0.0003275,3.0
762029.0,0.0003275,1.0
762043.0,0.0003275,4.0
762044.0,0.0003275,1.0
762047.0,0.0003275,3.0
762075.0,0.0003275,1.0
762087.0,0.0003275,3.0
762111.0,0.0003275,1.0
762123.0,0.0003275,1.0
762150.0,0.0003275,3.0
762173.0,0.0003275,2.0
762187.0,0.0003275,1.0
762210.0,0.0003275,4.0
762216.0,0.0003275,2.0
762239.0,0.0003275,3.0
762264.0,0.0003275,2.0
762271.0,0.0003275,3.0
762273.0,0.0003275,3.0
762299.0,0.0003275,1.0
762303.0,0.0003275,2.0
762312.0,0.0003275,1.0
762313.0,0.0003275,1.0
762318.0,0.0003275,5.0
762339.0,0.0003275,4.0
762340.0,0.0003275,2.0
762343.0,0.0003275,1.0
762345.0,0.0003275,1.0
762352.0,0.0003275,1.0
762354.0,0.0003275,4.0
762358.0,0.0003275,2.0
762368.0,0.0003275,3.0
762376.0,0.0003275,1.0
762389.0,0.0003275,4.0
762397.0,0.0003275,2.0
762401.0,0.0003275,1.0
762404.0,0.0003275,5.0
762413.0,0.0003275,3.0
762424.0,0.0003275,2.0
762434.0,0.0003275,1.0
762461.0,0.0003275,4.0
762503.0,0.0003275,3.0
762511.0,0.0003275,4.0
762514.0,0.0003275,1.0
762542.0,0.0003275,1.0
762557.0,0.0003275,5.0
762576.0,0.0003275,1.0
762597.0,0.0003275,1.0
762629.0,0.0003275,1.0
762633.0,0.0003275,3.0
762634.0,0.0003275,4.0
762702.0,0.0003275,1.0
762716.0,0.0003275,3.0
762725.0,0.0003275,2.0
762726.0,0.0003275,1.0
762736.0,0.0003275,3.0
762764.0,0.0003275,4.0
762766.0,0.0003275,1.0
762777.0,0.0003275,3.0
762786.0,0.0003275,1.0
762818.0,0.0003275,2.0
762819.0,0.0003275,3.0
762826.0,0.0003275,2.0
762837.0,0.0003275,5.0
762839.0,0.0003275,1.0
762861.0,0.0003275,3.0
762862.0,0.0003275,1.0
762871.0,0.0003275,4.0
762872.0,0.0003275,2.0
762875.0,0.0003275,1.0
762878.0,0.0003275,1.0
762886.0,0.0003275,2.0
762890.0,0.0003275,1.0
762892.0,0.0003275,4.0
762894.0,0.0003275,5.0
762915.0,0.0003275,2.0
762945.0,0.0003275,1.0
762949.0,0.0003275,3.0
762959.0,0.0003275,1.0
762978.0,0.0003275,4.0
763005.0,0.0003275,1.0
763027.0,0.0003275,2.0
763048.0,0.0003275,4.0
763055.0,0.0003275,2.0
763056.0,0.0003275,1.0
763063.0,0.0003275,4.0
763071.0,0.0003275,3.0
763088.0,0.0003275,4.0
763089.0,0.0003275,3.0
763093.0,0.0003275,5.0
763108.0,0.0003275,3.0
763110.0,0.0003275,5.0
763120.0,0.0003275,3.0
763124.0,0.0003275,1.0
763142.0,0.0003275,4.0
763145.0,0.0003275,3.0
763162.0,0.0003275,2.0
763197.0,0.0003275,2.0
763205.0,0.0003275,4.0
763213.0,0.0003275,3.0
763218.0,0.0003275,5.0
763246.0,0.0003275,3.0
763251.0,0.0003275,6.0
763252.0,0.0003275,3.0
763271.0,0.0003275,3.0
763275.0,0.0003275,1.0
763287.0,0.0003275,1.0
763300.0,0.0003275,5.0
763302.0,0.0003275,2.0
763303.0,0.0003275,1.0
763305.0,0.0003275,1.0
763310.0,0.0003275,1.0
763314.0,0.0003275,3.0
763319.0,0.0003275,1.0
763341.0,0.0003275,5.0
763363.0,0.0003275,3.0
763364.0,0.0003275,1.0
763372.0,0.0003275,1.0
763376.0,0.0003275,2.0
763392.0,0.0003275,1.0
763410.0,0.0003275,1.0
763414.0,0.0003275,5.0
763426.0,0.0003275,1.0
763436.0,0.0003275,1.0
763454.0,0.0003275,3.0
763459.0,0.0003275,1.0
763461.0,0.0003275,3.0
763474.0,0.0003275,2.0
763492.0,0.0003275,3.0
763495.0,0.0003275,4.0
763501.0,0.0003275,1.0
763512.0,0.0003275,5.0
763513.0,0.0003275,1.0
763514.0,0.0003275,3.0
763527.0,0.0003275,1.0
763529.0,0.0003275,2.0
763530.0,0.0003275,4.0
763544.0,0.0003275,2.0
763550.0,0.0003275,4.0
763568.0,0.0003275,4.0
763577.0,0.0003275,3.0
763588.0,0.0003275,2.0
763626.0,0.0003275,1.0
763642.0,0.0003275,1.0
763644.0,0.0003275,5.0
763655.0,0.0003275,2.0
763660.0,0.0003275,3.0
763671.0,0.0003275,2.0
763672.0,0.0003275,1.0
763682.0,0.0003275,3.0
763686.0,0.0003275,1.0
763711.0,0.0003275,3.0
763717.0,0.0003275,2.0
763745.0,0.0003275,1.0
763753.0,0.0003275,1.0
763771.0,0.0003275,1.0
763775.0,0.0003275,5.0
763777.0,0.0003275,3.0
763809.0,0.0003275,5.0
763813.0,0.0003275,3.0
763818.0,0.0003275,4.0
763827.0,0.0003275,1.0
763850.0,0.0003275,1.0
763857.0,0.0003275,2.0
763859.0,0.0003275,1.0
763881.0,0.0003275,1.0
763889.0,0.0003275,2.0
763944.0,0.0003275,1.0
763953.0,0.0003275,1.0
763972.0,0.0003275,3.0
763977.0,0.0003275,2.0
763984.0,0.0003275,3.0
763985.0,0.0003275,1.0
763994.0,0.0003275,1.0
763996.0,0.0003275,5.0
764001.0,0.0003275,3.0
764015.0,0.0003275,2.0
764025.0,0.0003275,2.0
764028.0,0.0003275,3.0
764034.0,0.0003275,2.0
764038.0,0.0003275,1.0
764043.0,0.0003275,2.0
764047.0,0.0003275,1.0
764059.0,0.0003275,2.0
764100.0,0.0003275,1.0
764102.0,0.0003275,1.0
764103.0,0.0003275,3.0
764107.0,0.0003275,1.0
764127.0,0.0003275,1.0
764130.0,0.0003275,1.0
764135.0,0.0003275,5.0
764138.0,0.0003275,2.0
764140.0,0.0003275,1.0
764145.0,0.0003275,1.0
764165.0,0.0003275,3.0
764173.0,0.0003275,1.0
764192.0,0.0003275,5.0
764203.0,0.0003275,2.0
764211.0,0.0003275,2.0
764237.0,0.0003275,5.0
764255.0,0.0003275,2.0
764262.0,0.0003275,3.0
764264.0,0.0003275,4.0
764274.0,0.0003275,4.0
764281.0,0.0003275,3.0
764285.0,0.0003275,5.0
764288.0,0.0003275,1.0
764294.0,0.0003275,3.0
764308.0,0.0003275,4.0
764312.0,0.0003275,1.0
764337.0,0.0003275,2.0
764343.0,0.0003275,2.0
764344.0,0.0003275,5.0
764348.0,0.0003275,3.0
764349.0,0.0003275,1.0
764352.0,0.0003275,5.0
764362.0,0.0003275,5.0
764364.0,0.0003275,3.0
764407.0,0.0003275,2.0
764408.0,0.0003275,3.0
764412.0,0.0003275,1.0
764417.0,0.0003275,1.0
764424.0,0.0003275,1.0
764430.0,0.0003275,4.0
764431.0,0.0003275,3.0
764432.0,0.0003275,2.0
764437.0,0.0003275,2.0
764455.0,0.0003275,5.0
764472.0,0.0003275,1.0
764476.0,0.0003275,2.0
764484.0,0.0003275,1.0
764505.0,0.0003275,1.0
764509.0,0.0003275,1.0
764518.0,0.0003275,4.0
764522.0,0.0003275,1.0
764546.0,0.0003275,2.0
764547.0,0.0003275,1.0
764549.0,0.0003275,3.0
764572.0,0.0003275,1.0
764579.0,0.0003275,2.0
764590.0,0.0003275,1.0
764603.0,0.0003275,3.0
764614.0,0.0003275,2.0
764615.0,0.0003275,2.0
764616.0,0.0003275,3.0
764640.0,0.0003275,5.0
764654.0,0.0003275,2.0
764675.0,0.0003275,1.0
764691.0,0.0003275,3.0
764701.0,0.0003275,2.0
764704.0,0.0003275,1.0
764721.0,0.0003275,2.0
764727.0,0.0003275,1.0
764737.0,0.0003275,3.0
764739.0,0.0003275,5.0
764741.0,0.0003275,2.0
764758.0,0.0003275,1.0
764780.0,0.0003275,5.0
764802.0,0.0003275,5.0
764811.0,0.0003275,1.0
764822.0,0.0003275,2.0
764831.0,0.0003275,1.0
764833.0,0.0003275,1.0
764858.0,0.0003275,1.0
764866.0,0.0003275,3.0
764890.0,0.0003275,4.0
764904.0,0.0003275,1.0
764906.0,0.0003275,1.0
764917.0,0.0003275,4.0
764927.0,0.0003275,1.0
764928.0,0.0003275,3.0
764936.0,0.0003275,3.0
764943.0,0.0003275,1.0
764966.0,0.0003275,3.0
764975.0,0.0003275,5.0
764976.0,0.0003275,1.0
764977.0,0.0003275,1.0
764990.0,0.0003275,3.0
764996.0,0.0003275,1.0
765005.0,0.0003275,5.0
765022.0,0.0003275,6.0
765043.0,0.0003275,4.0
765044.0,0.0003275,2.0
765050.0,0.0003275,2.0
765051.0,0.0003275,4.0
765059.0,0.0003275,2.0
765074.0,0.0003275,3.0
765088.0,0.0003275,1.0
765101.0,0.0003275,1.0
765146.0,0.0003275,4.0
765157.0,0.0003275,1.0
765160.0,0.0003275,4.0
765170.0,0.0003275,1.0
765181.0,0.0003275,1.0
765191.0,0.0003275,5.0
765200.0,0.0003275,1.0
765212.0,0.0003275,2.0
765223.0,0.0003275,2.0
765235.0,0.0003275,1.0
765239.0,0.0003275,1.0
765253.0,0.0003275,4.0
765260.0,0.0003275,1.0
765304.0,0.0003275,1.0
765305.0,0.0003275,1.0
765314.0,0.0003275,2.0
765318.0,0.0003275,3.0
765319.0,0.0003275,1.0
765327.0,0.0003275,1.0
765328.0,0.0003275,1.0
765353.0,0.0003275,3.0
765354.0,0.0003275,3.0
765357.0,0.0003275,4.0
765379.0,0.0003275,1.0
765390.0,0.0003275,4.0
765401.0,0.0003275,5.0
765407.0,0.0003275,3.0
765419.0,0.0003275,2.0
765429.0,0.0003275,2.0
765437.0,0.0003275,6.0
765438.0,0.0003275,1.0
765450.0,0.0003275,1.0
765456.0,0.0003275,1.0
765465.0,0.0003275,4.0
765470.0,0.0003275,1.0
765474.0,0.0003275,5.0
765488.0,0.0003275,2.0
765503.0,0.0003275,2.0
765521.0,0.0003275,2.0
765532.0,0.0003275,1.0
765534.0,0.0003275,3.0
765540.0,0.0003275,2.0
765542.0,0.0003275,1.0
765548.0,0.0003275,4.0
765549.0,0.0003275,4.0
765555.0,0.0003275,4.0
765596.0,0.0003275,5.0
765608.0,0.0003275,2.0
765610.0,0.0003275,3.0
765615.0,0.0003275,2.0
765621.0,0.0003275,2.0
765626.0,0.0003275,2.0
765627.0,0.0003275,1.0
765639.0,0.0003275,5.0
765642.0,0.0003275,3.0
765652.0,0.0003275,3.0
765663.0,0.0003275,1.0
765672.0,0.0003275,1.0
765686.0,0.0003275,1.0
765708.0,0.0003275,1.0
765728.0,0.0003275,4.0
765747.0,0.0003275,4.0
765756.0,0.0003275,4.0
765767.0,0.0003275,1.0
765803.0,0.0003275,5.0
765805.0,0.0003275,2.0
765807.0,0.0003275,1.0
765814.0,0.0003275,1.0
765815.0,0.0003275,4.0
765818.0,0.0003275,4.0
765835.0,0.0003275,1.0
765844.0,0.0003275,2.0
765866.0,0.0003275,1.0
765886.0,0.0003275,1.0
765893.0,0.0003275,2.0
765895.0,0.0003275,4.0
765936.0,0.0003275,4.0
765941.0,0.0003275,1.0
765944.0,0.0003275,1.0
765945.0,0.0003275,4.0
765950.0,0.0003275,5.0
765955.0,0.0003275,1.0
765969.0,0.0003275,3.0
765973.0,0.0003275,1.0
765986.0,0.0003275,1.0
765989.0,0.0003275,4.0
766009.0,0.0003275,3.0
766046.0,0.0003275,3.0
766048.0,0.0003275,2.0
766059.0,0.0003275,4.0
766062.0,0.0003275,3.0
766071.0,0.0003275,1.0
766095.0,0.0003275,6.0
766101.0,0.0003275,3.0
766109.0,0.0003275,1.0
766118.0,0.0003275,3.0
766125.0,0.0003275,3.0
766162.0,0.0003275,2.0
766166.0,0.0003275,3.0
766172.0,0.0003275,3.0
766180.0,0.0003275,5.0
766199.0,0.0003275,1.0
766225.0,0.0003275,1.0
766227.0,0.0003275,2.0
766241.0,0.0003275,1.0
766266.0,0.0003275,2.0
766270.0,0.0003275,5.0
766276.0,0.0003275,4.0
766295.0,0.0003275,2.0
766308.0,0.0003275,1.0
766322.0,0.0003275,5.0
766334.0,0.0003275,2.0
766337.0,0.0003275,3.0
766344.0,0.0003275,3.0
766347.0,0.0003275,1.0
766410.0,0.0003275,3.0
766432.0,0.0003275,3.0
766436.0,0.0003275,3.0
766446.0,0.0003275,3.0
766464.0,0.0003275,1.0
766483.0,0.0003275,4.0
766519.0,0.0003275,1.0
766520.0,0.0003275,3.0
766539.0,0.0003275,1.0
766540.0,0.0003275,4.0
766556.0,0.0003275,5.0
766573.0,0.0003275,1.0
766574.0,0.0003275,1.0
766584.0,0.0003275,1.0
766587.0,0.0003275,1.0
766590.0,0.0003275,5.0
766592.0,0.0003275,2.0
766609.0,0.0003275,1.0
766634.0,0.0003275,4.0
766636.0,0.0003275,1.0
766648.0,0.0003275,3.0
766650.0,0.0003275,1.0
766686.0,0.0003275,1.0
766707.0,0.0003275,1.0
766767.0,0.0003275,3.0
766790.0,0.0003275,2.0
766793.0,0.0003275,1.0
766805.0,0.0003275,1.0
766814.0,0.0003275,3.0
766818.0,0.0003275,1.0
766820.0,0.0003275,4.0
766840.0,0.0003275,3.0
766850.0,0.0003275,1.0
766859.0,0.0003275,3.0
766860.0,0.0003275,5.0
766882.0,0.0003275,1.0
766888.0,0.0003275,1.0
766909.0,0.0003275,1.0
766913.0,0.0003275,4.0
766923.0,0.0003275,1.0
766928.0,0.0003275,1.0
766935.0,0.0003275,1.0
766949.0,0.0003275,2.0
766967.0,0.0003275,1.0
766969.0,0.0003275,2.0
766970.0,0.0003275,1.0
766973.0,0.0003275,1.0
766986.0,0.0003275,3.0
767029.0,0.0003275,1.0
767050.0,0.0003275,6.0
767080.0,0.0003275,1.0
767083.0,0.0003275,2.0
767148.0,0.0003275,1.0
767170.0,0.0003275,3.0
767177.0,0.0003275,3.0
767187.0,0.0003275,3.0
767210.0,0.0003275,2.0
767214.0,0.0003275,1.0
767226.0,0.0003275,4.0
767238.0,0.0003275,1.0
767255.0,0.0003275,3.0
767268.0,0.0003275,1.0
767273.0,0.0003275,4.0
767276.0,0.0003275,1.0
767286.0,0.0003275,4.0
767298.0,0.0003275,2.0
767300.0,0.0003275,2.0
767305.0,0.0003275,1.0
767308.0,0.0003275,5.0
767309.0,0.0003275,1.0
767322.0,0.0003275,4.0
767341.0,0.0003275,3.0
767348.0,0.0003275,1.0
767357.0,0.0003275,1.0
767358.0,0.0003275,1.0
767363.0,0.0003275,1.0
767364.0,0.0003275,1.0
767369.0,0.0003275,3.0
767385.0,0.0003275,1.0
767406.0,0.0003275,3.0
767415.0,0.0003275,4.0
767427.0,0.0003275,1.0
767434.0,0.0003275,4.0
767449.0,0.0003275,1.0
767463.0,0.0003275,1.0
767471.0,0.0003275,3.0
767482.0,0.0003275,5.0
767514.0,0.0003275,1.0
767520.0,0.0003275,3.0
767525.0,0.0003275,4.0
767535.0,0.0003275,3.0
767537.0,0.0003275,1.0
767558.0,0.0003275,1.0
767563.0,0.0003275,3.0
767612.0,0.0003275,4.0
767616.0,0.0003275,5.0
767620.0,0.0003275,1.0
767624.0,0.0003275,1.0
767626.0,0.0003275,1.0
767636.0,0.0003275,3.0
767659.0,0.0003275,3.0
767673.0,0.0003275,1.0
767694.0,0.0003275,6.0
767699.0,0.0003275,5.0
767701.0,0.0003275,3.0
767706.0,0.0003275,3.0
767710.0,0.0003275,2.0
767711.0,0.0003275,3.0
767721.0,0.0003275,4.0
767728.0,0.0003275,2.0
767737.0,0.0003275,1.0
767752.0,0.0003275,5.0
767778.0,0.0003275,3.0
767817.0,0.0003275,3.0
767829.0,0.0003275,5.0
767840.0,0.0003275,1.0
767847.0,0.0003275,4.0
767852.0,0.0003275,2.0
767859.0,0.0003275,2.0
767870.0,0.0003275,1.0
767877.0,0.0003275,6.0
767878.0,0.0003275,1.0
767879.0,0.0003275,1.0
767888.0,0.0003275,1.0
767917.0,0.0003275,4.0
767923.0,0.0003275,1.0
767941.0,0.0003275,4.0
767948.0,0.0003275,1.0
767990.0,0.0003275,3.0
767991.0,0.0003275,4.0
767994.0,0.0003275,1.0
768008.0,0.0003275,1.0
768025.0,0.0003275,1.0
768026.0,0.0003275,3.0
768031.0,0.0003275,4.0
768041.0,0.0003275,3.0
768053.0,0.0003275,1.0
768055.0,0.0003275,2.0
768062.0,0.0003275,3.0
768080.0,0.0003275,5.0
768082.0,0.0003275,1.0
768086.0,0.0003275,5.0
768088.0,0.0003275,4.0
768105.0,0.0003275,3.0
768113.0,0.0003275,3.0
768117.0,0.0003275,2.0
768123.0,0.0003275,1.0
768146.0,0.0003275,4.0
768161.0,0.0003275,1.0
768171.0,0.0003275,4.0
768177.0,0.0003275,1.0
768188.0,0.0003275,3.0
768207.0,0.0003275,3.0
768228.0,0.0003275,1.0
768233.0,0.0003275,4.0
768245.0,0.0003275,2.0
768259.0,0.0003275,3.0
768276.0,0.0003275,4.0
768277.0,0.0003275,1.0
768304.0,0.0003275,1.0
768305.0,0.0003275,3.0
768307.0,0.0003275,3.0
768322.0,0.0003275,1.0
768333.0,0.0003275,1.0
768334.0,0.0003275,1.0
768352.0,0.0003275,4.0
768356.0,0.0003275,3.0
768405.0,0.0003275,1.0
768431.0,0.0003275,1.0
768453.0,0.0003275,4.0
768461.0,0.0003275,1.0
768462.0,0.0003275,4.0
768468.0,0.0003275,1.0
768469.0,0.0003275,3.0
768473.0,0.0003275,2.0
768485.0,0.0003275,1.0
768493.0,0.0003275,2.0
768499.0,0.0003275,2.0
768513.0,0.0003275,3.0
768519.0,0.0003275,1.0
768535.0,0.0003275,4.0
768553.0,0.0003275,1.0
768570.0,0.0003275,2.0
768580.0,0.0003275,1.0
768678.0,0.0003275,4.0
768679.0,0.0003275,1.0
768686.0,0.0003275,1.0
768700.0,0.0003275,1.0
768703.0,0.0003275,1.0
768718.0,0.0003275,3.0
768725.0,0.0003275,4.0
768742.0,0.0003275,1.0
768752.0,0.0003275,3.0
768769.0,0.0003275,4.0
768777.0,0.0003275,1.0
768783.0,0.0003275,6.0
768788.0,0.0003275,2.0
768794.0,0.0003275,1.0
768795.0,0.0003275,5.0
768796.0,0.0003275,4.0
768805.0,0.0003275,2.0
768814.0,0.0003275,3.0
768829.0,0.0003275,1.0
768833.0,0.0003275,1.0
768841.0,0.0003275,3.0
768857.0,0.0003275,2.0
768868.0,0.0003275,1.0
768879.0,0.0003275,1.0
768897.0,0.0003275,3.0
768904.0,0.0003275,1.0
768912.0,0.0003275,1.0
768917.0,0.0003275,1.0
768921.0,0.0003275,1.0
768930.0,0.0003275,3.0
768933.0,0.0003275,1.0
768936.0,0.0003275,5.0
768972.0,0.0003275,4.0
768993.0,0.0003275,1.0
768994.0,0.0003275,1.0
769009.0,0.0003275,5.0
769015.0,0.0003275,3.0
769017.0,0.0003275,1.0
769026.0,0.0003275,4.0
769039.0,0.0003275,1.0
769043.0,0.0003275,2.0
769050.0,0.0003275,2.0
769059.0,0.0003275,2.0
769080.0,0.0003275,1.0
769082.0,0.0003275,1.0
769085.0,0.0003275,3.0
769086.0,0.0003275,1.0
769092.0,0.0003275,1.0
769096.0,0.0003275,4.0
769133.0,0.0003275,1.0
769137.0,0.0003275,1.0
769151.0,0.0003275,6.0
769160.0,0.0003275,1.0
769177.0,0.0003275,4.0
769185.0,0.0003275,4.0
769200.0,0.0003275,1.0
769206.0,0.0003275,4.0
769215.0,0.0003275,1.0
769218.0,0.0003275,1.0
769220.0,0.0003275,2.0
769234.0,0.0003275,1.0
769241.0,0.0003275,1.0
769253.0,0.0003275,1.0
769270.0,0.0003275,2.0
769295.0,0.0003275,4.0
769308.0,0.0003275,1.0
769320.0,0.0003275,3.0
769321.0,0.0003275,5.0
769338.0,0.0003275,1.0
769353.0,0.0003275,3.0
769371.0,0.0003275,1.0
769381.0,0.0003275,4.0
769387.0,0.0003275,2.0
769389.0,0.0003275,1.0
769408.0,0.0003275,5.0
769434.0,0.0003275,4.0
769440.0,0.0003275,3.0
769447.0,0.0003275,4.0
769477.0,0.0003275,4.0
769482.0,0.0003275,1.0
769510.0,0.0003275,2.0
769515.0,0.0003275,2.0
769547.0,0.0003275,1.0
769549.0,0.0003275,3.0
769556.0,0.0003275,2.0
769565.0,0.0003275,1.0
769585.0,0.0003275,1.0
769586.0,0.0003275,3.0
769591.0,0.0003275,2.0
769622.0,0.0003275,3.0
769626.0,0.0003275,5.0
769658.0,0.0003275,2.0
769661.0,0.0003275,3.0
769681.0,0.0003275,3.0
769682.0,0.0003275,4.0
769684.0,0.0003275,3.0
769693.0,0.0003275,2.0
769728.0,0.0003275,1.0
769730.0,0.0003275,1.0
769754.0,0.0003275,4.0
769826.0,0.0003275,1.0
769828.0,0.0003275,4.0
769829.0,0.0003275,2.0
769841.0,0.0003275,4.0
769842.0,0.0003275,1.0
769847.0,0.0003275,1.0
769857.0,0.0003275,5.0
769891.0,0.0003275,4.0
769917.0,0.0003275,3.0
769919.0,0.0003275,4.0
769924.0,0.0003275,1.0
769929.0,0.0003275,6.0
769932.0,0.0003275,1.0
769937.0,0.0003275,1.0
769944.0,0.0003275,2.0
769981.0,0.0003275,3.0
760040.0,0.0003275,2.0
760120.0,0.0003275,1.0
760136.0,0.0003275,1.0
760244.0,0.0003275,1.0
760268.0,0.0003275,1.0
760328.0,0.0003275,1.0
760344.0,0.0003275,1.0
760381.0,0.0003275,1.0
760388.0,0.0003275,1.0
760425.0,0.0003275,1.0
760628.0,0.0003275,1.0
760756.0,0.0003275,1.0
760783.0,0.0003275,2.0
760849.0,0.0003275,1.0
760876.0,0.0003275,1.0
761151.0,0.0003275,2.0
761179.0,0.0003275,1.0
761216.0,0.0003275,1.0
761288.0,0.0003275,1.0
761316.0,0.0003275,1.0
761436.0,0.0003275,1.0
761458.0,0.0003275,1.0
761486.0,0.0003275,2.0
761781.0,0.0003275,1.0
761972.0,0.0003275,1.0
762078.0,0.0003275,2.0
762156.0,0.0003275,1.0
762372.0,0.0003275,1.0
762403.0,0.0003275,1.0
762414.0,0.0003275,1.0
762438.0,0.0003275,2.0
762571.0,0.0003275,1.0
762760.0,0.0003275,2.0
762775.0,0.0003275,1.0
762825.0,0.0003275,1.0
762829.0,0.0003275,1.0
762887.0,0.0003275,1.0
763019.0,0.0003275,1.0
763254.0,0.0003275,1.0
763290.0,0.0003275,2.0
763340.0,0.0003275,1.0
763381.0,0.0003275,1.0
763411.0,0.0003275,1.0
763493.0,0.0003275,2.0
763517.0,0.0003275,2.0
763619.0,0.0003275,1.0
763653.0,0.0003275,2.0
763936.0,0.0003275,1.0
764004.0,0.0003275,1.0
764023.0,0.0003275,2.0
764045.0,0.0003275,2.0
764096.0,0.0003275,1.0
764171.0,0.0003275,1.0
764184.0,0.0003275,1.0
764251.0,0.0003275,1.0
764253.0,0.0003275,2.0
764345.0,0.0003275,1.0
764508.0,0.0003275,1.0
764521.0,0.0003275,1.0
764543.0,0.0003275,1.0
764909.0,0.0003275,2.0
765030.0,0.0003275,2.0
765068.0,0.0003275,1.0
765105.0,0.0003275,1.0
765159.0,0.0003275,1.0
765278.0,0.0003275,1.0
765306.0,0.0003275,2.0
765344.0,0.0003275,2.0
765451.0,0.0003275,1.0
765482.0,0.0003275,1.0
765543.0,0.0003275,1.0
765636.0,0.0003275,1.0
765660.0,0.0003275,1.0
765698.0,0.0003275,1.0
765773.0,0.0003275,2.0
765856.0,0.0003275,2.0
765874.0,0.0003275,1.0
765965.0,0.0003275,2.0
765999.0,0.0003275,1.0
766113.0,0.0003275,1.0
766131.0,0.0003275,1.0
766205.0,0.0003275,1.0
766224.0,0.0003275,1.0
766248.0,0.0003275,1.0
766326.0,0.0003275,2.0
766388.0,0.0003275,1.0
766525.0,0.0003275,1.0
766602.0,0.0003275,1.0
766747.0,0.0003275,1.0
766813.0,0.0003275,2.0
767089.0,0.0003275,1.0
767126.0,0.0003275,2.0
767145.0,0.0003275,2.0
767150.0,0.0003275,2.0
767189.0,0.0003275,2.0
767197.0,0.0003275,1.0
767264.0,0.0003275,1.0
767356.0,0.0003275,2.0
767366.0,0.0003275,2.0
767437.0,0.0003275,2.0
767466.0,0.0003275,1.0
767487.0,0.0003275,1.0
767565.0,0.0003275,1.0
767590.0,0.0003275,1.0
767714.0,0.0003275,1.0
767761.0,0.0003275,1.0
767765.0,0.0003275,2.0
767773.0,0.0003275,1.0
767819.0,0.0003275,1.0
767834.0,0.0003275,1.0
767881.0,0.0003275,1.0
767943.0,0.0003275,2.0
767957.0,0.0003275,2.0
767966.0,0.0003275,2.0
768189.0,0.0003275,2.0
768205.0,0.0003275,1.0
768230.0,0.0003275,1.0
768247.0,0.0003275,2.0
768366.0,0.0003275,1.0
768388.0,0.0003275,1.0
768621.0,0.0003275,1.0
768691.0,0.0003275,1.0
768820.0,0.0003275,1.0
768869.0,0.0003275,2.0
768885.0,0.0003275,1.0
768986.0,0.0003275,1.0
769298.0,0.0003275,1.0
769318.0,0.0003275,1.0
769363.0,0.0003275,2.0
769628.0,0.0003275,1.0
769642.0,0.0003275,1.0
769747.0,0.0003275,1.0
770005.0,0.0003511,2.0
770027.0,0.0003511,1.0
770036.0,0.0003511,2.0
770063.0,0.0003511,1.0
770064.0,0.0003511,1.0
770070.0,0.0003511,1.0
770080.0,0.0003511,1.0
770085.0,0.0003511,1.0
770106.0,0.0003511,1.0
770123.0,0.0003511,3.0
770126.0,0.0003511,1.0
770199.0,0.0003511,1.0
770207.0,0.0003511,1.0
770235.0,0.0003511,2.0
770250.0,0.0003511,1.0
770291.0,0.0003511,2.0
770316.0,0.0003511,1.0
770327.0,0.0003511,1.0
770334.0,0.0003511,1.0
770346.0,0.0003511,1.0
770373.0,0.0003511,1.0
770383.0,0.0003511,1.0
770388.0,0.0003511,1.0
770389.0,0.0003511,1.0
770402.0,0.0003511,1.0
770461.0,0.0003511,1.0
770474.0,0.0003511,2.0
770505.0,0.0003511,1.0
770508.0,0.0003511,3.0
770515.0,0.0003511,1.0
770525.0,0.0003511,1.0
770543.0,0.0003511,1.0
770554.0,0.0003511,3.0
770592.0,0.0003511,3.0
770620.0,0.0003511,2.0
770634.0,0.0003511,1.0
770642.0,0.0003511,1.0
770665.0,0.0003511,1.0
770680.0,0.0003511,1.0
770681.0,0.0003511,1.0
770683.0,0.0003511,1.0
770687.0,0.0003511,1.0
770690.0,0.0003511,1.0
770730.0,0.0003511,1.0
770737.0,0.0003511,2.0
770754.0,0.0003511,1.0
770760.0,0.0003511,1.0
770788.0,0.0003511,2.0
770800.0,0.0003511,1.0
770821.0,0.0003511,1.0
770837.0,0.0003511,3.0
770841.0,0.0003511,1.0
770846.0,0.0003511,2.0
770870.0,0.0003511,2.0
770884.0,0.0003511,1.0
770889.0,0.0003511,1.0
770896.0,0.0003511,1.0
770913.0,0.0003511,1.0
770914.0,0.0003511,3.0
770973.0,0.0003511,1.0
770976.0,0.0003511,1.0
770982.0,0.0003511,2.0
770997.0,0.0003511,1.0
771000.0,0.0003511,1.0
771008.0,0.0003511,1.0
771021.0,0.0003511,1.0
771023.0,0.0003511,1.0
771041.0,0.0003511,1.0
771046.0,0.0003511,2.0
771048.0,0.0003511,1.0
771078.0,0.0003511,2.0
771099.0,0.0003511,2.0
771103.0,0.0003511,1.0
771108.0,0.0003511,2.0
771118.0,0.0003511,3.0
771124.0,0.0003511,1.0
771147.0,0.0003511,1.0
771158.0,0.0003511,1.0
771161.0,0.0003511,1.0
771170.0,0.0003511,1.0
771200.0,0.0003511,1.0
771202.0,0.0003511,1.0
771203.0,0.0003511,1.0
771238.0,0.0003511,1.0
771256.0,0.0003511,1.0
771266.0,0.0003511,1.0
771285.0,0.0003511,1.0
771286.0,0.0003511,1.0
771298.0,0.0003511,1.0
771308.0,0.0003511,1.0
771316.0,0.0003511,3.0
771354.0,0.0003511,1.0
771390.0,0.0003511,1.0
771396.0,0.0003511,1.0
771403.0,0.0003511,1.0
771427.0,0.0003511,1.0
771448.0,0.0003511,1.0
771454.0,0.0003511,1.0
771494.0,0.0003511,1.0
771512.0,0.0003511,1.0
771537.0,0.0003511,1.0
771546.0,0.0003511,1.0
771563.0,0.0003511,1.0
771576.0,0.0003511,1.0
771580.0,0.0003511,1.0
771585.0,0.0003511,1.0
771589.0,0.0003511,1.0
771600.0,0.0003511,1.0
771602.0,0.0003511,1.0
771603.0,0.0003511,2.0
771629.0,0.0003511,2.0
771645.0,0.0003511,1.0
771666.0,0.0003511,1.0
771679.0,0.0003511,1.0
771687.0,0.0003511,1.0
771741.0,0.0003511,1.0
771754.0,0.0003511,1.0
771756.0,0.0003511,2.0
771777.0,0.0003511,2.0
771811.0,0.0003511,1.0
771826.0,0.0003511,1.0
771848.0,0.0003511,1.0
771867.0,0.0003511,1.0
771874.0,0.0003511,1.0
771908.0,0.0003511,1.0
771921.0,0.0003511,2.0
771938.0,0.0003511,2.0
771964.0,0.0003511,3.0
771983.0,0.0003511,1.0
771997.0,0.0003511,1.0
772026.0,0.0003511,2.0
772029.0,0.0003511,2.0
772031.0,0.0003511,1.0
772043.0,0.0003511,3.0
772047.0,0.0003511,3.0
772075.0,0.0003511,2.0
772087.0,0.0003511,3.0
772150.0,0.0003511,2.0
772177.0,0.0003511,1.0
772187.0,0.0003511,1.0
772216.0,0.0003511,1.0
772271.0,0.0003511,3.0
772273.0,0.0003511,2.0
772313.0,0.0003511,1.0
772318.0,0.0003511,1.0
772331.0,0.0003511,2.0
772339.0,0.0003511,1.0
772343.0,0.0003511,1.0
772345.0,0.0003511,1.0
772352.0,0.0003511,1.0
772354.0,0.0003511,1.0
772368.0,0.0003511,3.0
772376.0,0.0003511,1.0
772389.0,0.0003511,1.0
772397.0,0.0003511,1.0
772401.0,0.0003511,1.0
772404.0,0.0003511,2.0
772424.0,0.0003511,1.0
772434.0,0.0003511,2.0
772461.0,0.0003511,1.0
772511.0,0.0003511,3.0
772514.0,0.0003511,1.0
772557.0,0.0003511,2.0
772568.0,0.0003511,2.0
772576.0,0.0003511,1.0
772633.0,0.0003511,1.0
772634.0,0.0003511,1.0
772702.0,0.0003511,1.0
772736.0,0.0003511,1.0
772760.0,0.0003511,2.0
772764.0,0.0003511,3.0
772766.0,0.0003511,1.0
772777.0,0.0003511,3.0
772786.0,0.0003511,1.0
772819.0,0.0003511,1.0
772837.0,0.0003511,1.0
772861.0,0.0003511,2.0
772862.0,0.0003511,1.0
772871.0,0.0003511,2.0
772875.0,0.0003511,1.0
772886.0,0.0003511,1.0
772892.0,0.0003511,3.0
772894.0,0.0003511,1.0
772945.0,0.0003511,1.0
772949.0,0.0003511,3.0
772959.0,0.0003511,1.0
772978.0,0.0003511,1.0
773005.0,0.0003511,2.0
773048.0,0.0003511,2.0
773055.0,0.0003511,1.0
773056.0,0.0003511,1.0
773063.0,0.0003511,1.0
773071.0,0.0003511,2.0
773088.0,0.0003511,1.0
773089.0,0.0003511,1.0
773093.0,0.0003511,1.0
773108.0,0.0003511,1.0
773110.0,0.0003511,1.0
773124.0,0.0003511,1.0
773142.0,0.0003511,3.0
773205.0,0.0003511,1.0
773213.0,0.0003511,2.0
773218.0,0.0003511,2.0
773240.0,0.0003511,1.0
773251.0,0.0003511,3.0
773252.0,0.0003511,2.0
773271.0,0.0003511,2.0
773287.0,0.0003511,1.0
773297.0,0.0003511,1.0
773300.0,0.0003511,3.0
773303.0,0.0003511,1.0
773305.0,0.0003511,1.0
773310.0,0.0003511,2.0
773314.0,0.0003511,1.0
773341.0,0.0003511,1.0
773363.0,0.0003511,1.0
773392.0,0.0003511,1.0
773410.0,0.0003511,1.0
773414.0,0.0003511,1.0
773426.0,0.0003511,1.0
773454.0,0.0003511,2.0
773459.0,0.0003511,1.0
773461.0,0.0003511,1.0
773474.0,0.0003511,1.0
773492.0,0.0003511,5.0
773493.0,0.0003511,2.0
773495.0,0.0003511,1.0
773501.0,0.0003511,1.0
773512.0,0.0003511,1.0
773514.0,0.0003511,2.0
773517.0,0.0003511,1.0
773530.0,0.0003511,1.0
773544.0,0.0003511,1.0
773550.0,0.0003511,1.0
773568.0,0.0003511,1.0
773577.0,0.0003511,1.0
773644.0,0.0003511,1.0
773655.0,0.0003511,2.0
773660.0,0.0003511,1.0
773671.0,0.0003511,1.0
773686.0,0.0003511,1.0
773745.0,0.0003511,1.0
773771.0,0.0003511,1.0
773775.0,0.0003511,1.0
773777.0,0.0003511,1.0
773809.0,0.0003511,2.0
773813.0,0.0003511,1.0
773818.0,0.0003511,1.0
773827.0,0.0003511,1.0
773850.0,0.0003511,1.0
773881.0,0.0003511,1.0
773936.0,0.0003511,1.0
773944.0,0.0003511,1.0
773985.0,0.0003511,2.0
773994.0,0.0003511,1.0
773995.0,0.0003511,1.0
773996.0,0.0003511,1.0
774001.0,0.0003511,1.0
774015.0,0.0003511,1.0
774025.0,0.0003511,1.0
774028.0,0.0003511,4.0
774034.0,0.0003511,1.0
774043.0,0.0003511,1.0
774045.0,0.0003511,1.0
774100.0,0.0003511,1.0
774103.0,0.0003511,3.0
774107.0,0.0003511,2.0
774130.0,0.0003511,2.0
774135.0,0.0003511,1.0
774165.0,0.0003511,3.0
774171.0,0.0003511,3.0
774184.0,0.0003511,2.0
774187.0,0.0003511,1.0
774192.0,0.0003511,1.0
774232.0,0.0003511,2.0
774237.0,0.0003511,1.0
774251.0,0.0003511,2.0
774264.0,0.0003511,1.0
774274.0,0.0003511,3.0
774281.0,0.0003511,2.0
774285.0,0.0003511,3.0
774288.0,0.0003511,1.0
774294.0,0.0003511,1.0
774308.0,0.0003511,1.0
774312.0,0.0003511,1.0
774337.0,0.0003511,1.0
774344.0,0.0003511,2.0
774349.0,0.0003511,1.0
774352.0,0.0003511,1.0
774362.0,0.0003511,1.0
774364.0,0.0003511,1.0
774407.0,0.0003511,1.0
774424.0,0.0003511,2.0
774430.0,0.0003511,1.0
774431.0,0.0003511,1.0
774455.0,0.0003511,1.0
774518.0,0.0003511,1.0
774522.0,0.0003511,1.0
774572.0,0.0003511,2.0
774579.0,0.0003511,1.0
774614.0,0.0003511,2.0
774616.0,0.0003511,1.0
774640.0,0.0003511,3.0
774675.0,0.0003511,1.0
774691.0,0.0003511,1.0
774704.0,0.0003511,1.0
774721.0,0.0003511,1.0
774727.0,0.0003511,1.0
774737.0,0.0003511,2.0
774739.0,0.0003511,2.0
774741.0,0.0003511,1.0
774758.0,0.0003511,2.0
774780.0,0.0003511,1.0
774802.0,0.0003511,1.0
774811.0,0.0003511,1.0
774822.0,0.0003511,1.0
774831.0,0.0003511,1.0
774833.0,0.0003511,1.0
774866.0,0.0003511,2.0
774890.0,0.0003511,1.0
774906.0,0.0003511,1.0
774917.0,0.0003511,3.0
774927.0,0.0003511,1.0
774928.0,0.0003511,1.0
774966.0,0.0003511,2.0
774975.0,0.0003511,1.0
774976.0,0.0003511,1.0
774977.0,0.0003511,1.0
774990.0,0.0003511,1.0
775005.0,0.0003511,2.0
775022.0,0.0003511,3.0
775030.0,0.0003511,1.0
775043.0,0.0003511,2.0
775044.0,0.0003511,1.0
775051.0,0.0003511,2.0
775088.0,0.0003511,1.0
775101.0,0.0003511,1.0
775146.0,0.0003511,1.0
775157.0,0.0003511,1.0
775159.0,0.0003511,1.0
775160.0,0.0003511,1.0
775191.0,0.0003511,1.0
775200.0,0.0003511,1.0
775204.0,0.0003511,2.0
775212.0,0.0003511,1.0
775281.0,0.0003511,1.0
775328.0,0.0003511,1.0
775344.0,0.0003511,1.0
775353.0,0.0003511,1.0
775354.0,0.0003511,1.0
775357.0,0.0003511,4.0
775390.0,0.0003511,1.0
775401.0,0.0003511,3.0
775407.0,0.0003511,1.0
775437.0,0.0003511,3.0
775446.0,0.0003511,2.0
775450.0,0.0003511,1.0
775451.0,0.0003511,2.0
775465.0,0.0003511,3.0
775470.0,0.0003511,1.0
775474.0,0.0003511,3.0
775532.0,0.0003511,1.0
775540.0,0.0003511,1.0
775542.0,0.0003511,2.0
775548.0,0.0003511,1.0
775549.0,0.0003511,2.0
775555.0,0.0003511,3.0
775596.0,0.0003511,1.0
775610.0,0.0003511,2.0
775621.0,0.0003511,1.0
775639.0,0.0003511,3.0
775642.0,0.0003511,1.0
775652.0,0.0003511,1.0
775660.0,0.0003511,1.0
775728.0,0.0003511,2.0
775747.0,0.0003511,1.0
775756.0,0.0003511,2.0
775767.0,0.0003511,1.0
775773.0,0.0003511,1.0
775785.0,0.0003511,1.0
775803.0,0.0003511,3.0
775815.0,0.0003511,1.0
775818.0,0.0003511,1.0
775844.0,0.0003511,1.0
775856.0,0.0003511,2.0
775866.0,0.0003511,2.0
775895.0,0.0003511,2.0
775936.0,0.0003511,1.0
775941.0,0.0003511,1.0
775945.0,0.0003511,2.0
775950.0,0.0003511,1.0
775969.0,0.0003511,1.0
775987.0,0.0003511,1.0
775989.0,0.0003511,1.0
776046.0,0.0003511,2.0
776048.0,0.0003511,1.0
776059.0,0.0003511,1.0
776071.0,0.0003511,1.0
776095.0,0.0003511,3.0
776109.0,0.0003511,1.0
776113.0,0.0003511,1.0
776118.0,0.0003511,2.0
776162.0,0.0003511,1.0
776166.0,0.0003511,1.0
776180.0,0.0003511,2.0
776227.0,0.0003511,1.0
776241.0,0.0003511,1.0
776266.0,0.0003511,1.0
776270.0,0.0003511,2.0
776276.0,0.0003511,2.0
776308.0,0.0003511,1.0
776322.0,0.0003511,1.0
776326.0,0.0003511,1.0
776337.0,0.0003511,3.0
776344.0,0.0003511,1.0
776347.0,0.0003511,1.0
776410.0,0.0003511,2.0
776432.0,0.0003511,1.0
776436.0,0.0003511,2.0
776465.0,0.0003511,1.0
776483.0,0.0003511,1.0
776519.0,0.0003511,1.0
776539.0,0.0003511,1.0
776540.0,0.0003511,3.0
776556.0,0.0003511,2.0
776573.0,0.0003511,1.0
776574.0,0.0003511,1.0
776584.0,0.0003511,1.0
776590.0,0.0003511,1.0
776634.0,0.0003511,2.0
776648.0,0.0003511,1.0
776650.0,0.0003511,1.0
776707.0,0.0003511,1.0
776767.0,0.0003511,1.0
776793.0,0.0003511,1.0
776814.0,0.0003511,2.0
776818.0,0.0003511,1.0
776840.0,0.0003511,1.0
776859.0,0.0003511,2.0
776860.0,0.0003511,1.0
776888.0,0.0003511,1.0
776913.0,0.0003511,1.0
776928.0,0.0003511,1.0
776935.0,0.0003511,1.0
776949.0,0.0003511,1.0
776967.0,0.0003511,1.0
776969.0,0.0003511,2.0
776970.0,0.0003511,1.0
776973.0,0.0003511,2.0
776986.0,0.0003511,3.0
777050.0,0.0003511,1.0
777080.0,0.0003511,1.0
777126.0,0.0003511,2.0
777148.0,0.0003511,1.0
777170.0,0.0003511,1.0
777199.0,0.0003511,1.0
777226.0,0.0003511,2.0
777238.0,0.0003511,1.0
777255.0,0.0003511,2.0
777268.0,0.0003511,2.0
777273.0,0.0003511,2.0
777286.0,0.0003511,1.0
777305.0,0.0003511,1.0
777308.0,0.0003511,3.0
777322.0,0.0003511,1.0
777341.0,0.0003511,1.0
777348.0,0.0003511,1.0
777356.0,0.0003511,2.0
777357.0,0.0003511,1.0
777364.0,0.0003511,1.0
777369.0,0.0003511,4.0
777406.0,0.0003511,3.0
777415.0,0.0003511,1.0
777427.0,0.0003511,1.0
777434.0,0.0003511,1.0
777453.0,0.0003511,2.0
777466.0,0.0003511,1.0
777471.0,0.0003511,2.0
777482.0,0.0003511,1.0
777514.0,0.0003511,1.0
777520.0,0.0003511,2.0
777525.0,0.0003511,3.0
777537.0,0.0003511,1.0
777558.0,0.0003511,2.0
777612.0,0.0003511,2.0
777616.0,0.0003511,2.0
777620.0,0.0003511,2.0
777624.0,0.0003511,1.0
777626.0,0.0003511,1.0
777636.0,0.0003511,2.0
777642.0,0.0003511,1.0
777659.0,0.0003511,1.0
777694.0,0.0003511,2.0
777699.0,0.0003511,1.0
777701.0,0.0003511,1.0
777711.0,0.0003511,2.0
777721.0,0.0003511,2.0
777728.0,0.0003511,1.0
777752.0,0.0003511,1.0
777765.0,0.0003511,3.0
777778.0,0.0003511,1.0
777817.0,0.0003511,2.0
777829.0,0.0003511,2.0
777847.0,0.0003511,3.0
777852.0,0.0003511,2.0
777877.0,0.0003511,2.0
777878.0,0.0003511,1.0
777879.0,0.0003511,1.0
777888.0,0.0003511,2.0
777917.0,0.0003511,1.0
777923.0,0.0003511,1.0
777941.0,0.0003511,1.0
777948.0,0.0003511,1.0
777991.0,0.0003511,1.0
778008.0,0.0003511,1.0
778031.0,0.0003511,3.0
778050.0,0.0003511,2.0
778055.0,0.0003511,1.0
778080.0,0.0003511,2.0
778082.0,0.0003511,1.0
778086.0,0.0003511,2.0
778088.0,0.0003511,2.0
778105.0,0.0003511,2.0
778113.0,0.0003511,1.0
778123.0,0.0003511,1.0
778146.0,0.0003511,3.0
778161.0,0.0003511,1.0
778171.0,0.0003511,1.0
778177.0,0.0003511,1.0
778188.0,0.0003511,2.0
778228.0,0.0003511,2.0
778233.0,0.0003511,2.0
778259.0,0.0003511,1.0
778276.0,0.0003511,2.0
778304.0,0.0003511,1.0
778305.0,0.0003511,2.0
778322.0,0.0003511,1.0
778333.0,0.0003511,1.0
778352.0,0.0003511,3.0
778356.0,0.0003511,3.0
778405.0,0.0003511,1.0
778453.0,0.0003511,1.0
778462.0,0.0003511,2.0
778468.0,0.0003511,1.0
778469.0,0.0003511,2.0
778493.0,0.0003511,1.0
778513.0,0.0003511,1.0
778519.0,0.0003511,1.0
778535.0,0.0003511,1.0
778553.0,0.0003511,1.0
778570.0,0.0003511,1.0
778678.0,0.0003511,3.0
778679.0,0.0003511,1.0
778686.0,0.0003511,2.0
778691.0,0.0003511,1.0
778703.0,0.0003511,1.0
778718.0,0.0003511,4.0
778725.0,0.0003511,2.0
778732.0,0.0003511,1.0
778742.0,0.0003511,2.0
778752.0,0.0003511,1.0
778769.0,0.0003511,1.0
778777.0,0.0003511,1.0
778783.0,0.0003511,3.0
778788.0,0.0003511,1.0
778795.0,0.0003511,2.0
778796.0,0.0003511,2.0
778805.0,0.0003511,1.0
778814.0,0.0003511,1.0
778829.0,0.0003511,1.0
778833.0,0.0003511,1.0
778841.0,0.0003511,2.0
778868.0,0.0003511,1.0
778869.0,0.0003511,1.0
778879.0,0.0003511,1.0
778912.0,0.0003511,2.0
778921.0,0.0003511,1.0
778930.0,0.0003511,2.0
778933.0,0.0003511,1.0
778936.0,0.0003511,1.0
778972.0,0.0003511,2.0
778993.0,0.0003511,1.0
778994.0,0.0003511,2.0
779009.0,0.0003511,1.0
779015.0,0.0003511,2.0
779026.0,0.0003511,1.0
779039.0,0.0003511,1.0
779043.0,0.0003511,1.0
779054.0,0.0003511,1.0
779059.0,0.0003511,1.0
779085.0,0.0003511,4.0
779092.0,0.0003511,1.0
779096.0,0.0003511,3.0
779133.0,0.0003511,1.0
779151.0,0.0003511,3.0
779177.0,0.0003511,1.0
779185.0,0.0003511,1.0
779200.0,0.0003511,2.0
779202.0,0.0003511,1.0
779206.0,0.0003511,1.0
779218.0,0.0003511,1.0
779253.0,0.0003511,1.0
779295.0,0.0003511,4.0
779298.0,0.0003511,1.0
779320.0,0.0003511,2.0
779321.0,0.0003511,2.0
779338.0,0.0003511,1.0
779353.0,0.0003511,2.0
779371.0,0.0003511,1.0
779381.0,0.0003511,2.0
779406.0,0.0003511,2.0
779408.0,0.0003511,2.0
779434.0,0.0003511,2.0
779440.0,0.0003511,2.0
779447.0,0.0003511,1.0
779477.0,0.0003511,1.0
779510.0,0.0003511,1.0
779533.0,0.0003511,1.0
779547.0,0.0003511,1.0
779549.0,0.0003511,1.0
779550.0,0.0003511,1.0
779556.0,0.0003511,1.0
779565.0,0.0003511,1.0
779586.0,0.0003511,2.0
779591.0,0.0003511,1.0
779622.0,0.0003511,1.0
779626.0,0.0003511,2.0
779661.0,0.0003511,1.0
779682.0,0.0003511,1.0
779723.0,0.0003511,1.0
779730.0,0.0003511,1.0
779754.0,0.0003511,1.0
779824.0,0.0003511,1.0
779826.0,0.0003511,1.0
779828.0,0.0003511,1.0
779841.0,0.0003511,1.0
779842.0,0.0003511,1.0
779847.0,0.0003511,1.0
779857.0,0.0003511,2.0
779919.0,0.0003511,1.0
779929.0,0.0003511,3.0
779932.0,0.0003511,1.0
779937.0,0.0003511,1.0
779981.0,0.0003511,3.0
770032.0,0.0003511,1.0
770040.0,0.0003511,2.0
770081.0,0.0003511,1.0
770107.0,0.0003511,2.0
770109.0,0.0003511,3.0
770136.0,0.0003511,1.0
770238.0,0.0003511,2.0
770244.0,0.0003511,1.0
770328.0,0.0003511,1.0
770381.0,0.0003511,3.0
770425.0,0.0003511,1.0
770585.0,0.0003511,2.0
770628.0,0.0003511,1.0
770653.0,0.0003511,1.0
770673.0,0.0003511,1.0
770725.0,0.0003511,1.0
770756.0,0.0003511,2.0
770783.0,0.0003511,3.0
770849.0,0.0003511,1.0
770876.0,0.0003511,2.0
770904.0,0.0003511,2.0
771122.0,0.0003511,2.0
771151.0,0.0003511,2.0
771156.0,0.0003511,2.0
771179.0,0.0003511,2.0
771212.0,0.0003511,2.0
771216.0,0.0003511,1.0
771282.0,0.0003511,2.0
771288.0,0.0003511,1.0
771432.0,0.0003511,1.0
771436.0,0.0003511,1.0
771458.0,0.0003511,2.0
771486.0,0.0003511,3.0
771695.0,0.0003511,1.0
771790.0,0.0003511,1.0
771824.0,0.0003511,3.0
771906.0,0.0003511,1.0
771982.0,0.0003511,2.0
772062.0,0.0003511,1.0
772078.0,0.0003511,2.0
772094.0,0.0003511,2.0
772156.0,0.0003511,1.0
772173.0,0.0003511,2.0
772192.0,0.0003511,2.0
772210.0,0.0003511,2.0
772239.0,0.0003511,1.0
772340.0,0.0003511,1.0
772372.0,0.0003511,2.0
772403.0,0.0003511,2.0
772409.0,0.0003511,1.0
772414.0,0.0003511,2.0
772483.0,0.0003511,2.0
772503.0,0.0003511,2.0
772571.0,0.0003511,2.0
772624.0,0.0003511,1.0
772646.0,0.0003511,1.0
772716.0,0.0003511,2.0
772725.0,0.0003511,1.0
772738.0,0.0003511,1.0
772753.0,0.0003511,2.0
772775.0,0.0003511,1.0
772825.0,0.0003511,2.0
772829.0,0.0003511,1.0
772830.0,0.0003511,2.0
772887.0,0.0003511,1.0
772915.0,0.0003511,1.0
773027.0,0.0003511,1.0
773120.0,0.0003511,1.0
773145.0,0.0003511,1.0
773147.0,0.0003511,1.0
773170.0,0.0003511,1.0
773197.0,0.0003511,3.0
773203.0,0.0003511,2.0
773246.0,0.0003511,2.0
773290.0,0.0003511,2.0
773302.0,0.0003511,3.0
773340.0,0.0003511,2.0
773376.0,0.0003511,2.0
773411.0,0.0003511,2.0
773552.0,0.0003511,1.0
773566.0,0.0003511,1.0
773619.0,0.0003511,1.0
773653.0,0.0003511,3.0
773717.0,0.0003511,1.0
773886.0,0.0003511,1.0
773889.0,0.0003511,3.0
773977.0,0.0003511,1.0
774004.0,0.0003511,1.0
774023.0,0.0003511,3.0
774096.0,0.0003511,1.0
774253.0,0.0003511,2.0
774262.0,0.0003511,2.0
774345.0,0.0003511,2.0
774433.0,0.0003511,2.0
774476.0,0.0003511,1.0
774508.0,0.0003511,1.0
774521.0,0.0003511,2.0
774543.0,0.0003511,3.0
774549.0,0.0003511,3.0
774603.0,0.0003511,2.0
774823.0,0.0003511,1.0
774839.0,0.0003511,1.0
774841.0,0.0003511,1.0
774909.0,0.0003511,2.0
774929.0,0.0003511,1.0
774936.0,0.0003511,3.0
775060.0,0.0003511,1.0
775068.0,0.0003511,1.0
775069.0,0.0003511,1.0
775105.0,0.0003511,1.0
775278.0,0.0003511,2.0
775306.0,0.0003511,2.0
775314.0,0.0003511,2.0
775318.0,0.0003511,2.0
775419.0,0.0003511,1.0
775429.0,0.0003511,1.0
775482.0,0.0003511,1.0
775488.0,0.0003511,1.0
775574.0,0.0003511,2.0
775615.0,0.0003511,1.0
775636.0,0.0003511,2.0
775698.0,0.0003511,2.0
775749.0,0.0003511,2.0
775965.0,0.0003511,2.0
776009.0,0.0003511,3.0
776013.0,0.0003511,2.0
776057.0,0.0003511,1.0
776062.0,0.0003511,2.0
776101.0,0.0003511,3.0
776125.0,0.0003511,2.0
776131.0,0.0003511,1.0
776172.0,0.0003511,2.0
776205.0,0.0003511,2.0
776224.0,0.0003511,1.0
776388.0,0.0003511,2.0
776392.0,0.0003511,1.0
776446.0,0.0003511,2.0
776450.0,0.0003511,2.0
776506.0,0.0003511,1.0
776517.0,0.0003511,2.0
776520.0,0.0003511,2.0
776525.0,0.0003511,1.0
776536.0,0.0003511,2.0
776592.0,0.0003511,1.0
776602.0,0.0003511,1.0
776604.0,0.0003511,2.0
776761.0,0.0003511,1.0
776820.0,0.0003511,2.0
776953.0,0.0003511,1.0
776974.0,0.0003511,1.0
777083.0,0.0003511,1.0
777089.0,0.0003511,1.0
777145.0,0.0003511,1.0
777150.0,0.0003511,2.0
777189.0,0.0003511,1.0
777210.0,0.0003511,2.0
777264.0,0.0003511,1.0
777298.0,0.0003511,2.0
777324.0,0.0003511,2.0
777366.0,0.0003511,1.0
777437.0,0.0003511,2.0
777487.0,0.0003511,2.0
777563.0,0.0003511,2.0
777565.0,0.0003511,1.0
777590.0,0.0003511,1.0
777710.0,0.0003511,1.0
777714.0,0.0003511,1.0
777773.0,0.0003511,1.0
777819.0,0.0003511,2.0
777834.0,0.0003511,1.0
777859.0,0.0003511,2.0
777881.0,0.0003511,1.0
777903.0,0.0003511,1.0
777943.0,0.0003511,1.0
777957.0,0.0003511,3.0
777966.0,0.0003511,2.0
777990.0,0.0003511,2.0
778026.0,0.0003511,2.0
778041.0,0.0003511,2.0
778189.0,0.0003511,2.0
778223.0,0.0003511,1.0
778230.0,0.0003511,3.0
778245.0,0.0003511,1.0
778247.0,0.0003511,2.0
778388.0,0.0003511,3.0
778473.0,0.0003511,2.0
778475.0,0.0003511,1.0
778499.0,0.0003511,2.0
778565.0,0.0003511,1.0
778621.0,0.0003511,1.0
778623.0,0.0003511,2.0
778820.0,0.0003511,1.0
778857.0,0.0003511,1.0
778885.0,0.0003511,2.0
778897.0,0.0003511,2.0
778986.0,0.0003511,1.0
779017.0,0.0003511,1.0
779029.0,0.0003511,1.0
779050.0,0.0003511,2.0
779130.0,0.0003511,2.0
779169.0,0.0003511,1.0
779190.0,0.0003511,1.0
779233.0,0.0003511,1.0
779642.0,0.0003511,1.0
779658.0,0.0003511,1.0
779681.0,0.0003511,2.0
779693.0,0.0003511,3.0
779806.0,0.0003511,1.0
779891.0,0.0003511,2.0
779917.0,0.0003511,2.0
770062.0,0.0003511,1.0
770254.0,0.0003511,1.0
770367.0,0.0003511,1.0
770452.0,0.0003511,1.0
770702.0,0.0003511,1.0
770727.0,0.0003511,1.0
770866.0,0.0003511,1.0
771247.0,0.0003511,1.0
771416.0,0.0003511,1.0
771453.0,0.0003511,1.0
771479.0,0.0003511,1.0
771535.0,0.0003511,1.0
771568.0,0.0003511,1.0
771609.0,0.0003511,1.0
771720.0,0.0003511,1.0
771905.0,0.0003511,1.0
771957.0,0.0003511,1.0
772089.0,0.0003511,1.0
772561.0,0.0003511,1.0
773019.0,0.0003511,1.0
773038.0,0.0003511,1.0
773081.0,0.0003511,1.0
773106.0,0.0003511,1.0
773554.0,0.0003511,1.0
773672.0,0.0003511,1.0
773682.0,0.0003511,1.0
773697.0,0.0003511,1.0
773721.0,0.0003511,1.0
773857.0,0.0003511,1.0
773984.0,0.0003511,1.0
773987.0,0.0003511,1.0
774173.0,0.0003511,1.0
774258.0,0.0003511,1.0
774348.0,0.0003511,1.0
774376.0,0.0003511,1.0
774421.0,0.0003511,1.0
774904.0,0.0003511,1.0
775239.0,0.0003511,1.0
775287.0,0.0003511,1.0
775383.0,0.0003511,1.0
775626.0,0.0003511,1.0
775686.0,0.0003511,1.0
775805.0,0.0003511,1.0
775886.0,0.0003511,1.0
775973.0,0.0003511,1.0
776551.0,0.0003511,1.0
776587.0,0.0003511,1.0
776660.0,0.0003511,1.0
776714.0,0.0003511,1.0
776876.0,0.0003511,1.0
777158.0,0.0003511,1.0
777214.0,0.0003511,1.0
777309.0,0.0003511,1.0
777385.0,0.0003511,1.0
777426.0,0.0003511,1.0
777477.0,0.0003511,1.0
777706.0,0.0003511,1.0
777892.0,0.0003511,1.0
778005.0,0.0003511,1.0
778540.0,0.0003511,1.0
778898.0,0.0003511,1.0
779241.0,0.0003511,1.0
779270.0,0.0003511,1.0
779560.0,0.0003511,1.0
779585.0,0.0003511,1.0
780024.0,0.0003765,4.0
780027.0,0.0003765,3.0
780040.0,0.0003765,3.0
780085.0,0.0003765,7.0
780199.0,0.0003765,5.0
780235.0,0.0003765,5.0
780238.0,0.0003765,3.0
780373.0,0.0003765,5.0
780381.0,0.0003765,2.0
780400.0,0.0003765,2.0
780474.0,0.0003765,4.0
780525.0,0.0003765,2.0
780642.0,0.0003765,3.0
780665.0,0.0003765,5.0
780680.0,0.0003765,3.0
780681.0,0.0003765,4.0
780687.0,0.0003765,3.0
780690.0,0.0003765,2.0
780725.0,0.0003765,4.0
780730.0,0.0003765,1.0
780783.0,0.0003765,3.0
780788.0,0.0003765,4.0
780821.0,0.0003765,2.0
780837.0,0.0003765,4.0
780841.0,0.0003765,6.0
780846.0,0.0003765,6.0
780913.0,0.0003765,3.0
781041.0,0.0003765,3.0
781048.0,0.0003765,4.0
781078.0,0.0003765,7.0
781099.0,0.0003765,7.0
781124.0,0.0003765,7.0
781151.0,0.0003765,3.0
781156.0,0.0003765,3.0
781200.0,0.0003765,4.0
781212.0,0.0003765,3.0
781256.0,0.0003765,2.0
781350.0,0.0003765,2.0
781416.0,0.0003765,2.0
781479.0,0.0003765,7.0
781537.0,0.0003765,6.0
781790.0,0.0003765,4.0
781938.0,0.0003765,4.0
781982.0,0.0003765,1.0
781983.0,0.0003765,3.0
782043.0,0.0003765,7.0
782087.0,0.0003765,3.0
782173.0,0.0003765,3.0
782216.0,0.0003765,3.0
782239.0,0.0003765,3.0
782271.0,0.0003765,5.0
782273.0,0.0003765,7.0
782299.0,0.0003765,1.0
782303.0,0.0003765,5.0
782318.0,0.0003765,5.0
782339.0,0.0003765,7.0
782352.0,0.0003765,3.0
782354.0,0.0003765,5.0
782368.0,0.0003765,5.0
782401.0,0.0003765,2.0
782424.0,0.0003765,3.0
782434.0,0.0003765,2.0
782568.0,0.0003765,4.0
782753.0,0.0003765,1.0
782777.0,0.0003765,4.0
782786.0,0.0003765,2.0
782819.0,0.0003765,3.0
782825.0,0.0003765,3.0
782829.0,0.0003765,2.0
782837.0,0.0003765,6.0
782978.0,0.0003765,6.0
783071.0,0.0003765,4.0
783089.0,0.0003765,3.0
783290.0,0.0003765,3.0
783300.0,0.0003765,4.0
783305.0,0.0003765,2.0
783345.0,0.0003765,1.0
783363.0,0.0003765,5.0
783414.0,0.0003765,4.0
783454.0,0.0003765,6.0
783459.0,0.0003765,3.0
783461.0,0.0003765,3.0
783493.0,0.0003765,6.0
783517.0,0.0003765,8.0
783529.0,0.0003765,4.0
783530.0,0.0003765,6.0
783577.0,0.0003765,3.0
783682.0,0.0003765,5.0
783809.0,0.0003765,4.0
783813.0,0.0003765,7.0
783889.0,0.0003765,3.0
783937.0,0.0003765,2.0
783985.0,0.0003765,2.0
783995.0,0.0003765,2.0
784001.0,0.0003765,3.0
784004.0,0.0003765,4.0
784015.0,0.0003765,3.0
784059.0,0.0003765,2.0
784103.0,0.0003765,7.0
784107.0,0.0003765,3.0
784135.0,0.0003765,7.0
784192.0,0.0003765,4.0
784232.0,0.0003765,2.0
784237.0,0.0003765,5.0
784251.0,0.0003765,4.0
784274.0,0.0003765,5.0
784281.0,0.0003765,7.0
784308.0,0.0003765,6.0
784348.0,0.0003765,6.0
784364.0,0.0003765,6.0
784437.0,0.0003765,2.0
784518.0,0.0003765,6.0
784543.0,0.0003765,2.0
784546.0,0.0003765,3.0
784549.0,0.0003765,3.0
784572.0,0.0003765,2.0
784603.0,0.0003765,3.0
784616.0,0.0003765,3.0
784741.0,0.0003765,3.0
784811.0,0.0003765,1.0
784831.0,0.0003765,1.0
784839.0,0.0003765,1.0
784936.0,0.0003765,3.0
785005.0,0.0003765,4.0
785030.0,0.0003765,4.0
785050.0,0.0003765,4.0
785051.0,0.0003765,6.0
785088.0,0.0003765,3.0
785101.0,0.0003765,2.0
785191.0,0.0003765,4.0
785223.0,0.0003765,2.0
785407.0,0.0003765,7.0
785419.0,0.0003765,3.0
785437.0,0.0003765,4.0
785451.0,0.0003765,4.0
785503.0,0.0003765,4.0
785521.0,0.0003765,3.0
785540.0,0.0003765,3.0
785543.0,0.0003765,4.0
785548.0,0.0003765,5.0
785555.0,0.0003765,7.0
785615.0,0.0003765,3.0
785660.0,0.0003765,3.0
785814.0,0.0003765,2.0
785856.0,0.0003765,4.0
785945.0,0.0003765,6.0
785965.0,0.0003765,3.0
786046.0,0.0003765,7.0
786048.0,0.0003765,3.0
786199.0,0.0003765,2.0
786205.0,0.0003765,2.0
786270.0,0.0003765,4.0
786322.0,0.0003765,7.0
786334.0,0.0003765,2.0
786344.0,0.0003765,3.0
786410.0,0.0003765,4.0
786483.0,0.0003765,6.0
786539.0,0.0003765,2.0
786590.0,0.0003765,4.0
786790.0,0.0003765,3.0
786793.0,0.0003765,2.0
786840.0,0.0003765,5.0
786986.0,0.0003765,7.0
787126.0,0.0003765,5.0
787148.0,0.0003765,2.0
787177.0,0.0003765,5.0
787286.0,0.0003765,6.0
787298.0,0.0003765,3.0
787341.0,0.0003765,4.0
787369.0,0.0003765,4.0
787453.0,0.0003765,4.0
787466.0,0.0003765,2.0
787520.0,0.0003765,6.0
787525.0,0.0003765,4.0
787558.0,0.0003765,2.0
787563.0,0.0003765,3.0
787565.0,0.0003765,2.0
787616.0,0.0003765,4.0
787701.0,0.0003765,7.0
787711.0,0.0003765,7.0
787721.0,0.0003765,6.0
787752.0,0.0003765,4.0
787765.0,0.0003765,4.0
787778.0,0.0003765,3.0
787819.0,0.0003765,3.0
787829.0,0.0003765,6.0
787834.0,0.0003765,2.0
787877.0,0.0003765,7.0
787881.0,0.0003765,2.0
787943.0,0.0003765,2.0
787966.0,0.0003765,2.0
788026.0,0.0003765,3.0
788041.0,0.0003765,3.0
788050.0,0.0003765,3.0
788062.0,0.0003765,3.0
788113.0,0.0003765,6.0
788188.0,0.0003765,4.0
788230.0,0.0003765,2.0
788259.0,0.0003765,3.0
788304.0,0.0003765,3.0
788305.0,0.0003765,5.0
788307.0,0.0003765,5.0
788462.0,0.0003765,5.0
788469.0,0.0003765,7.0
788513.0,0.0003765,3.0
788623.0,0.0003765,1.0
788725.0,0.0003765,4.0
788732.0,0.0003765,3.0
788742.0,0.0003765,1.0
788796.0,0.0003765,5.0
788833.0,0.0003765,1.0
788885.0,0.0003765,2.0
788897.0,0.0003765,4.0
788994.0,0.0003765,2.0
789015.0,0.0003765,6.0
789050.0,0.0003765,4.0
789054.0,0.0003765,3.0
789059.0,0.0003765,3.0
789151.0,0.0003765,4.0
789185.0,0.0003765,4.0
789295.0,0.0003765,4.0
789353.0,0.0003765,3.0
789381.0,0.0003765,3.0
789406.0,0.0003765,2.0
789533.0,0.0003765,2.0
789549.0,0.0003765,6.0
789550.0,0.0003765,2.0
789682.0,0.0003765,4.0
789684.0,0.0003765,5.0
789806.0,0.0003765,1.0
789824.0,0.0003765,2.0
789841.0,0.0003765,7.0
789857.0,0.0003765,6.0
789937.0,0.0003765,2.0
789981.0,0.0003765,4.0
780005.0,0.0003765,1.0
780032.0,0.0003765,2.0
780036.0,0.0003765,4.0
780063.0,0.0003765,2.0
780064.0,0.0003765,6.0
780070.0,0.0003765,5.0
780080.0,0.0003765,2.0
780106.0,0.0003765,5.0
780107.0,0.0003765,2.0
780109.0,0.0003765,2.0
780120.0,0.0003765,1.0
780123.0,0.0003765,4.0
780136.0,0.0003765,1.0
780210.0,0.0003765,3.0
780244.0,0.0003765,1.0
780250.0,0.0003765,4.0
780291.0,0.0003765,3.0
780307.0,0.0003765,1.0
780316.0,0.0003765,2.0
780327.0,0.0003765,2.0
780334.0,0.0003765,2.0
780346.0,0.0003765,1.0
780383.0,0.0003765,3.0
780388.0,0.0003765,3.0
780389.0,0.0003765,4.0
780402.0,0.0003765,2.0
780508.0,0.0003765,5.0
780515.0,0.0003765,2.0
780551.0,0.0003765,3.0
780585.0,0.0003765,2.0
780592.0,0.0003765,3.0
780620.0,0.0003765,5.0
780628.0,0.0003765,1.0
780634.0,0.0003765,1.0
780683.0,0.0003765,2.0
780737.0,0.0003765,6.0
780754.0,0.0003765,5.0
780756.0,0.0003765,1.0
780849.0,0.0003765,1.0
780870.0,0.0003765,3.0
780884.0,0.0003765,2.0
780896.0,0.0003765,2.0
780914.0,0.0003765,4.0
780973.0,0.0003765,5.0
780976.0,0.0003765,2.0
780982.0,0.0003765,6.0
780997.0,0.0003765,4.0
781008.0,0.0003765,2.0
781046.0,0.0003765,3.0
781108.0,0.0003765,4.0
781118.0,0.0003765,2.0
781147.0,0.0003765,6.0
781158.0,0.0003765,2.0
781179.0,0.0003765,2.0
781203.0,0.0003765,2.0
781216.0,0.0003765,1.0
781238.0,0.0003765,2.0
781266.0,0.0003765,3.0
781282.0,0.0003765,2.0
781286.0,0.0003765,1.0
781308.0,0.0003765,2.0
781341.0,0.0003765,3.0
781396.0,0.0003765,4.0
781427.0,0.0003765,2.0
781436.0,0.0003765,1.0
781454.0,0.0003765,1.0
781486.0,0.0003765,1.0
781512.0,0.0003765,3.0
781563.0,0.0003765,4.0
781576.0,0.0003765,6.0
781580.0,0.0003765,5.0
781585.0,0.0003765,4.0
781589.0,0.0003765,2.0
781600.0,0.0003765,5.0
781603.0,0.0003765,3.0
781629.0,0.0003765,2.0
781645.0,0.0003765,5.0
781679.0,0.0003765,1.0
781687.0,0.0003765,1.0
781695.0,0.0003765,3.0
781741.0,0.0003765,2.0
781756.0,0.0003765,1.0
781777.0,0.0003765,5.0
781781.0,0.0003765,1.0
781811.0,0.0003765,1.0
781824.0,0.0003765,2.0
781826.0,0.0003765,4.0
781906.0,0.0003765,1.0
781921.0,0.0003765,4.0
781964.0,0.0003765,5.0
781986.0,0.0003765,2.0
781997.0,0.0003765,2.0
782015.0,0.0003765,1.0
782029.0,0.0003765,1.0
782047.0,0.0003765,6.0
782075.0,0.0003765,1.0
782078.0,0.0003765,1.0
782150.0,0.0003765,5.0
782177.0,0.0003765,2.0
782210.0,0.0003765,2.0
782264.0,0.0003765,2.0
782331.0,0.0003765,2.0
782340.0,0.0003765,2.0
782358.0,0.0003765,2.0
782372.0,0.0003765,1.0
782376.0,0.0003765,1.0
782389.0,0.0003765,5.0
782397.0,0.0003765,2.0
782403.0,0.0003765,1.0
782404.0,0.0003765,3.0
782438.0,0.0003765,1.0
782461.0,0.0003765,5.0
782503.0,0.0003765,2.0
782511.0,0.0003765,3.0
782557.0,0.0003765,4.0
782571.0,0.0003765,2.0
782576.0,0.0003765,1.0
782633.0,0.0003765,4.0
782634.0,0.0003765,2.0
782702.0,0.0003765,2.0
782716.0,0.0003765,2.0
782725.0,0.0003765,3.0
782736.0,0.0003765,3.0
782760.0,0.0003765,6.0
782764.0,0.0003765,4.0
782766.0,0.0003765,2.0
782818.0,0.0003765,3.0
782826.0,0.0003765,1.0
782861.0,0.0003765,3.0
782862.0,0.0003765,1.0
782871.0,0.0003765,4.0
782872.0,0.0003765,3.0
782875.0,0.0003765,1.0
782892.0,0.0003765,5.0
782915.0,0.0003765,2.0
782945.0,0.0003765,1.0
782949.0,0.0003765,3.0
783005.0,0.0003765,1.0
783019.0,0.0003765,2.0
783027.0,0.0003765,2.0
783048.0,0.0003765,3.0
783055.0,0.0003765,2.0
783088.0,0.0003765,5.0
783093.0,0.0003765,3.0
783108.0,0.0003765,2.0
783110.0,0.0003765,3.0
783120.0,0.0003765,2.0
783145.0,0.0003765,2.0
783147.0,0.0003765,1.0
783162.0,0.0003765,2.0
783197.0,0.0003765,2.0
783205.0,0.0003765,4.0
783213.0,0.0003765,4.0
783218.0,0.0003765,3.0
783246.0,0.0003765,3.0
783251.0,0.0003765,4.0
783271.0,0.0003765,3.0
783302.0,0.0003765,2.0
783303.0,0.0003765,1.0
783314.0,0.0003765,2.0
783341.0,0.0003765,3.0
783376.0,0.0003765,2.0
783381.0,0.0003765,1.0
783392.0,0.0003765,1.0
783411.0,0.0003765,2.0
783492.0,0.0003765,3.0
783495.0,0.0003765,5.0
783512.0,0.0003765,3.0
783514.0,0.0003765,6.0
783544.0,0.0003765,2.0
783566.0,0.0003765,1.0
783568.0,0.0003765,6.0
783644.0,0.0003765,5.0
783653.0,0.0003765,2.0
783660.0,0.0003765,2.0
783671.0,0.0003765,1.0
783711.0,0.0003765,5.0
783717.0,0.0003765,2.0
783745.0,0.0003765,1.0
783771.0,0.0003765,2.0
783818.0,0.0003765,4.0
783827.0,0.0003765,1.0
783850.0,0.0003765,1.0
783857.0,0.0003765,3.0
783936.0,0.0003765,2.0
783944.0,0.0003765,1.0
783972.0,0.0003765,4.0
783977.0,0.0003765,2.0
783984.0,0.0003765,6.0
783996.0,0.0003765,6.0
784025.0,0.0003765,2.0
784028.0,0.0003765,5.0
784034.0,0.0003765,2.0
784043.0,0.0003765,2.0
784096.0,0.0003765,2.0
784130.0,0.0003765,2.0
784138.0,0.0003765,2.0
784165.0,0.0003765,6.0
784171.0,0.0003765,6.0
784184.0,0.0003765,2.0
784203.0,0.0003765,3.0
784211.0,0.0003765,1.0
784253.0,0.0003765,2.0
784255.0,0.0003765,1.0
784262.0,0.0003765,3.0
784264.0,0.0003765,4.0
784285.0,0.0003765,4.0
784294.0,0.0003765,3.0
784344.0,0.0003765,5.0
784345.0,0.0003765,1.0
784352.0,0.0003765,5.0
784362.0,0.0003765,4.0
784408.0,0.0003765,5.0
784430.0,0.0003765,2.0
784431.0,0.0003765,4.0
784432.0,0.0003765,2.0
784455.0,0.0003765,3.0
784476.0,0.0003765,2.0
784522.0,0.0003765,1.0
784579.0,0.0003765,2.0
784615.0,0.0003765,3.0
784640.0,0.0003765,5.0
784691.0,0.0003765,5.0
784721.0,0.0003765,2.0
784737.0,0.0003765,5.0
784780.0,0.0003765,3.0
784802.0,0.0003765,5.0
784822.0,0.0003765,2.0
784866.0,0.0003765,5.0
784890.0,0.0003765,4.0
784909.0,0.0003765,2.0
784917.0,0.0003765,5.0
784928.0,0.0003765,2.0
784966.0,0.0003765,5.0
784976.0,0.0003765,2.0
784977.0,0.0003765,2.0
784990.0,0.0003765,4.0
785022.0,0.0003765,3.0
785043.0,0.0003765,3.0
785059.0,0.0003765,2.0
785074.0,0.0003765,5.0
785105.0,0.0003765,1.0
785146.0,0.0003765,4.0
785159.0,0.0003765,2.0
785160.0,0.0003765,2.0
785200.0,0.0003765,1.0
785204.0,0.0003765,2.0
785212.0,0.0003765,2.0
785253.0,0.0003765,4.0
785281.0,0.0003765,1.0
785306.0,0.0003765,1.0
785314.0,0.0003765,2.0
785318.0,0.0003765,2.0
785328.0,0.0003765,2.0
785344.0,0.0003765,2.0
785353.0,0.0003765,2.0
785354.0,0.0003765,2.0
785357.0,0.0003765,3.0
785390.0,0.0003765,5.0
785401.0,0.0003765,3.0
785446.0,0.0003765,4.0
785465.0,0.0003765,3.0
785470.0,0.0003765,1.0
785474.0,0.0003765,5.0
785482.0,0.0003765,1.0
785534.0,0.0003765,3.0
785542.0,0.0003765,1.0
785549.0,0.0003765,4.0
785574.0,0.0003765,1.0
785596.0,0.0003765,5.0
785608.0,0.0003765,2.0
785610.0,0.0003765,2.0
785621.0,0.0003765,2.0
785626.0,0.0003765,2.0
785636.0,0.0003765,1.0
785639.0,0.0003765,3.0
785642.0,0.0003765,2.0
785698.0,0.0003765,1.0
785728.0,0.0003765,5.0
785747.0,0.0003765,6.0
785749.0,0.0003765,2.0
785756.0,0.0003765,4.0
785767.0,0.0003765,1.0
785805.0,0.0003765,2.0
785818.0,0.0003765,5.0
785844.0,0.0003765,1.0
785866.0,0.0003765,1.0
785895.0,0.0003765,3.0
785936.0,0.0003765,2.0
785950.0,0.0003765,4.0
785969.0,0.0003765,2.0
785989.0,0.0003765,4.0
786009.0,0.0003765,2.0
786059.0,0.0003765,2.0
786062.0,0.0003765,2.0
786095.0,0.0003765,4.0
786118.0,0.0003765,3.0
786125.0,0.0003765,2.0
786162.0,0.0003765,1.0
786166.0,0.0003765,2.0
786172.0,0.0003765,2.0
786180.0,0.0003765,3.0
786224.0,0.0003765,1.0
786241.0,0.0003765,2.0
786266.0,0.0003765,2.0
786276.0,0.0003765,3.0
786295.0,0.0003765,3.0
786326.0,0.0003765,4.0
786337.0,0.0003765,6.0
786347.0,0.0003765,2.0
786388.0,0.0003765,2.0
786436.0,0.0003765,3.0
786446.0,0.0003765,2.0
786450.0,0.0003765,1.0
786520.0,0.0003765,3.0
786525.0,0.0003765,1.0
786540.0,0.0003765,5.0
786556.0,0.0003765,4.0
786573.0,0.0003765,2.0
786592.0,0.0003765,2.0
786602.0,0.0003765,1.0
786634.0,0.0003765,6.0
786648.0,0.0003765,3.0
786707.0,0.0003765,1.0
786767.0,0.0003765,2.0
786813.0,0.0003765,1.0
786814.0,0.0003765,3.0
786818.0,0.0003765,1.0
786820.0,0.0003765,2.0
786913.0,0.0003765,4.0
786928.0,0.0003765,1.0
786949.0,0.0003765,1.0
786967.0,0.0003765,1.0
786969.0,0.0003765,2.0
786970.0,0.0003765,1.0
786973.0,0.0003765,1.0
787050.0,0.0003765,4.0
787080.0,0.0003765,1.0
787089.0,0.0003765,2.0
787145.0,0.0003765,1.0
787150.0,0.0003765,1.0
787170.0,0.0003765,2.0
787187.0,0.0003765,4.0
787189.0,0.0003765,1.0
787197.0,0.0003765,1.0
787238.0,0.0003765,2.0
787255.0,0.0003765,2.0
787264.0,0.0003765,1.0
787268.0,0.0003765,1.0
787273.0,0.0003765,4.0
787300.0,0.0003765,1.0
787305.0,0.0003765,1.0
787308.0,0.0003765,4.0
787322.0,0.0003765,2.0
787348.0,0.0003765,2.0
787356.0,0.0003765,6.0
787357.0,0.0003765,2.0
787406.0,0.0003765,4.0
787415.0,0.0003765,5.0
787434.0,0.0003765,2.0
787437.0,0.0003765,1.0
787487.0,0.0003765,2.0
787535.0,0.0003765,4.0
787590.0,0.0003765,1.0
787612.0,0.0003765,4.0
787620.0,0.0003765,1.0
787626.0,0.0003765,1.0
787636.0,0.0003765,2.0
787642.0,0.0003765,1.0
787659.0,0.0003765,5.0
787699.0,0.0003765,6.0
787706.0,0.0003765,5.0
787714.0,0.0003765,1.0
787728.0,0.0003765,2.0
787761.0,0.0003765,3.0
787773.0,0.0003765,1.0
787817.0,0.0003765,4.0
787840.0,0.0003765,1.0
787847.0,0.0003765,4.0
787852.0,0.0003765,2.0
787859.0,0.0003765,2.0
787878.0,0.0003765,1.0
787879.0,0.0003765,1.0
787917.0,0.0003765,3.0
787941.0,0.0003765,4.0
787957.0,0.0003765,2.0
787990.0,0.0003765,2.0
787991.0,0.0003765,2.0
788031.0,0.0003765,3.0
788055.0,0.0003765,2.0
788086.0,0.0003765,4.0
788088.0,0.0003765,4.0
788105.0,0.0003765,3.0
788117.0,0.0003765,2.0
788146.0,0.0003765,6.0
788171.0,0.0003765,4.0
788189.0,0.0003765,2.0
788205.0,0.0003765,1.0
788207.0,0.0003765,2.0
788228.0,0.0003765,1.0
788233.0,0.0003765,3.0
788245.0,0.0003765,1.0
788276.0,0.0003765,4.0
788322.0,0.0003765,1.0
788333.0,0.0003765,2.0
788352.0,0.0003765,3.0
788356.0,0.0003765,5.0
788366.0,0.0003765,1.0
788388.0,0.0003765,1.0
788453.0,0.0003765,5.0
788499.0,0.0003765,2.0
788535.0,0.0003765,2.0
788565.0,0.0003765,1.0
788570.0,0.0003765,2.0
788678.0,0.0003765,4.0
788679.0,0.0003765,1.0
788686.0,0.0003765,1.0
788718.0,0.0003765,4.0
788752.0,0.0003765,4.0
788769.0,0.0003765,6.0
788783.0,0.0003765,4.0
788788.0,0.0003765,2.0
788795.0,0.0003765,3.0
788805.0,0.0003765,2.0
788814.0,0.0003765,6.0
788820.0,0.0003765,2.0
788829.0,0.0003765,1.0
788841.0,0.0003765,3.0
788857.0,0.0003765,2.0
788869.0,0.0003765,4.0
788921.0,0.0003765,1.0
788930.0,0.0003765,5.0
788936.0,0.0003765,4.0
788972.0,0.0003765,6.0
788993.0,0.0003765,1.0
789009.0,0.0003765,3.0
789017.0,0.0003765,1.0
789026.0,0.0003765,3.0
789039.0,0.0003765,1.0
789043.0,0.0003765,2.0
789068.0,0.0003765,1.0
789082.0,0.0003765,1.0
789085.0,0.0003765,5.0
789096.0,0.0003765,5.0
789133.0,0.0003765,2.0
789177.0,0.0003765,2.0
789200.0,0.0003765,1.0
789202.0,0.0003765,1.0
789206.0,0.0003765,5.0
789220.0,0.0003765,1.0
789233.0,0.0003765,1.0
789241.0,0.0003765,1.0
789270.0,0.0003765,3.0
789298.0,0.0003765,4.0
789320.0,0.0003765,6.0
789321.0,0.0003765,4.0
789338.0,0.0003765,1.0
789363.0,0.0003765,2.0
789387.0,0.0003765,1.0
789408.0,0.0003765,4.0
789440.0,0.0003765,3.0
789447.0,0.0003765,4.0
789477.0,0.0003765,2.0
789510.0,0.0003765,2.0
789515.0,0.0003765,1.0
789556.0,0.0003765,1.0
789586.0,0.0003765,2.0
789628.0,0.0003765,1.0
789658.0,0.0003765,3.0
789661.0,0.0003765,2.0
789681.0,0.0003765,2.0
789693.0,0.0003765,2.0
789723.0,0.0003765,3.0
789730.0,0.0003765,1.0
789747.0,0.0003765,2.0
789829.0,0.0003765,2.0
789891.0,0.0003765,3.0
789917.0,0.0003765,2.0
789929.0,0.0003765,4.0
780461.0,0.0003765,2.0
780554.0,0.0003765,1.0
781000.0,0.0003765,2.0
781316.0,0.0003765,1.0
781458.0,0.0003765,1.0
781494.0,0.0003765,2.0
781572.0,0.0003765,2.0
781730.0,0.0003765,1.0
782026.0,0.0003765,2.0
782886.0,0.0003765,1.0
783063.0,0.0003765,2.0
783142.0,0.0003765,2.0
783252.0,0.0003765,2.0
783254.0,0.0003765,2.0
783474.0,0.0003765,1.0
783550.0,0.0003765,2.0
783655.0,0.0003765,1.0
783775.0,0.0003765,1.0
783777.0,0.0003765,1.0
784337.0,0.0003765,1.0
784407.0,0.0003765,1.0
784614.0,0.0003765,1.0
784975.0,0.0003765,2.0
785044.0,0.0003765,1.0
785278.0,0.0003765,1.0
785429.0,0.0003765,1.0
785488.0,0.0003765,1.0
785652.0,0.0003765,1.0
785773.0,0.0003765,2.0
785803.0,0.0003765,2.0
785815.0,0.0003765,2.0
786101.0,0.0003765,1.0
786113.0,0.0003765,1.0
786432.0,0.0003765,1.0
786859.0,0.0003765,2.0
786860.0,0.0003765,3.0
787083.0,0.0003765,1.0
787226.0,0.0003765,1.0
787694.0,0.0003765,2.0
787948.0,0.0003765,1.0
788080.0,0.0003765,1.0
788493.0,0.0003765,1.0
788691.0,0.0003765,1.0
788703.0,0.0003765,1.0
789434.0,0.0003765,2.0
789591.0,0.0003765,1.0
789622.0,0.0003765,2.0
789626.0,0.0003765,2.0
789754.0,0.0003765,1.0
789944.0,0.0003765,1.0
790005.0,0.0004037,2.0
790024.0,0.0004037,4.0
790027.0,0.0004037,2.0
790032.0,0.0004037,2.0
790036.0,0.0004037,6.0
790040.0,0.0004037,3.0
790063.0,0.0004037,4.0
790064.0,0.0004037,7.0
790070.0,0.0004037,7.0
790080.0,0.0004037,4.0
790085.0,0.0004037,9.0
790106.0,0.0004037,7.0
790107.0,0.0004037,2.0
790109.0,0.0004037,3.0
790120.0,0.0004037,1.0
790136.0,0.0004037,2.0
790199.0,0.0004037,6.0
790210.0,0.0004037,4.0
790235.0,0.0004037,6.0
790238.0,0.0004037,3.0
790250.0,0.0004037,5.0
790291.0,0.0004037,4.0
790316.0,0.0004037,4.0
790327.0,0.0004037,3.0
790346.0,0.0004037,2.0
790373.0,0.0004037,6.0
790381.0,0.0004037,2.0
790383.0,0.0004037,4.0
790389.0,0.0004037,7.0
790400.0,0.0004037,2.0
790402.0,0.0004037,2.0
790461.0,0.0004037,5.0
790508.0,0.0004037,8.0
790525.0,0.0004037,2.0
790543.0,0.0004037,2.0
790551.0,0.0004037,4.0
790585.0,0.0004037,3.0
790620.0,0.0004037,7.0
790628.0,0.0004037,1.0
790634.0,0.0004037,1.0
790642.0,0.0004037,4.0
790665.0,0.0004037,6.0
790680.0,0.0004037,2.0
790681.0,0.0004037,5.0
790683.0,0.0004037,3.0
790687.0,0.0004037,2.0
790690.0,0.0004037,2.0
790702.0,0.0004037,1.0
790725.0,0.0004037,4.0
790737.0,0.0004037,8.0
790754.0,0.0004037,9.0
790756.0,0.0004037,2.0
790783.0,0.0004037,2.0
790788.0,0.0004037,5.0
790821.0,0.0004037,1.0
790837.0,0.0004037,5.0
790841.0,0.0004037,7.0
790846.0,0.0004037,7.0
790849.0,0.0004037,1.0
790870.0,0.0004037,5.0
790876.0,0.0004037,2.0
790884.0,0.0004037,4.0
790889.0,0.0004037,2.0
790896.0,0.0004037,2.0
790913.0,0.0004037,3.0
790973.0,0.0004037,7.0
790982.0,0.0004037,9.0
790997.0,0.0004037,7.0
791000.0,0.0004037,7.0
791008.0,0.0004037,3.0
791041.0,0.0004037,3.0
791048.0,0.0004037,5.0
791099.0,0.0004037,7.0
791103.0,0.0004037,2.0
791106.0,0.0004037,1.0
791108.0,0.0004037,6.0
791118.0,0.0004037,4.0
791122.0,0.0004037,1.0
791151.0,0.0004037,2.0
791156.0,0.0004037,3.0
791158.0,0.0004037,3.0
791179.0,0.0004037,3.0
791200.0,0.0004037,5.0
791202.0,0.0004037,6.0
791203.0,0.0004037,3.0
791206.0,0.0004037,1.0
791212.0,0.0004037,3.0
791216.0,0.0004037,1.0
791238.0,0.0004037,4.0
791256.0,0.0004037,1.0
791282.0,0.0004037,3.0
791286.0,0.0004037,1.0
791308.0,0.0004037,2.0
791316.0,0.0004037,6.0
791341.0,0.0004037,4.0
791350.0,0.0004037,1.0
791354.0,0.0004037,1.0
791396.0,0.0004037,6.0
791416.0,0.0004037,1.0
791427.0,0.0004037,3.0
791454.0,0.0004037,2.0
791458.0,0.0004037,2.0
791486.0,0.0004037,2.0
791494.0,0.0004037,6.0
791537.0,0.0004037,8.0
791546.0,0.0004037,1.0
791563.0,0.0004037,7.0
791572.0,0.0004037,7.0
791580.0,0.0004037,9.0
791585.0,0.0004037,6.0
791600.0,0.0004037,7.0
791603.0,0.0004037,6.0
791629.0,0.0004037,3.0
791645.0,0.0004037,7.0
791695.0,0.0004037,5.0
791730.0,0.0004037,5.0
791741.0,0.0004037,4.0
791754.0,0.0004037,1.0
791756.0,0.0004037,2.0
791781.0,0.0004037,1.0
791790.0,0.0004037,4.0
791811.0,0.0004037,3.0
791824.0,0.0004037,3.0
791826.0,0.0004037,6.0
791906.0,0.0004037,2.0
791938.0,0.0004037,4.0
791957.0,0.0004037,1.0
791964.0,0.0004037,7.0
791982.0,0.0004037,1.0
791986.0,0.0004037,2.0
791997.0,0.0004037,4.0
792015.0,0.0004037,1.0
792026.0,0.0004037,4.0
792029.0,0.0004037,2.0
792043.0,0.0004037,7.0
792047.0,0.0004037,7.0
792075.0,0.0004037,1.0
792087.0,0.0004037,3.0
792089.0,0.0004037,1.0
792094.0,0.0004037,1.0
792150.0,0.0004037,7.0
792173.0,0.0004037,3.0
792177.0,0.0004037,3.0
792192.0,0.0004037,1.0
792210.0,0.0004037,3.0
792216.0,0.0004037,4.0
792239.0,0.0004037,3.0
792271.0,0.0004037,3.0
792273.0,0.0004037,9.0
792303.0,0.0004037,6.0
792318.0,0.0004037,7.0
792331.0,0.0004037,3.0
792339.0,0.0004037,7.0
792340.0,0.0004037,3.0
792352.0,0.0004037,3.0
792354.0,0.0004037,6.0
792358.0,0.0004037,2.0
792368.0,0.0004037,5.0
792372.0,0.0004037,1.0
792376.0,0.0004037,3.0
792389.0,0.0004037,7.0
792397.0,0.0004037,2.0
792401.0,0.0004037,3.0
792403.0,0.0004037,1.0
792404.0,0.0004037,5.0
792413.0,0.0004037,6.0
792414.0,0.0004037,2.0
792424.0,0.0004037,3.0
792434.0,0.0004037,2.0
792438.0,0.0004037,2.0
792461.0,0.0004037,7.0
792503.0,0.0004037,3.0
792511.0,0.0004037,5.0
792557.0,0.0004037,6.0
792568.0,0.0004037,4.0
792571.0,0.0004037,2.0
792624.0,0.0004037,2.0
792633.0,0.0004037,6.0
792634.0,0.0004037,4.0
792702.0,0.0004037,2.0
792716.0,0.0004037,3.0
792725.0,0.0004037,4.0
792736.0,0.0004037,4.0
792760.0,0.0004037,9.0
792764.0,0.0004037,6.0
792766.0,0.0004037,3.0
792786.0,0.0004037,2.0
792818.0,0.0004037,5.0
792819.0,0.0004037,3.0
792825.0,0.0004037,3.0
792826.0,0.0004037,1.0
792829.0,0.0004037,1.0
792830.0,0.0004037,1.0
792837.0,0.0004037,7.0
792861.0,0.0004037,5.0
792862.0,0.0004037,2.0
792875.0,0.0004037,1.0
792892.0,0.0004037,7.0
792894.0,0.0004037,5.0
792915.0,0.0004037,3.0
792945.0,0.0004037,1.0
792949.0,0.0004037,5.0
792978.0,0.0004037,7.0
793005.0,0.0004037,1.0
793027.0,0.0004037,3.0
793048.0,0.0004037,5.0
793055.0,0.0004037,2.0
793063.0,0.0004037,9.0
793071.0,0.0004037,4.0
793088.0,0.0004037,7.0
793093.0,0.0004037,6.0
793108.0,0.0004037,4.0
793110.0,0.0004037,5.0
793120.0,0.0004037,2.0
793142.0,0.0004037,7.0
793145.0,0.0004037,3.0
793147.0,0.0004037,1.0
793162.0,0.0004037,4.0
793205.0,0.0004037,6.0
793213.0,0.0004037,7.0
793240.0,0.0004037,1.0
793246.0,0.0004037,5.0
793251.0,0.0004037,6.0
793252.0,0.0004037,7.0
793254.0,0.0004037,6.0
793271.0,0.0004037,4.0
793290.0,0.0004037,2.0
793300.0,0.0004037,6.0
793302.0,0.0004037,3.0
793305.0,0.0004037,2.0
793310.0,0.0004037,1.0
793314.0,0.0004037,3.0
793341.0,0.0004037,6.0
793363.0,0.0004037,7.0
793376.0,0.0004037,3.0
793392.0,0.0004037,3.0
793410.0,0.0004037,1.0
793411.0,0.0004037,2.0
793414.0,0.0004037,6.0
793454.0,0.0004037,7.0
793459.0,0.0004037,2.0
793492.0,0.0004037,3.0
793493.0,0.0004037,7.0
793495.0,0.0004037,7.0
793517.0,0.0004037,7.0
793529.0,0.0004037,4.0
793530.0,0.0004037,7.0
793544.0,0.0004037,2.0
793550.0,0.0004037,7.0
793568.0,0.0004037,8.0
793577.0,0.0004037,3.0
793588.0,0.0004037,2.0
793653.0,0.0004037,2.0
793655.0,0.0004037,3.0
793660.0,0.0004037,4.0
793682.0,0.0004037,5.0
793686.0,0.0004037,1.0
793711.0,0.0004037,7.0
793717.0,0.0004037,2.0
793745.0,0.0004037,2.0
793771.0,0.0004037,3.0
793775.0,0.0004037,8.0
793777.0,0.0004037,4.0
793813.0,0.0004037,7.0
793818.0,0.0004037,6.0
793827.0,0.0004037,2.0
793850.0,0.0004037,2.0
793857.0,0.0004037,4.0
793889.0,0.0004037,3.0
793936.0,0.0004037,3.0
793937.0,0.0004037,1.0
793944.0,0.0004037,2.0
793977.0,0.0004037,4.0
793984.0,0.0004037,7.0
793985.0,0.0004037,2.0
793996.0,0.0004037,8.0
794001.0,0.0004037,4.0
794004.0,0.0004037,4.0
794015.0,0.0004037,2.0
794025.0,0.0004037,3.0
794028.0,0.0004037,7.0
794043.0,0.0004037,2.0
794045.0,0.0004037,7.0
794059.0,0.0004037,1.0
794096.0,0.0004037,3.0
794103.0,0.0004037,7.0
794107.0,0.0004037,3.0
794138.0,0.0004037,3.0
794165.0,0.0004037,8.0
794171.0,0.0004037,7.0
794173.0,0.0004037,1.0
794184.0,0.0004037,4.0
794211.0,0.0004037,1.0
794232.0,0.0004037,2.0
794237.0,0.0004037,6.0
794251.0,0.0004037,4.0
794253.0,0.0004037,2.0
794255.0,0.0004037,3.0
794262.0,0.0004037,4.0
794264.0,0.0004037,6.0
794281.0,0.0004037,9.0
794285.0,0.0004037,6.0
794288.0,0.0004037,1.0
794294.0,0.0004037,4.0
794308.0,0.0004037,7.0
794337.0,0.0004037,4.0
794343.0,0.0004037,5.0
794344.0,0.0004037,7.0
794348.0,0.0004037,6.0
794352.0,0.0004037,7.0
794362.0,0.0004037,9.0
794364.0,0.0004037,7.0
794407.0,0.0004037,3.0
794408.0,0.0004037,9.0
794421.0,0.0004037,1.0
794424.0,0.0004037,2.0
794430.0,0.0004037,4.0
794431.0,0.0004037,5.0
794432.0,0.0004037,2.0
794437.0,0.0004037,1.0
794455.0,0.0004037,4.0
794476.0,0.0004037,3.0
794508.0,0.0004037,1.0
794518.0,0.0004037,7.0
794521.0,0.0004037,1.0
794522.0,0.0004037,1.0
794543.0,0.0004037,2.0
794546.0,0.0004037,3.0
794549.0,0.0004037,3.0
794572.0,0.0004037,3.0
794590.0,0.0004037,1.0
794603.0,0.0004037,2.0
794614.0,0.0004037,4.0
794615.0,0.0004037,4.0
794616.0,0.0004037,3.0
794640.0,0.0004037,7.0
794654.0,0.0004037,5.0
794704.0,0.0004037,2.0
794721.0,0.0004037,3.0
794727.0,0.0004037,1.0
794737.0,0.0004037,7.0
794739.0,0.0004037,7.0
794758.0,0.0004037,1.0
794802.0,0.0004037,7.0
794811.0,0.0004037,1.0
794866.0,0.0004037,7.0
794890.0,0.0004037,6.0
794909.0,0.0004037,2.0
794917.0,0.0004037,7.0
794928.0,0.0004037,4.0
794966.0,0.0004037,7.0
794975.0,0.0004037,7.0
794977.0,0.0004037,3.0
794990.0,0.0004037,10.0
795005.0,0.0004037,5.0
795022.0,0.0004037,6.0
795030.0,0.0004037,4.0
795043.0,0.0004037,5.0
795044.0,0.0004037,3.0
795050.0,0.0004037,5.0
795074.0,0.0004037,7.0
795088.0,0.0004037,3.0
795105.0,0.0004037,3.0
795160.0,0.0004037,4.0
795191.0,0.0004037,6.0
795200.0,0.0004037,2.0
795212.0,0.0004037,4.0
795239.0,0.0004037,1.0
795253.0,0.0004037,6.0
795278.0,0.0004037,4.0
795281.0,0.0004037,1.0
795306.0,0.0004037,1.0
795314.0,0.0004037,3.0
795318.0,0.0004037,2.0
795328.0,0.0004037,3.0
795344.0,0.0004037,4.0
795353.0,0.0004037,4.0
795354.0,0.0004037,4.0
795357.0,0.0004037,4.0
795390.0,0.0004037,7.0
795401.0,0.0004037,6.0
795407.0,0.0004037,8.0
795419.0,0.0004037,3.0
795437.0,0.0004037,6.0
795446.0,0.0004037,6.0
795450.0,0.0004037,1.0
795451.0,0.0004037,5.0
795465.0,0.0004037,5.0
795470.0,0.0004037,1.0
795474.0,0.0004037,7.0
795488.0,0.0004037,4.0
795503.0,0.0004037,4.0
795521.0,0.0004037,2.0
795534.0,0.0004037,5.0
795540.0,0.0004037,3.0
795542.0,0.0004037,2.0
795543.0,0.0004037,4.0
795548.0,0.0004037,6.0
795549.0,0.0004037,6.0
795574.0,0.0004037,2.0
795596.0,0.0004037,7.0
795608.0,0.0004037,3.0
795610.0,0.0004037,4.0
795621.0,0.0004037,4.0
795636.0,0.0004037,2.0
795639.0,0.0004037,6.0
795642.0,0.0004037,3.0
795698.0,0.0004037,2.0
795728.0,0.0004037,7.0
795747.0,0.0004037,7.0
795749.0,0.0004037,3.0
795756.0,0.0004037,6.0
795767.0,0.0004037,1.0
795773.0,0.0004037,6.0
795803.0,0.0004037,7.0
795814.0,0.0004037,2.0
795815.0,0.0004037,7.0
795818.0,0.0004037,9.0
795844.0,0.0004037,2.0
795866.0,0.0004037,2.0
795893.0,0.0004037,1.0
795936.0,0.0004037,5.0
795941.0,0.0004037,1.0
795945.0,0.0004037,7.0
795950.0,0.0004037,6.0
795965.0,0.0004037,2.0
795969.0,0.0004037,3.0
795989.0,0.0004037,7.0
796009.0,0.0004037,3.0
796046.0,0.0004037,7.0
796048.0,0.0004037,3.0
796059.0,0.0004037,5.0
796062.0,0.0004037,3.0
796095.0,0.0004037,6.0
796101.0,0.0004037,3.0
796113.0,0.0004037,3.0
796118.0,0.0004037,4.0
796125.0,0.0004037,3.0
796162.0,0.0004037,1.0
796166.0,0.0004037,4.0
796172.0,0.0004037,3.0
796180.0,0.0004037,6.0
796205.0,0.0004037,1.0
796224.0,0.0004037,1.0
796227.0,0.0004037,3.0
796248.0,0.0004037,1.0
796266.0,0.0004037,3.0
796270.0,0.0004037,6.0
796276.0,0.0004037,5.0
796295.0,0.0004037,5.0
796322.0,0.0004037,7.0
796326.0,0.0004037,7.0
796334.0,0.0004037,2.0
796337.0,0.0004037,7.0
796388.0,0.0004037,2.0
796410.0,0.0004037,4.0
796436.0,0.0004037,3.0
796446.0,0.0004037,3.0
796450.0,0.0004037,2.0
796465.0,0.0004037,3.0
796483.0,0.0004037,7.0
796536.0,0.0004037,1.0
796539.0,0.0004037,2.0
796540.0,0.0004037,7.0
796556.0,0.0004037,6.0
796573.0,0.0004037,3.0
796592.0,0.0004037,3.0
796602.0,0.0004037,2.0
796604.0,0.0004037,1.0
796634.0,0.0004037,9.0
796648.0,0.0004037,4.0
796650.0,0.0004037,1.0
796707.0,0.0004037,1.0
796714.0,0.0004037,1.0
796790.0,0.0004037,4.0
796793.0,0.0004037,1.0
796813.0,0.0004037,2.0
796814.0,0.0004037,4.0
796818.0,0.0004037,2.0
796820.0,0.0004037,3.0
796840.0,0.0004037,6.0
796859.0,0.0004037,8.0
796860.0,0.0004037,9.0
796913.0,0.0004037,6.0
796967.0,0.0004037,2.0
796969.0,0.0004037,3.0
796970.0,0.0004037,1.0
796973.0,0.0004037,2.0
796986.0,0.0004037,8.0
797050.0,0.0004037,6.0
797080.0,0.0004037,2.0
797083.0,0.0004037,4.0
797089.0,0.0004037,3.0
797126.0,0.0004037,6.0
797145.0,0.0004037,2.0
797148.0,0.0004037,2.0
797170.0,0.0004037,3.0
797177.0,0.0004037,5.0
797187.0,0.0004037,6.0
797197.0,0.0004037,1.0
797199.0,0.0004037,1.0
797210.0,0.0004037,3.0
797214.0,0.0004037,1.0
797238.0,0.0004037,3.0
797255.0,0.0004037,3.0
797264.0,0.0004037,1.0
797268.0,0.0004037,2.0
797273.0,0.0004037,6.0
797286.0,0.0004037,7.0
797300.0,0.0004037,1.0
797305.0,0.0004037,1.0
797308.0,0.0004037,7.0
797322.0,0.0004037,4.0
797348.0,0.0004037,3.0
797357.0,0.0004037,3.0
797366.0,0.0004037,2.0
797406.0,0.0004037,5.0
797415.0,0.0004037,9.0
797427.0,0.0004037,1.0
797434.0,0.0004037,4.0
797453.0,0.0004037,4.0
797466.0,0.0004037,2.0
797471.0,0.0004037,7.0
797514.0,0.0004037,1.0
797520.0,0.0004037,7.0
797525.0,0.0004037,4.0
797535.0,0.0004037,5.0
797537.0,0.0004037,1.0
797558.0,0.0004037,3.0
797563.0,0.0004037,3.0
797565.0,0.0004037,1.0
797590.0,0.0004037,3.0
797612.0,0.0004037,6.0
797616.0,0.0004037,5.0
797620.0,0.0004037,3.0
797626.0,0.0004037,2.0
797636.0,0.0004037,4.0
797659.0,0.0004037,7.0
797694.0,0.0004037,6.0
797699.0,0.0004037,7.0
797701.0,0.0004037,9.0
797706.0,0.0004037,6.0
797711.0,0.0004037,9.0
797714.0,0.0004037,1.0
797721.0,0.0004037,7.0
797728.0,0.0004037,2.0
797765.0,0.0004037,4.0
797778.0,0.0004037,3.0
797817.0,0.0004037,5.0
797819.0,0.0004037,3.0
797829.0,0.0004037,7.0
797834.0,0.0004037,1.0
797840.0,0.0004037,2.0
797847.0,0.0004037,6.0
797852.0,0.0004037,3.0
797859.0,0.0004037,3.0
797877.0,0.0004037,7.0
797879.0,0.0004037,2.0
797888.0,0.0004037,1.0
797917.0,0.0004037,4.0
797941.0,0.0004037,6.0
797943.0,0.0004037,2.0
797948.0,0.0004037,3.0
797957.0,0.0004037,2.0
797990.0,0.0004037,3.0
797991.0,0.0004037,4.0
798026.0,0.0004037,3.0
798041.0,0.0004037,3.0
798050.0,0.0004037,3.0
798055.0,0.0004037,3.0
798062.0,0.0004037,3.0
798086.0,0.0004037,6.0
798105.0,0.0004037,5.0
798113.0,0.0004037,8.0
798117.0,0.0004037,2.0
798123.0,0.0004037,1.0
798146.0,0.0004037,9.0
798171.0,0.0004037,6.0
798177.0,0.0004037,1.0
798188.0,0.0004037,4.0
798189.0,0.0004037,2.0
798205.0,0.0004037,2.0
798207.0,0.0004037,4.0
798228.0,0.0004037,1.0
798230.0,0.0004037,2.0
798233.0,0.0004037,6.0
798245.0,0.0004037,3.0
798259.0,0.0004037,4.0
798304.0,0.0004037,2.0
798305.0,0.0004037,5.0
798307.0,0.0004037,5.0
798333.0,0.0004037,3.0
798352.0,0.0004037,4.0
798356.0,0.0004037,9.0
798366.0,0.0004037,1.0
798388.0,0.0004037,2.0
798453.0,0.0004037,7.0
798462.0,0.0004037,6.0
798469.0,0.0004037,7.0
798473.0,0.0004037,4.0
798493.0,0.0004037,4.0
798499.0,0.0004037,4.0
798513.0,0.0004037,4.0
798519.0,0.0004037,1.0
798535.0,0.0004037,4.0
798565.0,0.0004037,1.0
798570.0,0.0004037,3.0
798678.0,0.0004037,7.0
798679.0,0.0004037,2.0
798686.0,0.0004037,2.0
798691.0,0.0004037,6.0
798703.0,0.0004037,2.0
798718.0,0.0004037,5.0
798725.0,0.0004037,5.0
798742.0,0.0004037,1.0
798769.0,0.0004037,7.0
798777.0,0.0004037,1.0
798783.0,0.0004037,6.0
798788.0,0.0004037,3.0
798796.0,0.0004037,8.0
798805.0,0.0004037,3.0
798814.0,0.0004037,8.0
798820.0,0.0004037,4.0
798829.0,0.0004037,2.0
798833.0,0.0004037,1.0
798841.0,0.0004037,4.0
798879.0,0.0004037,1.0
798885.0,0.0004037,1.0
798897.0,0.0004037,5.0
798898.0,0.0004037,1.0
798912.0,0.0004037,2.0
798921.0,0.0004037,2.0
798936.0,0.0004037,6.0
798972.0,0.0004037,7.0
798986.0,0.0004037,1.0
798993.0,0.0004037,2.0
799009.0,0.0004037,6.0
799015.0,0.0004037,7.0
799017.0,0.0004037,2.0
799026.0,0.0004037,4.0
799039.0,0.0004037,2.0
799050.0,0.0004037,3.0
799059.0,0.0004037,2.0
799068.0,0.0004037,1.0
799082.0,0.0004037,3.0
799085.0,0.0004037,7.0
799096.0,0.0004037,7.0
799133.0,0.0004037,3.0
799151.0,0.0004037,6.0
799177.0,0.0004037,4.0
799185.0,0.0004037,5.0
799189.0,0.0004037,1.0
799200.0,0.0004037,2.0
799206.0,0.0004037,7.0
799220.0,0.0004037,1.0
799233.0,0.0004037,2.0
799270.0,0.0004037,5.0
799295.0,0.0004037,4.0
799298.0,0.0004037,6.0
799320.0,0.0004037,7.0
799321.0,0.0004037,6.0
799353.0,0.0004037,4.0
799363.0,0.0004037,2.0
799406.0,0.0004037,3.0
799408.0,0.0004037,6.0
799434.0,0.0004037,6.0
799440.0,0.0004037,5.0
799447.0,0.0004037,6.0
799510.0,0.0004037,3.0
799515.0,0.0004037,1.0
799549.0,0.0004037,7.0
799550.0,0.0004037,1.0
799586.0,0.0004037,4.0
799591.0,0.0004037,2.0
799622.0,0.0004037,7.0
799626.0,0.0004037,8.0
799681.0,0.0004037,3.0
799693.0,0.0004037,3.0
799723.0,0.0004037,4.0
799730.0,0.0004037,2.0
799754.0,0.0004037,4.0
799806.0,0.0004037,1.0
799828.0,0.0004037,6.0
799829.0,0.0004037,2.0
799841.0,0.0004037,7.0
799857.0,0.0004037,7.0
799891.0,0.0004037,5.0
799917.0,0.0004037,2.0
799919.0,0.0004037,5.0
799924.0,0.0004037,1.0
799929.0,0.0004037,6.0
799937.0,0.0004037,3.0
799981.0,0.0004037,5.0
790123.0,0.0004037,5.0
790278.0,0.0004037,1.0
790334.0,0.0004037,1.0
790388.0,0.0004037,3.0
790474.0,0.0004037,3.0
790554.0,0.0004037,6.0
790914.0,0.0004037,4.0
790976.0,0.0004037,1.0
791046.0,0.0004037,4.0
791124.0,0.0004037,5.0
791512.0,0.0004037,4.0
791777.0,0.0004037,4.0
791983.0,0.0004037,2.0
792777.0,0.0004037,3.0
792872.0,0.0004037,3.0
792886.0,0.0004037,2.0
793019.0,0.0004037,2.0
793089.0,0.0004037,2.0
793461.0,0.0004037,2.0
793474.0,0.0004037,2.0
793514.0,0.0004037,3.0
793566.0,0.0004037,1.0
793809.0,0.0004037,3.0
794034.0,0.0004037,1.0
794135.0,0.0004037,3.0
794192.0,0.0004037,4.0
794203.0,0.0004037,2.0
794345.0,0.0004037,1.0
794579.0,0.0004037,3.0
794741.0,0.0004037,1.0
795051.0,0.0004037,3.0
795059.0,0.0004037,1.0
795555.0,0.0004037,6.0
795615.0,0.0004037,1.0
795626.0,0.0004037,3.0
795652.0,0.0004037,1.0
795660.0,0.0004037,2.0
795805.0,0.0004037,3.0
795856.0,0.0004037,2.0
795895.0,0.0004037,3.0
796767.0,0.0004037,2.0
797226.0,0.0004037,5.0
797341.0,0.0004037,3.0
797710.0,0.0004037,1.0
797752.0,0.0004037,4.0
798025.0,0.0004037,1.0
798276.0,0.0004037,4.0
798732.0,0.0004037,3.0
798752.0,0.0004037,4.0
798930.0,0.0004037,6.0
799054.0,0.0004037,1.0
799338.0,0.0004037,1.0
799658.0,0.0004037,3.0
799661.0,0.0004037,2.0
799682.0,0.0004037,3.0
799824.0,0.0004037,1.0
799944.0,0.0004037,3.0
791078.0,0.0004037,1.0
791147.0,0.0004037,1.0
791576.0,0.0004037,1.0
793644.0,0.0004037,1.0
793972.0,0.0004037,1.0
794274.0,0.0004037,1.0
794691.0,0.0004037,2.0
795146.0,0.0004037,1.0
797482.0,0.0004037,1.0
798031.0,0.0004037,1.0
798088.0,0.0004037,1.0
799684.0,0.0004037,1.0
800024.0,0.0004329,3.0
800032.0,0.0004329,3.0
800036.0,0.0004329,4.0
800040.0,0.0004329,3.0
800063.0,0.0004329,2.0
800064.0,0.0004329,7.0
800070.0,0.0004329,6.0
800080.0,0.0004329,2.0
800081.0,0.0004329,2.0
800085.0,0.0004329,6.0
800106.0,0.0004329,9.0
800107.0,0.0004329,2.0
800109.0,0.0004329,3.0
800120.0,0.0004329,1.0
800123.0,0.0004329,4.0
800136.0,0.0004329,2.0
800199.0,0.0004329,3.0
800209.0,0.0004329,1.0
800210.0,0.0004329,3.0
800238.0,0.0004329,3.0
800244.0,0.0004329,2.0
800250.0,0.0004329,6.0
800268.0,0.0004329,2.0
800278.0,0.0004329,2.0
800316.0,0.0004329,3.0
800328.0,0.0004329,1.0
800344.0,0.0004329,1.0
800346.0,0.0004329,1.0
800381.0,0.0004329,2.0
800383.0,0.0004329,4.0
800388.0,0.0004329,5.0
800389.0,0.0004329,4.0
800400.0,0.0004329,2.0
800402.0,0.0004329,1.0
800425.0,0.0004329,1.0
800441.0,0.0004329,1.0
800461.0,0.0004329,5.0
800474.0,0.0004329,5.0
800505.0,0.0004329,1.0
800508.0,0.0004329,4.0
800515.0,0.0004329,2.0
800551.0,0.0004329,3.0
800554.0,0.0004329,6.0
800585.0,0.0004329,2.0
800592.0,0.0004329,4.0
800620.0,0.0004329,4.0
800642.0,0.0004329,2.0
800653.0,0.0004329,1.0
800665.0,0.0004329,4.0
800673.0,0.0004329,1.0
800680.0,0.0004329,1.0
800681.0,0.0004329,4.0
800683.0,0.0004329,1.0
800687.0,0.0004329,1.0
800702.0,0.0004329,2.0
800718.0,0.0004329,1.0
800725.0,0.0004329,4.0
800737.0,0.0004329,9.0
800754.0,0.0004329,5.0
800756.0,0.0004329,2.0
800783.0,0.0004329,2.0
800788.0,0.0004329,3.0
800836.0,0.0004329,1.0
800837.0,0.0004329,5.0
800841.0,0.0004329,6.0
800846.0,0.0004329,5.0
800849.0,0.0004329,2.0
800870.0,0.0004329,4.0
800876.0,0.0004329,2.0
800884.0,0.0004329,2.0
800889.0,0.0004329,2.0
800896.0,0.0004329,1.0
800904.0,0.0004329,2.0
800913.0,0.0004329,3.0
800914.0,0.0004329,3.0
800973.0,0.0004329,7.0
800982.0,0.0004329,4.0
800997.0,0.0004329,7.0
801000.0,0.0004329,5.0
801008.0,0.0004329,1.0
801041.0,0.0004329,1.0
801046.0,0.0004329,4.0
801048.0,0.0004329,4.0
801078.0,0.0004329,7.0
801099.0,0.0004329,4.0
801103.0,0.0004329,2.0
801108.0,0.0004329,4.0
801118.0,0.0004329,3.0
801122.0,0.0004329,2.0
801124.0,0.0004329,7.0
801147.0,0.0004329,9.0
801151.0,0.0004329,2.0
801156.0,0.0004329,3.0
801200.0,0.0004329,4.0
801202.0,0.0004329,4.0
801212.0,0.0004329,3.0
801216.0,0.0004329,2.0
801238.0,0.0004329,3.0
801266.0,0.0004329,3.0
801282.0,0.0004329,3.0
801288.0,0.0004329,1.0
801316.0,0.0004329,3.0
801341.0,0.0004329,4.0
801396.0,0.0004329,4.0
801427.0,0.0004329,2.0
801432.0,0.0004329,1.0
801436.0,0.0004329,1.0
801453.0,0.0004329,1.0
801458.0,0.0004329,3.0
801479.0,0.0004329,9.0
801486.0,0.0004329,2.0
801494.0,0.0004329,4.0
801512.0,0.0004329,3.0
801535.0,0.0004329,2.0
801537.0,0.0004329,5.0
801563.0,0.0004329,7.0
801576.0,0.0004329,8.0
801580.0,0.0004329,6.0
801589.0,0.0004329,3.0
801600.0,0.0004329,7.0
801603.0,0.0004329,3.0
801629.0,0.0004329,2.0
801645.0,0.0004329,6.0
801679.0,0.0004329,1.0
801684.0,0.0004329,1.0
801730.0,0.0004329,6.0
801741.0,0.0004329,2.0
801777.0,0.0004329,7.0
801781.0,0.0004329,1.0
801790.0,0.0004329,4.0
801811.0,0.0004329,2.0
801824.0,0.0004329,3.0
801905.0,0.0004329,1.0
801906.0,0.0004329,2.0
801921.0,0.0004329,5.0
801938.0,0.0004329,6.0
801964.0,0.0004329,4.0
801972.0,0.0004329,1.0
801982.0,0.0004329,2.0
801986.0,0.0004329,2.0
801997.0,0.0004329,4.0
802015.0,0.0004329,1.0
802026.0,0.0004329,6.0
802043.0,0.0004329,6.0
802062.0,0.0004329,2.0
802078.0,0.0004329,2.0
802087.0,0.0004329,4.0
802089.0,0.0004329,2.0
802094.0,0.0004329,2.0
802150.0,0.0004329,7.0
802156.0,0.0004329,1.0
802173.0,0.0004329,3.0
802177.0,0.0004329,2.0
802192.0,0.0004329,2.0
802210.0,0.0004329,3.0
802216.0,0.0004329,2.0
802239.0,0.0004329,3.0
802264.0,0.0004329,3.0
802271.0,0.0004329,4.0
802273.0,0.0004329,7.0
802303.0,0.0004329,3.0
802318.0,0.0004329,6.0
802324.0,0.0004329,1.0
802331.0,0.0004329,2.0
802339.0,0.0004329,7.0
802340.0,0.0004329,3.0
802352.0,0.0004329,1.0
802354.0,0.0004329,3.0
802358.0,0.0004329,1.0
802368.0,0.0004329,7.0
802372.0,0.0004329,2.0
802376.0,0.0004329,2.0
802389.0,0.0004329,6.0
802397.0,0.0004329,1.0
802401.0,0.0004329,2.0
802403.0,0.0004329,2.0
802404.0,0.0004329,4.0
802409.0,0.0004329,1.0
802413.0,0.0004329,6.0
802414.0,0.0004329,2.0
802424.0,0.0004329,3.0
802438.0,0.0004329,2.0
802461.0,0.0004329,5.0
802483.0,0.0004329,2.0
802503.0,0.0004329,2.0
802511.0,0.0004329,3.0
802557.0,0.0004329,6.0
802568.0,0.0004329,5.0
802571.0,0.0004329,2.0
802624.0,0.0004329,2.0
802633.0,0.0004329,6.0
802634.0,0.0004329,3.0
802646.0,0.0004329,1.0
802716.0,0.0004329,3.0
802725.0,0.0004329,3.0
802736.0,0.0004329,5.0
802753.0,0.0004329,2.0
802760.0,0.0004329,7.0
802764.0,0.0004329,4.0
802766.0,0.0004329,1.0
802772.0,0.0004329,1.0
802775.0,0.0004329,2.0
802777.0,0.0004329,5.0
802812.0,0.0004329,1.0
802816.0,0.0004329,1.0
802818.0,0.0004329,4.0
802819.0,0.0004329,1.0
802825.0,0.0004329,3.0
802826.0,0.0004329,1.0
802829.0,0.0004329,2.0
802830.0,0.0004329,2.0
802837.0,0.0004329,5.0
802861.0,0.0004329,5.0
802871.0,0.0004329,4.0
802872.0,0.0004329,3.0
802886.0,0.0004329,1.0
802887.0,0.0004329,2.0
802892.0,0.0004329,8.0
802894.0,0.0004329,4.0
802949.0,0.0004329,3.0
802978.0,0.0004329,7.0
803019.0,0.0004329,3.0
803027.0,0.0004329,2.0
803048.0,0.0004329,3.0
803055.0,0.0004329,1.0
803063.0,0.0004329,6.0
803071.0,0.0004329,4.0
803088.0,0.0004329,6.0
803089.0,0.0004329,1.0
803093.0,0.0004329,3.0
803108.0,0.0004329,2.0
803110.0,0.0004329,4.0
803120.0,0.0004329,3.0
803142.0,0.0004329,7.0
803145.0,0.0004329,3.0
803147.0,0.0004329,2.0
803162.0,0.0004329,3.0
803170.0,0.0004329,1.0
803197.0,0.0004329,3.0
803203.0,0.0004329,2.0
803205.0,0.0004329,4.0
803213.0,0.0004329,5.0
803218.0,0.0004329,4.0
803246.0,0.0004329,3.0
803251.0,0.0004329,4.0
803271.0,0.0004329,5.0
803290.0,0.0004329,2.0
803302.0,0.0004329,3.0
803314.0,0.0004329,2.0
803340.0,0.0004329,2.0
803341.0,0.0004329,3.0
803363.0,0.0004329,6.0
803376.0,0.0004329,3.0
803381.0,0.0004329,1.0
803392.0,0.0004329,2.0
803411.0,0.0004329,3.0
803454.0,0.0004329,7.0
803457.0,0.0004329,1.0
803461.0,0.0004329,3.0
803474.0,0.0004329,1.0
803492.0,0.0004329,3.0
803493.0,0.0004329,4.0
803495.0,0.0004329,7.0
803512.0,0.0004329,3.0
803514.0,0.0004329,7.0
803517.0,0.0004329,7.0
803529.0,0.0004329,3.0
803530.0,0.0004329,5.0
803544.0,0.0004329,1.0
803550.0,0.0004329,5.0
803552.0,0.0004329,1.0
803566.0,0.0004329,2.0
803568.0,0.0004329,7.0
803577.0,0.0004329,1.0
803619.0,0.0004329,1.0
803644.0,0.0004329,5.0
803649.0,0.0004329,1.0
803653.0,0.0004329,2.0
803655.0,0.0004329,2.0
803660.0,0.0004329,2.0
803671.0,0.0004329,1.0
803682.0,0.0004329,7.0
803711.0,0.0004329,7.0
803717.0,0.0004329,3.0
803775.0,0.0004329,7.0
803777.0,0.0004329,4.0
803809.0,0.0004329,3.0
803813.0,0.0004329,5.0
803818.0,0.0004329,4.0
803847.0,0.0004329,1.0
803851.0,0.0004329,1.0
803857.0,0.0004329,3.0
803886.0,0.0004329,2.0
803889.0,0.0004329,3.0
803936.0,0.0004329,3.0
803937.0,0.0004329,1.0
803972.0,0.0004329,3.0
803977.0,0.0004329,3.0
803984.0,0.0004329,7.0
803985.0,0.0004329,2.0
803996.0,0.0004329,7.0
804001.0,0.0004329,2.0
804004.0,0.0004329,6.0
804015.0,0.0004329,2.0
804023.0,0.0004329,2.0
804025.0,0.0004329,3.0
804034.0,0.0004329,1.0
804038.0,0.0004329,1.0
804043.0,0.0004329,1.0
804059.0,0.0004329,1.0
804096.0,0.0004329,3.0
804103.0,0.0004329,6.0
804107.0,0.0004329,2.0
804135.0,0.0004329,7.0
804138.0,0.0004329,2.0
804165.0,0.0004329,5.0
804171.0,0.0004329,9.0
804184.0,0.0004329,2.0
804192.0,0.0004329,4.0
804203.0,0.0004329,3.0
804211.0,0.0004329,1.0
804251.0,0.0004329,3.0
804253.0,0.0004329,2.0
804255.0,0.0004329,2.0
804262.0,0.0004329,4.0
804264.0,0.0004329,4.0
804274.0,0.0004329,6.0
804281.0,0.0004329,5.0
804285.0,0.0004329,3.0
804294.0,0.0004329,4.0
804308.0,0.0004329,4.0
804337.0,0.0004329,2.0
804343.0,0.0004329,3.0
804344.0,0.0004329,5.0
804345.0,0.0004329,2.0
804348.0,0.0004329,6.0
804352.0,0.0004329,7.0
804362.0,0.0004329,3.0
804364.0,0.0004329,6.0
804407.0,0.0004329,3.0
804408.0,0.0004329,9.0
804426.0,0.0004329,2.0
804430.0,0.0004329,2.0
804432.0,0.0004329,1.0
804433.0,0.0004329,1.0
804437.0,0.0004329,1.0
804450.0,0.0004329,1.0
804455.0,0.0004329,4.0
804480.0,0.0004329,1.0
804508.0,0.0004329,2.0
804518.0,0.0004329,4.0
804521.0,0.0004329,2.0
804528.0,0.0004329,1.0
804543.0,0.0004329,2.0
804546.0,0.0004329,3.0
804549.0,0.0004329,3.0
804572.0,0.0004329,2.0
804579.0,0.0004329,2.0
804590.0,0.0004329,2.0
804603.0,0.0004329,3.0
804614.0,0.0004329,2.0
804615.0,0.0004329,4.0
804616.0,0.0004329,1.0
804640.0,0.0004329,4.0
804654.0,0.0004329,3.0
804691.0,0.0004329,7.0
804701.0,0.0004329,1.0
804721.0,0.0004329,1.0
804737.0,0.0004329,5.0
804739.0,0.0004329,6.0
804741.0,0.0004329,1.0
804780.0,0.0004329,4.0
804784.0,0.0004329,2.0
804802.0,0.0004329,6.0
804822.0,0.0004329,1.0
804823.0,0.0004329,2.0
804839.0,0.0004329,2.0
804841.0,0.0004329,1.0
804909.0,0.0004329,2.0
804917.0,0.0004329,6.0
804928.0,0.0004329,2.0
804929.0,0.0004329,1.0
804936.0,0.0004329,3.0
804966.0,0.0004329,5.0
804975.0,0.0004329,4.0
804977.0,0.0004329,2.0
804990.0,0.0004329,6.0
805022.0,0.0004329,3.0
805030.0,0.0004329,4.0
805043.0,0.0004329,3.0
805044.0,0.0004329,1.0
805050.0,0.0004329,3.0
805051.0,0.0004329,5.0
805059.0,0.0004329,1.0
805068.0,0.0004329,1.0
805069.0,0.0004329,2.0
805105.0,0.0004329,2.0
805146.0,0.0004329,7.0
805159.0,0.0004329,3.0
805160.0,0.0004329,3.0
805191.0,0.0004329,4.0
805200.0,0.0004329,2.0
805204.0,0.0004329,2.0
805212.0,0.0004329,2.0
805247.0,0.0004329,1.0
805253.0,0.0004329,4.0
805278.0,0.0004329,3.0
805306.0,0.0004329,2.0
805328.0,0.0004329,2.0
805344.0,0.0004329,3.0
805353.0,0.0004329,3.0
805357.0,0.0004329,5.0
805401.0,0.0004329,3.0
805407.0,0.0004329,7.0
805419.0,0.0004329,2.0
805429.0,0.0004329,2.0
805437.0,0.0004329,3.0
805446.0,0.0004329,4.0
805451.0,0.0004329,3.0
805465.0,0.0004329,3.0
805474.0,0.0004329,5.0
805482.0,0.0004329,2.0
805488.0,0.0004329,3.0
805503.0,0.0004329,3.0
805521.0,0.0004329,2.0
805534.0,0.0004329,3.0
805540.0,0.0004329,2.0
805543.0,0.0004329,3.0
805548.0,0.0004329,4.0
805549.0,0.0004329,4.0
805555.0,0.0004329,6.0
805574.0,0.0004329,2.0
805596.0,0.0004329,5.0
805608.0,0.0004329,2.0
805610.0,0.0004329,3.0
805615.0,0.0004329,1.0
805621.0,0.0004329,2.0
805626.0,0.0004329,3.0
805636.0,0.0004329,2.0
805639.0,0.0004329,3.0
805642.0,0.0004329,1.0
805652.0,0.0004329,4.0
805660.0,0.0004329,3.0
805698.0,0.0004329,2.0
805728.0,0.0004329,6.0
805747.0,0.0004329,5.0
805749.0,0.0004329,2.0
805756.0,0.0004329,4.0
805773.0,0.0004329,4.0
805803.0,0.0004329,5.0
805805.0,0.0004329,3.0
805814.0,0.0004329,2.0
805815.0,0.0004329,6.0
805818.0,0.0004329,6.0
805844.0,0.0004329,1.0
805856.0,0.0004329,5.0
805874.0,0.0004329,1.0
805893.0,0.0004329,1.0
805895.0,0.0004329,4.0
805936.0,0.0004329,3.0
805945.0,0.0004329,5.0
805950.0,0.0004329,4.0
805965.0,0.0004329,2.0
805969.0,0.0004329,3.0
805989.0,0.0004329,6.0
805999.0,0.0004329,1.0
806009.0,0.0004329,3.0
806012.0,0.0004329,1.0
806013.0,0.0004329,2.0
806046.0,0.0004329,8.0
806057.0,0.0004329,1.0
806059.0,0.0004329,3.0
806062.0,0.0004329,2.0
806095.0,0.0004329,5.0
806101.0,0.0004329,3.0
806113.0,0.0004329,3.0
806118.0,0.0004329,4.0
806125.0,0.0004329,3.0
806131.0,0.0004329,1.0
806166.0,0.0004329,2.0
806172.0,0.0004329,3.0
806180.0,0.0004329,3.0
806199.0,0.0004329,1.0
806205.0,0.0004329,2.0
806224.0,0.0004329,2.0
806227.0,0.0004329,3.0
806241.0,0.0004329,1.0
806248.0,0.0004329,1.0
806266.0,0.0004329,3.0
806270.0,0.0004329,4.0
806276.0,0.0004329,3.0
806295.0,0.0004329,4.0
806322.0,0.0004329,7.0
806326.0,0.0004329,6.0
806334.0,0.0004329,2.0
806337.0,0.0004329,7.0
806344.0,0.0004329,3.0
806353.0,0.0004329,1.0
806392.0,0.0004329,1.0
806410.0,0.0004329,5.0
806432.0,0.0004329,2.0
806436.0,0.0004329,4.0
806446.0,0.0004329,2.0
806450.0,0.0004329,2.0
806465.0,0.0004329,2.0
806483.0,0.0004329,5.0
806506.0,0.0004329,2.0
806525.0,0.0004329,2.0
806536.0,0.0004329,2.0
806556.0,0.0004329,4.0
806587.0,0.0004329,2.0
806590.0,0.0004329,4.0
806592.0,0.0004329,2.0
806602.0,0.0004329,2.0
806634.0,0.0004329,7.0
806636.0,0.0004329,1.0
806648.0,0.0004329,5.0
806747.0,0.0004329,1.0
806748.0,0.0004329,1.0
806761.0,0.0004329,2.0
806767.0,0.0004329,2.0
806813.0,0.0004329,2.0
806814.0,0.0004329,4.0
806820.0,0.0004329,3.0
806840.0,0.0004329,6.0
806859.0,0.0004329,8.0
806860.0,0.0004329,6.0
806913.0,0.0004329,5.0
806949.0,0.0004329,1.0
806969.0,0.0004329,3.0
806974.0,0.0004329,1.0
806986.0,0.0004329,7.0
807050.0,0.0004329,3.0
807083.0,0.0004329,3.0
807089.0,0.0004329,2.0
807126.0,0.0004329,4.0
807145.0,0.0004329,2.0
807150.0,0.0004329,2.0
807170.0,0.0004329,2.0
807187.0,0.0004329,3.0
807197.0,0.0004329,1.0
807210.0,0.0004329,3.0
807226.0,0.0004329,6.0
807255.0,0.0004329,2.0
807264.0,0.0004329,2.0
807273.0,0.0004329,4.0
807276.0,0.0004329,1.0
807286.0,0.0004329,6.0
807298.0,0.0004329,3.0
807300.0,0.0004329,1.0
807308.0,0.0004329,8.0
807322.0,0.0004329,3.0
807324.0,0.0004329,2.0
807341.0,0.0004329,5.0
807349.0,0.0004329,2.0
807356.0,0.0004329,8.0
807366.0,0.0004329,2.0
807369.0,0.0004329,5.0
807406.0,0.0004329,4.0
807415.0,0.0004329,5.0
807434.0,0.0004329,3.0
807437.0,0.0004329,2.0
807453.0,0.0004329,4.0
807466.0,0.0004329,1.0
807469.0,0.0004329,1.0
807471.0,0.0004329,3.0
807482.0,0.0004329,3.0
807487.0,0.0004329,2.0
807514.0,0.0004329,1.0
807520.0,0.0004329,5.0
807525.0,0.0004329,5.0
807535.0,0.0004329,3.0
807558.0,0.0004329,2.0
807565.0,0.0004329,2.0
807590.0,0.0004329,2.0
807620.0,0.0004329,2.0
807622.0,0.0004329,1.0
807636.0,0.0004329,3.0
807642.0,0.0004329,1.0
807659.0,0.0004329,6.0
807694.0,0.0004329,4.0
807699.0,0.0004329,7.0
807701.0,0.0004329,7.0
807710.0,0.0004329,2.0
807711.0,0.0004329,7.0
807714.0,0.0004329,1.0
807721.0,0.0004329,5.0
807728.0,0.0004329,3.0
807752.0,0.0004329,4.0
807761.0,0.0004329,4.0
807765.0,0.0004329,6.0
807773.0,0.0004329,2.0
807778.0,0.0004329,2.0
807817.0,0.0004329,6.0
807819.0,0.0004329,2.0
807820.0,0.0004329,1.0
807829.0,0.0004329,6.0
807834.0,0.0004329,2.0
807840.0,0.0004329,2.0
807847.0,0.0004329,6.0
807852.0,0.0004329,2.0
807859.0,0.0004329,3.0
807877.0,0.0004329,9.0
807881.0,0.0004329,2.0
807892.0,0.0004329,1.0
807903.0,0.0004329,1.0
807917.0,0.0004329,4.0
807941.0,0.0004329,4.0
807943.0,0.0004329,2.0
807948.0,0.0004329,2.0
807966.0,0.0004329,2.0
807991.0,0.0004329,2.0
808025.0,0.0004329,2.0
808026.0,0.0004329,3.0
808031.0,0.0004329,5.0
808041.0,0.0004329,3.0
808055.0,0.0004329,3.0
808058.0,0.0004329,1.0
808062.0,0.0004329,2.0
808080.0,0.0004329,3.0
808086.0,0.0004329,4.0
808088.0,0.0004329,4.0
808105.0,0.0004329,3.0
808113.0,0.0004329,6.0
808117.0,0.0004329,2.0
808144.0,0.0004329,1.0
808146.0,0.0004329,7.0
808163.0,0.0004329,1.0
808171.0,0.0004329,4.0
808189.0,0.0004329,2.0
808205.0,0.0004329,2.0
808207.0,0.0004329,3.0
808223.0,0.0004329,1.0
808233.0,0.0004329,3.0
808245.0,0.0004329,2.0
808247.0,0.0004329,2.0
808254.0,0.0004329,1.0
808305.0,0.0004329,4.0
808352.0,0.0004329,5.0
808356.0,0.0004329,6.0
808366.0,0.0004329,1.0
808388.0,0.0004329,2.0
808453.0,0.0004329,7.0
808462.0,0.0004329,6.0
808469.0,0.0004329,7.0
808473.0,0.0004329,3.0
808475.0,0.0004329,1.0
808493.0,0.0004329,2.0
808499.0,0.0004329,3.0
808513.0,0.0004329,4.0
808535.0,0.0004329,2.0
808565.0,0.0004329,2.0
808570.0,0.0004329,1.0
808621.0,0.0004329,1.0
808623.0,0.0004329,2.0
808636.0,0.0004329,1.0
808678.0,0.0004329,6.0
808691.0,0.0004329,4.0
808718.0,0.0004329,3.0
808725.0,0.0004329,3.0
808732.0,0.0004329,2.0
808734.0,0.0004329,1.0
808752.0,0.0004329,6.0
808769.0,0.0004329,7.0
808783.0,0.0004329,4.0
808788.0,0.0004329,2.0
808794.0,0.0004329,2.0
808795.0,0.0004329,4.0
808796.0,0.0004329,6.0
808805.0,0.0004329,1.0
808814.0,0.0004329,7.0
808820.0,0.0004329,4.0
808841.0,0.0004329,5.0
808857.0,0.0004329,2.0
808869.0,0.0004329,5.0
808872.0,0.0004329,1.0
808879.0,0.0004329,1.0
808885.0,0.0004329,2.0
808897.0,0.0004329,6.0
808898.0,0.0004329,2.0
808930.0,0.0004329,6.0
808936.0,0.0004329,3.0
808972.0,0.0004329,5.0
808986.0,0.0004329,1.0
809009.0,0.0004329,4.0
809015.0,0.0004329,7.0
809017.0,0.0004329,2.0
809026.0,0.0004329,3.0
809029.0,0.0004329,1.0
809050.0,0.0004329,4.0
809054.0,0.0004329,1.0
809059.0,0.0004329,3.0
809068.0,0.0004329,1.0
809082.0,0.0004329,2.0
809085.0,0.0004329,6.0
809096.0,0.0004329,8.0
809151.0,0.0004329,3.0
809169.0,0.0004329,1.0
809177.0,0.0004329,2.0
809185.0,0.0004329,4.0
809189.0,0.0004329,2.0
809190.0,0.0004329,1.0
809206.0,0.0004329,6.0
809218.0,0.0004329,2.0
809220.0,0.0004329,1.0
809233.0,0.0004329,2.0
809270.0,0.0004329,3.0
809295.0,0.0004329,4.0
809298.0,0.0004329,4.0
809318.0,0.0004329,1.0
809320.0,0.0004329,8.0
809321.0,0.0004329,6.0
809338.0,0.0004329,2.0
809363.0,0.0004329,2.0
809381.0,0.0004329,3.0
809387.0,0.0004329,1.0
809408.0,0.0004329,6.0
809434.0,0.0004329,4.0
809440.0,0.0004329,5.0
809447.0,0.0004329,4.0
809477.0,0.0004329,3.0
809510.0,0.0004329,3.0
809515.0,0.0004329,1.0
809549.0,0.0004329,7.0
809556.0,0.0004329,1.0
809591.0,0.0004329,1.0
809626.0,0.0004329,7.0
809628.0,0.0004329,1.0
809642.0,0.0004329,2.0
809658.0,0.0004329,3.0
809661.0,0.0004329,1.0
809681.0,0.0004329,3.0
809682.0,0.0004329,3.0
809684.0,0.0004329,6.0
809693.0,0.0004329,3.0
809723.0,0.0004329,4.0
809747.0,0.0004329,2.0
809828.0,0.0004329,4.0
809829.0,0.0004329,2.0
809841.0,0.0004329,9.0
809857.0,0.0004329,6.0
809891.0,0.0004329,6.0
809917.0,0.0004329,2.0
809929.0,0.0004329,3.0
809937.0,0.0004329,2.0
809944.0,0.0004329,3.0
809981.0,0.0004329,3.0
800005.0,0.0004329,1.0
800327.0,0.0004329,1.0
800373.0,0.0004329,2.0
801206.0,0.0004329,1.0
801826.0,0.0004329,2.0
802029.0,0.0004329,1.0
802075.0,0.0004329,1.0
802434.0,0.0004329,1.0
804028.0,0.0004329,2.0
804232.0,0.0004329,1.0
804431.0,0.0004329,2.0
804866.0,0.0004329,2.0
805005.0,0.0004329,2.0
805542.0,0.0004329,1.0
806973.0,0.0004329,1.0
807268.0,0.0004329,1.0
807612.0,0.0004329,2.0
808050.0,0.0004329,1.0
808230.0,0.0004329,1.0
808333.0,0.0004329,1.0
808912.0,0.0004329,1.0
808993.0,0.0004329,1.0
809241.0,0.0004329,1.0
809353.0,0.0004329,1.0
809371.0,0.0004329,1.0
809406.0,0.0004329,1.0
809924.0,0.0004329,1.0
800235.0,0.0004329,1.0
801572.0,0.0004329,1.0
801585.0,0.0004329,1.0
801695.0,0.0004329,1.0
802047.0,0.0004329,1.0
803254.0,0.0004329,1.0
803414.0,0.0004329,1.0
804045.0,0.0004329,1.0
804237.0,0.0004329,1.0
805074.0,0.0004329,1.0
805390.0,0.0004329,1.0
806520.0,0.0004329,1.0
806540.0,0.0004329,1.0
807616.0,0.0004329,1.0
807706.0,0.0004329,1.0
808188.0,0.0004329,1.0
808307.0,0.0004329,1.0
809043.0,0.0004329,1.0
809622.0,0.0004329,1.0
809919.0,0.0004329,1.0
810005.0,0.0004642,1.0
810024.0,0.0004642,3.0
810027.0,0.0004642,1.0
810036.0,0.0004642,3.0
810040.0,0.0004642,2.0
810062.0,0.0004642,1.0
810063.0,0.0004642,2.0
810064.0,0.0004642,4.0
810070.0,0.0004642,5.0
810080.0,0.0004642,2.0
810081.0,0.0004642,1.0
810085.0,0.0004642,4.0
810106.0,0.0004642,5.0
810109.0,0.0004642,2.0
810123.0,0.0004642,3.0
810136.0,0.0004642,1.0
810199.0,0.0004642,2.0
810207.0,0.0004642,1.0
810210.0,0.0004642,2.0
810235.0,0.0004642,3.0
810238.0,0.0004642,2.0
810250.0,0.0004642,4.0
810254.0,0.0004642,1.0
810268.0,0.0004642,1.0
810278.0,0.0004642,1.0
810291.0,0.0004642,4.0
810316.0,0.0004642,2.0
810327.0,0.0004642,1.0
810334.0,0.0004642,1.0
810365.0,0.0004642,1.0
810366.0,0.0004642,1.0
810367.0,0.0004642,1.0
810373.0,0.0004642,4.0
810381.0,0.0004642,2.0
810383.0,0.0004642,2.0
810388.0,0.0004642,3.0
810389.0,0.0004642,3.0
810400.0,0.0004642,1.0
810438.0,0.0004642,1.0
810439.0,0.0004642,1.0
810452.0,0.0004642,1.0
810461.0,0.0004642,3.0
810474.0,0.0004642,4.0
810508.0,0.0004642,4.0
810515.0,0.0004642,2.0
810525.0,0.0004642,1.0
810543.0,0.0004642,1.0
810551.0,0.0004642,4.0
810585.0,0.0004642,2.0
810592.0,0.0004642,4.0
810604.0,0.0004642,1.0
810620.0,0.0004642,3.0
810634.0,0.0004642,1.0
810642.0,0.0004642,2.0
810665.0,0.0004642,2.0
810681.0,0.0004642,2.0
810683.0,0.0004642,1.0
810687.0,0.0004642,1.0
810690.0,0.0004642,1.0
810702.0,0.0004642,1.0
810725.0,0.0004642,3.0
810727.0,0.0004642,1.0
810730.0,0.0004642,1.0
810737.0,0.0004642,5.0
810754.0,0.0004642,5.0
810756.0,0.0004642,1.0
810783.0,0.0004642,2.0
810788.0,0.0004642,2.0
810821.0,0.0004642,1.0
810837.0,0.0004642,3.0
810841.0,0.0004642,5.0
810846.0,0.0004642,4.0
810849.0,0.0004642,1.0
810866.0,0.0004642,1.0
810870.0,0.0004642,2.0
810871.0,0.0004642,1.0
810876.0,0.0004642,2.0
810884.0,0.0004642,2.0
810889.0,0.0004642,1.0
810896.0,0.0004642,1.0
810904.0,0.0004642,1.0
810906.0,0.0004642,1.0
810914.0,0.0004642,4.0
810973.0,0.0004642,5.0
810976.0,0.0004642,1.0
810982.0,0.0004642,4.0
810997.0,0.0004642,6.0
811000.0,0.0004642,3.0
811008.0,0.0004642,2.0
811021.0,0.0004642,1.0
811023.0,0.0004642,1.0
811041.0,0.0004642,1.0
811046.0,0.0004642,2.0
811048.0,0.0004642,2.0
811078.0,0.0004642,4.0
811099.0,0.0004642,3.0
811103.0,0.0004642,1.0
811108.0,0.0004642,2.0
811118.0,0.0004642,2.0
811122.0,0.0004642,1.0
811124.0,0.0004642,5.0
811147.0,0.0004642,6.0
811156.0,0.0004642,4.0
811158.0,0.0004642,1.0
811179.0,0.0004642,2.0
811200.0,0.0004642,3.0
811202.0,0.0004642,2.0
811206.0,0.0004642,1.0
811212.0,0.0004642,4.0
811238.0,0.0004642,2.0
811247.0,0.0004642,1.0
811266.0,0.0004642,2.0
811285.0,0.0004642,1.0
811286.0,0.0004642,1.0
811289.0,0.0004642,1.0
811308.0,0.0004642,1.0
811316.0,0.0004642,2.0
811341.0,0.0004642,5.0
811390.0,0.0004642,1.0
811396.0,0.0004642,3.0
811416.0,0.0004642,1.0
811427.0,0.0004642,1.0
811448.0,0.0004642,1.0
811453.0,0.0004642,1.0
811454.0,0.0004642,1.0
811479.0,0.0004642,5.0
811486.0,0.0004642,2.0
811494.0,0.0004642,2.0
811512.0,0.0004642,2.0
811535.0,0.0004642,1.0
811537.0,0.0004642,3.0
811546.0,0.0004642,1.0
811563.0,0.0004642,6.0
811568.0,0.0004642,1.0
811572.0,0.0004642,5.0
811576.0,0.0004642,4.0
811580.0,0.0004642,3.0
811585.0,0.0004642,2.0
811600.0,0.0004642,4.0
811602.0,0.0004642,1.0
811603.0,0.0004642,2.0
811609.0,0.0004642,1.0
811629.0,0.0004642,1.0
811645.0,0.0004642,4.0
811666.0,0.0004642,1.0
811687.0,0.0004642,1.0
811695.0,0.0004642,4.0
811720.0,0.0004642,1.0
811730.0,0.0004642,3.0
811741.0,0.0004642,2.0
811754.0,0.0004642,1.0
811756.0,0.0004642,1.0
811777.0,0.0004642,4.0
811790.0,0.0004642,4.0
811811.0,0.0004642,1.0
811824.0,0.0004642,2.0
811826.0,0.0004642,2.0
811846.0,0.0004642,1.0
811867.0,0.0004642,1.0
811905.0,0.0004642,1.0
811906.0,0.0004642,1.0
811908.0,0.0004642,1.0
811921.0,0.0004642,3.0
811938.0,0.0004642,3.0
811957.0,0.0004642,1.0
811964.0,0.0004642,4.0
811982.0,0.0004642,1.0
811983.0,0.0004642,1.0
811997.0,0.0004642,2.0
812026.0,0.0004642,4.0
812029.0,0.0004642,1.0
812031.0,0.0004642,1.0
812043.0,0.0004642,6.0
812047.0,0.0004642,3.0
812075.0,0.0004642,1.0
812087.0,0.0004642,5.0
812089.0,0.0004642,1.0
812094.0,0.0004642,1.0
812111.0,0.0004642,1.0
812123.0,0.0004642,1.0
812150.0,0.0004642,7.0
812173.0,0.0004642,4.0
812177.0,0.0004642,2.0
812180.0,0.0004642,1.0
812187.0,0.0004642,1.0
812192.0,0.0004642,1.0
812195.0,0.0004642,1.0
812216.0,0.0004642,2.0
812271.0,0.0004642,5.0
812273.0,0.0004642,7.0
812303.0,0.0004642,4.0
812312.0,0.0004642,1.0
812318.0,0.0004642,4.0
812331.0,0.0004642,1.0
812339.0,0.0004642,6.0
812343.0,0.0004642,1.0
812352.0,0.0004642,1.0
812354.0,0.0004642,4.0
812355.0,0.0004642,1.0
812368.0,0.0004642,4.0
812372.0,0.0004642,1.0
812376.0,0.0004642,1.0
812389.0,0.0004642,4.0
812400.0,0.0004642,1.0
812401.0,0.0004642,1.0
812403.0,0.0004642,1.0
812404.0,0.0004642,2.0
812413.0,0.0004642,5.0
812414.0,0.0004642,1.0
812434.0,0.0004642,1.0
812461.0,0.0004642,5.0
812483.0,0.0004642,1.0
812503.0,0.0004642,2.0
812511.0,0.0004642,2.0
812557.0,0.0004642,3.0
812561.0,0.0004642,1.0
812568.0,0.0004642,4.0
812571.0,0.0004642,2.0
812585.0,0.0004642,1.0
812624.0,0.0004642,2.0
812634.0,0.0004642,2.0
812700.0,0.0004642,1.0
812702.0,0.0004642,1.0
812725.0,0.0004642,4.0
812726.0,0.0004642,1.0
812736.0,0.0004642,4.0
812753.0,0.0004642,1.0
812760.0,0.0004642,5.0
812764.0,0.0004642,3.0
812766.0,0.0004642,1.0
812777.0,0.0004642,4.0
812786.0,0.0004642,1.0
812812.0,0.0004642,1.0
812816.0,0.0004642,1.0
812818.0,0.0004642,4.0
812819.0,0.0004642,2.0
812820.0,0.0004642,1.0
812829.0,0.0004642,1.0
812830.0,0.0004642,1.0
812837.0,0.0004642,4.0
812839.0,0.0004642,1.0
812861.0,0.0004642,4.0
812862.0,0.0004642,1.0
812872.0,0.0004642,3.0
812878.0,0.0004642,1.0
812886.0,0.0004642,1.0
812894.0,0.0004642,2.0
812915.0,0.0004642,4.0
812949.0,0.0004642,2.0
812978.0,0.0004642,6.0
813005.0,0.0004642,1.0
813019.0,0.0004642,4.0
813027.0,0.0004642,2.0
813038.0,0.0004642,1.0
813048.0,0.0004642,2.0
813056.0,0.0004642,1.0
813063.0,0.0004642,4.0
813071.0,0.0004642,4.0
813081.0,0.0004642,1.0
813088.0,0.0004642,4.0
813089.0,0.0004642,1.0
813093.0,0.0004642,2.0
813106.0,0.0004642,1.0
813108.0,0.0004642,2.0
813110.0,0.0004642,2.0
813142.0,0.0004642,5.0
813147.0,0.0004642,1.0
813162.0,0.0004642,2.0
813197.0,0.0004642,3.0
813203.0,0.0004642,1.0
813205.0,0.0004642,2.0
813213.0,0.0004642,5.0
813218.0,0.0004642,2.0
813220.0,0.0004642,1.0
813240.0,0.0004642,1.0
813246.0,0.0004642,2.0
813251.0,0.0004642,4.0
813252.0,0.0004642,5.0
813254.0,0.0004642,4.0
813271.0,0.0004642,3.0
813287.0,0.0004642,1.0
813290.0,0.0004642,2.0
813297.0,0.0004642,1.0
813300.0,0.0004642,2.0
813302.0,0.0004642,2.0
813303.0,0.0004642,1.0
813305.0,0.0004642,1.0
813310.0,0.0004642,1.0
813314.0,0.0004642,2.0
813340.0,0.0004642,1.0
813341.0,0.0004642,2.0
813363.0,0.0004642,4.0
813376.0,0.0004642,4.0
813388.0,0.0004642,1.0
813392.0,0.0004642,1.0
813410.0,0.0004642,1.0
813414.0,0.0004642,2.0
813426.0,0.0004642,1.0
813454.0,0.0004642,4.0
813459.0,0.0004642,1.0
813461.0,0.0004642,4.0
813474.0,0.0004642,1.0
813492.0,0.0004642,5.0
813493.0,0.0004642,3.0
813495.0,0.0004642,5.0
813512.0,0.0004642,2.0
813514.0,0.0004642,5.0
813517.0,0.0004642,6.0
813529.0,0.0004642,3.0
813530.0,0.0004642,2.0
813550.0,0.0004642,6.0
813554.0,0.0004642,1.0
813566.0,0.0004642,1.0
813568.0,0.0004642,5.0
813577.0,0.0004642,1.0
813626.0,0.0004642,1.0
813644.0,0.0004642,5.0
813653.0,0.0004642,2.0
813655.0,0.0004642,1.0
813660.0,0.0004642,2.0
813672.0,0.0004642,1.0
813682.0,0.0004642,4.0
813686.0,0.0004642,1.0
813697.0,0.0004642,1.0
813721.0,0.0004642,1.0
813745.0,0.0004642,1.0
813771.0,0.0004642,1.0
813775.0,0.0004642,6.0
813777.0,0.0004642,2.0
813809.0,0.0004642,2.0
813813.0,0.0004642,3.0
813818.0,0.0004642,3.0
813827.0,0.0004642,1.0
813847.0,0.0004642,1.0
813850.0,0.0004642,1.0
813857.0,0.0004642,3.0
813881.0,0.0004642,1.0
813889.0,0.0004642,2.0
813944.0,0.0004642,1.0
813972.0,0.0004642,5.0
813977.0,0.0004642,4.0
813984.0,0.0004642,6.0
813985.0,0.0004642,1.0
813987.0,0.0004642,1.0
813994.0,0.0004642,1.0
813995.0,0.0004642,1.0
813996.0,0.0004642,5.0
814001.0,0.0004642,2.0
814004.0,0.0004642,3.0
814028.0,0.0004642,4.0
814045.0,0.0004642,5.0
814047.0,0.0004642,1.0
814100.0,0.0004642,1.0
814102.0,0.0004642,1.0
814103.0,0.0004642,5.0
814107.0,0.0004642,1.0
814126.0,0.0004642,1.0
814130.0,0.0004642,1.0
814135.0,0.0004642,6.0
814138.0,0.0004642,2.0
814139.0,0.0004642,1.0
814140.0,0.0004642,1.0
814165.0,0.0004642,5.0
814171.0,0.0004642,5.0
814173.0,0.0004642,1.0
814184.0,0.0004642,2.0
814187.0,0.0004642,1.0
814192.0,0.0004642,2.0
814203.0,0.0004642,3.0
814232.0,0.0004642,1.0
814237.0,0.0004642,3.0
814251.0,0.0004642,4.0
814253.0,0.0004642,2.0
814255.0,0.0004642,2.0
814258.0,0.0004642,1.0
814262.0,0.0004642,5.0
814264.0,0.0004642,2.0
814281.0,0.0004642,4.0
814285.0,0.0004642,3.0
814288.0,0.0004642,1.0
814294.0,0.0004642,2.0
814308.0,0.0004642,3.0
814312.0,0.0004642,1.0
814318.0,0.0004642,1.0
814337.0,0.0004642,2.0
814343.0,0.0004642,2.0
814344.0,0.0004642,4.0
814345.0,0.0004642,2.0
814348.0,0.0004642,5.0
814349.0,0.0004642,1.0
814352.0,0.0004642,6.0
814362.0,0.0004642,6.0
814364.0,0.0004642,4.0
814376.0,0.0004642,1.0
814408.0,0.0004642,3.0
814421.0,0.0004642,1.0
814423.0,0.0004642,1.0
814426.0,0.0004642,1.0
814430.0,0.0004642,2.0
814431.0,0.0004642,4.0
814433.0,0.0004642,1.0
814446.0,0.0004642,1.0
814455.0,0.0004642,2.0
814472.0,0.0004642,1.0
814509.0,0.0004642,1.0
814518.0,0.0004642,3.0
814521.0,0.0004642,1.0
814522.0,0.0004642,1.0
814572.0,0.0004642,1.0
814579.0,0.0004642,2.0
814590.0,0.0004642,1.0
814614.0,0.0004642,2.0
814615.0,0.0004642,3.0
814616.0,0.0004642,2.0
814640.0,0.0004642,4.0
814654.0,0.0004642,3.0
814671.0,0.0004642,1.0
814675.0,0.0004642,1.0
814691.0,0.0004642,5.0
814694.0,0.0004642,1.0
814704.0,0.0004642,1.0
814721.0,0.0004642,2.0
814727.0,0.0004642,1.0
814737.0,0.0004642,4.0
814739.0,0.0004642,5.0
814741.0,0.0004642,2.0
814758.0,0.0004642,1.0
814780.0,0.0004642,2.0
814784.0,0.0004642,1.0
814802.0,0.0004642,3.0
814811.0,0.0004642,1.0
814833.0,0.0004642,1.0
814866.0,0.0004642,5.0
814890.0,0.0004642,3.0
814904.0,0.0004642,1.0
814906.0,0.0004642,1.0
814909.0,0.0004642,2.0
814917.0,0.0004642,3.0
814927.0,0.0004642,1.0
814928.0,0.0004642,2.0
814936.0,0.0004642,3.0
814966.0,0.0004642,5.0
814975.0,0.0004642,4.0
814976.0,0.0004642,1.0
814977.0,0.0004642,1.0
814990.0,0.0004642,4.0
815005.0,0.0004642,2.0
815022.0,0.0004642,2.0
815030.0,0.0004642,2.0
815043.0,0.0004642,2.0
815044.0,0.0004642,1.0
815050.0,0.0004642,3.0
815051.0,0.0004642,3.0
815069.0,0.0004642,1.0
815074.0,0.0004642,5.0
815088.0,0.0004642,1.0
815101.0,0.0004642,1.0
815105.0,0.0004642,2.0
815146.0,0.0004642,4.0
815148.0,0.0004642,1.0
815157.0,0.0004642,1.0
815159.0,0.0004642,2.0
815160.0,0.0004642,2.0
815167.0,0.0004642,1.0
815191.0,0.0004642,2.0
815200.0,0.0004642,1.0
815204.0,0.0004642,2.0
815212.0,0.0004642,2.0
815235.0,0.0004642,1.0
815239.0,0.0004642,1.0
815253.0,0.0004642,5.0
815278.0,0.0004642,2.0
815281.0,0.0004642,1.0
815287.0,0.0004642,1.0
815314.0,0.0004642,2.0
815327.0,0.0004642,1.0
815328.0,0.0004642,2.0
815344.0,0.0004642,2.0
815353.0,0.0004642,2.0
815354.0,0.0004642,2.0
815358.0,0.0004642,1.0
815379.0,0.0004642,1.0
815383.0,0.0004642,1.0
815390.0,0.0004642,3.0
815401.0,0.0004642,2.0
815407.0,0.0004642,7.0
815410.0,0.0004642,1.0
815419.0,0.0004642,2.0
815437.0,0.0004642,2.0
815438.0,0.0004642,1.0
815446.0,0.0004642,2.0
815450.0,0.0004642,1.0
815451.0,0.0004642,2.0
815453.0,0.0004642,1.0
815465.0,0.0004642,2.0
815470.0,0.0004642,1.0
815474.0,0.0004642,4.0
815488.0,0.0004642,4.0
815503.0,0.0004642,3.0
815534.0,0.0004642,3.0
815540.0,0.0004642,1.0
815542.0,0.0004642,1.0
815543.0,0.0004642,4.0
815548.0,0.0004642,3.0
815549.0,0.0004642,2.0
815555.0,0.0004642,3.0
815574.0,0.0004642,1.0
815596.0,0.0004642,3.0
815608.0,0.0004642,2.0
815610.0,0.0004642,2.0
815621.0,0.0004642,2.0
815626.0,0.0004642,3.0
815636.0,0.0004642,2.0
815639.0,0.0004642,3.0
815642.0,0.0004642,2.0
815652.0,0.0004642,3.0
815686.0,0.0004642,1.0
815698.0,0.0004642,2.0
815728.0,0.0004642,5.0
815747.0,0.0004642,6.0
815749.0,0.0004642,2.0
815756.0,0.0004642,2.0
815773.0,0.0004642,4.0
815785.0,0.0004642,1.0
815803.0,0.0004642,4.0
815805.0,0.0004642,3.0
815814.0,0.0004642,1.0
815815.0,0.0004642,6.0
815818.0,0.0004642,5.0
815835.0,0.0004642,1.0
815856.0,0.0004642,4.0
815866.0,0.0004642,1.0
815886.0,0.0004642,1.0
815895.0,0.0004642,2.0
815936.0,0.0004642,2.0
815941.0,0.0004642,1.0
815945.0,0.0004642,4.0
815950.0,0.0004642,2.0
815969.0,0.0004642,2.0
815973.0,0.0004642,1.0
815987.0,0.0004642,1.0
815989.0,0.0004642,4.0
816009.0,0.0004642,2.0
816046.0,0.0004642,4.0
816048.0,0.0004642,1.0
816059.0,0.0004642,2.0
816062.0,0.0004642,2.0
816071.0,0.0004642,1.0
816095.0,0.0004642,3.0
816101.0,0.0004642,2.0
816113.0,0.0004642,4.0
816118.0,0.0004642,4.0
816132.0,0.0004642,1.0
816166.0,0.0004642,2.0
816172.0,0.0004642,3.0
816175.0,0.0004642,1.0
816180.0,0.0004642,2.0
816205.0,0.0004642,1.0
816225.0,0.0004642,1.0
816227.0,0.0004642,4.0
816270.0,0.0004642,2.0
816276.0,0.0004642,2.0
816295.0,0.0004642,5.0
816322.0,0.0004642,4.0
816326.0,0.0004642,4.0
816334.0,0.0004642,1.0
816337.0,0.0004642,5.0
816344.0,0.0004642,2.0
816347.0,0.0004642,1.0
816353.0,0.0004642,1.0
816388.0,0.0004642,2.0
816410.0,0.0004642,4.0
816432.0,0.0004642,2.0
816436.0,0.0004642,4.0
816446.0,0.0004642,2.0
816464.0,0.0004642,1.0
816465.0,0.0004642,2.0
816506.0,0.0004642,1.0
816517.0,0.0004642,1.0
816520.0,0.0004642,3.0
816539.0,0.0004642,1.0
816540.0,0.0004642,6.0
816551.0,0.0004642,1.0
816556.0,0.0004642,2.0
816573.0,0.0004642,1.0
816584.0,0.0004642,1.0
816587.0,0.0004642,1.0
816590.0,0.0004642,2.0
816592.0,0.0004642,2.0
816604.0,0.0004642,1.0
816613.0,0.0004642,1.0
816634.0,0.0004642,4.0
816648.0,0.0004642,3.0
816650.0,0.0004642,1.0
816660.0,0.0004642,1.0
816714.0,0.0004642,1.0
816767.0,0.0004642,2.0
816790.0,0.0004642,2.0
816813.0,0.0004642,2.0
816814.0,0.0004642,3.0
816818.0,0.0004642,1.0
816820.0,0.0004642,3.0
816840.0,0.0004642,4.0
816859.0,0.0004642,3.0
816860.0,0.0004642,5.0
816876.0,0.0004642,1.0
816913.0,0.0004642,3.0
816928.0,0.0004642,1.0
816935.0,0.0004642,1.0
816967.0,0.0004642,1.0
816969.0,0.0004642,4.0
816970.0,0.0004642,1.0
816973.0,0.0004642,1.0
816986.0,0.0004642,5.0
817029.0,0.0004642,1.0
817050.0,0.0004642,2.0
817080.0,0.0004642,1.0
817089.0,0.0004642,2.0
817126.0,0.0004642,2.0
817148.0,0.0004642,1.0
817150.0,0.0004642,2.0
817158.0,0.0004642,1.0
817170.0,0.0004642,2.0
817177.0,0.0004642,4.0
817187.0,0.0004642,3.0
817199.0,0.0004642,1.0
817210.0,0.0004642,2.0
817214.0,0.0004642,1.0
817226.0,0.0004642,4.0
817238.0,0.0004642,1.0
817255.0,0.0004642,2.0
817268.0,0.0004642,1.0
817273.0,0.0004642,2.0
817286.0,0.0004642,5.0
817298.0,0.0004642,3.0
817308.0,0.0004642,6.0
817309.0,0.0004642,1.0
817322.0,0.0004642,2.0
817324.0,0.0004642,1.0
817341.0,0.0004642,3.0
817348.0,0.0004642,2.0
817349.0,0.0004642,1.0
817356.0,0.0004642,6.0
817357.0,0.0004642,1.0
817369.0,0.0004642,3.0
817385.0,0.0004642,1.0
817406.0,0.0004642,4.0
817415.0,0.0004642,6.0
817426.0,0.0004642,1.0
817427.0,0.0004642,1.0
817434.0,0.0004642,2.0
817453.0,0.0004642,4.0
817471.0,0.0004642,5.0
817477.0,0.0004642,1.0
817482.0,0.0004642,2.0
817487.0,0.0004642,2.0
817520.0,0.0004642,5.0
817525.0,0.0004642,4.0
817535.0,0.0004642,4.0
817537.0,0.0004642,1.0
817558.0,0.0004642,1.0
817563.0,0.0004642,3.0
817590.0,0.0004642,2.0
817612.0,0.0004642,4.0
817616.0,0.0004642,2.0
817620.0,0.0004642,1.0
817624.0,0.0004642,1.0
817626.0,0.0004642,1.0
817636.0,0.0004642,2.0
817659.0,0.0004642,5.0
817694.0,0.0004642,2.0
817699.0,0.0004642,6.0
817701.0,0.0004642,7.0
817706.0,0.0004642,5.0
817710.0,0.0004642,2.0
817711.0,0.0004642,6.0
817721.0,0.0004642,4.0
817737.0,0.0004642,1.0
817752.0,0.0004642,2.0
817761.0,0.0004642,4.0
817765.0,0.0004642,4.0
817773.0,0.0004642,1.0
817778.0,0.0004642,2.0
817817.0,0.0004642,4.0
817819.0,0.0004642,2.0
817829.0,0.0004642,5.0
817840.0,0.0004642,1.0
817847.0,0.0004642,4.0
817852.0,0.0004642,1.0
817859.0,0.0004642,3.0
817877.0,0.0004642,6.0
817878.0,0.0004642,1.0
817879.0,0.0004642,1.0
817888.0,0.0004642,1.0
817892.0,0.0004642,1.0
817917.0,0.0004642,2.0
817923.0,0.0004642,1.0
817941.0,0.0004642,2.0
817943.0,0.0004642,2.0
817948.0,0.0004642,1.0
817957.0,0.0004642,2.0
817990.0,0.0004642,2.0
817991.0,0.0004642,2.0
817994.0,0.0004642,1.0
818005.0,0.0004642,1.0
818008.0,0.0004642,1.0
818025.0,0.0004642,1.0
818026.0,0.0004642,4.0
818031.0,0.0004642,4.0
818041.0,0.0004642,2.0
818050.0,0.0004642,1.0
818062.0,0.0004642,2.0
818080.0,0.0004642,2.0
818082.0,0.0004642,1.0
818086.0,0.0004642,3.0
818088.0,0.0004642,2.0
818105.0,0.0004642,4.0
818113.0,0.0004642,3.0
818123.0,0.0004642,1.0
818146.0,0.0004642,5.0
818151.0,0.0004642,1.0
818161.0,0.0004642,1.0
818171.0,0.0004642,2.0
818177.0,0.0004642,1.0
818188.0,0.0004642,3.0
818189.0,0.0004642,2.0
818207.0,0.0004642,2.0
818228.0,0.0004642,1.0
818230.0,0.0004642,2.0
818233.0,0.0004642,2.0
818245.0,0.0004642,2.0
818247.0,0.0004642,2.0
818254.0,0.0004642,1.0
818259.0,0.0004642,2.0
818276.0,0.0004642,2.0
818277.0,0.0004642,1.0
818305.0,0.0004642,3.0
818307.0,0.0004642,3.0
818322.0,0.0004642,1.0
818333.0,0.0004642,1.0
818334.0,0.0004642,1.0
818352.0,0.0004642,3.0
818356.0,0.0004642,5.0
818388.0,0.0004642,2.0
818405.0,0.0004642,1.0
818453.0,0.0004642,6.0
818461.0,0.0004642,1.0
818462.0,0.0004642,4.0
818467.0,0.0004642,1.0
818469.0,0.0004642,3.0
818473.0,0.0004642,2.0
818493.0,0.0004642,2.0
818499.0,0.0004642,2.0
818513.0,0.0004642,2.0
818519.0,0.0004642,1.0
818535.0,0.0004642,2.0
818540.0,0.0004642,1.0
818623.0,0.0004642,1.0
818678.0,0.0004642,4.0
818679.0,0.0004642,1.0
818686.0,0.0004642,1.0
818691.0,0.0004642,2.0
818703.0,0.0004642,1.0
818718.0,0.0004642,4.0
818725.0,0.0004642,2.0
818732.0,0.0004642,2.0
818742.0,0.0004642,1.0
818752.0,0.0004642,3.0
818758.0,0.0004642,1.0
818769.0,0.0004642,4.0
818783.0,0.0004642,4.0
818788.0,0.0004642,1.0
818794.0,0.0004642,1.0
818795.0,0.0004642,2.0
818796.0,0.0004642,4.0
818805.0,0.0004642,1.0
818814.0,0.0004642,3.0
818819.0,0.0004642,1.0
818820.0,0.0004642,4.0
818829.0,0.0004642,1.0
818833.0,0.0004642,1.0
818841.0,0.0004642,4.0
818868.0,0.0004642,1.0
818869.0,0.0004642,3.0
818885.0,0.0004642,2.0
818897.0,0.0004642,4.0
818898.0,0.0004642,1.0
818910.0,0.0004642,1.0
818912.0,0.0004642,1.0
818917.0,0.0004642,1.0
818921.0,0.0004642,1.0
818930.0,0.0004642,4.0
818933.0,0.0004642,1.0
818934.0,0.0004642,1.0
818936.0,0.0004642,3.0
818972.0,0.0004642,6.0
818993.0,0.0004642,1.0
818994.0,0.0004642,1.0
819009.0,0.0004642,2.0
819015.0,0.0004642,4.0
819017.0,0.0004642,1.0
819026.0,0.0004642,2.0
819039.0,0.0004642,1.0
819050.0,0.0004642,3.0
819082.0,0.0004642,1.0
819085.0,0.0004642,3.0
819096.0,0.0004642,6.0
819130.0,0.0004642,1.0
819133.0,0.0004642,2.0
819137.0,0.0004642,1.0
819151.0,0.0004642,2.0
819177.0,0.0004642,2.0
819185.0,0.0004642,2.0
819189.0,0.0004642,1.0
819200.0,0.0004642,1.0
819202.0,0.0004642,1.0
819206.0,0.0004642,5.0
819218.0,0.0004642,1.0
819233.0,0.0004642,2.0
819234.0,0.0004642,1.0
819241.0,0.0004642,1.0
819267.0,0.0004642,1.0
819270.0,0.0004642,4.0
819295.0,0.0004642,3.0
819298.0,0.0004642,2.0
819308.0,0.0004642,1.0
819320.0,0.0004642,5.0
819321.0,0.0004642,3.0
819338.0,0.0004642,1.0
819353.0,0.0004642,2.0
819371.0,0.0004642,1.0
819381.0,0.0004642,2.0
819406.0,0.0004642,1.0
819408.0,0.0004642,3.0
819434.0,0.0004642,2.0
819440.0,0.0004642,4.0
819447.0,0.0004642,3.0
819477.0,0.0004642,2.0
819482.0,0.0004642,1.0
819533.0,0.0004642,1.0
819549.0,0.0004642,5.0
819550.0,0.0004642,1.0
819560.0,0.0004642,1.0
819565.0,0.0004642,1.0
819585.0,0.0004642,1.0
819586.0,0.0004642,2.0
819622.0,0.0004642,5.0
819626.0,0.0004642,6.0
819658.0,0.0004642,3.0
819661.0,0.0004642,2.0
819681.0,0.0004642,2.0
819682.0,0.0004642,2.0
819684.0,0.0004642,4.0
819723.0,0.0004642,2.0
819730.0,0.0004642,1.0
819747.0,0.0004642,2.0
819754.0,0.0004642,2.0
819806.0,0.0004642,1.0
819824.0,0.0004642,1.0
819841.0,0.0004642,6.0
819842.0,0.0004642,1.0
819847.0,0.0004642,1.0
819857.0,0.0004642,3.0
819891.0,0.0004642,4.0
819919.0,0.0004642,2.0
819924.0,0.0004642,1.0
819929.0,0.0004642,4.0
819937.0,0.0004642,1.0
819944.0,0.0004642,3.0
819970.0,0.0004642,1.0
819981.0,0.0004642,2.0
810032.0,0.0004642,3.0
810107.0,0.0004642,2.0
810554.0,0.0004642,2.0
810913.0,0.0004642,2.0
811151.0,0.0004642,1.0
811282.0,0.0004642,3.0
811458.0,0.0004642,2.0
811589.0,0.0004642,3.0
811986.0,0.0004642,1.0
812078.0,0.0004642,1.0
812210.0,0.0004642,2.0
812239.0,0.0004642,3.0
812264.0,0.0004642,4.0
812340.0,0.0004642,4.0
812358.0,0.0004642,1.0
812424.0,0.0004642,1.0
812438.0,0.0004642,1.0
812633.0,0.0004642,2.0
812716.0,0.0004642,2.0
812775.0,0.0004642,1.0
812825.0,0.0004642,3.0
812871.0,0.0004642,1.0
812892.0,0.0004642,1.0
813120.0,0.0004642,2.0
813145.0,0.0004642,4.0
813411.0,0.0004642,2.0
813711.0,0.0004642,2.0
813717.0,0.0004642,2.0
813936.0,0.0004642,3.0
814015.0,0.0004642,3.0
814023.0,0.0004642,1.0
814025.0,0.0004642,2.0
814043.0,0.0004642,1.0
814096.0,0.0004642,4.0
814274.0,0.0004642,1.0
814407.0,0.0004642,2.0
814476.0,0.0004642,4.0
814543.0,0.0004642,1.0
814546.0,0.0004642,3.0
814549.0,0.0004642,2.0
814603.0,0.0004642,1.0
815059.0,0.0004642,1.0
815306.0,0.0004642,1.0
815318.0,0.0004642,2.0
815357.0,0.0004642,2.0
815429.0,0.0004642,2.0
815521.0,0.0004642,2.0
815615.0,0.0004642,2.0
815965.0,0.0004642,1.0
816125.0,0.0004642,4.0
816266.0,0.0004642,4.0
816450.0,0.0004642,1.0
816483.0,0.0004642,1.0
816602.0,0.0004642,1.0
817083.0,0.0004642,2.0
817145.0,0.0004642,1.0
817189.0,0.0004642,1.0
817437.0,0.0004642,1.0
817565.0,0.0004642,1.0
817728.0,0.0004642,3.0
817966.0,0.0004642,1.0
818055.0,0.0004642,4.0
818117.0,0.0004642,2.0
818205.0,0.0004642,1.0
818570.0,0.0004642,1.0
818857.0,0.0004642,2.0
819043.0,0.0004642,2.0
819054.0,0.0004642,2.0
819059.0,0.0004642,3.0
819363.0,0.0004642,1.0
819510.0,0.0004642,2.0
819591.0,0.0004642,1.0
819693.0,0.0004642,1.0
819828.0,0.0004642,1.0
819829.0,0.0004642,3.0
819917.0,0.0004642,1.0
820004.0,0.0004977,1.0
820024.0,0.0004977,5.0
820032.0,0.0004977,3.0
820036.0,0.0004977,5.0
820040.0,0.0004977,4.0
820053.0,0.0004977,1.0
820062.0,0.0004977,2.0
820063.0,0.0004977,2.0
820064.0,0.0004977,4.0
820070.0,0.0004977,3.0
820080.0,0.0004977,1.0
820081.0,0.0004977,2.0
820085.0,0.0004977,4.0
820106.0,0.0004977,4.0
820107.0,0.0004977,3.0
820109.0,0.0004977,5.0
820120.0,0.0004977,2.0
820123.0,0.0004977,5.0
820126.0,0.0004977,1.0
820136.0,0.0004977,3.0
820199.0,0.0004977,2.0
820204.0,0.0004977,1.0
820209.0,0.0004977,2.0
820210.0,0.0004977,5.0
820235.0,0.0004977,4.0
820238.0,0.0004977,4.0
820250.0,0.0004977,3.0
820268.0,0.0004977,3.0
820277.0,0.0004977,1.0
820278.0,0.0004977,2.0
820291.0,0.0004977,2.0
820307.0,0.0004977,1.0
820316.0,0.0004977,1.0
820328.0,0.0004977,3.0
820334.0,0.0004977,1.0
820344.0,0.0004977,2.0
820346.0,0.0004977,1.0
820349.0,0.0004977,1.0
820353.0,0.0004977,1.0
820373.0,0.0004977,5.0
820381.0,0.0004977,4.0
820383.0,0.0004977,2.0
820388.0,0.0004977,1.0
820389.0,0.0004977,3.0
820400.0,0.0004977,2.0
820402.0,0.0004977,1.0
820425.0,0.0004977,2.0
820441.0,0.0004977,1.0
820452.0,0.0004977,1.0
820461.0,0.0004977,2.0
820474.0,0.0004977,3.0
820505.0,0.0004977,1.0
820508.0,0.0004977,3.0
820515.0,0.0004977,2.0
820531.0,0.0004977,1.0
820543.0,0.0004977,1.0
820551.0,0.0004977,5.0
820554.0,0.0004977,6.0
820585.0,0.0004977,4.0
820592.0,0.0004977,4.0
820620.0,0.0004977,5.0
820628.0,0.0004977,3.0
820642.0,0.0004977,1.0
820653.0,0.0004977,2.0
820665.0,0.0004977,4.0
820673.0,0.0004977,2.0
820677.0,0.0004977,1.0
820680.0,0.0004977,1.0
820681.0,0.0004977,3.0
820683.0,0.0004977,1.0
820687.0,0.0004977,1.0
820702.0,0.0004977,2.0
820705.0,0.0004977,1.0
820718.0,0.0004977,2.0
820725.0,0.0004977,5.0
820727.0,0.0004977,1.0
820737.0,0.0004977,5.0
820741.0,0.0004977,1.0
820754.0,0.0004977,3.0
820756.0,0.0004977,3.0
820783.0,0.0004977,3.0
820788.0,0.0004977,4.0
820790.0,0.0004977,1.0
820796.0,0.0004977,1.0
820800.0,0.0004977,1.0
820836.0,0.0004977,2.0
820837.0,0.0004977,3.0
820841.0,0.0004977,5.0
820846.0,0.0004977,5.0
820849.0,0.0004977,3.0
820870.0,0.0004977,1.0
820876.0,0.0004977,4.0
820884.0,0.0004977,2.0
820889.0,0.0004977,2.0
820896.0,0.0004977,1.0
820904.0,0.0004977,2.0
820906.0,0.0004977,1.0
820913.0,0.0004977,2.0
820914.0,0.0004977,5.0
820973.0,0.0004977,4.0
820982.0,0.0004977,5.0
820997.0,0.0004977,3.0
820998.0,0.0004977,1.0
820999.0,0.0004977,1.0
821000.0,0.0004977,2.0
821008.0,0.0004977,1.0
821031.0,0.0004977,1.0
821041.0,0.0004977,1.0
821046.0,0.0004977,1.0
821048.0,0.0004977,3.0
821051.0,0.0004977,1.0
821066.0,0.0004977,1.0
821078.0,0.0004977,2.0
821099.0,0.0004977,4.0
821103.0,0.0004977,1.0
821106.0,0.0004977,2.0
821108.0,0.0004977,4.0
821109.0,0.0004977,1.0
821118.0,0.0004977,4.0
821122.0,0.0004977,2.0
821124.0,0.0004977,4.0
821138.0,0.0004977,1.0
821147.0,0.0004977,5.0
821151.0,0.0004977,3.0
821156.0,0.0004977,4.0
821158.0,0.0004977,1.0
821179.0,0.0004977,4.0
821192.0,0.0004977,1.0
821200.0,0.0004977,1.0
821202.0,0.0004977,4.0
821203.0,0.0004977,1.0
821212.0,0.0004977,5.0
821216.0,0.0004977,3.0
821238.0,0.0004977,4.0
821247.0,0.0004977,2.0
821256.0,0.0004977,1.0
821266.0,0.0004977,3.0
821282.0,0.0004977,3.0
821288.0,0.0004977,2.0
821290.0,0.0004977,1.0
821308.0,0.0004977,1.0
821316.0,0.0004977,5.0
821317.0,0.0004977,1.0
821320.0,0.0004977,1.0
821325.0,0.0004977,1.0
821341.0,0.0004977,4.0
821350.0,0.0004977,1.0
821396.0,0.0004977,5.0
821403.0,0.0004977,1.0
821427.0,0.0004977,1.0
821432.0,0.0004977,2.0
821436.0,0.0004977,3.0
821439.0,0.0004977,1.0
821449.0,0.0004977,1.0
821453.0,0.0004977,2.0
821454.0,0.0004977,1.0
821458.0,0.0004977,3.0
821479.0,0.0004977,5.0
821486.0,0.0004977,4.0
821494.0,0.0004977,2.0
821512.0,0.0004977,2.0
821534.0,0.0004977,1.0
821535.0,0.0004977,2.0
821537.0,0.0004977,5.0
821563.0,0.0004977,3.0
821566.0,0.0004977,1.0
821568.0,0.0004977,1.0
821572.0,0.0004977,5.0
821576.0,0.0004977,5.0
821580.0,0.0004977,3.0
821581.0,0.0004977,1.0
821585.0,0.0004977,3.0
821589.0,0.0004977,3.0
821600.0,0.0004977,4.0
821603.0,0.0004977,4.0
821609.0,0.0004977,1.0
821611.0,0.0004977,1.0
821629.0,0.0004977,1.0
821645.0,0.0004977,3.0
821679.0,0.0004977,1.0
821684.0,0.0004977,2.0
821695.0,0.0004977,5.0
821713.0,0.0004977,1.0
821715.0,0.0004977,1.0
821721.0,0.0004977,1.0
821730.0,0.0004977,5.0
821741.0,0.0004977,2.0
821756.0,0.0004977,1.0
821759.0,0.0004977,1.0
821777.0,0.0004977,4.0
821781.0,0.0004977,2.0
821790.0,0.0004977,5.0
821811.0,0.0004977,2.0
821816.0,0.0004977,1.0
821824.0,0.0004977,4.0
821826.0,0.0004977,3.0
821875.0,0.0004977,1.0
821905.0,0.0004977,2.0
821906.0,0.0004977,2.0
821907.0,0.0004977,1.0
821921.0,0.0004977,3.0
821938.0,0.0004977,4.0
821964.0,0.0004977,5.0
821972.0,0.0004977,2.0
821976.0,0.0004977,1.0
821982.0,0.0004977,2.0
821983.0,0.0004977,1.0
821986.0,0.0004977,3.0
821997.0,0.0004977,1.0
822015.0,0.0004977,2.0
822026.0,0.0004977,4.0
822029.0,0.0004977,1.0
822043.0,0.0004977,5.0
822047.0,0.0004977,5.0
822062.0,0.0004977,2.0
822075.0,0.0004977,1.0
822078.0,0.0004977,3.0
822087.0,0.0004977,3.0
822089.0,0.0004977,2.0
822094.0,0.0004977,2.0
822150.0,0.0004977,3.0
822156.0,0.0004977,2.0
822173.0,0.0004977,4.0
822177.0,0.0004977,1.0
822192.0,0.0004977,2.0
822202.0,0.0004977,1.0
822210.0,0.0004977,3.0
822216.0,0.0004977,1.0
822239.0,0.0004977,3.0
822264.0,0.0004977,3.0
822271.0,0.0004977,3.0
822273.0,0.0004977,3.0
822299.0,0.0004977,1.0
822303.0,0.0004977,5.0
822318.0,0.0004977,2.0
822324.0,0.0004977,1.0
822331.0,0.0004977,1.0
822339.0,0.0004977,3.0
822340.0,0.0004977,2.0
822352.0,0.0004977,1.0
822354.0,0.0004977,4.0
822358.0,0.0004977,2.0
822368.0,0.0004977,5.0
822372.0,0.0004977,3.0
822376.0,0.0004977,2.0
822389.0,0.0004977,3.0
822393.0,0.0004977,1.0
822397.0,0.0004977,1.0
822401.0,0.0004977,1.0
822403.0,0.0004977,3.0
822404.0,0.0004977,1.0
822409.0,0.0004977,2.0
822413.0,0.0004977,5.0
822414.0,0.0004977,3.0
822424.0,0.0004977,2.0
822438.0,0.0004977,3.0
822453.0,0.0004977,1.0
822461.0,0.0004977,5.0
822483.0,0.0004977,2.0
822503.0,0.0004977,4.0
822511.0,0.0004977,5.0
822557.0,0.0004977,2.0
822568.0,0.0004977,3.0
822571.0,0.0004977,4.0
822624.0,0.0004977,4.0
822633.0,0.0004977,2.0
822634.0,0.0004977,2.0
822646.0,0.0004977,2.0
822702.0,0.0004977,1.0
822716.0,0.0004977,3.0
822725.0,0.0004977,5.0
822736.0,0.0004977,3.0
822738.0,0.0004977,2.0
822753.0,0.0004977,2.0
822760.0,0.0004977,5.0
822761.0,0.0004977,1.0
822764.0,0.0004977,5.0
822766.0,0.0004977,1.0
822772.0,0.0004977,1.0
822775.0,0.0004977,3.0
822777.0,0.0004977,3.0
822807.0,0.0004977,1.0
822812.0,0.0004977,2.0
822816.0,0.0004977,2.0
822818.0,0.0004977,5.0
822819.0,0.0004977,1.0
822820.0,0.0004977,2.0
822825.0,0.0004977,3.0
822826.0,0.0004977,1.0
822829.0,0.0004977,3.0
822830.0,0.0004977,2.0
822837.0,0.0004977,3.0
822861.0,0.0004977,4.0
822862.0,0.0004977,1.0
822871.0,0.0004977,2.0
822872.0,0.0004977,5.0
822875.0,0.0004977,1.0
822878.0,0.0004977,1.0
822886.0,0.0004977,1.0
822887.0,0.0004977,3.0
822892.0,0.0004977,6.0
822894.0,0.0004977,2.0
822915.0,0.0004977,5.0
822945.0,0.0004977,1.0
822949.0,0.0004977,4.0
822978.0,0.0004977,3.0
822989.0,0.0004977,1.0
823019.0,0.0004977,5.0
823027.0,0.0004977,4.0
823048.0,0.0004977,3.0
823055.0,0.0004977,1.0
823063.0,0.0004977,3.0
823071.0,0.0004977,2.0
823085.0,0.0004977,2.0
823088.0,0.0004977,3.0
823089.0,0.0004977,1.0
823093.0,0.0004977,2.0
823108.0,0.0004977,2.0
823110.0,0.0004977,2.0
823120.0,0.0004977,3.0
823142.0,0.0004977,6.0
823145.0,0.0004977,3.0
823147.0,0.0004977,2.0
823162.0,0.0004977,4.0
823170.0,0.0004977,2.0
823197.0,0.0004977,5.0
823198.0,0.0004977,1.0
823203.0,0.0004977,2.0
823205.0,0.0004977,4.0
823213.0,0.0004977,6.0
823218.0,0.0004977,3.0
823246.0,0.0004977,5.0
823251.0,0.0004977,4.0
823252.0,0.0004977,5.0
823254.0,0.0004977,5.0
823271.0,0.0004977,3.0
823290.0,0.0004977,3.0
823300.0,0.0004977,4.0
823302.0,0.0004977,4.0
823305.0,0.0004977,1.0
823314.0,0.0004977,1.0
823340.0,0.0004977,3.0
823341.0,0.0004977,4.0
823345.0,0.0004977,1.0
823363.0,0.0004977,3.0
823376.0,0.0004977,5.0
823381.0,0.0004977,2.0
823392.0,0.0004977,1.0
823411.0,0.0004977,3.0
823414.0,0.0004977,4.0
823454.0,0.0004977,5.0
823457.0,0.0004977,2.0
823459.0,0.0004977,1.0
823461.0,0.0004977,1.0
823474.0,0.0004977,1.0
823492.0,0.0004977,3.0
823493.0,0.0004977,5.0
823495.0,0.0004977,4.0
823508.0,0.0004977,2.0
823512.0,0.0004977,2.0
823514.0,0.0004977,5.0
823517.0,0.0004977,4.0
823523.0,0.0004977,1.0
823529.0,0.0004977,5.0
823530.0,0.0004977,5.0
823544.0,0.0004977,2.0
823550.0,0.0004977,4.0
823552.0,0.0004977,2.0
823566.0,0.0004977,2.0
823568.0,0.0004977,4.0
823577.0,0.0004977,1.0
823588.0,0.0004977,2.0
823615.0,0.0004977,1.0
823619.0,0.0004977,2.0
823644.0,0.0004977,4.0
823649.0,0.0004977,2.0
823653.0,0.0004977,4.0
823655.0,0.0004977,1.0
823660.0,0.0004977,2.0
823671.0,0.0004977,1.0
823681.0,0.0004977,1.0
823682.0,0.0004977,5.0
823696.0,0.0004977,2.0
823711.0,0.0004977,5.0
823717.0,0.0004977,3.0
823736.0,0.0004977,1.0
823741.0,0.0004977,1.0
823771.0,0.0004977,1.0
823775.0,0.0004977,4.0
823777.0,0.0004977,1.0
823780.0,0.0004977,1.0
823800.0,0.0004977,2.0
823809.0,0.0004977,1.0
823813.0,0.0004977,5.0
823818.0,0.0004977,3.0
823847.0,0.0004977,2.0
823851.0,0.0004977,1.0
823857.0,0.0004977,5.0
823886.0,0.0004977,2.0
823889.0,0.0004977,4.0
823936.0,0.0004977,2.0
823937.0,0.0004977,2.0
823944.0,0.0004977,1.0
823972.0,0.0004977,5.0
823977.0,0.0004977,5.0
823984.0,0.0004977,5.0
823985.0,0.0004977,1.0
823995.0,0.0004977,1.0
823996.0,0.0004977,3.0
824001.0,0.0004977,2.0
824004.0,0.0004977,4.0
824023.0,0.0004977,4.0
824025.0,0.0004977,3.0
824028.0,0.0004977,6.0
824034.0,0.0004977,1.0
824038.0,0.0004977,1.0
824043.0,0.0004977,2.0
824045.0,0.0004977,3.0
824046.0,0.0004977,1.0
824050.0,0.0004977,1.0
824054.0,0.0004977,1.0
824059.0,0.0004977,1.0
824096.0,0.0004977,3.0
824103.0,0.0004977,5.0
824107.0,0.0004977,1.0
824130.0,0.0004977,1.0
824135.0,0.0004977,3.0
824138.0,0.0004977,4.0
824165.0,0.0004977,5.0
824171.0,0.0004977,4.0
824179.0,0.0004977,1.0
824184.0,0.0004977,4.0
824192.0,0.0004977,2.0
824203.0,0.0004977,5.0
824211.0,0.0004977,1.0
824233.0,0.0004977,1.0
824237.0,0.0004977,3.0
824251.0,0.0004977,3.0
824253.0,0.0004977,4.0
824255.0,0.0004977,4.0
824258.0,0.0004977,2.0
824262.0,0.0004977,4.0
824264.0,0.0004977,2.0
824274.0,0.0004977,4.0
824281.0,0.0004977,5.0
824285.0,0.0004977,3.0
824294.0,0.0004977,2.0
824308.0,0.0004977,3.0
824343.0,0.0004977,5.0
824344.0,0.0004977,2.0
824345.0,0.0004977,4.0
824348.0,0.0004977,3.0
824352.0,0.0004977,3.0
824358.0,0.0004977,1.0
824362.0,0.0004977,2.0
824364.0,0.0004977,5.0
824407.0,0.0004977,3.0
824408.0,0.0004977,5.0
824426.0,0.0004977,2.0
824430.0,0.0004977,2.0
824431.0,0.0004977,5.0
824432.0,0.0004977,1.0
824433.0,0.0004977,2.0
824437.0,0.0004977,2.0
824450.0,0.0004977,1.0
824455.0,0.0004977,1.0
824461.0,0.0004977,1.0
824476.0,0.0004977,3.0
824480.0,0.0004977,2.0
824499.0,0.0004977,1.0
824508.0,0.0004977,3.0
824518.0,0.0004977,6.0
824521.0,0.0004977,3.0
824528.0,0.0004977,2.0
824543.0,0.0004977,4.0
824546.0,0.0004977,3.0
824549.0,0.0004977,3.0
824570.0,0.0004977,1.0
824572.0,0.0004977,1.0
824579.0,0.0004977,1.0
824590.0,0.0004977,2.0
824603.0,0.0004977,3.0
824614.0,0.0004977,2.0
824615.0,0.0004977,5.0
824616.0,0.0004977,1.0
824640.0,0.0004977,5.0
824642.0,0.0004977,1.0
824654.0,0.0004977,5.0
824691.0,0.0004977,4.0
824701.0,0.0004977,1.0
824702.0,0.0004977,1.0
824721.0,0.0004977,1.0
824737.0,0.0004977,5.0
824739.0,0.0004977,4.0
824741.0,0.0004977,1.0
824780.0,0.0004977,3.0
824784.0,0.0004977,2.0
824802.0,0.0004977,4.0
824822.0,0.0004977,1.0
824823.0,0.0004977,2.0
824834.0,0.0004977,1.0
824839.0,0.0004977,2.0
824841.0,0.0004977,2.0
824866.0,0.0004977,5.0
824876.0,0.0004977,1.0
824890.0,0.0004977,3.0
824909.0,0.0004977,4.0
824917.0,0.0004977,6.0
824928.0,0.0004977,2.0
824929.0,0.0004977,2.0
824936.0,0.0004977,4.0
824966.0,0.0004977,6.0
824975.0,0.0004977,5.0
824976.0,0.0004977,1.0
824977.0,0.0004977,1.0
824990.0,0.0004977,5.0
825005.0,0.0004977,4.0
825022.0,0.0004977,5.0
825030.0,0.0004977,2.0
825043.0,0.0004977,4.0
825044.0,0.0004977,1.0
825050.0,0.0004977,5.0
825051.0,0.0004977,5.0
825053.0,0.0004977,1.0
825059.0,0.0004977,2.0
825060.0,0.0004977,2.0
825068.0,0.0004977,2.0
825069.0,0.0004977,2.0
825074.0,0.0004977,5.0
825105.0,0.0004977,4.0
825114.0,0.0004977,1.0
825146.0,0.0004977,4.0
825159.0,0.0004977,2.0
825160.0,0.0004977,1.0
825191.0,0.0004977,2.0
825200.0,0.0004977,1.0
825204.0,0.0004977,3.0
825212.0,0.0004977,1.0
825223.0,0.0004977,1.0
825247.0,0.0004977,1.0
825253.0,0.0004977,5.0
825278.0,0.0004977,4.0
825287.0,0.0004977,2.0
825304.0,0.0004977,1.0
825306.0,0.0004977,3.0
825314.0,0.0004977,4.0
825318.0,0.0004977,3.0
825328.0,0.0004977,2.0
825338.0,0.0004977,1.0
825344.0,0.0004977,1.0
825353.0,0.0004977,2.0
825354.0,0.0004977,1.0
825357.0,0.0004977,3.0
825383.0,0.0004977,1.0
825390.0,0.0004977,3.0
825401.0,0.0004977,3.0
825407.0,0.0004977,3.0
825417.0,0.0004977,1.0
825419.0,0.0004977,2.0
825429.0,0.0004977,3.0
825437.0,0.0004977,5.0
825446.0,0.0004977,4.0
825451.0,0.0004977,2.0
825456.0,0.0004977,1.0
825474.0,0.0004977,5.0
825482.0,0.0004977,3.0
825488.0,0.0004977,5.0
825503.0,0.0004977,5.0
825521.0,0.0004977,3.0
825534.0,0.0004977,5.0
825540.0,0.0004977,1.0
825542.0,0.0004977,1.0
825543.0,0.0004977,5.0
825548.0,0.0004977,4.0
825549.0,0.0004977,4.0
825555.0,0.0004977,6.0
825564.0,0.0004977,1.0
825573.0,0.0004977,1.0
825574.0,0.0004977,3.0
825593.0,0.0004977,1.0
825596.0,0.0004977,4.0
825608.0,0.0004977,2.0
825610.0,0.0004977,4.0
825615.0,0.0004977,3.0
825621.0,0.0004977,2.0
825626.0,0.0004977,5.0
825636.0,0.0004977,4.0
825639.0,0.0004977,5.0
825642.0,0.0004977,1.0
825652.0,0.0004977,1.0
825660.0,0.0004977,2.0
825672.0,0.0004977,1.0
825698.0,0.0004977,2.0
825708.0,0.0004977,1.0
825728.0,0.0004977,3.0
825747.0,0.0004977,4.0
825749.0,0.0004977,4.0
825756.0,0.0004977,4.0
825767.0,0.0004977,1.0
825773.0,0.0004977,5.0
825803.0,0.0004977,5.0
825805.0,0.0004977,5.0
825814.0,0.0004977,2.0
825815.0,0.0004977,4.0
825818.0,0.0004977,3.0
825844.0,0.0004977,1.0
825848.0,0.0004977,1.0
825856.0,0.0004977,3.0
825867.0,0.0004977,1.0
825874.0,0.0004977,2.0
825893.0,0.0004977,2.0
825936.0,0.0004977,2.0
825945.0,0.0004977,6.0
825950.0,0.0004977,3.0
825965.0,0.0004977,3.0
825969.0,0.0004977,1.0
825974.0,0.0004977,1.0
825989.0,0.0004977,2.0
825999.0,0.0004977,2.0
826009.0,0.0004977,4.0
826012.0,0.0004977,1.0
826013.0,0.0004977,2.0
826030.0,0.0004977,1.0
826046.0,0.0004977,6.0
826048.0,0.0004977,1.0
826057.0,0.0004977,2.0
826059.0,0.0004977,2.0
826062.0,0.0004977,4.0
826076.0,0.0004977,1.0
826095.0,0.0004977,5.0
826113.0,0.0004977,1.0
826118.0,0.0004977,2.0
826125.0,0.0004977,3.0
826131.0,0.0004977,2.0
826162.0,0.0004977,1.0
826166.0,0.0004977,1.0
826172.0,0.0004977,4.0
826177.0,0.0004977,1.0
826179.0,0.0004977,1.0
826180.0,0.0004977,4.0
826199.0,0.0004977,1.0
826205.0,0.0004977,3.0
826224.0,0.0004977,3.0
826227.0,0.0004977,2.0
826241.0,0.0004977,1.0
826248.0,0.0004977,3.0
826266.0,0.0004977,3.0
826270.0,0.0004977,2.0
826276.0,0.0004977,4.0
826295.0,0.0004977,5.0
826322.0,0.0004977,3.0
826326.0,0.0004977,2.0
826334.0,0.0004977,2.0
826337.0,0.0004977,6.0
826344.0,0.0004977,3.0
826347.0,0.0004977,1.0
826353.0,0.0004977,2.0
826388.0,0.0004977,4.0
826392.0,0.0004977,2.0
826398.0,0.0004977,1.0
826407.0,0.0004977,1.0
826410.0,0.0004977,4.0
826432.0,0.0004977,1.0
826436.0,0.0004977,3.0
826437.0,0.0004977,1.0
826446.0,0.0004977,4.0
826450.0,0.0004977,3.0
826456.0,0.0004977,1.0
826465.0,0.0004977,2.0
826483.0,0.0004977,2.0
826506.0,0.0004977,2.0
826516.0,0.0004977,1.0
826517.0,0.0004977,2.0
826520.0,0.0004977,5.0
826525.0,0.0004977,3.0
826536.0,0.0004977,2.0
826540.0,0.0004977,5.0
826556.0,0.0004977,3.0
826573.0,0.0004977,1.0
826587.0,0.0004977,2.0
826590.0,0.0004977,2.0
826592.0,0.0004977,4.0
826602.0,0.0004977,3.0
826604.0,0.0004977,2.0
826632.0,0.0004977,1.0
826634.0,0.0004977,3.0
826636.0,0.0004977,1.0
826648.0,0.0004977,3.0
826654.0,0.0004977,1.0
826707.0,0.0004977,1.0
826747.0,0.0004977,2.0
826748.0,0.0004977,2.0
826761.0,0.0004977,2.0
826767.0,0.0004977,1.0
826790.0,0.0004977,4.0
826793.0,0.0004977,1.0
826794.0,0.0004977,1.0
826813.0,0.0004977,3.0
826814.0,0.0004977,2.0
826820.0,0.0004977,3.0
826834.0,0.0004977,1.0
826840.0,0.0004977,5.0
826876.0,0.0004977,1.0
826911.0,0.0004977,1.0
826913.0,0.0004977,3.0
826949.0,0.0004977,1.0
826953.0,0.0004977,2.0
826969.0,0.0004977,3.0
826974.0,0.0004977,2.0
826986.0,0.0004977,6.0
826994.0,0.0004977,1.0
827050.0,0.0004977,5.0
827083.0,0.0004977,5.0
827089.0,0.0004977,4.0
827126.0,0.0004977,4.0
827145.0,0.0004977,3.0
827150.0,0.0004977,4.0
827170.0,0.0004977,2.0
827177.0,0.0004977,4.0
827187.0,0.0004977,5.0
827189.0,0.0004977,3.0
827197.0,0.0004977,1.0
827210.0,0.0004977,4.0
827214.0,0.0004977,1.0
827219.0,0.0004977,1.0
827226.0,0.0004977,2.0
827238.0,0.0004977,1.0
827253.0,0.0004977,1.0
827255.0,0.0004977,2.0
827264.0,0.0004977,3.0
827273.0,0.0004977,4.0
827276.0,0.0004977,1.0
827286.0,0.0004977,3.0
827298.0,0.0004977,5.0
827300.0,0.0004977,2.0
827308.0,0.0004977,5.0
827309.0,0.0004977,1.0
827322.0,0.0004977,1.0
827324.0,0.0004977,2.0
827341.0,0.0004977,2.0
827348.0,0.0004977,2.0
827349.0,0.0004977,2.0
827356.0,0.0004977,5.0
827366.0,0.0004977,4.0
827369.0,0.0004977,3.0
827390.0,0.0004977,1.0
827406.0,0.0004977,4.0
827415.0,0.0004977,3.0
827434.0,0.0004977,3.0
827437.0,0.0004977,3.0
827453.0,0.0004977,1.0
827466.0,0.0004977,1.0
827469.0,0.0004977,1.0
827471.0,0.0004977,4.0
827482.0,0.0004977,2.0
827487.0,0.0004977,4.0
827514.0,0.0004977,1.0
827520.0,0.0004977,4.0
827525.0,0.0004977,3.0
827535.0,0.0004977,5.0
827536.0,0.0004977,1.0
827538.0,0.0004977,1.0
827558.0,0.0004977,1.0
827563.0,0.0004977,4.0
827565.0,0.0004977,3.0
827590.0,0.0004977,4.0
827612.0,0.0004977,2.0
827616.0,0.0004977,3.0
827620.0,0.0004977,1.0
827622.0,0.0004977,2.0
827623.0,0.0004977,1.0
827626.0,0.0004977,1.0
827636.0,0.0004977,4.0
827642.0,0.0004977,1.0
827659.0,0.0004977,5.0
827667.0,0.0004977,1.0
827694.0,0.0004977,5.0
827699.0,0.0004977,5.0
827701.0,0.0004977,3.0
827706.0,0.0004977,5.0
827710.0,0.0004977,2.0
827711.0,0.0004977,4.0
827714.0,0.0004977,2.0
827721.0,0.0004977,2.0
827728.0,0.0004977,2.0
827752.0,0.0004977,2.0
827761.0,0.0004977,4.0
827765.0,0.0004977,4.0
827773.0,0.0004977,3.0
827778.0,0.0004977,1.0
827817.0,0.0004977,4.0
827819.0,0.0004977,4.0
827820.0,0.0004977,2.0
827829.0,0.0004977,2.0
827834.0,0.0004977,3.0
827840.0,0.0004977,2.0
827847.0,0.0004977,5.0
827852.0,0.0004977,1.0
827859.0,0.0004977,5.0
827877.0,0.0004977,4.0
827879.0,0.0004977,1.0
827892.0,0.0004977,2.0
827903.0,0.0004977,2.0
827917.0,0.0004977,1.0
827927.0,0.0004977,1.0
827941.0,0.0004977,2.0
827943.0,0.0004977,4.0
827944.0,0.0004977,1.0
827948.0,0.0004977,2.0
827957.0,0.0004977,4.0
827966.0,0.0004977,3.0
827990.0,0.0004977,4.0
827991.0,0.0004977,2.0
828025.0,0.0004977,2.0
828026.0,0.0004977,3.0
828031.0,0.0004977,3.0
828041.0,0.0004977,4.0
828055.0,0.0004977,3.0
828058.0,0.0004977,2.0
828062.0,0.0004977,4.0
828080.0,0.0004977,1.0
828086.0,0.0004977,3.0
828088.0,0.0004977,2.0
828105.0,0.0004977,3.0
828113.0,0.0004977,4.0
828117.0,0.0004977,3.0
828144.0,0.0004977,2.0
828146.0,0.0004977,6.0
828163.0,0.0004977,1.0
828171.0,0.0004977,4.0
828188.0,0.0004977,3.0
828189.0,0.0004977,4.0
828196.0,0.0004977,1.0
828205.0,0.0004977,3.0
828207.0,0.0004977,5.0
828223.0,0.0004977,2.0
828230.0,0.0004977,4.0
828233.0,0.0004977,4.0
828234.0,0.0004977,1.0
828245.0,0.0004977,2.0
828247.0,0.0004977,3.0
828254.0,0.0004977,2.0
828259.0,0.0004977,1.0
828264.0,0.0004977,1.0
828276.0,0.0004977,3.0
828304.0,0.0004977,1.0
828305.0,0.0004977,4.0
828307.0,0.0004977,5.0
828352.0,0.0004977,4.0
828356.0,0.0004977,6.0
828359.0,0.0004977,1.0
828366.0,0.0004977,1.0
828388.0,0.0004977,4.0
828430.0,0.0004977,1.0
828436.0,0.0004977,1.0
828453.0,0.0004977,4.0
828462.0,0.0004977,2.0
828469.0,0.0004977,5.0
828473.0,0.0004977,4.0
828475.0,0.0004977,2.0
828493.0,0.0004977,1.0
828499.0,0.0004977,5.0
828513.0,0.0004977,1.0
828535.0,0.0004977,1.0
828540.0,0.0004977,1.0
828546.0,0.0004977,1.0
828565.0,0.0004977,3.0
828570.0,0.0004977,1.0
828621.0,0.0004977,2.0
828623.0,0.0004977,2.0
828636.0,0.0004977,1.0
828678.0,0.0004977,3.0
828691.0,0.0004977,3.0
828703.0,0.0004977,1.0
828718.0,0.0004977,4.0
828725.0,0.0004977,4.0
828732.0,0.0004977,1.0
828734.0,0.0004977,2.0
828752.0,0.0004977,5.0
828769.0,0.0004977,4.0
828777.0,0.0004977,1.0
828783.0,0.0004977,5.0
828788.0,0.0004977,1.0
828794.0,0.0004977,2.0
828795.0,0.0004977,3.0
828796.0,0.0004977,5.0
828805.0,0.0004977,1.0
828814.0,0.0004977,7.0
828820.0,0.0004977,3.0
828825.0,0.0004977,1.0
828835.0,0.0004977,1.0
828841.0,0.0004977,4.0
828857.0,0.0004977,3.0
828869.0,0.0004977,2.0
828872.0,0.0004977,1.0
828879.0,0.0004977,1.0
828885.0,0.0004977,3.0
828897.0,0.0004977,5.0
828898.0,0.0004977,2.0
828930.0,0.0004977,6.0
828936.0,0.0004977,5.0
828957.0,0.0004977,1.0
828964.0,0.0004977,1.0
828972.0,0.0004977,3.0
828986.0,0.0004977,3.0
828993.0,0.0004977,1.0
829009.0,0.0004977,2.0
829014.0,0.0004977,1.0
829015.0,0.0004977,5.0
829017.0,0.0004977,2.0
829020.0,0.0004977,1.0
829026.0,0.0004977,1.0
829029.0,0.0004977,2.0
829043.0,0.0004977,2.0
829050.0,0.0004977,3.0
829054.0,0.0004977,1.0
829059.0,0.0004977,2.0
829068.0,0.0004977,1.0
829082.0,0.0004977,2.0
829085.0,0.0004977,5.0
829096.0,0.0004977,7.0
829120.0,0.0004977,1.0
829130.0,0.0004977,2.0
829133.0,0.0004977,2.0
829151.0,0.0004977,5.0
829169.0,0.0004977,2.0
829185.0,0.0004977,1.0
829189.0,0.0004977,2.0
829190.0,0.0004977,2.0
829206.0,0.0004977,2.0
829215.0,0.0004977,1.0
829218.0,0.0004977,2.0
829220.0,0.0004977,2.0
829233.0,0.0004977,2.0
829241.0,0.0004977,1.0
829270.0,0.0004977,5.0
829295.0,0.0004977,5.0
829298.0,0.0004977,2.0
829318.0,0.0004977,2.0
829320.0,0.0004977,6.0
829321.0,0.0004977,2.0
829338.0,0.0004977,2.0
829341.0,0.0004977,1.0
829353.0,0.0004977,1.0
829358.0,0.0004977,1.0
829363.0,0.0004977,3.0
829371.0,0.0004977,1.0
829381.0,0.0004977,4.0
829385.0,0.0004977,1.0
829387.0,0.0004977,1.0
829408.0,0.0004977,2.0
829434.0,0.0004977,3.0
829440.0,0.0004977,4.0
829447.0,0.0004977,5.0
829477.0,0.0004977,2.0
829494.0,0.0004977,1.0
829510.0,0.0004977,2.0
829515.0,0.0004977,2.0
829527.0,0.0004977,1.0
829549.0,0.0004977,4.0
829556.0,0.0004977,1.0
829566.0,0.0004977,1.0
829586.0,0.0004977,1.0
829591.0,0.0004977,1.0
829622.0,0.0004977,3.0
829626.0,0.0004977,5.0
829628.0,0.0004977,2.0
829642.0,0.0004977,3.0
829658.0,0.0004977,5.0
829661.0,0.0004977,1.0
829681.0,0.0004977,4.0
829682.0,0.0004977,2.0
829684.0,0.0004977,5.0
829693.0,0.0004977,5.0
829723.0,0.0004977,1.0
829727.0,0.0004977,1.0
829747.0,0.0004977,3.0
829754.0,0.0004977,2.0
829775.0,0.0004977,1.0
829806.0,0.0004977,2.0
829826.0,0.0004977,1.0
829828.0,0.0004977,2.0
829829.0,0.0004977,3.0
829841.0,0.0004977,4.0
829857.0,0.0004977,2.0
829858.0,0.0004977,1.0
829891.0,0.0004977,5.0
829917.0,0.0004977,3.0
829919.0,0.0004977,3.0
829929.0,0.0004977,5.0
829937.0,0.0004977,2.0
829944.0,0.0004977,3.0
829961.0,0.0004977,1.0
829981.0,0.0004977,5.0
830005.0,0.0005337,2.0
830024.0,0.0005337,2.0
830032.0,0.0005337,2.0
830036.0,0.0005337,4.0
830040.0,0.0005337,2.0
830053.0,0.0005337,1.0
830062.0,0.0005337,1.0
830063.0,0.0005337,2.0
830064.0,0.0005337,2.0
830070.0,0.0005337,2.0
830080.0,0.0005337,2.0
830081.0,0.0005337,2.0
830085.0,0.0005337,2.0
830104.0,0.0005337,1.0
830106.0,0.0005337,2.0
830107.0,0.0005337,2.0
830109.0,0.0005337,1.0
830113.0,0.0005337,1.0
830120.0,0.0005337,1.0
830123.0,0.0005337,3.0
830128.0,0.0005337,1.0
830130.0,0.0005337,1.0
830136.0,0.0005337,2.0
830199.0,0.0005337,2.0
830209.0,0.0005337,1.0
830210.0,0.0005337,2.0
830235.0,0.0005337,4.0
830238.0,0.0005337,3.0
830243.0,0.0005337,1.0
830244.0,0.0005337,2.0
830250.0,0.0005337,3.0
830254.0,0.0005337,1.0
830258.0,0.0005337,1.0
830268.0,0.0005337,2.0
830277.0,0.0005337,1.0
830278.0,0.0005337,1.0
830308.0,0.0005337,1.0
830316.0,0.0005337,2.0
830327.0,0.0005337,2.0
830328.0,0.0005337,2.0
830344.0,0.0005337,1.0
830349.0,0.0005337,1.0
830353.0,0.0005337,1.0
830366.0,0.0005337,1.0
830367.0,0.0005337,1.0
830373.0,0.0005337,1.0
830381.0,0.0005337,2.0
830389.0,0.0005337,3.0
830400.0,0.0005337,1.0
830425.0,0.0005337,2.0
830438.0,0.0005337,1.0
830439.0,0.0005337,1.0
830441.0,0.0005337,1.0
830452.0,0.0005337,1.0
830453.0,0.0005337,1.0
830474.0,0.0005337,4.0
830508.0,0.0005337,2.0
830515.0,0.0005337,2.0
830516.0,0.0005337,1.0
830531.0,0.0005337,1.0
830543.0,0.0005337,2.0
830551.0,0.0005337,1.0
830554.0,0.0005337,4.0
830580.0,0.0005337,1.0
830583.0,0.0005337,1.0
830585.0,0.0005337,2.0
830592.0,0.0005337,3.0
830620.0,0.0005337,3.0
830628.0,0.0005337,2.0
830653.0,0.0005337,2.0
830665.0,0.0005337,3.0
830673.0,0.0005337,2.0
830677.0,0.0005337,1.0
830681.0,0.0005337,2.0
830702.0,0.0005337,1.0
830705.0,0.0005337,1.0
830718.0,0.0005337,1.0
830725.0,0.0005337,2.0
830727.0,0.0005337,1.0
830737.0,0.0005337,3.0
830741.0,0.0005337,1.0
830754.0,0.0005337,2.0
830756.0,0.0005337,2.0
830783.0,0.0005337,2.0
830788.0,0.0005337,4.0
830796.0,0.0005337,1.0
830836.0,0.0005337,2.0
830837.0,0.0005337,3.0
830841.0,0.0005337,3.0
830846.0,0.0005337,3.0
830849.0,0.0005337,2.0
830853.0,0.0005337,1.0
830866.0,0.0005337,1.0
830870.0,0.0005337,4.0
830876.0,0.0005337,2.0
830884.0,0.0005337,2.0
830885.0,0.0005337,1.0
830889.0,0.0005337,2.0
830904.0,0.0005337,2.0
830906.0,0.0005337,1.0
830913.0,0.0005337,2.0
830914.0,0.0005337,3.0
830918.0,0.0005337,1.0
830919.0,0.0005337,1.0
830973.0,0.0005337,2.0
830982.0,0.0005337,3.0
830997.0,0.0005337,1.0
830999.0,0.0005337,1.0
831000.0,0.0005337,2.0
831031.0,0.0005337,1.0
831046.0,0.0005337,2.0
831048.0,0.0005337,2.0
831063.0,0.0005337,1.0
831067.0,0.0005337,1.0
831078.0,0.0005337,4.0
831099.0,0.0005337,1.0
831103.0,0.0005337,2.0
831106.0,0.0005337,1.0
831108.0,0.0005337,2.0
831109.0,0.0005337,1.0
831118.0,0.0005337,3.0
831122.0,0.0005337,2.0
831124.0,0.0005337,1.0
831145.0,0.0005337,1.0
831147.0,0.0005337,3.0
831151.0,0.0005337,2.0
831156.0,0.0005337,2.0
831179.0,0.0005337,2.0
831186.0,0.0005337,1.0
831202.0,0.0005337,3.0
831206.0,0.0005337,1.0
831212.0,0.0005337,2.0
831216.0,0.0005337,2.0
831234.0,0.0005337,1.0
831238.0,0.0005337,3.0
831247.0,0.0005337,1.0
831266.0,0.0005337,4.0
831282.0,0.0005337,2.0
831288.0,0.0005337,2.0
831316.0,0.0005337,3.0
831317.0,0.0005337,1.0
831320.0,0.0005337,1.0
831325.0,0.0005337,1.0
831341.0,0.0005337,2.0
831370.0,0.0005337,1.0
831387.0,0.0005337,1.0
831396.0,0.0005337,3.0
831416.0,0.0005337,2.0
831432.0,0.0005337,2.0
831436.0,0.0005337,2.0
831439.0,0.0005337,1.0
831448.0,0.0005337,2.0
831453.0,0.0005337,1.0
831458.0,0.0005337,2.0
831460.0,0.0005337,1.0
831467.0,0.0005337,1.0
831479.0,0.0005337,2.0
831486.0,0.0005337,2.0
831494.0,0.0005337,2.0
831512.0,0.0005337,2.0
831526.0,0.0005337,1.0
831534.0,0.0005337,1.0
831535.0,0.0005337,2.0
831537.0,0.0005337,2.0
831558.0,0.0005337,1.0
831563.0,0.0005337,1.0
831566.0,0.0005337,1.0
831568.0,0.0005337,1.0
831572.0,0.0005337,2.0
831576.0,0.0005337,3.0
831577.0,0.0005337,1.0
831580.0,0.0005337,2.0
831581.0,0.0005337,1.0
831585.0,0.0005337,2.0
831589.0,0.0005337,1.0
831600.0,0.0005337,4.0
831603.0,0.0005337,4.0
831609.0,0.0005337,1.0
831623.0,0.0005337,1.0
831629.0,0.0005337,2.0
831631.0,0.0005337,1.0
831645.0,0.0005337,2.0
831684.0,0.0005337,1.0
831687.0,0.0005337,2.0
831695.0,0.0005337,2.0
831713.0,0.0005337,1.0
831715.0,0.0005337,1.0
831720.0,0.0005337,1.0
831721.0,0.0005337,1.0
831730.0,0.0005337,1.0
831741.0,0.0005337,2.0
831756.0,0.0005337,2.0
831759.0,0.0005337,1.0
831777.0,0.0005337,3.0
831781.0,0.0005337,1.0
831788.0,0.0005337,1.0
831790.0,0.0005337,2.0
831811.0,0.0005337,1.0
831824.0,0.0005337,2.0
831826.0,0.0005337,3.0
831837.0,0.0005337,1.0
831905.0,0.0005337,1.0
831906.0,0.0005337,2.0
831907.0,0.0005337,1.0
831920.0,0.0005337,1.0
831921.0,0.0005337,3.0
831938.0,0.0005337,3.0
831957.0,0.0005337,1.0
831964.0,0.0005337,3.0
831972.0,0.0005337,1.0
831976.0,0.0005337,1.0
831982.0,0.0005337,2.0
831986.0,0.0005337,1.0
832015.0,0.0005337,1.0
832026.0,0.0005337,3.0
832029.0,0.0005337,2.0
832042.0,0.0005337,1.0
832043.0,0.0005337,3.0
832047.0,0.0005337,3.0
832062.0,0.0005337,2.0
832075.0,0.0005337,2.0
832078.0,0.0005337,2.0
832087.0,0.0005337,5.0
832089.0,0.0005337,1.0
832094.0,0.0005337,2.0
832150.0,0.0005337,1.0
832156.0,0.0005337,2.0
832173.0,0.0005337,2.0
832182.0,0.0005337,1.0
832188.0,0.0005337,1.0
832192.0,0.0005337,2.0
832195.0,0.0005337,1.0
832202.0,0.0005337,1.0
832206.0,0.0005337,1.0
832210.0,0.0005337,2.0
832216.0,0.0005337,2.0
832239.0,0.0005337,2.0
832264.0,0.0005337,1.0
832269.0,0.0005337,1.0
832271.0,0.0005337,3.0
832273.0,0.0005337,1.0
832303.0,0.0005337,2.0
832311.0,0.0005337,1.0
832318.0,0.0005337,2.0
832324.0,0.0005337,1.0
832327.0,0.0005337,1.0
832331.0,0.0005337,2.0
832339.0,0.0005337,2.0
832340.0,0.0005337,2.0
832354.0,0.0005337,2.0
832355.0,0.0005337,1.0
832358.0,0.0005337,1.0
832364.0,0.0005337,1.0
832368.0,0.0005337,3.0
832372.0,0.0005337,2.0
832376.0,0.0005337,2.0
832389.0,0.0005337,1.0
832397.0,0.0005337,2.0
832400.0,0.0005337,1.0
832401.0,0.0005337,2.0
832403.0,0.0005337,2.0
832404.0,0.0005337,2.0
832409.0,0.0005337,2.0
832413.0,0.0005337,1.0
832414.0,0.0005337,2.0
832424.0,0.0005337,3.0
832427.0,0.0005337,1.0
832434.0,0.0005337,2.0
832438.0,0.0005337,2.0
832453.0,0.0005337,1.0
832461.0,0.0005337,2.0
832483.0,0.0005337,2.0
832503.0,0.0005337,2.0
832511.0,0.0005337,1.0
832557.0,0.0005337,2.0
832561.0,0.0005337,1.0
832568.0,0.0005337,4.0
832571.0,0.0005337,2.0
832624.0,0.0005337,2.0
832627.0,0.0005337,1.0
832633.0,0.0005337,3.0
832634.0,0.0005337,3.0
832646.0,0.0005337,2.0
832650.0,0.0005337,1.0
832700.0,0.0005337,1.0
832711.0,0.0005337,1.0
832716.0,0.0005337,2.0
832725.0,0.0005337,2.0
832726.0,0.0005337,2.0
832736.0,0.0005337,4.0
832738.0,0.0005337,2.0
832753.0,0.0005337,2.0
832760.0,0.0005337,3.0
832761.0,0.0005337,1.0
832764.0,0.0005337,3.0
832772.0,0.0005337,1.0
832775.0,0.0005337,2.0
832777.0,0.0005337,4.0
832807.0,0.0005337,1.0
832812.0,0.0005337,2.0
832816.0,0.0005337,1.0
832818.0,0.0005337,2.0
832820.0,0.0005337,2.0
832825.0,0.0005337,2.0
832826.0,0.0005337,1.0
832829.0,0.0005337,2.0
832830.0,0.0005337,2.0
832837.0,0.0005337,1.0
832871.0,0.0005337,4.0
832872.0,0.0005337,2.0
832874.0,0.0005337,1.0
832878.0,0.0005337,1.0
832879.0,0.0005337,1.0
832887.0,0.0005337,2.0
832889.0,0.0005337,1.0
832892.0,0.0005337,3.0
832894.0,0.0005337,2.0
832901.0,0.0005337,1.0
832914.0,0.0005337,1.0
832915.0,0.0005337,2.0
832949.0,0.0005337,4.0
832975.0,0.0005337,1.0
832978.0,0.0005337,2.0
832989.0,0.0005337,1.0
833005.0,0.0005337,2.0
833019.0,0.0005337,1.0
833027.0,0.0005337,2.0
833038.0,0.0005337,1.0
833048.0,0.0005337,4.0
833063.0,0.0005337,2.0
833081.0,0.0005337,1.0
833085.0,0.0005337,1.0
833088.0,0.0005337,2.0
833091.0,0.0005337,1.0
833093.0,0.0005337,2.0
833106.0,0.0005337,1.0
833108.0,0.0005337,2.0
833110.0,0.0005337,2.0
833120.0,0.0005337,2.0
833121.0,0.0005337,1.0
833142.0,0.0005337,3.0
833145.0,0.0005337,2.0
833147.0,0.0005337,2.0
833162.0,0.0005337,3.0
833170.0,0.0005337,2.0
833197.0,0.0005337,2.0
833198.0,0.0005337,1.0
833203.0,0.0005337,2.0
833205.0,0.0005337,3.0
833213.0,0.0005337,3.0
833218.0,0.0005337,2.0
833220.0,0.0005337,1.0
833246.0,0.0005337,3.0
833251.0,0.0005337,3.0
833252.0,0.0005337,3.0
833254.0,0.0005337,2.0
833271.0,0.0005337,3.0
833290.0,0.0005337,2.0
833300.0,0.0005337,3.0
833302.0,0.0005337,2.0
833310.0,0.0005337,2.0
833329.0,0.0005337,1.0
833340.0,0.0005337,2.0
833341.0,0.0005337,4.0
833363.0,0.0005337,2.0
833376.0,0.0005337,2.0
833381.0,0.0005337,1.0
833388.0,0.0005337,1.0
833392.0,0.0005337,2.0
833411.0,0.0005337,2.0
833414.0,0.0005337,3.0
833454.0,0.0005337,3.0
833457.0,0.0005337,2.0
833471.0,0.0005337,1.0
833473.0,0.0005337,1.0
833492.0,0.0005337,3.0
833493.0,0.0005337,3.0
833495.0,0.0005337,2.0
833502.0,0.0005337,1.0
833508.0,0.0005337,1.0
833512.0,0.0005337,3.0
833514.0,0.0005337,2.0
833517.0,0.0005337,2.0
833518.0,0.0005337,1.0
833523.0,0.0005337,1.0
833529.0,0.0005337,2.0
833530.0,0.0005337,3.0
833544.0,0.0005337,2.0
833550.0,0.0005337,2.0
833552.0,0.0005337,2.0
833554.0,0.0005337,1.0
833566.0,0.0005337,2.0
833568.0,0.0005337,2.0
833588.0,0.0005337,1.0
833619.0,0.0005337,2.0
833628.0,0.0005337,1.0
833631.0,0.0005337,1.0
833644.0,0.0005337,1.0
833649.0,0.0005337,2.0
833653.0,0.0005337,2.0
833655.0,0.0005337,2.0
833660.0,0.0005337,2.0
833672.0,0.0005337,1.0
833681.0,0.0005337,1.0
833682.0,0.0005337,2.0
833686.0,0.0005337,2.0
833692.0,0.0005337,1.0
833696.0,0.0005337,1.0
833697.0,0.0005337,1.0
833711.0,0.0005337,1.0
833717.0,0.0005337,1.0
833721.0,0.0005337,1.0
833724.0,0.0005337,1.0
833736.0,0.0005337,1.0
833741.0,0.0005337,1.0
833775.0,0.0005337,1.0
833782.0,0.0005337,1.0
833793.0,0.0005337,1.0
833800.0,0.0005337,1.0
833804.0,0.0005337,1.0
833809.0,0.0005337,2.0
833813.0,0.0005337,2.0
833818.0,0.0005337,1.0
833847.0,0.0005337,2.0
833851.0,0.0005337,1.0
833857.0,0.0005337,2.0
833886.0,0.0005337,2.0
833889.0,0.0005337,2.0
833936.0,0.0005337,2.0
833937.0,0.0005337,1.0
833941.0,0.0005337,1.0
833962.0,0.0005337,1.0
833972.0,0.0005337,1.0
833973.0,0.0005337,1.0
833977.0,0.0005337,2.0
833984.0,0.0005337,2.0
833985.0,0.0005337,2.0
833987.0,0.0005337,1.0
833996.0,0.0005337,1.0
834001.0,0.0005337,2.0
834004.0,0.0005337,2.0
834006.0,0.0005337,1.0
834015.0,0.0005337,1.0
834023.0,0.0005337,2.0
834025.0,0.0005337,2.0
834028.0,0.0005337,3.0
834029.0,0.0005337,1.0
834043.0,0.0005337,1.0
834045.0,0.0005337,2.0
834046.0,0.0005337,1.0
834050.0,0.0005337,1.0
834054.0,0.0005337,1.0
834085.0,0.0005337,1.0
834090.0,0.0005337,1.0
834103.0,0.0005337,4.0
834107.0,0.0005337,2.0
834126.0,0.0005337,1.0
834130.0,0.0005337,2.0
834135.0,0.0005337,1.0
834138.0,0.0005337,2.0
834165.0,0.0005337,3.0
834171.0,0.0005337,4.0
834173.0,0.0005337,1.0
834179.0,0.0005337,1.0
834184.0,0.0005337,4.0
834192.0,0.0005337,2.0
834203.0,0.0005337,1.0
834211.0,0.0005337,1.0
834232.0,0.0005337,2.0
834233.0,0.0005337,1.0
834237.0,0.0005337,2.0
834251.0,0.0005337,3.0
834253.0,0.0005337,2.0
834255.0,0.0005337,2.0
834257.0,0.0005337,1.0
834258.0,0.0005337,1.0
834262.0,0.0005337,2.0
834264.0,0.0005337,3.0
834274.0,0.0005337,2.0
834281.0,0.0005337,2.0
834285.0,0.0005337,3.0
834306.0,0.0005337,1.0
834308.0,0.0005337,3.0
834313.0,0.0005337,1.0
834318.0,0.0005337,1.0
834327.0,0.0005337,1.0
834337.0,0.0005337,2.0
834343.0,0.0005337,2.0
834344.0,0.0005337,2.0
834345.0,0.0005337,2.0
834348.0,0.0005337,1.0
834352.0,0.0005337,1.0
834362.0,0.0005337,1.0
834364.0,0.0005337,1.0
834376.0,0.0005337,1.0
834390.0,0.0005337,1.0
834407.0,0.0005337,2.0
834408.0,0.0005337,2.0
834421.0,0.0005337,2.0
834423.0,0.0005337,1.0
834424.0,0.0005337,2.0
834426.0,0.0005337,2.0
834430.0,0.0005337,2.0
834431.0,0.0005337,4.0
834433.0,0.0005337,2.0
834437.0,0.0005337,1.0
834446.0,0.0005337,1.0
834450.0,0.0005337,1.0
834455.0,0.0005337,2.0
834461.0,0.0005337,1.0
834468.0,0.0005337,1.0
834476.0,0.0005337,2.0
834480.0,0.0005337,2.0
834508.0,0.0005337,2.0
834509.0,0.0005337,2.0
834518.0,0.0005337,3.0
834521.0,0.0005337,2.0
834528.0,0.0005337,1.0
834531.0,0.0005337,1.0
834543.0,0.0005337,2.0
834546.0,0.0005337,1.0
834549.0,0.0005337,2.0
834568.0,0.0005337,1.0
834570.0,0.0005337,1.0
834572.0,0.0005337,2.0
834579.0,0.0005337,2.0
834590.0,0.0005337,1.0
834603.0,0.0005337,2.0
834614.0,0.0005337,2.0
834615.0,0.0005337,2.0
834640.0,0.0005337,3.0
834642.0,0.0005337,1.0
834654.0,0.0005337,2.0
834661.0,0.0005337,1.0
834662.0,0.0005337,1.0
834671.0,0.0005337,1.0
834691.0,0.0005337,3.0
834694.0,0.0005337,1.0
834701.0,0.0005337,1.0
834702.0,0.0005337,1.0
834737.0,0.0005337,3.0
834739.0,0.0005337,1.0
834758.0,0.0005337,2.0
834780.0,0.0005337,2.0
834784.0,0.0005337,1.0
834802.0,0.0005337,1.0
834823.0,0.0005337,2.0
834834.0,0.0005337,1.0
834839.0,0.0005337,2.0
834841.0,0.0005337,2.0
834866.0,0.0005337,3.0
834890.0,0.0005337,4.0
834904.0,0.0005337,1.0
834909.0,0.0005337,2.0
834917.0,0.0005337,3.0
834928.0,0.0005337,2.0
834929.0,0.0005337,2.0
834936.0,0.0005337,2.0
834966.0,0.0005337,3.0
834975.0,0.0005337,1.0
834977.0,0.0005337,2.0
834983.0,0.0005337,1.0
834990.0,0.0005337,3.0
835005.0,0.0005337,4.0
835022.0,0.0005337,2.0
835050.0,0.0005337,1.0
835051.0,0.0005337,3.0
835053.0,0.0005337,1.0
835059.0,0.0005337,1.0
835060.0,0.0005337,2.0
835068.0,0.0005337,2.0
835069.0,0.0005337,2.0
835074.0,0.0005337,2.0
835105.0,0.0005337,2.0
835114.0,0.0005337,1.0
835135.0,0.0005337,1.0
835146.0,0.0005337,2.0
835159.0,0.0005337,2.0
835160.0,0.0005337,2.0
835167.0,0.0005337,1.0
835191.0,0.0005337,3.0
835200.0,0.0005337,2.0
835204.0,0.0005337,4.0
835223.0,0.0005337,1.0
835234.0,0.0005337,1.0
835235.0,0.0005337,2.0
835239.0,0.0005337,1.0
835247.0,0.0005337,1.0
835253.0,0.0005337,1.0
835278.0,0.0005337,2.0
835287.0,0.0005337,1.0
835291.0,0.0005337,1.0
835306.0,0.0005337,2.0
835314.0,0.0005337,2.0
835318.0,0.0005337,2.0
835328.0,0.0005337,2.0
835341.0,0.0005337,1.0
835344.0,0.0005337,2.0
835349.0,0.0005337,1.0
835353.0,0.0005337,2.0
835357.0,0.0005337,4.0
835379.0,0.0005337,1.0
835380.0,0.0005337,1.0
835383.0,0.0005337,1.0
835390.0,0.0005337,3.0
835393.0,0.0005337,1.0
835401.0,0.0005337,3.0
835407.0,0.0005337,1.0
835410.0,0.0005337,1.0
835419.0,0.0005337,2.0
835429.0,0.0005337,2.0
835437.0,0.0005337,3.0
835438.0,0.0005337,1.0
835446.0,0.0005337,2.0
835451.0,0.0005337,2.0
835453.0,0.0005337,1.0
835465.0,0.0005337,3.0
835474.0,0.0005337,3.0
835482.0,0.0005337,2.0
835488.0,0.0005337,2.0
835503.0,0.0005337,1.0
835521.0,0.0005337,2.0
835534.0,0.0005337,1.0
835542.0,0.0005337,2.0
835543.0,0.0005337,3.0
835548.0,0.0005337,3.0
835549.0,0.0005337,3.0
835555.0,0.0005337,4.0
835558.0,0.0005337,1.0
835564.0,0.0005337,1.0
835573.0,0.0005337,1.0
835574.0,0.0005337,2.0
835587.0,0.0005337,1.0
835593.0,0.0005337,1.0
835596.0,0.0005337,1.0
835608.0,0.0005337,2.0
835610.0,0.0005337,4.0
835615.0,0.0005337,2.0
835621.0,0.0005337,2.0
835626.0,0.0005337,1.0
835636.0,0.0005337,2.0
835639.0,0.0005337,1.0
835660.0,0.0005337,4.0
835666.0,0.0005337,1.0
835686.0,0.0005337,1.0
835698.0,0.0005337,2.0
835709.0,0.0005337,1.0
835711.0,0.0005337,1.0
835728.0,0.0005337,1.0
835733.0,0.0005337,1.0
835747.0,0.0005337,2.0
835749.0,0.0005337,3.0
835756.0,0.0005337,2.0
835773.0,0.0005337,2.0
835798.0,0.0005337,1.0
835803.0,0.0005337,3.0
835805.0,0.0005337,1.0
835814.0,0.0005337,2.0
835815.0,0.0005337,2.0
835818.0,0.0005337,2.0
835848.0,0.0005337,1.0
835856.0,0.0005337,2.0
835866.0,0.0005337,2.0
835867.0,0.0005337,1.0
835870.0,0.0005337,1.0
835871.0,0.0005337,1.0
835874.0,0.0005337,1.0
835886.0,0.0005337,1.0
835893.0,0.0005337,1.0
835895.0,0.0005337,3.0
835932.0,0.0005337,1.0
835936.0,0.0005337,2.0
835945.0,0.0005337,3.0
835950.0,0.0005337,3.0
835965.0,0.0005337,2.0
835973.0,0.0005337,1.0
835974.0,0.0005337,1.0
835989.0,0.0005337,2.0
835999.0,0.0005337,1.0
836009.0,0.0005337,2.0
836012.0,0.0005337,1.0
836013.0,0.0005337,2.0
836030.0,0.0005337,1.0
836046.0,0.0005337,4.0
836057.0,0.0005337,2.0
836059.0,0.0005337,2.0
836062.0,0.0005337,2.0
836076.0,0.0005337,1.0
836095.0,0.0005337,3.0
836101.0,0.0005337,2.0
836125.0,0.0005337,2.0
836131.0,0.0005337,2.0
836132.0,0.0005337,1.0
836138.0,0.0005337,1.0
836166.0,0.0005337,2.0
836172.0,0.0005337,2.0
836175.0,0.0005337,1.0
836177.0,0.0005337,1.0
836179.0,0.0005337,1.0
836180.0,0.0005337,3.0
836205.0,0.0005337,2.0
836224.0,0.0005337,2.0
836227.0,0.0005337,3.0
836248.0,0.0005337,2.0
836249.0,0.0005337,1.0
836266.0,0.0005337,1.0
836270.0,0.0005337,2.0
836276.0,0.0005337,4.0
836295.0,0.0005337,1.0
836322.0,0.0005337,1.0
836326.0,0.0005337,2.0
836334.0,0.0005337,2.0
836335.0,0.0005337,1.0
836337.0,0.0005337,4.0
836344.0,0.0005337,3.0
836353.0,0.0005337,1.0
836373.0,0.0005337,1.0
836388.0,0.0005337,2.0
836392.0,0.0005337,2.0
836407.0,0.0005337,1.0
836410.0,0.0005337,3.0
836432.0,0.0005337,2.0
836436.0,0.0005337,3.0
836437.0,0.0005337,1.0
836446.0,0.0005337,2.0
836450.0,0.0005337,2.0
836465.0,0.0005337,2.0
836477.0,0.0005337,1.0
836483.0,0.0005337,2.0
836506.0,0.0005337,2.0
836516.0,0.0005337,1.0
836517.0,0.0005337,2.0
836520.0,0.0005337,2.0
836525.0,0.0005337,2.0
836536.0,0.0005337,2.0
836540.0,0.0005337,2.0
836546.0,0.0005337,1.0
836551.0,0.0005337,1.0
836556.0,0.0005337,2.0
836587.0,0.0005337,1.0
836590.0,0.0005337,2.0
836592.0,0.0005337,2.0
836602.0,0.0005337,2.0
836604.0,0.0005337,2.0
836613.0,0.0005337,1.0
836634.0,0.0005337,2.0
836654.0,0.0005337,1.0
836660.0,0.0005337,1.0
836689.0,0.0005337,1.0
836693.0,0.0005337,1.0
836713.0,0.0005337,1.0
836714.0,0.0005337,2.0
836721.0,0.0005337,1.0
836747.0,0.0005337,1.0
836748.0,0.0005337,2.0
836761.0,0.0005337,2.0
836767.0,0.0005337,2.0
836790.0,0.0005337,3.0
836794.0,0.0005337,1.0
836813.0,0.0005337,2.0
836820.0,0.0005337,2.0
836840.0,0.0005337,2.0
836859.0,0.0005337,3.0
836860.0,0.0005337,2.0
836875.0,0.0005337,1.0
836876.0,0.0005337,1.0
836911.0,0.0005337,1.0
836913.0,0.0005337,2.0
836926.0,0.0005337,1.0
836935.0,0.0005337,2.0
836953.0,0.0005337,2.0
836962.0,0.0005337,1.0
836969.0,0.0005337,3.0
836973.0,0.0005337,2.0
836974.0,0.0005337,2.0
836986.0,0.0005337,2.0
836987.0,0.0005337,1.0
836994.0,0.0005337,1.0
837014.0,0.0005337,1.0
837050.0,0.0005337,2.0
837083.0,0.0005337,1.0
837089.0,0.0005337,2.0
837110.0,0.0005337,1.0
837111.0,0.0005337,1.0
837126.0,0.0005337,4.0
837138.0,0.0005337,1.0
837145.0,0.0005337,2.0
837150.0,0.0005337,2.0
837151.0,0.0005337,1.0
837158.0,0.0005337,1.0
837170.0,0.0005337,2.0
837177.0,0.0005337,3.0
837187.0,0.0005337,2.0
837189.0,0.0005337,2.0
837210.0,0.0005337,3.0
837214.0,0.0005337,1.0
837219.0,0.0005337,1.0
837221.0,0.0005337,1.0
837226.0,0.0005337,3.0
837253.0,0.0005337,1.0
837255.0,0.0005337,2.0
837257.0,0.0005337,1.0
837258.0,0.0005337,1.0
837264.0,0.0005337,2.0
837268.0,0.0005337,2.0
837273.0,0.0005337,3.0
837286.0,0.0005337,2.0
837298.0,0.0005337,1.0
837300.0,0.0005337,1.0
837308.0,0.0005337,3.0
837309.0,0.0005337,1.0
837324.0,0.0005337,2.0
837335.0,0.0005337,1.0
837336.0,0.0005337,1.0
837341.0,0.0005337,4.0
837348.0,0.0005337,2.0
837349.0,0.0005337,2.0
837356.0,0.0005337,2.0
837366.0,0.0005337,2.0
837369.0,0.0005337,5.0
837385.0,0.0005337,1.0
837390.0,0.0005337,1.0
837406.0,0.0005337,3.0
837415.0,0.0005337,2.0
837426.0,0.0005337,1.0
837434.0,0.0005337,3.0
837437.0,0.0005337,2.0
837461.0,0.0005337,1.0
837469.0,0.0005337,1.0
837471.0,0.0005337,4.0
837477.0,0.0005337,1.0
837479.0,0.0005337,1.0
837482.0,0.0005337,2.0
837487.0,0.0005337,2.0
837520.0,0.0005337,3.0
837525.0,0.0005337,3.0
837529.0,0.0005337,1.0
837535.0,0.0005337,2.0
837536.0,0.0005337,1.0
837538.0,0.0005337,1.0
837546.0,0.0005337,1.0
837558.0,0.0005337,2.0
837563.0,0.0005337,2.0
837565.0,0.0005337,2.0
837590.0,0.0005337,2.0
837612.0,0.0005337,3.0
837616.0,0.0005337,4.0
837620.0,0.0005337,2.0
837622.0,0.0005337,1.0
837623.0,0.0005337,1.0
837636.0,0.0005337,3.0
837659.0,0.0005337,3.0
837663.0,0.0005337,1.0
837667.0,0.0005337,1.0
837694.0,0.0005337,3.0
837695.0,0.0005337,1.0
837699.0,0.0005337,3.0
837701.0,0.0005337,1.0
837703.0,0.0005337,1.0
837706.0,0.0005337,2.0
837710.0,0.0005337,2.0
837711.0,0.0005337,1.0
837714.0,0.0005337,2.0
837721.0,0.0005337,2.0
837728.0,0.0005337,2.0
837734.0,0.0005337,1.0
837752.0,0.0005337,2.0
837761.0,0.0005337,2.0
837765.0,0.0005337,5.0
837773.0,0.0005337,2.0
837793.0,0.0005337,1.0
837803.0,0.0005337,1.0
837817.0,0.0005337,3.0
837819.0,0.0005337,2.0
837820.0,0.0005337,1.0
837829.0,0.0005337,2.0
837834.0,0.0005337,2.0
837839.0,0.0005337,1.0
837840.0,0.0005337,1.0
837847.0,0.0005337,6.0
837852.0,0.0005337,2.0
837859.0,0.0005337,2.0
837877.0,0.0005337,1.0
837881.0,0.0005337,2.0
837888.0,0.0005337,2.0
837892.0,0.0005337,1.0
837903.0,0.0005337,2.0
837907.0,0.0005337,1.0
837917.0,0.0005337,2.0
837927.0,0.0005337,1.0
837941.0,0.0005337,2.0
837943.0,0.0005337,2.0
837944.0,0.0005337,1.0
837948.0,0.0005337,2.0
837957.0,0.0005337,2.0
837966.0,0.0005337,2.0
837974.0,0.0005337,1.0
837990.0,0.0005337,2.0
837991.0,0.0005337,2.0
838005.0,0.0005337,1.0
838025.0,0.0005337,1.0
838026.0,0.0005337,2.0
838031.0,0.0005337,3.0
838041.0,0.0005337,2.0
838050.0,0.0005337,2.0
838052.0,0.0005337,1.0
838055.0,0.0005337,1.0
838058.0,0.0005337,1.0
838062.0,0.0005337,2.0
838080.0,0.0005337,2.0
838086.0,0.0005337,3.0
838088.0,0.0005337,2.0
838105.0,0.0005337,3.0
838113.0,0.0005337,2.0
838117.0,0.0005337,1.0
838123.0,0.0005337,2.0
838144.0,0.0005337,2.0
838146.0,0.0005337,4.0
838163.0,0.0005337,1.0
838171.0,0.0005337,3.0
838188.0,0.0005337,3.0
838189.0,0.0005337,2.0
838205.0,0.0005337,2.0
838207.0,0.0005337,3.0
838223.0,0.0005337,2.0
838228.0,0.0005337,2.0
838229.0,0.0005337,1.0
838230.0,0.0005337,2.0
838233.0,0.0005337,4.0
838245.0,0.0005337,2.0
838247.0,0.0005337,2.0
838254.0,0.0005337,1.0
838264.0,0.0005337,1.0
838265.0,0.0005337,1.0
838276.0,0.0005337,2.0
838277.0,0.0005337,1.0
838280.0,0.0005337,1.0
838305.0,0.0005337,3.0
838307.0,0.0005337,1.0
838333.0,0.0005337,2.0
838335.0,0.0005337,1.0
838338.0,0.0005337,1.0
838352.0,0.0005337,3.0
838356.0,0.0005337,4.0
838366.0,0.0005337,1.0
838388.0,0.0005337,2.0
838430.0,0.0005337,1.0
838436.0,0.0005337,1.0
838453.0,0.0005337,2.0
838461.0,0.0005337,1.0
838462.0,0.0005337,3.0
838467.0,0.0005337,1.0
838469.0,0.0005337,4.0
838473.0,0.0005337,3.0
838475.0,0.0005337,2.0
838493.0,0.0005337,2.0
838499.0,0.0005337,2.0
838540.0,0.0005337,1.0
838565.0,0.0005337,2.0
838610.0,0.0005337,1.0
838621.0,0.0005337,2.0
838623.0,0.0005337,2.0
838636.0,0.0005337,1.0
838666.0,0.0005337,1.0
838678.0,0.0005337,2.0
838686.0,0.0005337,2.0
838691.0,0.0005337,2.0
838718.0,0.0005337,3.0
838725.0,0.0005337,4.0
838732.0,0.0005337,2.0
838734.0,0.0005337,1.0
838742.0,0.0005337,2.0
838752.0,0.0005337,2.0
838758.0,0.0005337,1.0
838769.0,0.0005337,2.0
838783.0,0.0005337,3.0
838788.0,0.0005337,2.0
838794.0,0.0005337,1.0
838795.0,0.0005337,3.0
838796.0,0.0005337,4.0
838814.0,0.0005337,3.0
838820.0,0.0005337,2.0
838825.0,0.0005337,1.0
838829.0,0.0005337,2.0
838835.0,0.0005337,1.0
838841.0,0.0005337,3.0
838857.0,0.0005337,2.0
838869.0,0.0005337,3.0
838885.0,0.0005337,2.0
838897.0,0.0005337,2.0
838898.0,0.0005337,1.0
838910.0,0.0005337,1.0
838912.0,0.0005337,2.0
838921.0,0.0005337,2.0
838930.0,0.0005337,2.0
838936.0,0.0005337,1.0
838938.0,0.0005337,1.0
838957.0,0.0005337,1.0
838961.0,0.0005337,1.0
838964.0,0.0005337,1.0
838986.0,0.0005337,2.0
838993.0,0.0005337,2.0
838994.0,0.0005337,2.0
839009.0,0.0005337,3.0
839014.0,0.0005337,1.0
839015.0,0.0005337,3.0
839017.0,0.0005337,2.0
839021.0,0.0005337,1.0
839026.0,0.0005337,2.0
839029.0,0.0005337,2.0
839043.0,0.0005337,3.0
839050.0,0.0005337,2.0
839059.0,0.0005337,2.0
839082.0,0.0005337,1.0
839085.0,0.0005337,4.0
839096.0,0.0005337,3.0
839108.0,0.0005337,1.0
839120.0,0.0005337,1.0
839130.0,0.0005337,2.0
839133.0,0.0005337,2.0
839151.0,0.0005337,3.0
839169.0,0.0005337,2.0
839177.0,0.0005337,2.0
839185.0,0.0005337,2.0
839189.0,0.0005337,2.0
839190.0,0.0005337,2.0
839200.0,0.0005337,2.0
839206.0,0.0005337,2.0
839218.0,0.0005337,1.0
839220.0,0.0005337,1.0
839224.0,0.0005337,1.0
839233.0,0.0005337,2.0
839241.0,0.0005337,2.0
839267.0,0.0005337,1.0
839270.0,0.0005337,2.0
839295.0,0.0005337,3.0
839298.0,0.0005337,2.0
839308.0,0.0005337,1.0
839318.0,0.0005337,1.0
839320.0,0.0005337,4.0
839321.0,0.0005337,2.0
839336.0,0.0005337,1.0
839338.0,0.0005337,2.0
839341.0,0.0005337,1.0
839353.0,0.0005337,2.0
839358.0,0.0005337,1.0
839363.0,0.0005337,2.0
839371.0,0.0005337,2.0
839376.0,0.0005337,1.0
839381.0,0.0005337,4.0
839387.0,0.0005337,1.0
839406.0,0.0005337,2.0
839408.0,0.0005337,2.0
839423.0,0.0005337,1.0
839434.0,0.0005337,2.0
839440.0,0.0005337,3.0
839447.0,0.0005337,3.0
839477.0,0.0005337,2.0
839494.0,0.0005337,1.0
839510.0,0.0005337,3.0
839515.0,0.0005337,1.0
839516.0,0.0005337,1.0
839527.0,0.0005337,1.0
839538.0,0.0005337,1.0
839540.0,0.0005337,1.0
839542.0,0.0005337,1.0
839549.0,0.0005337,4.0
839553.0,0.0005337,1.0
839560.0,0.0005337,1.0
839562.0,0.0005337,1.0
839585.0,0.0005337,1.0
839591.0,0.0005337,2.0
839616.0,0.0005337,1.0
839622.0,0.0005337,1.0
839626.0,0.0005337,3.0
839628.0,0.0005337,1.0
839642.0,0.0005337,2.0
839658.0,0.0005337,2.0
839664.0,0.0005337,1.0
839678.0,0.0005337,1.0
839681.0,0.0005337,3.0
839682.0,0.0005337,2.0
839684.0,0.0005337,2.0
839693.0,0.0005337,1.0
839727.0,0.0005337,1.0
839730.0,0.0005337,2.0
839747.0,0.0005337,2.0
839753.0,0.0005337,1.0
839754.0,0.0005337,2.0
839775.0,0.0005337,1.0
839776.0,0.0005337,1.0
839806.0,0.0005337,2.0
839828.0,0.0005337,3.0
839829.0,0.0005337,1.0
839841.0,0.0005337,2.0
839857.0,0.0005337,3.0
839884.0,0.0005337,1.0
839891.0,0.0005337,3.0
839909.0,0.0005337,1.0
839917.0,0.0005337,2.0
839919.0,0.0005337,4.0
839924.0,0.0005337,1.0
839929.0,0.0005337,3.0
839937.0,0.0005337,2.0
839944.0,0.0005337,2.0
839970.0,0.0005337,1.0
839981.0,0.0005337,1.0
839999.0,0.0005337,1.0
830027.0,0.0005337,1.0
830126.0,0.0005337,1.0
830207.0,0.0005337,1.0
830291.0,0.0005337,2.0
830334.0,0.0005337,1.0
830346.0,0.0005337,1.0
830383.0,0.0005337,2.0
830388.0,0.0005337,2.0
830402.0,0.0005337,1.0
830461.0,0.0005337,2.0
830490.0,0.0005337,1.0
830505.0,0.0005337,1.0
830525.0,0.0005337,1.0
830634.0,0.0005337,1.0
830642.0,0.0005337,1.0
830680.0,0.0005337,1.0
830683.0,0.0005337,1.0
830687.0,0.0005337,1.0
830690.0,0.0005337,1.0
830730.0,0.0005337,1.0
830760.0,0.0005337,1.0
830800.0,0.0005337,1.0
830821.0,0.0005337,1.0
830896.0,0.0005337,1.0
830976.0,0.0005337,1.0
831008.0,0.0005337,2.0
831021.0,0.0005337,1.0
831023.0,0.0005337,1.0
831041.0,0.0005337,2.0
831158.0,0.0005337,1.0
831161.0,0.0005337,1.0
831170.0,0.0005337,1.0
831200.0,0.0005337,2.0
831203.0,0.0005337,1.0
831256.0,0.0005337,1.0
831285.0,0.0005337,1.0
831286.0,0.0005337,1.0
831289.0,0.0005337,1.0
831298.0,0.0005337,1.0
831308.0,0.0005337,1.0
831354.0,0.0005337,1.0
831390.0,0.0005337,1.0
831403.0,0.0005337,1.0
831406.0,0.0005337,1.0
831427.0,0.0005337,1.0
831454.0,0.0005337,1.0
831536.0,0.0005337,1.0
831546.0,0.0005337,1.0
831602.0,0.0005337,1.0
831666.0,0.0005337,1.0
831679.0,0.0005337,1.0
831683.0,0.0005337,1.0
831754.0,0.0005337,1.0
831817.0,0.0005337,1.0
831820.0,0.0005337,1.0
831848.0,0.0005337,1.0
831867.0,0.0005337,1.0
831874.0,0.0005337,1.0
831908.0,0.0005337,1.0
831997.0,0.0005337,2.0
832031.0,0.0005337,1.0
832177.0,0.0005337,1.0
832187.0,0.0005337,1.0
832313.0,0.0005337,1.0
832343.0,0.0005337,1.0
832345.0,0.0005337,1.0
832352.0,0.0005337,1.0
832514.0,0.0005337,1.0
832576.0,0.0005337,1.0
832702.0,0.0005337,1.0
832766.0,0.0005337,1.0
832786.0,0.0005337,1.0
832819.0,0.0005337,2.0
832839.0,0.0005337,1.0
832861.0,0.0005337,1.0
832862.0,0.0005337,1.0
832875.0,0.0005337,1.0
832886.0,0.0005337,1.0
832888.0,0.0005337,1.0
832945.0,0.0005337,1.0
832959.0,0.0005337,1.0
833055.0,0.0005337,1.0
833056.0,0.0005337,1.0
833071.0,0.0005337,2.0
833089.0,0.0005337,1.0
833124.0,0.0005337,1.0
833240.0,0.0005337,1.0
833275.0,0.0005337,1.0
833287.0,0.0005337,1.0
833297.0,0.0005337,1.0
833303.0,0.0005337,1.0
833314.0,0.0005337,2.0
833364.0,0.0005337,1.0
833372.0,0.0005337,1.0
833410.0,0.0005337,1.0
833426.0,0.0005337,1.0
833459.0,0.0005337,1.0
833461.0,0.0005337,2.0
833474.0,0.0005337,1.0
833501.0,0.0005337,1.0
833577.0,0.0005337,1.0
833671.0,0.0005337,1.0
833745.0,0.0005337,1.0
833771.0,0.0005337,1.0
833777.0,0.0005337,2.0
833827.0,0.0005337,1.0
833850.0,0.0005337,1.0
833881.0,0.0005337,1.0
833944.0,0.0005337,1.0
833953.0,0.0005337,1.0
833994.0,0.0005337,1.0
833995.0,0.0005337,1.0
834034.0,0.0005337,1.0
834100.0,0.0005337,1.0
834139.0,0.0005337,1.0
834140.0,0.0005337,1.0
834187.0,0.0005337,1.0
834288.0,0.0005337,1.0
834294.0,0.0005337,3.0
834312.0,0.0005337,1.0
834349.0,0.0005337,1.0
834412.0,0.0005337,1.0
834417.0,0.0005337,1.0
834432.0,0.0005337,1.0
834472.0,0.0005337,1.0
834522.0,0.0005337,1.0
834575.0,0.0005337,1.0
834616.0,0.0005337,2.0
834675.0,0.0005337,1.0
834704.0,0.0005337,1.0
834721.0,0.0005337,1.0
834727.0,0.0005337,1.0
834741.0,0.0005337,1.0
834811.0,0.0005337,1.0
834822.0,0.0005337,1.0
834831.0,0.0005337,1.0
834833.0,0.0005337,1.0
834906.0,0.0005337,1.0
834927.0,0.0005337,1.0
834943.0,0.0005337,1.0
834976.0,0.0005337,1.0
835044.0,0.0005337,1.0
835088.0,0.0005337,1.0
835101.0,0.0005337,1.0
835121.0,0.0005337,1.0
835157.0,0.0005337,1.0
835170.0,0.0005337,1.0
835181.0,0.0005337,1.0
835212.0,0.0005337,1.0
835281.0,0.0005337,1.0
835304.0,0.0005337,1.0
835305.0,0.0005337,1.0
835319.0,0.0005337,1.0
835327.0,0.0005337,1.0
835354.0,0.0005337,1.0
835450.0,0.0005337,1.0
835470.0,0.0005337,1.0
835532.0,0.0005337,1.0
835540.0,0.0005337,1.0
835642.0,0.0005337,1.0
835652.0,0.0005337,2.0
835767.0,0.0005337,1.0
835785.0,0.0005337,1.0
835835.0,0.0005337,1.0
835844.0,0.0005337,1.0
835941.0,0.0005337,1.0
835944.0,0.0005337,1.0
835969.0,0.0005337,2.0
835987.0,0.0005337,1.0
836048.0,0.0005337,1.0
836071.0,0.0005337,1.0
836109.0,0.0005337,1.0
836113.0,0.0005337,3.0
836118.0,0.0005337,3.0
836123.0,0.0005337,1.0
836162.0,0.0005337,1.0
836241.0,0.0005337,1.0
836308.0,0.0005337,1.0
836347.0,0.0005337,1.0
836463.0,0.0005337,1.0
836519.0,0.0005337,1.0
836539.0,0.0005337,1.0
836573.0,0.0005337,1.0
836574.0,0.0005337,1.0
836584.0,0.0005337,1.0
836648.0,0.0005337,2.0
836650.0,0.0005337,1.0
836707.0,0.0005337,1.0
836793.0,0.0005337,1.0
836805.0,0.0005337,1.0
836814.0,0.0005337,2.0
836818.0,0.0005337,1.0
836888.0,0.0005337,1.0
836923.0,0.0005337,1.0
836928.0,0.0005337,1.0
836949.0,0.0005337,1.0
836967.0,0.0005337,1.0
836970.0,0.0005337,1.0
837025.0,0.0005337,1.0
837080.0,0.0005337,1.0
837148.0,0.0005337,1.0
837199.0,0.0005337,1.0
837238.0,0.0005337,1.0
837305.0,0.0005337,1.0
837322.0,0.0005337,1.0
837357.0,0.0005337,1.0
837358.0,0.0005337,1.0
837364.0,0.0005337,1.0
837427.0,0.0005337,1.0
837453.0,0.0005337,3.0
837466.0,0.0005337,1.0
837514.0,0.0005337,1.0
837537.0,0.0005337,1.0
837624.0,0.0005337,1.0
837626.0,0.0005337,1.0
837642.0,0.0005337,1.0
837673.0,0.0005337,1.0
837737.0,0.0005337,1.0
837778.0,0.0005337,2.0
837878.0,0.0005337,1.0
837879.0,0.0005337,1.0
837923.0,0.0005337,1.0
838008.0,0.0005337,1.0
838082.0,0.0005337,1.0
838161.0,0.0005337,1.0
838177.0,0.0005337,1.0
838259.0,0.0005337,1.0
838304.0,0.0005337,1.0
838392.0,0.0005337,1.0
838405.0,0.0005337,1.0
838431.0,0.0005337,1.0
838468.0,0.0005337,1.0
838485.0,0.0005337,1.0
838513.0,0.0005337,2.0
838519.0,0.0005337,1.0
838535.0,0.0005337,1.0
838553.0,0.0005337,1.0
838570.0,0.0005337,2.0
838679.0,0.0005337,1.0
838703.0,0.0005337,1.0
838777.0,0.0005337,1.0
838805.0,0.0005337,1.0
838833.0,0.0005337,1.0
838868.0,0.0005337,1.0
838879.0,0.0005337,1.0
838904.0,0.0005337,1.0
838917.0,0.0005337,1.0
838933.0,0.0005337,1.0
839039.0,0.0005337,1.0
839086.0,0.0005337,1.0
839092.0,0.0005337,1.0
839137.0,0.0005337,1.0
839154.0,0.0005337,1.0
839160.0,0.0005337,1.0
839202.0,0.0005337,1.0
839234.0,0.0005337,1.0
839253.0,0.0005337,1.0
839533.0,0.0005337,1.0
839547.0,0.0005337,1.0
839550.0,0.0005337,1.0
839556.0,0.0005337,1.0
839565.0,0.0005337,1.0
839586.0,0.0005337,2.0
839661.0,0.0005337,3.0
839723.0,0.0005337,2.0
839728.0,0.0005337,1.0
839824.0,0.0005337,1.0
839826.0,0.0005337,1.0
839842.0,0.0005337,1.0
839847.0,0.0005337,1.0
839932.0,0.0005337,1.0
840024.0,0.0005722,4.0
840027.0,0.0005722,1.0
840032.0,0.0005722,3.0
840036.0,0.0005722,5.0
840040.0,0.0005722,3.0
840063.0,0.0005722,2.0
840064.0,0.0005722,7.0
840070.0,0.0005722,6.0
840080.0,0.0005722,2.0
840081.0,0.0005722,1.0
840085.0,0.0005722,6.0
840106.0,0.0005722,8.0
840107.0,0.0005722,3.0
840109.0,0.0005722,3.0
840120.0,0.0005722,1.0
840123.0,0.0005722,5.0
840126.0,0.0005722,1.0
840136.0,0.0005722,1.0
840199.0,0.0005722,4.0
840210.0,0.0005722,4.0
840238.0,0.0005722,3.0
840244.0,0.0005722,2.0
840250.0,0.0005722,5.0
840268.0,0.0005722,1.0
840278.0,0.0005722,1.0
840307.0,0.0005722,1.0
840316.0,0.0005722,3.0
840327.0,0.0005722,1.0
840328.0,0.0005722,1.0
840334.0,0.0005722,2.0
840344.0,0.0005722,1.0
840346.0,0.0005722,2.0
840373.0,0.0005722,5.0
840381.0,0.0005722,2.0
840383.0,0.0005722,3.0
840388.0,0.0005722,4.0
840389.0,0.0005722,5.0
840400.0,0.0005722,1.0
840402.0,0.0005722,2.0
840425.0,0.0005722,1.0
840461.0,0.0005722,4.0
840474.0,0.0005722,4.0
840505.0,0.0005722,2.0
840508.0,0.0005722,6.0
840525.0,0.0005722,1.0
840543.0,0.0005722,1.0
840551.0,0.0005722,4.0
840554.0,0.0005722,6.0
840585.0,0.0005722,2.0
840620.0,0.0005722,6.0
840628.0,0.0005722,1.0
840642.0,0.0005722,2.0
840665.0,0.0005722,5.0
840680.0,0.0005722,2.0
840681.0,0.0005722,4.0
840683.0,0.0005722,2.0
840687.0,0.0005722,2.0
840690.0,0.0005722,1.0
840725.0,0.0005722,5.0
840737.0,0.0005722,9.0
840754.0,0.0005722,7.0
840756.0,0.0005722,1.0
840783.0,0.0005722,2.0
840788.0,0.0005722,3.0
840821.0,0.0005722,1.0
840837.0,0.0005722,5.0
840841.0,0.0005722,6.0
840846.0,0.0005722,6.0
840849.0,0.0005722,1.0
840870.0,0.0005722,4.0
840876.0,0.0005722,2.0
840884.0,0.0005722,2.0
840889.0,0.0005722,1.0
840896.0,0.0005722,2.0
840913.0,0.0005722,3.0
840914.0,0.0005722,5.0
840973.0,0.0005722,7.0
840976.0,0.0005722,1.0
840982.0,0.0005722,7.0
840997.0,0.0005722,6.0
841000.0,0.0005722,5.0
841008.0,0.0005722,2.0
841041.0,0.0005722,2.0
841046.0,0.0005722,3.0
841048.0,0.0005722,4.0
841078.0,0.0005722,7.0
841099.0,0.0005722,7.0
841103.0,0.0005722,1.0
841106.0,0.0005722,2.0
841108.0,0.0005722,3.0
841118.0,0.0005722,3.0
841124.0,0.0005722,6.0
841147.0,0.0005722,7.0
841151.0,0.0005722,2.0
841156.0,0.0005722,3.0
841158.0,0.0005722,2.0
841179.0,0.0005722,2.0
841200.0,0.0005722,2.0
841202.0,0.0005722,4.0
841203.0,0.0005722,2.0
841212.0,0.0005722,4.0
841216.0,0.0005722,1.0
841238.0,0.0005722,3.0
841256.0,0.0005722,1.0
841266.0,0.0005722,4.0
841282.0,0.0005722,3.0
841288.0,0.0005722,1.0
841290.0,0.0005722,1.0
841308.0,0.0005722,2.0
841316.0,0.0005722,4.0
841350.0,0.0005722,1.0
841354.0,0.0005722,1.0
841396.0,0.0005722,5.0
841403.0,0.0005722,1.0
841427.0,0.0005722,2.0
841436.0,0.0005722,1.0
841454.0,0.0005722,1.0
841458.0,0.0005722,3.0
841479.0,0.0005722,7.0
841486.0,0.0005722,2.0
841494.0,0.0005722,4.0
841512.0,0.0005722,3.0
841537.0,0.0005722,2.0
841563.0,0.0005722,7.0
841572.0,0.0005722,7.0
841576.0,0.0005722,2.0
841580.0,0.0005722,6.0
841585.0,0.0005722,5.0
841589.0,0.0005722,3.0
841600.0,0.0005722,8.0
841603.0,0.0005722,4.0
841629.0,0.0005722,2.0
841645.0,0.0005722,6.0
841679.0,0.0005722,1.0
841687.0,0.0005722,1.0
841695.0,0.0005722,6.0
841730.0,0.0005722,3.0
841741.0,0.0005722,2.0
841756.0,0.0005722,1.0
841777.0,0.0005722,9.0
841781.0,0.0005722,2.0
841790.0,0.0005722,4.0
841811.0,0.0005722,1.0
841824.0,0.0005722,3.0
841826.0,0.0005722,5.0
841906.0,0.0005722,1.0
841921.0,0.0005722,5.0
841938.0,0.0005722,5.0
841964.0,0.0005722,6.0
841972.0,0.0005722,1.0
841982.0,0.0005722,1.0
841983.0,0.0005722,2.0
841986.0,0.0005722,2.0
841997.0,0.0005722,3.0
842015.0,0.0005722,2.0
842026.0,0.0005722,5.0
842043.0,0.0005722,3.0
842047.0,0.0005722,7.0
842078.0,0.0005722,2.0
842087.0,0.0005722,4.0
842094.0,0.0005722,1.0
842150.0,0.0005722,6.0
842156.0,0.0005722,1.0
842173.0,0.0005722,3.0
842177.0,0.0005722,2.0
842210.0,0.0005722,3.0
842216.0,0.0005722,2.0
842239.0,0.0005722,3.0
842264.0,0.0005722,3.0
842271.0,0.0005722,4.0
842273.0,0.0005722,6.0
842303.0,0.0005722,5.0
842318.0,0.0005722,5.0
842331.0,0.0005722,1.0
842339.0,0.0005722,7.0
842340.0,0.0005722,3.0
842352.0,0.0005722,2.0
842354.0,0.0005722,5.0
842358.0,0.0005722,2.0
842368.0,0.0005722,5.0
842372.0,0.0005722,1.0
842376.0,0.0005722,1.0
842389.0,0.0005722,6.0
842397.0,0.0005722,2.0
842401.0,0.0005722,1.0
842403.0,0.0005722,1.0
842404.0,0.0005722,3.0
842413.0,0.0005722,6.0
842414.0,0.0005722,1.0
842424.0,0.0005722,3.0
842438.0,0.0005722,2.0
842461.0,0.0005722,6.0
842503.0,0.0005722,2.0
842511.0,0.0005722,5.0
842557.0,0.0005722,5.0
842568.0,0.0005722,5.0
842571.0,0.0005722,2.0
842624.0,0.0005722,2.0
842633.0,0.0005722,6.0
842634.0,0.0005722,3.0
842702.0,0.0005722,2.0
842716.0,0.0005722,4.0
842725.0,0.0005722,5.0
842736.0,0.0005722,4.0
842760.0,0.0005722,9.0
842764.0,0.0005722,5.0
842766.0,0.0005722,2.0
842775.0,0.0005722,2.0
842777.0,0.0005722,4.0
842786.0,0.0005722,1.0
842818.0,0.0005722,5.0
842819.0,0.0005722,2.0
842825.0,0.0005722,3.0
842826.0,0.0005722,1.0
842829.0,0.0005722,1.0
842837.0,0.0005722,6.0
842861.0,0.0005722,5.0
842862.0,0.0005722,1.0
842871.0,0.0005722,5.0
842872.0,0.0005722,5.0
842875.0,0.0005722,1.0
842886.0,0.0005722,2.0
842887.0,0.0005722,1.0
842894.0,0.0005722,3.0
842915.0,0.0005722,4.0
842945.0,0.0005722,1.0
842949.0,0.0005722,4.0
842978.0,0.0005722,6.0
843019.0,0.0005722,4.0
843027.0,0.0005722,2.0
843048.0,0.0005722,3.0
843055.0,0.0005722,2.0
843063.0,0.0005722,6.0
843071.0,0.0005722,4.0
843088.0,0.0005722,6.0
843093.0,0.0005722,4.0
843108.0,0.0005722,2.0
843110.0,0.0005722,4.0
843120.0,0.0005722,3.0
843142.0,0.0005722,7.0
843145.0,0.0005722,4.0
843147.0,0.0005722,1.0
843162.0,0.0005722,3.0
843197.0,0.0005722,4.0
843203.0,0.0005722,1.0
843205.0,0.0005722,4.0
843213.0,0.0005722,6.0
843218.0,0.0005722,4.0
843246.0,0.0005722,4.0
843251.0,0.0005722,5.0
843252.0,0.0005722,6.0
843254.0,0.0005722,5.0
843271.0,0.0005722,4.0
843290.0,0.0005722,2.0
843300.0,0.0005722,4.0
843302.0,0.0005722,3.0
843303.0,0.0005722,1.0
843305.0,0.0005722,1.0
843314.0,0.0005722,3.0
843340.0,0.0005722,1.0
843341.0,0.0005722,4.0
843363.0,0.0005722,3.0
843376.0,0.0005722,4.0
843381.0,0.0005722,1.0
843411.0,0.0005722,3.0
843414.0,0.0005722,4.0
843454.0,0.0005722,6.0
843459.0,0.0005722,2.0
843461.0,0.0005722,3.0
843474.0,0.0005722,2.0
843492.0,0.0005722,4.0
843493.0,0.0005722,5.0
843495.0,0.0005722,7.0
843512.0,0.0005722,2.0
843514.0,0.0005722,7.0
843517.0,0.0005722,7.0
843529.0,0.0005722,4.0
843530.0,0.0005722,5.0
843544.0,0.0005722,2.0
843550.0,0.0005722,7.0
843566.0,0.0005722,1.0
843568.0,0.0005722,6.0
843577.0,0.0005722,2.0
843588.0,0.0005722,2.0
843619.0,0.0005722,1.0
843644.0,0.0005722,6.0
843653.0,0.0005722,2.0
843655.0,0.0005722,2.0
843660.0,0.0005722,2.0
843671.0,0.0005722,2.0
843682.0,0.0005722,6.0
843711.0,0.0005722,6.0
843717.0,0.0005722,3.0
843771.0,0.0005722,1.0
843775.0,0.0005722,7.0
843777.0,0.0005722,3.0
843809.0,0.0005722,3.0
843813.0,0.0005722,7.0
843818.0,0.0005722,5.0
843850.0,0.0005722,1.0
843857.0,0.0005722,4.0
843889.0,0.0005722,3.0
843936.0,0.0005722,3.0
843937.0,0.0005722,1.0
843944.0,0.0005722,1.0
843972.0,0.0005722,6.0
843977.0,0.0005722,4.0
843984.0,0.0005722,6.0
843985.0,0.0005722,1.0
843995.0,0.0005722,2.0
843996.0,0.0005722,7.0
844001.0,0.0005722,2.0
844004.0,0.0005722,5.0
844015.0,0.0005722,3.0
844023.0,0.0005722,2.0
844025.0,0.0005722,3.0
844028.0,0.0005722,6.0
844034.0,0.0005722,2.0
844038.0,0.0005722,1.0
844043.0,0.0005722,2.0
844045.0,0.0005722,6.0
844059.0,0.0005722,2.0
844096.0,0.0005722,3.0
844103.0,0.0005722,8.0
844107.0,0.0005722,1.0
844130.0,0.0005722,1.0
844135.0,0.0005722,5.0
844138.0,0.0005722,2.0
844165.0,0.0005722,7.0
844171.0,0.0005722,7.0
844184.0,0.0005722,1.0
844192.0,0.0005722,4.0
844203.0,0.0005722,5.0
844211.0,0.0005722,1.0
844237.0,0.0005722,5.0
844251.0,0.0005722,4.0
844253.0,0.0005722,2.0
844255.0,0.0005722,2.0
844262.0,0.0005722,5.0
844264.0,0.0005722,5.0
844274.0,0.0005722,5.0
844281.0,0.0005722,7.0
844285.0,0.0005722,5.0
844294.0,0.0005722,3.0
844308.0,0.0005722,5.0
844343.0,0.0005722,4.0
844344.0,0.0005722,6.0
844345.0,0.0005722,2.0
844348.0,0.0005722,6.0
844352.0,0.0005722,7.0
844362.0,0.0005722,6.0
844364.0,0.0005722,6.0
844407.0,0.0005722,3.0
844408.0,0.0005722,7.0
844424.0,0.0005722,1.0
844430.0,0.0005722,2.0
844431.0,0.0005722,5.0
844432.0,0.0005722,2.0
844437.0,0.0005722,2.0
844455.0,0.0005722,3.0
844476.0,0.0005722,3.0
844480.0,0.0005722,1.0
844508.0,0.0005722,1.0
844518.0,0.0005722,5.0
844521.0,0.0005722,1.0
844522.0,0.0005722,1.0
844543.0,0.0005722,2.0
844546.0,0.0005722,2.0
844549.0,0.0005722,4.0
844572.0,0.0005722,1.0
844579.0,0.0005722,2.0
844603.0,0.0005722,3.0
844614.0,0.0005722,2.0
844616.0,0.0005722,2.0
844640.0,0.0005722,6.0
844654.0,0.0005722,4.0
844691.0,0.0005722,6.0
844701.0,0.0005722,1.0
844704.0,0.0005722,1.0
844721.0,0.0005722,2.0
844737.0,0.0005722,6.0
844739.0,0.0005722,7.0
844741.0,0.0005722,2.0
844780.0,0.0005722,4.0
844802.0,0.0005722,6.0
844822.0,0.0005722,2.0
844823.0,0.0005722,1.0
844839.0,0.0005722,1.0
844866.0,0.0005722,7.0
844890.0,0.0005722,5.0
844909.0,0.0005722,3.0
844917.0,0.0005722,7.0
844928.0,0.0005722,2.0
844936.0,0.0005722,4.0
844966.0,0.0005722,6.0
844975.0,0.0005722,5.0
844976.0,0.0005722,2.0
844977.0,0.0005722,1.0
844990.0,0.0005722,6.0
845005.0,0.0005722,4.0
845022.0,0.0005722,5.0
845030.0,0.0005722,3.0
845043.0,0.0005722,3.0
845044.0,0.0005722,1.0
845051.0,0.0005722,6.0
845059.0,0.0005722,2.0
845068.0,0.0005722,1.0
845074.0,0.0005722,6.0
845088.0,0.0005722,1.0
845105.0,0.0005722,2.0
845146.0,0.0005722,9.0
845159.0,0.0005722,1.0
845160.0,0.0005722,3.0
845191.0,0.0005722,4.0
845200.0,0.0005722,1.0
845204.0,0.0005722,2.0
845212.0,0.0005722,2.0
845223.0,0.0005722,2.0
845253.0,0.0005722,6.0
845278.0,0.0005722,3.0
845306.0,0.0005722,2.0
845314.0,0.0005722,2.0
845318.0,0.0005722,2.0
845328.0,0.0005722,2.0
845344.0,0.0005722,3.0
845354.0,0.0005722,2.0
845357.0,0.0005722,5.0
845390.0,0.0005722,6.0
845401.0,0.0005722,4.0
845407.0,0.0005722,9.0
845419.0,0.0005722,2.0
845429.0,0.0005722,2.0
845437.0,0.0005722,4.0
845446.0,0.0005722,4.0
845451.0,0.0005722,3.0
845465.0,0.0005722,4.0
845470.0,0.0005722,1.0
845482.0,0.0005722,1.0
845488.0,0.0005722,3.0
845521.0,0.0005722,2.0
845534.0,0.0005722,5.0
845540.0,0.0005722,2.0
845543.0,0.0005722,5.0
845548.0,0.0005722,2.0
845549.0,0.0005722,5.0
845555.0,0.0005722,6.0
845574.0,0.0005722,1.0
845596.0,0.0005722,6.0
845608.0,0.0005722,2.0
845610.0,0.0005722,2.0
845615.0,0.0005722,2.0
845621.0,0.0005722,2.0
845626.0,0.0005722,4.0
845636.0,0.0005722,2.0
845639.0,0.0005722,5.0
845642.0,0.0005722,2.0
845652.0,0.0005722,3.0
845660.0,0.0005722,3.0
845698.0,0.0005722,2.0
845728.0,0.0005722,7.0
845747.0,0.0005722,6.0
845749.0,0.0005722,2.0
845756.0,0.0005722,5.0
845767.0,0.0005722,1.0
845773.0,0.0005722,5.0
845803.0,0.0005722,6.0
845805.0,0.0005722,4.0
845814.0,0.0005722,1.0
845815.0,0.0005722,6.0
845818.0,0.0005722,6.0
845844.0,0.0005722,2.0
845856.0,0.0005722,4.0
845866.0,0.0005722,1.0
845874.0,0.0005722,1.0
845893.0,0.0005722,2.0
845895.0,0.0005722,4.0
845936.0,0.0005722,3.0
845945.0,0.0005722,6.0
845950.0,0.0005722,5.0
845965.0,0.0005722,2.0
845969.0,0.0005722,3.0
845989.0,0.0005722,6.0
845999.0,0.0005722,1.0
846009.0,0.0005722,3.0
846046.0,0.0005722,6.0
846048.0,0.0005722,2.0
846059.0,0.0005722,3.0
846062.0,0.0005722,2.0
846095.0,0.0005722,5.0
846101.0,0.0005722,3.0
846113.0,0.0005722,3.0
846118.0,0.0005722,3.0
846125.0,0.0005722,4.0
846131.0,0.0005722,1.0
846162.0,0.0005722,2.0
846166.0,0.0005722,2.0
846172.0,0.0005722,3.0
846180.0,0.0005722,4.0
846199.0,0.0005722,1.0
846205.0,0.0005722,1.0
846224.0,0.0005722,2.0
846227.0,0.0005722,3.0
846241.0,0.0005722,2.0
846248.0,0.0005722,2.0
846266.0,0.0005722,3.0
846270.0,0.0005722,4.0
846276.0,0.0005722,3.0
846295.0,0.0005722,5.0
846322.0,0.0005722,7.0
846326.0,0.0005722,5.0
846334.0,0.0005722,1.0
846337.0,0.0005722,7.0
846344.0,0.0005722,3.0
846347.0,0.0005722,2.0
846388.0,0.0005722,1.0
846410.0,0.0005722,4.0
846432.0,0.0005722,2.0
846436.0,0.0005722,4.0
846446.0,0.0005722,2.0
846450.0,0.0005722,2.0
846465.0,0.0005722,2.0
846483.0,0.0005722,5.0
846520.0,0.0005722,5.0
846525.0,0.0005722,2.0
846536.0,0.0005722,1.0
846539.0,0.0005722,1.0
846540.0,0.0005722,7.0
846556.0,0.0005722,4.0
846573.0,0.0005722,2.0
846590.0,0.0005722,4.0
846592.0,0.0005722,2.0
846602.0,0.0005722,2.0
846604.0,0.0005722,1.0
846634.0,0.0005722,7.0
846636.0,0.0005722,1.0
846648.0,0.0005722,4.0
846707.0,0.0005722,1.0
846747.0,0.0005722,1.0
846761.0,0.0005722,1.0
846767.0,0.0005722,2.0
846790.0,0.0005722,3.0
846793.0,0.0005722,1.0
846813.0,0.0005722,2.0
846814.0,0.0005722,4.0
846820.0,0.0005722,2.0
846840.0,0.0005722,6.0
846859.0,0.0005722,9.0
846860.0,0.0005722,3.0
846913.0,0.0005722,5.0
846928.0,0.0005722,1.0
846949.0,0.0005722,2.0
846967.0,0.0005722,1.0
846969.0,0.0005722,3.0
846986.0,0.0005722,7.0
847050.0,0.0005722,5.0
847080.0,0.0005722,1.0
847083.0,0.0005722,4.0
847089.0,0.0005722,2.0
847126.0,0.0005722,4.0
847145.0,0.0005722,2.0
847150.0,0.0005722,2.0
847170.0,0.0005722,2.0
847177.0,0.0005722,5.0
847187.0,0.0005722,5.0
847189.0,0.0005722,2.0
847197.0,0.0005722,1.0
847210.0,0.0005722,3.0
847226.0,0.0005722,5.0
847238.0,0.0005722,1.0
847255.0,0.0005722,2.0
847264.0,0.0005722,1.0
847268.0,0.0005722,1.0
847273.0,0.0005722,4.0
847276.0,0.0005722,1.0
847286.0,0.0005722,6.0
847298.0,0.0005722,4.0
847300.0,0.0005722,2.0
847305.0,0.0005722,1.0
847308.0,0.0005722,9.0
847322.0,0.0005722,3.0
847348.0,0.0005722,2.0
847356.0,0.0005722,3.0
847357.0,0.0005722,1.0
847366.0,0.0005722,2.0
847369.0,0.0005722,5.0
847406.0,0.0005722,5.0
847415.0,0.0005722,6.0
847434.0,0.0005722,3.0
847437.0,0.0005722,2.0
847453.0,0.0005722,4.0
847466.0,0.0005722,2.0
847471.0,0.0005722,7.0
847482.0,0.0005722,3.0
847487.0,0.0005722,2.0
847514.0,0.0005722,1.0
847520.0,0.0005722,6.0
847525.0,0.0005722,5.0
847535.0,0.0005722,6.0
847563.0,0.0005722,3.0
847565.0,0.0005722,2.0
847590.0,0.0005722,2.0
847612.0,0.0005722,5.0
847616.0,0.0005722,3.0
847620.0,0.0005722,1.0
847622.0,0.0005722,1.0
847626.0,0.0005722,1.0
847636.0,0.0005722,3.0
847642.0,0.0005722,1.0
847659.0,0.0005722,6.0
847694.0,0.0005722,4.0
847699.0,0.0005722,7.0
847701.0,0.0005722,7.0
847706.0,0.0005722,6.0
847710.0,0.0005722,2.0
847711.0,0.0005722,7.0
847714.0,0.0005722,1.0
847721.0,0.0005722,5.0
847752.0,0.0005722,4.0
847761.0,0.0005722,5.0
847765.0,0.0005722,4.0
847778.0,0.0005722,3.0
847817.0,0.0005722,6.0
847819.0,0.0005722,2.0
847829.0,0.0005722,6.0
847834.0,0.0005722,2.0
847840.0,0.0005722,1.0
847847.0,0.0005722,6.0
847852.0,0.0005722,2.0
847859.0,0.0005722,2.0
847877.0,0.0005722,6.0
847878.0,0.0005722,1.0
847879.0,0.0005722,1.0
847881.0,0.0005722,2.0
847917.0,0.0005722,3.0
847941.0,0.0005722,5.0
847943.0,0.0005722,2.0
847948.0,0.0005722,2.0
847957.0,0.0005722,2.0
847966.0,0.0005722,2.0
847990.0,0.0005722,2.0
847991.0,0.0005722,2.0
848025.0,0.0005722,1.0
848026.0,0.0005722,4.0
848031.0,0.0005722,5.0
848041.0,0.0005722,3.0
848050.0,0.0005722,1.0
848055.0,0.0005722,3.0
848062.0,0.0005722,2.0
848080.0,0.0005722,2.0
848082.0,0.0005722,1.0
848086.0,0.0005722,5.0
848088.0,0.0005722,4.0
848105.0,0.0005722,4.0
848113.0,0.0005722,6.0
848117.0,0.0005722,2.0
848146.0,0.0005722,6.0
848188.0,0.0005722,5.0
848205.0,0.0005722,2.0
848207.0,0.0005722,4.0
848230.0,0.0005722,2.0
848233.0,0.0005722,4.0
848245.0,0.0005722,2.0
848247.0,0.0005722,2.0
848259.0,0.0005722,3.0
848276.0,0.0005722,5.0
848304.0,0.0005722,1.0
848305.0,0.0005722,5.0
848307.0,0.0005722,6.0
848322.0,0.0005722,1.0
848333.0,0.0005722,1.0
848352.0,0.0005722,5.0
848356.0,0.0005722,8.0
848366.0,0.0005722,1.0
848388.0,0.0005722,2.0
848453.0,0.0005722,7.0
848462.0,0.0005722,5.0
848469.0,0.0005722,4.0
848473.0,0.0005722,3.0
848493.0,0.0005722,2.0
848499.0,0.0005722,4.0
848513.0,0.0005722,3.0
848519.0,0.0005722,1.0
848535.0,0.0005722,3.0
848565.0,0.0005722,2.0
848570.0,0.0005722,2.0
848621.0,0.0005722,1.0
848679.0,0.0005722,1.0
848691.0,0.0005722,3.0
848703.0,0.0005722,2.0
848718.0,0.0005722,5.0
848725.0,0.0005722,3.0
848732.0,0.0005722,2.0
848752.0,0.0005722,6.0
848769.0,0.0005722,7.0
848777.0,0.0005722,1.0
848783.0,0.0005722,5.0
848788.0,0.0005722,2.0
848794.0,0.0005722,1.0
848795.0,0.0005722,4.0
848796.0,0.0005722,6.0
848805.0,0.0005722,2.0
848814.0,0.0005722,7.0
848820.0,0.0005722,4.0
848829.0,0.0005722,1.0
848841.0,0.0005722,5.0
848857.0,0.0005722,3.0
848869.0,0.0005722,4.0
848872.0,0.0005722,1.0
848879.0,0.0005722,1.0
848885.0,0.0005722,1.0
848897.0,0.0005722,5.0
848912.0,0.0005722,1.0
848930.0,0.0005722,6.0
848936.0,0.0005722,5.0
848972.0,0.0005722,7.0
848986.0,0.0005722,2.0
848993.0,0.0005722,1.0
849009.0,0.0005722,4.0
849015.0,0.0005722,7.0
849017.0,0.0005722,1.0
849026.0,0.0005722,3.0
849029.0,0.0005722,1.0
849039.0,0.0005722,1.0
849043.0,0.0005722,3.0
849050.0,0.0005722,4.0
849054.0,0.0005722,2.0
849059.0,0.0005722,3.0
849068.0,0.0005722,1.0
849082.0,0.0005722,1.0
849085.0,0.0005722,6.0
849096.0,0.0005722,7.0
849133.0,0.0005722,2.0
849151.0,0.0005722,5.0
849177.0,0.0005722,2.0
849185.0,0.0005722,3.0
849189.0,0.0005722,1.0
849206.0,0.0005722,6.0
849218.0,0.0005722,1.0
849220.0,0.0005722,2.0
849233.0,0.0005722,2.0
849270.0,0.0005722,5.0
849295.0,0.0005722,5.0
849298.0,0.0005722,2.0
849318.0,0.0005722,1.0
849320.0,0.0005722,7.0
849321.0,0.0005722,5.0
849338.0,0.0005722,1.0
849353.0,0.0005722,2.0
849363.0,0.0005722,2.0
849371.0,0.0005722,1.0
849381.0,0.0005722,3.0
849406.0,0.0005722,1.0
849408.0,0.0005722,5.0
849434.0,0.0005722,5.0
849440.0,0.0005722,5.0
849447.0,0.0005722,5.0
849477.0,0.0005722,3.0
849510.0,0.0005722,3.0
849515.0,0.0005722,2.0
849533.0,0.0005722,1.0
849549.0,0.0005722,6.0
849556.0,0.0005722,2.0
849586.0,0.0005722,3.0
849591.0,0.0005722,2.0
849622.0,0.0005722,7.0
849626.0,0.0005722,7.0
849628.0,0.0005722,1.0
849642.0,0.0005722,1.0
849658.0,0.0005722,5.0
849661.0,0.0005722,2.0
849681.0,0.0005722,3.0
849682.0,0.0005722,3.0
849684.0,0.0005722,6.0
849693.0,0.0005722,3.0
849723.0,0.0005722,3.0
849747.0,0.0005722,2.0
849754.0,0.0005722,2.0
849806.0,0.0005722,1.0
849824.0,0.0005722,1.0
849828.0,0.0005722,4.0
849829.0,0.0005722,2.0
849841.0,0.0005722,6.0
849857.0,0.0005722,5.0
849891.0,0.0005722,5.0
849919.0,0.0005722,4.0
849929.0,0.0005722,2.0
849937.0,0.0005722,1.0
849944.0,0.0005722,4.0
849981.0,0.0005722,4.0
840235.0,0.0005722,1.0
840592.0,0.0005722,1.0
845474.0,0.0005722,1.0
848171.0,0.0005722,1.0
