hillspace,a,e,i,node,peri,M,P,f,mass,PlanetNum,mrRad_ChenKipping
1.0,0.04972576,0.13862120000000003,0.08635592,1.304064,0.9048901,2.049348,0.01108844,6.070543,8.173644000000001e-06,0.0,1.5255773718747552
1.0,0.07844975,0.1252823,0.11681989999999999,-0.7131350999999999,1.193624,5.889213,0.0219727,5.196752,1.0380969999999999e-05,105.0,1.6038349845189126
1.0,0.1215153,0.1340544,0.07366508,2.807138,6.108354,1.573032,0.04235854,4.972027,6.994036e-06,211.0,1.3991469068373794
1.0,0.185446,0.01126282,0.0508861,-1.9524110000000001,5.663009,4.074769,0.07985787,0.3723009,1.4153399999999999e-05,241.0,1.9973641458629507
1.0,0.29932990000000004,0.008183165,0.07966854,0.39279040000000004,3.2973449999999995,2.238905,0.16376229999999997,4.815686,1.169039e-05,284.0,1.7667985339660848
1.0,0.5617441999999999,0.05245387,0.02105541,3.006782,0.09628629,0.43768789999999996,0.4210109,3.5723830000000003,1.524076e-05,487.0,2.0996072323959467
1.0,0.8792591999999999,0.07249533,0.04532386,-0.5697359000000001,5.46583,5.291983999999999,0.8244416999999999,0.45684480000000005,4.459358e-06,557.0,1.1454094531493877
1.0,1.351867,0.1272057,0.152201,2.063812,2.907235,0.399084,1.571756,1.9552060000000002,2.5963150000000002e-06,601.0,0.9750579689690523
1.0,1.8413220000000001,0.22730460000000002,0.271082,-2.785053,5.318264,2.868075,2.498496,0.5365505,4.794402e-07,665.0,0.6034287521669492
1.0,2.2473959999999997,0.1708377,0.273859,-1.885214,0.7317566999999999,1.699282,3.369017,2.9333650000000002,4.919027e-07,754.0,0.6074557533416023
1.0404,0.05106405,0.1141863,0.07853781,2.413996,1.98715,1.4720389999999999,0.01153908,3.31185,8.079397e-06,0.0,1.4629932702948476
1.0404,0.08207568,0.0475736,0.04424303,-3.066682,4.653654,2.1310279999999997,0.02351352,0.5959158,1.056036e-05,74.0,1.6508691896480023
1.0404,0.1340431,0.03715737,0.04174599,1.157797,1.1174030000000001,2.222688,0.04907506,6.226584,8.768734e-06,159.0,1.4740219488943131
1.0404,0.20736770000000002,0.03992688,0.03176178,-1.229131,3.663079,2.380394,0.0944285,6.2251330000000005,1.2720530000000002e-05,190.0,1.9899681916298522
1.0404,0.31190999999999997,0.010331100000000001,0.01968425,0.3057077,0.7851772,1.0462120000000001,0.1741943,6.237577,5.293988e-06,404.0,1.2026470219738408
1.0404,0.41379790000000005,0.01326476,0.03180034,-1.23709,4.7527099999999995,0.1213471,0.2661759,2.8954400000000002,9.490635999999999e-06,427.0,1.59716348639394
1.0404,0.5735939,0.01015713,0.01839069,0.507046,3.6224089999999998,4.566612999999999,0.4344052,0.44585810000000003,8.550124e-06,414.0,1.4317403952441068
1.0404,0.9526576999999999,0.02764279,0.004740763,1.777668,5.856063,0.4159184,0.9298008,5.303172,7.314202e-06,562.0,1.3565575157627512
1.0404,1.355048,0.1427445,0.10449360000000002,2.6213319999999998,1.32876,0.6271799,1.577307,3.00402,8.606824000000001e-07,656.0,0.7061372931766213
1.0404,1.551172,0.3575844,0.3302813,1.105441,0.05097949,4.5310690000000005,1.9318549999999999,3.259991,1.168643e-07,628.0,0.41031229379360834
1.0404,1.7097740000000001,0.2146873,0.2085091,-2.411458,4.0457529999999995,4.592105,2.235592,3.019773,1.205256e-07,668.0,0.4217277331992214
1.0404,2.128126,0.1434034,0.24222739999999998,-2.6787330000000003,0.7831618,3.762914,3.10442,5.463698,1.236621e-07,701.0,0.4163562699607799
1.0404,373.6467,0.9973796,0.03430769,-0.5594892,2.026557,4.504747,7222.31,3.139707,2.50163e-07,704.0,0.5098091575300652
1.08081,0.04789703,0.07411720000000001,0.06529538,0.8440138,3.1911400000000003,2.683141,0.01048242,4.784039,5.337519e-06,0.0,1.212497382638679
1.08081,0.07491161,0.02278228,0.07028085,0.5920739,4.579951,1.2016069999999999,0.02050314,2.345714,9.949384999999999e-06,46.0,1.6068766714376526
1.08081,0.1192932,0.07876407,0.05086339,-0.3769467,5.238136,4.167631,0.041201999999999996,5.480919999999999,8.406273e-06,178.0,1.4465894868875326
1.08081,0.1809692,0.08317607,0.03436311,2.070612,0.7709736,0.08109793,0.07698383,3.4663160000000004,1.130781e-05,213.0,1.8514737402542865
1.08081,0.26506799999999997,0.01967194,0.03737213,-2.584714,2.0475380000000003,2.339248,0.136466,2.8864959999999997,6.970413e-06,359.0,1.3037164237063226
1.08081,0.3954495,0.03748307,0.02269561,-0.3088267,5.470039,6.0418389999999995,0.2486718,0.9401755999999999,1.135935e-05,310.0,1.83267998318268
1.08081,0.599819,0.05669305,0.05368302,-1.263662,2.105163,5.813276999999999,0.4645316,4.860386,8.240458e-06,499.0,1.5290285594356177
1.08081,0.9584734,0.02337844,0.03987985,2.834441,1.999887,0.004083316,0.9383326999999999,1.499516,7.626586e-06,441.0,1.3560481308839851
1.08081,1.7169279999999998,0.05464311,0.06952816,2.6762349999999997,3.2646479999999998,5.984375,2.2496400000000003,0.04858976,8.97317e-07,607.0,0.7129418523592672
1.08081,2.948892,0.7099062,0.3201434,2.488836,0.3382742,3.57324,5.063763,2.271945,1.190183e-07,570.0,0.4084517056107385
1.12121,0.05272467,0.12377049999999999,0.01808323,-1.9211209999999999,1.473899,0.0228274,0.01210652,0.5996022,6.39019e-06,0.0,1.3045496072322962
1.12121,0.09040484,0.01730517,0.06703134,1.052094,3.9548349999999997,0.6098645,0.027182099999999997,1.9188,1.4189270000000001e-05,58.0,2.176102042212019
1.12121,0.1569497,0.03007176,0.03729034,1.847688,1.162706,4.255522,0.06217772,1.302771,5.990558999999999e-06,176.0,1.2779235605701336
1.12121,0.20619429999999997,0.06244437,0.07410521,-2.7634790000000002,1.329083,2.958213,0.0936284,4.27715,7.877147e-06,265.0,1.4746662075395354
1.12121,0.3035693,0.0150173,0.04925836,-2.820357,0.48874670000000003,3.512603,0.16725410000000002,5.831228,1.0998659999999999e-05,313.0,1.7315737534685984
1.12121,0.4767781,0.03119935,0.02680209,-0.16724879999999998,2.921891,2.026389,0.32920170000000004,5.5121709999999995,1.1460739999999998e-05,324.0,1.7832799301757598
1.12121,0.7843241,0.04596849,0.04417274,0.19721670000000002,4.009519,6.150398,0.6945909,2.027427,8.760911999999999e-06,458.0,1.531031515870496
1.12121,1.377184,0.08550777,0.031032,2.4201189999999997,2.535268,2.539715,1.616119,3.762606,1.4297110000000001e-06,522.0,0.8124959999551957
1.12121,1.441861,0.28796370000000004,0.21866620000000003,-3.032896,1.0168030000000001,2.042687,1.7312919999999998,3.692097,2.660499e-07,591.0,0.5145926455464664
1.12121,1.839341,0.3149383,0.1141635,2.7422459999999997,4.185082,0.6316954,2.494472,6.258014,1.347733e-07,633.0,0.4205156331025412
1.12121,1.9626709999999998,0.19339679999999998,0.28720650000000003,-1.5921319999999999,2.1854150000000003,5.209674,2.749521,4.248542,2.531541e-07,520.0,0.5005262770791228
1.12121,2.049839,0.1941312,0.1763284,0.08986432,2.618272,4.268212999999999,2.934708,1.939989,2.627711e-07,600.0,0.5173258608065856
1.12121,2.087621,0.17330510000000002,0.3198831,-2.980177,3.115781,5.926439,3.016219,5.590179,1.346566e-07,632.0,0.43270852351705874
1.12121,2.238633,0.4021048,0.7042391,-1.8091080000000002,4.562958999999999,1.978213,3.349342,4.729679,1.3489020000000002e-07,634.0,0.41885269055822194
1.12121,2.243199,0.5682898000000001,0.16827779999999998,1.7774580000000002,3.6960919999999997,5.786585,3.3595949999999997,1.1607,1.305414e-07,596.0,0.4160107873666522
1.12121,18.50131,0.9567026,0.1350201,1.5803559999999999,0.34215209999999996,1.630049,79.57721,3.5809800000000003,1.3559439999999998e-07,640.0,0.41911140621723153
1.16162,0.06020512,0.01552466,0.03690512,1.7614009999999998,4.5463309999999995,6.123199,0.01477229,6.092844,1.119204e-05,0.0,1.7814195350648485
1.16162,0.09882214,0.02212526,0.15476979999999999,1.897372,0.27324640000000006,2.371944,0.03106548,0.2104209,4.062382e-06,129.0,1.103329151591406
1.16162,0.13011910000000002,0.02013754,0.06863576,1.123674,3.920079,3.009754,0.04693599,4.213564,9.819179e-06,159.0,1.6390485203982428
1.16162,0.211101,0.009327544,0.05865967,-1.433476,2.8805959999999997,3.92825,0.0969902,2.492469,1.0380430000000002e-05,213.0,1.6231920006453768
1.16162,0.30758520000000006,0.0739413,0.03017206,-2.345535,4.292778,4.490435,0.17058410000000002,2.620495,8.610871e-06,301.0,1.5678374447736563
1.16162,0.48157520000000004,0.08731478,0.01107342,1.044602,3.3939449999999995,5.592301,0.33418309999999996,1.3200129999999999,9.962957e-06,309.0,1.5732665387086708
1.16162,0.8607253,0.0253393,0.02053236,3.051222,4.095315,5.067678,0.7985146,4.160734,1.0433239999999998e-05,443.0,1.7832139309793567
1.16162,1.298295,0.17989660000000002,0.1565338,-0.6009350999999999,5.410496,3.5635449999999995,1.479264,4.6778699999999995,1.6537000000000002e-06,479.0,0.8658910893806684
1.16162,2.1120259999999997,0.3073087,0.35582790000000003,-2.566909,0.8636449,1.966447,3.069268,3.4394760000000004,1.184746e-07,457.0,0.4082366768254387
1.20202,0.06523985,0.03722505,0.07272433,-3.0313830000000004,2.455212,3.9897970000000003,0.01666352,4.492877,1.2730539999999999e-05,0.0,1.94189923170982
1.20202,0.12519380000000002,0.08358198,0.02468288,-0.4246345,2.526475,1.701028,0.04429646,5.810306,1.058545e-05,131.0,1.5611539370584357
1.20202,0.18689460000000002,0.05225261,0.0866201,-1.6610040000000001,5.850880999999999,5.6951849999999995,0.08079580000000001,1.6098459999999999,6.306757e-06,228.0,1.284691469850308
1.20202,0.2579394,0.06794242,0.05404031,-0.8436209000000001,3.310868,0.9402321,0.1309991,4.620328,8.176345e-06,232.0,1.4403807374148252
1.20202,0.3616603,0.04281503,0.04722156,2.421769,2.553418,5.091206,0.217491,0.1264857,7.870797e-06,274.0,1.4397234235812615
1.20202,0.5224058,0.01430085,0.06311912,2.098643,5.7547690000000005,5.838056,0.3775725,4.242208,7.863569e-06,309.0,1.4017646453062147
1.20202,0.756999,0.03391028,0.121655,-1.358458,3.302404,1.627653,0.6586128000000001,5.944915,5.189841e-06,393.0,1.1968879231062766
1.20202,1.085148,0.07858112,0.10993170000000001,1.160392,2.9322939999999997,5.270217,1.130368,1.3277940000000001,5.607328e-06,459.0,1.188225901410903
1.20202,1.8614669999999998,0.11160330000000002,0.07379849,-2.1595560000000003,5.7628699999999995,0.8730201999999999,2.539621,3.473889,3.959312e-07,484.0,0.5590778745285787
1.20202,4.097135,0.7836013000000001,0.2160157,-0.3804391,2.672905,4.151585,8.292899,2.8694919999999997,1.393915e-07,559.0,0.43394993231914397
1.24242,0.06190461,0.05878932,0.08950927,-2.000525,2.577471,4.141243,0.01540221,3.519114,6.828344e-06,0.0,1.2862974485254166
1.24242,0.09632659,0.06966791,0.04527981,2.123568,2.2896549999999998,5.78627,0.02989618,1.5115969999999999,9.380499e-06,57.0,1.5762904043548955
1.24242,0.1484878,0.1462987,0.02686215,-0.1725573,2.04439,2.478119,0.05721775,0.8009916,7.639671e-06,139.0,1.3819225980504313
1.24242,0.20665279999999997,0.03445162,0.08664228,2.474834,5.008799,0.5021183,0.09394093,5.539063,8.0558e-06,208.0,1.4680374072173217
1.24242,0.35428190000000004,0.02430519,0.0321279,-3.047329,1.603326,5.938347,0.2108692,1.143059,1.552793e-05,227.0,2.0809233461856547
1.24242,0.5761392,0.03005652,0.04196554,-0.5600334,0.35882470000000005,5.200807,0.4372995,5.354522,8.551136e-06,282.0,1.4825086487125012
1.24242,1.076818,0.05992059,0.05571222,0.06021953,4.241668,3.068796,1.117377,4.934407,7.532498000000001e-06,350.0,1.4182874939720795
1.24242,1.6591040000000001,0.01835335,0.5840031,-2.957723,2.554497,5.786836,2.136961,6.186568,1.482995e-07,507.0,0.43368065792229377
1.24242,2.335067,0.47379399999999994,0.2572997,1.328009,5.496775,4.522939,3.568086,3.4945480000000004,1.4640470000000002e-07,494.0,0.4315068408072968
1.28283,0.05288818,0.1938943,0.07726264,-1.442964,3.127354,0.3054872,0.01216289,4.515297,4.958437e-06,0.0,1.1737934709403868
1.28283,0.076163,0.06676223,0.02127306,-2.063507,3.698654,3.486185,0.02101907,1.97613,6.891673e-06,50.0,1.3452626592796666
1.28283,0.1039539,0.05985904,0.04231637,-2.328208,3.3827519999999995,4.488909,0.03351642,3.4021339999999998,4.714127e-06,105.0,1.1398617188351696
1.28283,0.15654790000000002,0.09870726,0.01097961,-2.537993,0.6913626,6.234456,0.06193906,1.9839669999999998,1.166288e-05,121.0,1.7925895814382011
1.28283,0.3207243,0.06895106,0.01441386,1.120206,0.8628328000000002,1.9809860000000001,0.1816304,6.280823000000001,1.449e-05,207.0,2.139812150909316
1.28283,0.4884281,0.058708699999999996,0.03727037,-2.066557,2.097453,4.455911,0.3413428,4.314931,4.156834e-06,306.0,1.0991281672670596
1.28283,0.7435778000000001,0.007318251,0.02259547,0.630373,0.1184471,1.011724,0.6411762,0.26674169999999997,9.35397e-06,357.0,1.5889207322307026
1.28283,1.141999,0.02933344,0.02730349,2.2177689999999997,2.2854799999999997,1.638395,1.220353,3.40285,3.6260930000000003e-06,435.0,1.0377772740369728
1.32323,0.06811232,0.03870698,0.03154132,2.838245,2.103625,4.065155,0.0177761,5.345108,9.601641e-06,0.0,1.618117108584344
1.32323,0.1106077,0.02262927,0.08505731,-1.039923,4.218015,4.1776,0.03678532,1.038162,6.846042e-06,73.0,1.2988236502127721
1.32323,0.1457479,0.08185,0.05067025,2.681516,5.402525,2.107663,0.05564152,0.36153670000000004,4.2259140000000004e-06,126.0,1.1267009926943707
1.32323,0.2026851,0.04257088,0.02815937,-2.498601,2.4620330000000004,3.988568,0.09124858,3.9615169999999997,1.0025380000000001e-05,174.0,1.6862193561868741
1.32323,0.3182103,0.07292398,0.03765647,1.55592,4.640065,4.2707440000000005,0.1794984,4.225746,1.010998e-05,250.0,1.690768388278645
1.32323,0.5246248,0.04694006,0.03518468,0.6283647,0.05560345,0.1385674,0.37998350000000003,5.68654,8.258336e-06,210.0,1.4099765080435642
1.32323,0.7280118,0.03779779,0.02756256,2.798938,1.979657,0.9240651,0.6211484,2.4763740000000003,7.533343e-06,271.0,1.446062335441931
1.32323,1.33168,0.16183039999999999,0.07755257,-1.061915,5.2342379999999995,5.962518,1.536691,2.088308,3.268107e-06,418.0,1.0531286348485387
1.32323,2.113279,0.3906804,0.01357998,-0.44231190000000004,0.3183709,1.278411,3.072012,2.160854,2.8617e-07,417.0,0.520174043050802
1.32323,3.195522,0.6494354999999999,0.3115525,1.9579849999999999,1.243815,4.2591849999999996,5.71215,2.372897,1.483503e-07,461.0,0.44195694854871825
1.36364,0.04865934,0.0700005,0.09175689,1.706977,4.534971,1.604653,0.01073367,1.784145,4.796599e-06,0.0,1.159433599630554
1.36364,0.08048925,0.03917178,0.02911311,-2.144749,5.157426,5.979936,0.02283512,2.980221,1.0858779999999999e-05,53.0,1.674845842616374
1.36364,0.15518800000000002,0.04559526,0.01733931,-0.19077979999999997,4.2049449999999995,3.438133,0.06113383,5.655018,9.951213e-06,174.0,1.6876238516650939
1.36364,0.2433722,0.02512566,0.04310431,-1.816532,0.10142810000000001,4.224589,0.1200604,5.922255000000001,5.2874710000000005e-06,262.0,1.2126958484734822
1.36364,0.37183130000000003,0.0673979,0.02878538,-3.124586,0.2691234,1.6651900000000002,0.2267306,4.390784,9.911943e-06,282.0,1.5963980890097575
1.36364,0.5699272,0.01919399,0.03726491,0.6212276,3.16236,2.972613,0.43024809999999997,5.443917,6.164269000000001e-06,349.0,1.2997568520151879
1.36364,0.8025409,0.0550257,0.01887792,2.260904,1.06072,3.515426,0.7189348000000001,0.2165239,5.168596e-06,414.0,1.1775886704492673
1.36364,1.0998940000000001,0.08414109,0.04410375,-0.8278299000000001,5.046135,1.2485979999999999,1.153491,3.287409,2.866341e-06,515.0,1.0102620150421224
1.36364,2.199963,0.20863330000000002,0.16213,0.8031654,3.073446,0.4452497,3.262959,2.94695,1.1319390000000001e-07,440.0,0.40328359066502417
1.36364,6.761188000000001,0.8265292,0.07900258,2.179821,3.381361,1.267608,17.580170000000003,2.934291,1.213289e-07,509.0,0.4215178389285844
1.40404,0.05239454,0.02312172,0.04967384,-0.8856334000000001,2.079672,0.9937545,0.011993,6.073434,5.823837e-06,0.0,1.2407560615437028
1.40404,0.09703575,0.05874198,0.04413935,3.02216,3.242029,3.1192189999999997,0.03022691,3.138584,1.2081199999999999e-05,52.0,1.7300869622285453
1.40404,0.16655699999999998,0.06526452,0.03709967,-2.614957,2.607679,5.863967,0.06797339999999999,5.814806,5.917448000000001e-06,178.0,1.2665204964993397
1.40404,0.2376494,0.09160131,0.06622813,-2.110005,2.646889,2.580822,0.1158507,2.198301,6.461101e-06,210.0,1.2556131182914063
1.40404,0.339546,0.04627626,0.0851161,1.287328,1.7135639999999999,6.18259,0.1978512,3.178191,6.21186e-06,301.0,1.2817557353575693
1.40404,0.4492475,0.02560007,0.03938976,-1.176859,1.586618,3.949045,0.30110690000000007,3.520026,5.9285469999999995e-06,235.0,1.2694731894153102
1.40404,0.6660345999999999,0.08004202,0.02618947,1.033735,1.264879,0.10389080000000002,0.5435437,3.9660330000000004,6.892354e-06,367.0,1.3587406558343083
1.40404,0.9836003000000001,0.08586414,0.0397687,-1.122831,2.304895,1.807871,0.9754754999999999,0.7357157,4.219869e-06,384.0,1.152382456527989
1.40404,1.528271,0.2086094,0.18914370000000003,-2.828107,1.035688,1.131441,1.889246,2.995543,1.309769e-07,508.0,0.4227789689455673
1.40404,1.658062,0.3243568,0.13651359999999998,1.7129590000000001,0.1496299,1.4806,2.134958,5.528012,2.5087679999999997e-07,466.0,0.5045529485325702
1.40404,1.875054,0.005285734,0.15568410000000002,1.15638,3.7115739999999997,3.870369,2.5674900000000003,5.276687,5.271765e-07,503.0,0.6331484864993053
1.44444,0.05369013,0.1766276,0.14715899999999998,2.575183,1.7411759999999998,4.81303,0.01244057,0.7035308000000001,6.9141780000000005e-06,0.0,1.268564513804967
1.44444,0.08453857,0.15100970000000002,0.1108893,2.43038,2.073982,0.32134120000000005,0.02457987,2.33592,6.075735e-06,75.0,1.2417299482025443
1.44444,0.14628270000000002,0.08677711,0.0220386,-2.867106,1.915143,1.399767,0.05594794,2.465985,1.077247e-05,131.0,1.7134576944679103
1.44444,0.25354720000000003,0.12451720000000001,0.02728262,0.46736140000000004,4.543129,5.41505,0.1276677,0.5185675000000001,8.385902e-06,236.0,1.4617890271905014
1.44444,0.3692497,0.1167829,0.15904920000000003,-0.9580398999999999,3.5777989999999997,3.498958,0.22437359999999998,1.076186,7.1895389999999995e-06,278.0,1.32678181877078
1.44444,0.5337541,0.03814612,0.06268712,1.0634700000000001,1.7148619999999999,3.797615,0.3899425,1.0858780000000001,5.563274e-06,354.0,1.2067024379835005
1.44444,1.108791,0.019630500000000002,0.03539433,2.753346,0.10929970000000001,3.027388,1.1675200000000001,0.1713408,7.255428000000001e-06,292.0,1.2903219438401783
1.44444,1.854441,0.5431014000000001,0.2577397,-0.7942239000000001,3.7106529999999998,2.127595,2.525271,4.370237,2.542858e-07,495.0,0.49506405856404856
1.44444,1.8586080000000003,0.5643424,0.2203099,0.6367590999999999,5.755331,4.350242,2.533789,3.5368690000000003,1.1832e-07,429.0,0.4163008489888721
1.48485,0.05131778,0.09352562,0.03135849,-3.025517,5.134684,2.7159169999999997,0.01162521,0.7244093,4.723581e-06,0.0,1.1298267421698978
1.48485,0.07273099,0.0252179,0.0231636,-0.4229249,4.78536,6.234131,0.01961451,1.919401,4.02676e-06,52.0,1.0971535748553873
1.48485,0.1125013,0.04365847,0.05859147,2.392449,0.6796826,3.6479230000000005,0.03773397,0.6255906999999999,9.43794e-06,100.0,1.5507785734954096
1.48485,0.18275770000000002,0.05591879,0.03778135,0.7641328000000001,4.081429,1.241819,0.07812827,2.7263490000000004,6.088187000000001e-06,175.0,1.2800318269525524
1.48485,0.2679129,0.04137772,0.01525048,-2.212648,4.140829,2.382001,0.1386701,0.49185559999999995,6.207233e-06,255.0,1.2396754203525377
1.48485,0.3484929,0.01135818,0.01192875,1.52426,2.5182860000000002,5.061121,0.20572379999999998,1.038059,4.570006e-06,247.0,1.127939200573922
1.48485,0.49893180000000004,0.07117238,0.02731672,-0.5834773,2.7361240000000002,4.88601,0.35241350000000005,2.785571,7.253219000000001e-06,326.0,1.3553851057345951
1.48485,0.7830058000000001,0.01931453,0.03397788,-1.278585,2.456327,3.9664629999999996,0.692846,2.801774,7.307056e-06,362.0,1.3729236501592883
1.48485,1.3287930000000001,0.153961,0.08516402,2.454168,3.901538,6.071386,1.531703,5.893344,1.615881e-06,372.0,0.8543980783304445
1.48485,1.864628,0.1978801,0.1575848,-0.04684868,1.365149,3.5720400000000003,2.5461110000000002,2.516148,2.508074e-07,439.0,0.4929333848745808
1.52525,0.06828602,0.06698087,0.08384579,1.8731419999999999,5.797469,0.8377076999999999,0.01784415,5.658189,7.947571e-06,0.0,1.4049612688069626
1.52525,0.11028589999999999,0.06539382,0.02566771,0.6366052,2.134358,3.402935,0.03662497,0.7145763,4.985805e-06,58.0,1.1897579524508588
1.52525,0.1499012,0.0353148,0.0408237,-1.1814790000000002,4.635616000000001,4.528124,0.05803676,1.13737,6.850266000000001e-06,110.0,1.392772367143599
1.52525,0.20930349999999998,0.02331755,0.02798967,-1.8658080000000001,1.8271,0.1402805,0.09575449,0.1875356,6.6840229999999994e-06,157.0,1.3961268140212162
1.52525,0.3044591,0.05849989,0.03078171,2.046545,0.4263017,1.927825,0.1679899,5.673518,5.59915e-06,242.0,1.240861172623344
1.52525,0.3818795,0.04962096,0.04667288,2.762864,5.383276,3.0597,0.23598289999999997,1.291125,5.611891000000001e-06,219.0,1.2356244075560192
1.52525,0.5601124,0.02667901,0.03386445,-0.19983889999999999,5.2647379999999995,3.237536,0.4191849,4.404667,6.4786469999999995e-06,210.0,1.2702968333780624
1.52525,0.7499888000000001,0.04391528,0.01905553,-2.131727,1.091005,1.8882560000000002,0.6494928000000001,2.946566,3.0771089999999998e-06,217.0,1.027831252439345
1.52525,1.010152,0.04271947,0.03026716,-1.3234780000000002,5.14429,4.098611,1.01524,0.3024936,4.448985e-06,295.0,1.1463126768094545
1.52525,1.348802,0.01276748,0.04011198,1.378854,2.886311,3.704489,1.566433,5.7087449999999995,1.149498e-06,282.0,0.7808600512203241
1.52525,2.52603,0.549963,0.04243133,1.203268,0.6189839,4.584891000000001,4.014638,3.0089080000000004,1.603141e-07,410.0,0.4436773374356285
1.56566,0.04629527,0.0962626,0.04525155,0.06915966,3.3598779999999997,4.637628,0.009961026,1.395526,4.135438e-06,0.0,1.1103781588750539
1.56566,0.07536029,0.03305489,0.06125356,-0.7052307,2.657153,3.5645660000000006,0.02068766,1.6785330000000003,7.82252e-06,54.0,1.3076955446179082
1.56566,0.1303216,0.01683881,0.01982951,1.9142439999999998,3.873272,5.730517,0.04704575,6.224226,7.111300999999999e-06,147.0,1.2712845823609138
1.56566,0.2070495,0.02626006,0.02400268,0.2518284,4.304575,6.264508,0.09421187,1.7598740000000002,6.391205e-06,204.0,1.2918691963761468
1.56566,0.326954,0.05863985,0.01747673,2.47363,3.462126,0.008670671999999999,0.18694879999999997,0.3999789,7.580841e-06,271.0,1.3849233322086512
1.56566,0.49023770000000005,0.02845598,0.02961895,0.1424707,0.8031794,5.450922,0.3432428,4.450009,5.514520999999999e-06,333.0,1.2286921840335263
1.56566,0.7225604,0.01524505,0.01782938,2.32625,5.2866290000000005,3.490498,0.6141875,2.185871,4.162087000000001e-06,372.0,1.0880242099861535
1.56566,0.9006491,0.03798938,0.04396278,-2.450759,2.734598,1.9988759999999999,0.8547203999999999,1.789648,3.271338e-06,348.0,1.0428055546987438
1.56566,1.158032,0.0625675,0.04453631,-3.0158139999999998,0.6054304,3.811982,1.246158,6.214118,1.5080670000000002e-06,315.0,0.8417887424834818
1.56566,1.648543,0.371458,0.23161420000000002,-3.03788,4.517075,2.735994,2.116606,2.003618,1.182677e-07,468.0,0.40923176073912637
1.60606,0.08285609,0.07290808,0.06750210000000001,1.466329,1.411846,1.0942290000000001,0.02384974,4.359873,1.3661489999999999e-05,0.0,2.028705136768421
1.60606,0.163222,0.05712816,0.1103692,-2.828309,1.086476,4.020415,0.06594226,5.701677,6.1878459999999994e-06,92.0,1.2608828741787752
1.60606,0.2556734,0.1330623,0.05289137,-0.8311629,1.231735,4.653335,0.12927719999999998,4.032461,9.714252e-06,148.0,1.6526611626844225
1.60606,0.3861124,0.1145138,0.06599974,-1.613599,1.780302,0.07818423,0.2399181,6.171082,5.973809999999999e-06,172.0,1.2055922236107184
1.60606,0.6233438,0.06605918,0.03240937,2.089659,0.3659869,4.045029,0.4921322,1.720896,9.145844e-06,224.0,1.5268839370870986
1.60606,0.9615681,0.05246843,0.06836048,0.10599189999999999,3.112942,2.289259,0.942887,5.266096,3.221091e-06,271.0,1.032145657649021
1.60606,0.9964694,0.500373,0.22896020000000003,0.24604520000000002,1.2998530000000001,5.91424,0.9946837,3.6529239999999996,1.5446979999999997e-07,363.0,0.43862956953248267
1.60606,1.310011,0.11843540000000001,0.02975999,2.5645830000000003,2.745752,1.1539110000000001,1.499344,2.312282,2.291437e-06,306.0,0.9318070226381518
1.6464599999999998,0.06168574,0.06917243,0.04498307,1.8336580000000002,0.9410255,3.051223,0.01532059,0.31771220000000006,7.951227e-06,0.0,1.44468071038737
1.6464599999999998,0.1106735,0.09132727,0.0196822,-1.563592,0.2935625,5.920885,0.03681819,1.061907,7.271417e-06,79.0,1.371491207347333
1.6464599999999998,0.1566924,0.137459,0.05610695,0.8084642,1.053972,3.441094,0.06202512,1.849837,4.0283940000000005e-06,156.0,1.1024425498866688
1.6464599999999998,0.2754197,0.01672121,0.01931474,3.1285220000000002,1.297288,5.243172,0.14453929999999998,0.8421030999999999,1.1501019999999999e-05,191.0,1.8404865518831905
1.6464599999999998,0.43888879999999997,0.04559764,0.02394355,0.1849045,2.328785,4.140564,0.29075259999999997,1.717513,6.803046000000001e-06,214.0,1.3037638318718978
1.6464599999999998,0.6595973,0.08270692,0.05429733,0.09529922,0.3598686,2.50966,0.5356835,2.193753,2.209444e-06,314.0,0.9194752639900815
1.6464599999999998,0.8819633,0.06313476,0.0158739,-2.865645,3.7960010000000004,1.473482,0.8282591999999999,0.6130401999999999,6.331327e-06,306.0,1.2956286932088845
1.6464599999999998,1.271415,0.02474807,0.04314531,2.774734,5.873861,2.451692,1.433576,0.09068329,4.056559e-07,396.0,0.5668862135195432
1.6464599999999998,1.607632,0.0380824,0.1557179,-1.645089,6.03417,3.9969080000000003,2.038307,5.860571,6.621405e-07,355.0,0.6653348066023872
1.68687,0.06566049,0.0370904,0.02188892,-1.298542,2.237157,4.796689,0.016825,3.8110209999999998,4.874523e-06,0.0,1.1816235004133837
1.68687,0.1042704,0.06042329,0.07969491,0.3121099,1.767133,3.449332,0.03366967,1.4900309999999999,7.795437e-06,43.0,1.4058364205988956
1.68687,0.18854690000000002,0.05541912,0.04032380000000001,-2.572907,0.9075948,3.66641,0.08186977,5.237835,1.219014e-05,108.0,1.8859904269419627
1.68687,0.3211381,0.1054067,0.1055846,1.937802,5.061049,0.9236986999999999,0.1819832,0.2579516,4.661739e-06,175.0,1.1713328784384958
1.68687,0.4445668,0.04833496,0.06892207,-1.031164,3.6752290000000003,4.512742,0.29641209999999996,1.959355,7.55841e-06,228.0,1.363104987546905
1.68687,0.7051496,0.01037297,0.01853796,1.343947,2.356786,5.654872,0.5921259,1.973285,6.681463e-06,200.0,1.240665386444857
1.68687,1.061559,0.04217576,0.02848484,1.268852,1.7382849999999999,3.223697,1.093719,0.23566460000000003,3.641052e-06,275.0,1.0647517546340302
1.68687,1.52721,0.09880434,0.2708969,-2.828173,2.21751,3.6074050000000004,1.8872849999999999,4.05449,4.736059e-07,349.0,0.6049554350607436
1.68687,1.853384,0.4986576,0.316405,-1.315373,4.8649379999999995,3.4868069999999998,2.523119,6.067865,1.58083e-07,353.0,0.4372315779232798
1.72727,0.05694795,0.02192334,0.020915400000000004,0.9441510000000001,2.780529,5.657668,0.01358989,1.973584,4.959198e-06,0.0,1.16928992875718
1.72727,0.09676627,0.05235409,0.039426300000000004,1.73525,2.321859,2.069664,0.03010116,4.202598,8.097417e-06,51.0,1.418058013783667
1.72727,0.168453,0.01342539,0.05779919,2.216671,0.2103902,1.259101,0.06913748,5.090362,8.101953e-06,123.0,1.4411133691961955
1.72727,0.290596,0.04715962,0.0213512,-2.4312270000000002,3.6343419999999997,0.7945576999999999,0.15664909999999999,5.8350290000000005,8.972594e-06,196.0,1.489871781295486
1.72727,0.45781170000000004,0.11393969999999999,0.03734141,-0.6110177,0.40286120000000003,5.591227,0.3097583,5.678497,3.5961020000000002e-06,234.0,1.0540696204624913
1.72727,0.5994026,0.05770831,0.04955696,0.42041880000000004,1.2821280000000002,3.736575,0.4640549,2.1338880000000002,5.560983999999999e-06,281.0,1.1887571074645886
1.72727,0.9886246,0.02355079,0.03259477,-1.709259,1.452791,2.600756,0.9829634,2.870075,5.436436e-06,307.0,1.27120426424771
1.72727,1.686682,0.45573279999999994,0.6282658,-1.674873,1.391398,0.6890949000000001,2.190484,1.908146,1.3588729999999998e-07,372.0,0.4205053631436617
1.72727,1.720722,0.4652393,0.1072552,2.168431,5.800369,0.09613322,2.257128,3.87391,1.4167929999999998e-07,403.0,0.43295653882980567
1.72727,2.1858009999999997,0.452608,0.2028057,1.61106,4.002454,1.200423,3.231516,2.555804,1.375359e-07,381.0,0.42867474267305833
1.72727,2.5348349999999997,0.564604,0.22473539999999997,-2.591189,6.1924410000000005,5.601446,4.035685,2.7294110000000003,1.193753e-07,273.0,0.406753816169218
1.76768,0.05739087,0.03140981,0.02306184,-0.5270808000000001,3.741275,1.81325,0.01374876,4.819952,2.708817e-06,0.0,0.9911268186064486
1.76768,0.08685877,0.02384568,0.04631529,2.289326,6.028991,4.3458440000000005,0.02559872,2.3452319999999998,7.451952e-06,24.0,1.3522206792279086
1.76768,0.1281499,0.12111860000000002,0.04093902,-1.430511,4.994187,4.814151,0.04587484,1.4895639999999999,2.941096e-06,79.0,0.9806171453356992
1.76768,0.1678941,0.009686623,0.01924762,0.36374359999999994,2.252898,6.186661,0.06879375,3.5620589999999996,5.773082000000001e-06,118.0,1.1987586422762493
1.76768,0.2594048,0.03479954,0.05653544,0.1984285,5.024857,0.6557831999999999,0.13211779999999998,1.78407,7.07047e-06,151.0,1.3092439903956545
1.76768,0.3527114,0.02930768,0.02363581,-2.237765,0.6253854999999999,0.19291860000000002,0.20947039999999997,1.861798,4.436805e-06,189.0,1.109360052616862
1.76768,0.5148704000000001,0.03341924,0.03393876,1.54641,3.7054839999999998,6.003866,0.369435,0.7990451999999999,6.4185500000000006e-06,241.0,1.2452515505189048
1.76768,0.7199376000000001,0.01137042,0.02618826,-2.1485689999999997,1.820307,2.357834,0.6108504,2.695973,4.053683e-06,202.0,1.1236651684125065
1.76768,0.9403077,0.03591958,0.021634099999999996,-2.0245740000000003,3.147933,1.1214389999999999,0.9117911,6.281121,3.555495e-06,290.0,1.0555411781633417
1.76768,1.1523729999999999,0.04023777,0.08725453,0.6493074999999999,4.722638,1.8209830000000002,1.2370290000000002,2.7628340000000002,1.5128070000000001e-07,354.0,0.4313098570129814
1.76768,1.425846,0.08966307,0.08528560000000002,-2.6448490000000002,4.149633000000001,4.034143,1.702546,2.623595,6.038477e-07,349.0,0.6425626390051826
1.76768,1.8458009999999998,0.2403254,0.2640631,-2.130841,0.16858929999999997,5.748387999999999,2.507653,1.9055119999999999,1.50639e-07,351.0,0.4481846093738754
1.80808,0.06959362,0.108975,0.05510541,2.419762,2.9021939999999997,4.92627,0.01835915,5.791646,7.3528859999999996e-06,0.0,1.4012484162061014
1.80808,0.1334648,0.02187814,0.04150657,-1.026224,3.5307269999999997,2.757971,0.04875811,0.2647382,8.287685000000001e-06,57.0,1.4626899476329518
1.80808,0.2143118,0.05548186,0.04788738,-0.2321859,5.015483000000001,1.193422,0.09921128,2.738554,5.601705e-06,156.0,1.1800644857414475
1.80808,0.30033699999999997,0.03326780000000001,0.05856474,-0.8445050999999999,5.651396,5.81184,0.1645917,1.062361,8.523328e-06,133.0,1.4493124018052612
1.80808,0.5460124,0.03242666,0.03091202,1.089595,3.1303419999999997,4.98075,0.4034565,0.8068648,7.981725e-06,143.0,1.348437928502411
1.80808,0.7294833000000001,0.0426464,0.06330059,2.45115,5.887735,0.07563084,0.6230366,4.2265690000000005,3.7921409999999997e-06,289.0,1.0749315585188766
1.80808,1.03482,0.04062835,0.08324883,2.312251,5.983341,2.221662,1.052661,0.22701350000000003,1.3884460000000001e-06,282.0,0.8108866119973208
1.80808,1.2646709999999999,0.3086605,0.2246467,-2.577193,4.489626,5.915458,1.422187,3.63709,1.500173e-07,310.0,0.4462348180227278
1.80808,1.5144549999999999,0.10315710000000002,0.1139118,2.9434240000000003,4.010848999999999,1.571173,1.8637009999999998,1.074833,7.579134999999999e-07,261.0,0.6914329178526373
1.80808,1.844932,0.1595152,0.11020630000000001,-2.80951,3.084368,5.702659,2.505884,5.154504,4.7409290000000007e-07,343.0,0.6078219523424482
1.80808,2.318005,0.333253,0.263048,-0.1530443,2.368382,1.528983,3.529085,5.014912000000001,1.5580220000000002e-07,336.0,0.4435942256918386
1.80808,4.262934,0.8999715,0.5482384,-1.207282,4.7603860000000005,1.166056,8.801434,3.235081,1.482949e-07,302.0,0.443723044960788
1.84848,0.05503142,0.11339160000000002,0.06767715,-0.22322110000000003,0.0553859,1.9387740000000002,0.01290969,2.2874380000000003,1.98499e-06,0.0,0.8851752577362141
1.84848,0.0703658,0.03432454,0.03403446,2.608191,4.458554,0.6843670999999999,0.01866558,6.176892,2.8095999999999997e-06,17.0,0.9754745208418684
1.84848,0.09362985,0.05569672,0.03825991,-0.7362428000000001,0.27436209999999994,3.104962,0.02864965,3.523648,5.116349e-06,46.0,1.1872978798985971
1.84848,0.1302516,0.04333886,0.03115458,1.5222200000000001,4.235692,3.5890269999999997,0.04700797,4.044847,3.4760579999999997e-06,88.0,1.058673210594148
1.84848,0.1904772,0.03095488,0.02233161,2.2029509999999997,3.751668,2.958752,0.08313041,3.278661,7.514596e-06,109.0,1.4009110484629597
1.84848,0.3209752,0.060089300000000005,0.008049134,-1.7831970000000001,3.935522,4.550241000000001,0.18184479999999997,2.47493,8.044363e-06,174.0,1.3776480454408915
1.84848,0.47395479999999995,0.02282495,0.05765378,2.873196,1.072877,4.633921,0.3262857,0.7174788000000001,4.857685e-06,205.0,1.1590052207854444
1.84848,0.700882,0.03551983,0.03099352,0.438561,5.430482,1.117271,0.5867574999999999,1.602462,6.596102e-06,266.0,1.3109844302059157
1.84848,1.2025370000000002,0.1200387,0.06738066,-1.126392,2.268125,3.726057,1.318677,2.6966650000000003,2.339623e-06,297.0,0.9460143969682532
1.84848,1.9379389999999999,0.23406100000000002,0.0733332,2.893224,2.409638,0.3524107,2.6977450000000003,1.8031560000000002,2.972108e-07,342.0,0.5271986584940705
1.8888900000000002,0.059988099999999996,0.1973476,0.03199358,-1.167613,0.9710736999999999,2.239418,0.01469253,2.649683,4.280934e-06,0.0,1.1234728475892866
1.8888900000000002,0.08826946,0.05831107,0.05071933,-0.47804540000000006,6.144245,3.033201,0.026224900000000002,3.59683,4.025469e-06,42.0,1.1125761435404637
1.8888900000000002,0.13368310000000003,0.06675246,0.06343083,-2.4764630000000003,0.5520944999999999,4.639178,0.04887775,0.3204987,7.93113e-06,77.0,1.4355538460796593
1.8888900000000002,0.2392063,0.07054864,0.0421519,1.114874,3.4976059999999998,1.806774,0.1169913,3.434571,8.370297e-06,137.0,1.567654337852281
1.8888900000000002,0.3819375,0.04801443,0.05541578,1.614853,4.091137000000001,3.985612,0.236038,4.468832,5.518247e-06,158.0,1.1917505548125404
1.8888900000000002,0.5864068,0.01248291,0.09570594,-0.07559555,1.500046,3.7391690000000004,0.44904579999999994,2.332896,6.050179e-06,193.0,1.2418163829337407
1.8888900000000002,0.7755426,0.02974544,0.14775560000000001,3.093384,2.4447669999999997,5.222111,0.6829677,5.94798,2.369457e-06,247.0,0.9644367885223156
1.8888900000000002,1.154118,0.03147673,0.05483604,-2.032839,4.756734,3.3272690000000003,1.239841,0.6402808000000001,3.449316e-06,272.0,1.048802179271441
1.8888900000000002,5.68735,0.808732,0.18889460000000002,2.2518759999999998,5.458408,1.31256,13.562999999999999,4.936212,1.4937610000000002e-07,345.0,0.43426955941437323
1.9292900000000002,0.06878691,0.04444357,0.04442971,1.221454,3.4109589999999996,5.896625,0.01804087,1.350291,5.776518e-06,0.0,1.2480476851939681
1.9292900000000002,0.1011321,0.03288769999999999,0.07842843,2.591007,0.3580913,1.766731,0.03216113,5.03902,3.672942e-06,57.0,1.0709212979044316
1.9292900000000002,0.1347213,0.06749763,0.06964614,1.278363,4.8945300000000005,4.478193,0.04944829,4.456293,4.196829e-06,73.0,1.1310388166616516
1.9292900000000002,0.1823732,0.10437429999999999,0.03049742,1.165989,2.999364,3.281648,0.07788194,5.2245029999999995,3.982162e-06,120.0,1.096192356721628
1.9292900000000002,0.2450176,0.05740029,0.08268004,-1.485219,2.700018,3.9685089999999996,0.1212808,2.79441,4.1089280000000005e-06,91.0,1.1111574809993439
1.9292900000000002,0.3172454,0.06601255,0.03930589,-1.391925,6.134983999999999,6.1117550000000005,0.17868470000000003,1.499833,3.679303e-06,185.0,1.0751435726494059
1.9292900000000002,0.4379255999999999,0.05077671,0.02774662,-2.229889,1.7696939999999999,5.109242,0.2897966,5.499667,7.367859e-06,189.0,1.3996105253404112
1.9292900000000002,0.6727002,0.07441557,0.04676139,2.784162,0.8197260000000001,4.507848,0.5517273,1.0277100000000001,3.421834e-06,245.0,1.0307392090355607
1.9292900000000002,0.9635655999999999,0.02499386,0.03661064,0.3795452,2.357859,2.705394,0.9458296,6.249523,5.4049559999999996e-06,257.0,1.176427784051382
1.9292900000000002,1.887446,0.1704215,0.10069550000000001,-0.9084459999999999,2.395652,2.573865,2.5930009999999997,1.4152850000000001,1.496019e-07,298.0,0.4411016752682261
1.9697,0.05803691,0.01094428,0.167849,0.27886550000000004,3.039487,3.522844,0.01398157,0.20899610000000002,2.58349e-06,0.0,0.9842169828163259
1.9697,0.0918674,0.02839634,0.05022767,2.616609,2.8860349999999997,0.8098576999999999,0.02784454,1.647111,7.2042949999999994e-06,25.0,1.3171923446598155
1.9697,0.1608186,0.03645837,0.01925452,2.21525,5.818995,1.893818,0.06449123,0.1536217,7.564357e-06,59.0,1.4098903232650875
1.9697,0.2667305,0.04926056,0.03727824,0.3416714,2.540915,0.2063877,0.13775379999999998,3.565096,7.629805e-06,157.0,1.4398377726552223
1.9697,0.3902486,0.0418813,0.05450551,-2.155945,1.981195,5.275226,0.2437846,5.385769,2.183199e-06,164.0,0.9325446239854731
1.9697,0.5279851,0.04850612,0.02105402,-1.147943,0.7986101,1.238216,0.38364109999999996,1.6842979999999999,6.9280780000000005e-06,188.0,1.3574244788402403
1.9697,0.7188663000000001,0.05751839,0.03458313,2.315163,5.845555,2.688609,0.6094854999999999,0.8987037,2.8446530000000002e-06,239.0,0.9965463230894585
1.9697,1.039817,0.002684895,0.02638052,-2.317287,0.36173449999999996,2.9138900000000003,1.060297,4.864136,3.755114e-06,230.0,1.0820585032102725
1.9697,1.721852,0.19775520000000002,0.03185273,1.6586759999999998,3.180933,2.501313,2.259358,3.7044129999999997,3.0584309999999996e-07,306.0,0.5207948629500723
2.0101,0.06750561,0.07305664,0.13147709999999999,-2.635281,6.029721,0.8796525,0.01753916,3.688693,4.341853e-06,0.0,1.1252993789229402
2.0101,0.10538579999999999,0.01598684,0.0776412,2.954005,4.867014,5.518324,0.03421137,3.957021,6.5822709999999995e-06,38.0,1.2674804692318766
2.0101,0.1628612,0.05384334,0.02217551,1.423473,4.762809,0.6561925000000001,0.06572384,0.8304591,4.638093e-06,74.0,1.117633351675605
2.0101,0.2196801,0.1199124,0.0209924,-2.1476580000000003,0.3042376,0.9965542,0.1029631,2.9022229999999998,4.446471e-06,131.0,1.105112204185346
2.0101,0.35753140000000005,0.0654535,0.05042933,-0.5608349,5.941730000000001,1.211241,0.213779,2.220869,8.40428e-06,167.0,1.3866376360084842
2.0101,0.5484408000000001,0.02777793,0.03669415,2.311391,5.597891000000001,4.429565,0.40615070000000003,2.82131,6.2628110000000005e-06,191.0,1.2916758881889767
2.0101,0.9456576999999999,0.026064599999999997,0.04407819,0.04335052,2.064757,1.507757,0.9195856,5.652577,4.86564e-06,263.0,1.184684292309433
2.0101,1.396097,0.11613410000000002,0.08757837,1.612149,3.947052,1.469894,1.6495509999999998,2.366873,7.568349999999999e-07,244.0,0.6925770826100299
2.0101,1.465422,0.5836041000000001,0.2077205,-1.404324,4.548458,2.621656,1.77393,4.625936,1.411108e-07,229.0,0.43214447515153387
2.05051,0.05399137,0.03791002,0.02023439,0.7137331,4.552338,1.724062,0.01254542,2.769489,5.729357e-06,0.0,1.2080416393617424
2.05051,0.09525360000000001,0.08540448,0.07736201,1.659314,0.5466953,0.2651416,0.02939812,4.189593,5.881381e-06,73.0,1.198944878500977
2.05051,0.16136589999999998,0.02183109,0.04708452,-3.113132,2.2171119999999997,1.760347,0.06482081,2.67625,3.3495999999999997e-06,139.0,1.0165474283549303
2.05051,0.2172575,0.04869123,0.03617446,0.3802969,4.717223000000001,3.838056,0.10126460000000001,4.929402,4.413704e-06,174.0,1.119510743411233
2.05051,0.2903127,0.05823007,0.03900383,-1.5380719999999999,2.3400830000000004,1.841838,0.1564204,1.143901,2.974294e-06,224.0,0.9899954278004307
2.05051,0.36586979999999997,0.01922387,0.03545408,-1.019202,3.364445,3.5348940000000004,0.22130170000000002,1.225653,3.583821e-06,217.0,1.0611785221600956
2.05051,0.5457024,0.02786595,0.002580732,-1.868091,5.518966000000001,0.1625741,0.4031132,2.8132200000000003,5.313895e-06,252.0,1.1947666900191796
2.05051,0.8483785,0.02710109,0.0160848,-2.901401,3.869299,2.290804,0.7814061,1.375866,4.1626560000000005e-06,273.0,1.1155971537153948
2.05051,1.114182,0.05557037,0.02229205,-1.5607,1.044291,5.69372,1.176051,6.201414,8.094241e-07,309.0,0.6899248523430708
2.05051,1.380509,0.05715259,0.021614500000000002,-0.3353482,5.158065000000001,5.154286,1.622001,0.3714559,3.666619e-07,353.0,0.5472550059906833
2.09091,0.04570852,0.10802830000000001,0.06073634,0.8855095,4.388794,5.899106,0.009772269,0.7661597,1.771994e-06,0.0,0.8749627832079334
2.09091,0.0644753,0.02379402,0.02251958,-1.183008,3.252452,3.597325,0.0163715,1.575468,4.806586e-06,23.0,1.1688839335317658
2.09091,0.1061225,0.0525265,0.03419434,-2.4494029999999998,1.6751009999999997,1.071388,0.03457075,1.944865,4.755735e-06,80.0,1.138519339236163
2.09091,0.16338060000000001,0.04901979,0.004722176,-0.9832429,2.853595,1.155457,0.0660385,5.500961,4.455913e-06,135.0,1.1192932778701339
2.09091,0.2410826,0.01377859,0.03182433,-2.7312819999999998,1.0148,4.580093,0.11837069999999998,0.01376489,5.424360000000001e-06,174.0,1.1719470757939177
2.09091,0.3575589,0.002642942,0.05299032,1.106213,3.7996410000000003,1.582498,0.2138042,2.9607810000000003,3.0563830000000002e-06,199.0,1.0196695135928178
2.09091,0.4278639,0.05315335,0.03327771,-2.330918,2.877897,1.531042,0.2798675,1.0758370000000002,3.508548e-06,246.0,1.0517653498774715
2.09091,0.5756170999999999,0.0158622,0.02468067,1.8346509999999998,1.274499,4.30346,0.4367107,1.224024,1.711736e-06,284.0,0.8711496085366552
2.09091,0.6959929,0.04395257,0.009130423,2.822332,0.11062480000000001,2.96597,0.5806305,0.03608345,3.000271e-06,288.0,1.018006337399949
2.09091,0.8440499,0.04713647,0.03659942,-0.4046078,1.64193,3.9528239999999997,0.7754358,2.75247,1.3667429999999999e-06,256.0,0.7941659420647346
2.09091,1.073592,0.05224158,0.02833619,0.5974924,3.8275989999999998,5.686325,1.112375,1.362595,2.265936e-06,300.0,0.937634573305772
2.09091,2.915332,0.6458861,0.2208354,0.2433173,3.752475,2.07061,4.9776489999999995,3.512032,1.215726e-07,327.0,0.4125546351463097
2.13131,0.05079252,0.04605661,0.07397426,-2.153505,4.269158999999999,3.3589580000000003,0.01144719,1.332049,3.287989e-06,0.0,1.0422286460471857
2.13131,0.08035226,0.05321691,0.0683057,0.8284030000000001,6.056081,1.87349,0.02277693,1.375757,5.540524e-06,41.0,1.2077915875106324
2.13131,0.1209705,0.08904959,0.02824001,0.5063306,4.627651,3.045038,0.04207429,4.0481370000000005,2.754852e-06,96.0,0.9849004871078471
2.13131,0.1731946,0.008021016,0.02864405,0.9511951,3.498696,5.5555699999999995,0.07207724,1.1200809999999999,4.4193650000000005e-06,135.0,1.130776425555331
2.13131,0.2250502,0.07010274,0.04410295,-1.4745219999999999,0.835397,0.5315888000000001,0.1067613,1.304006,2.793219e-06,174.0,1.013845570448101
2.13131,0.3146716,0.04958198,0.02856183,-0.9355621999999999,3.943075,0.6609222,0.1765151,3.8688059999999997,4.8269080000000005e-06,163.0,1.1265280643212825
2.13131,0.4492412,0.01460136,0.02219531,-0.5028348,3.625418,5.0806,0.301102,1.9848689999999998,3.191636e-06,210.0,0.9836278007695294
2.13131,0.6062311,0.06283349,0.01913244,2.707968,5.625184,2.801166,0.47200909999999996,0.8420519000000001,5.200802999999999e-06,230.0,1.1780897698727402
2.13131,0.9096173000000001,0.03237564,0.03078445,2.031946,2.226771,3.552861,0.8675224,5.534007,1.907414e-06,258.0,0.8998250933964539
2.13131,1.142492,0.05648755,0.04865572,-2.794182,2.201041,4.0805169999999995,1.221158,4.561312,1.778047e-06,308.0,0.8471659291427712
2.13131,1.6670900000000002,0.6193988,0.14672770000000002,2.8090990000000002,5.803096,2.166152,2.1524389999999998,5.473901000000001,1.267438e-07,327.0,0.4189319480735123
2.17172,0.04936652,0.1524917,0.07400759,-0.41666369999999997,0.1061973,0.04655277,0.01096852,0.4861621,3.6517989999999997e-06,0.0,1.067557398445837
2.17172,0.07278491,0.0541909,0.07893229,-0.7721021,5.558466,5.265623000000001,0.01963634,0.5323979,2.988501e-06,45.0,1.0181503939753447
2.17172,0.09859347,0.04665731,0.04496715,2.0643700000000003,3.9013379999999995,2.197824,0.030957799999999997,2.567502,2.884988e-06,80.0,0.9762868708077914
2.17172,0.15118910000000002,0.01758198,0.01032809,2.157598,6.0648919999999995,0.1278904,0.05878648,4.437805,6.134705e-06,119.0,1.3096286265869859
2.17172,0.22694789999999998,0.02802403,0.1276499,-0.798492,3.289454,3.244586,0.10811489999999999,0.7929714,2.2628870000000002e-06,172.0,0.9419797912232826
2.17172,0.3298051,0.009724714,0.03426746,-0.47491700000000003,3.5399160000000003,1.797361,0.1894003,4.996918,6.65327e-06,190.0,1.3129948388422645
2.17172,0.5377937,0.03137736,0.06784655,2.607941,5.1035,4.131712,0.39438190000000006,2.7291630000000002,5.207012e-06,248.0,1.1854134728588503
2.17172,0.8253645000000001,0.0196321,0.03604408,-3.000386,5.552224,0.4295741,0.7498272,4.127908000000001,3.2932479999999997e-06,316.0,1.0354761776266352
2.17172,1.124675,0.1409491,0.03529589,-2.99305,4.8619010000000005,3.5054510000000003,1.192707,1.911182,2.337993e-07,299.0,0.49719095120817125
2.17172,1.264994,0.13245510000000002,0.06268138,0.0988313,1.403482,1.7750270000000001,1.4227450000000001,0.3573736,1.013666e-06,214.0,0.7480266841678993
2.17172,1.7162380000000002,0.07810101,0.05633128,0.7170314,3.6505870000000002,0.05148221,2.248323,2.105467,1.2116660000000002e-07,335.0,0.4110859428597643
2.17172,1.779003,0.2539634,0.31799279999999996,1.9771919999999998,4.601008,2.768151,2.3727810000000003,2.7223439999999997,1.205808e-07,332.0,0.4087911344243833
2.21212,0.06916354,0.04358762,0.06163568,-2.3984509999999997,0.34856329999999996,1.8916979999999999,0.01818925,3.8813760000000004,5.041451e-06,0.0,1.1686504280994088
2.21212,0.11116969999999998,0.04266545,0.02954612,2.789668,5.119216000000001,2.451692,0.03706614,0.8910331,4.759716e-06,46.0,1.1635663952277477
2.21212,0.15638870000000002,0.01919884,0.05315454,0.1164616,3.694554,2.436444,0.06184508,4.870784,3.5375850000000005e-06,83.0,1.0465166472830987
2.21212,0.22942039999999997,0.01514943,0.04333591,-1.367275,2.929996,4.516113,0.10988640000000001,2.958957,6.518662e-06,115.0,1.247499338344858
2.21212,0.348325,0.06620008,0.05025519,-2.546245,5.339103,5.820473000000001,0.20557579999999998,3.041525,2.965715e-06,153.0,1.0188476701201181
2.21212,0.44365609999999994,0.01561087,0.07183742,1.072106,3.964557,3.374749,0.2955042,4.5902389999999995,4.784695e-06,173.0,1.1370351575755664
2.21212,0.5897443,0.04137671,0.03717733,-0.3266055,5.014646,1.009871,0.4528852,2.6455040000000003,3.043338e-06,216.0,1.0035844783374066
2.21212,0.7740453,0.01487432,0.03288432,1.8220349999999998,4.383712,5.8515489999999994,0.6809930999999999,5.918486,3.933664999999999e-06,196.0,1.0845563690702253
2.21212,1.087988,0.08677469,0.06823066,-2.699991,4.410553,1.855893,1.134824,0.17346570000000003,1.476308e-06,223.0,0.8119257325184432
2.21212,1.609665,0.1276593,0.17944949999999998,-0.7119357,3.52527,5.220155999999999,2.042186,2.559226,1.6037420000000001e-07,289.0,0.4455555160628958
2.21212,1.637786,0.2134772,0.1168138,2.136707,5.6264330000000005,2.1982310000000003,2.095934,1.061956,3.058651e-07,262.0,0.5374887280907732
2.21212,1.713191,0.2504852,0.22584279999999998,-1.0818889999999999,0.8488950000000001,4.179596,2.242338,3.987537,1.493177e-07,249.0,0.4326344290112675
2.25253,0.06969647,0.03032852,0.01398643,1.0565069999999999,5.953334,2.686889,0.01839989,2.015523,4.725214e-06,0.0,1.1443386379782932
2.25253,0.10658410000000001,0.05172811,0.09078272,-2.924856,0.5633385000000001,1.062845,0.03479658,3.3971910000000003,3.4981720000000003e-06,45.0,1.0685062127515192
2.25253,0.1565798,0.01591992,0.06536978,0.7649496,0.8245523000000001,5.723269,0.06195842,4.107401,6.475708e-06,65.0,1.2967062852836206
2.25253,0.27380770000000004,0.04381831,0.01503917,-0.7151721,2.801512,6.057849,0.14327279999999998,3.909193,7.843205e-06,93.0,1.3813183003543923
2.25253,0.45677920000000005,0.02176404,0.01465641,2.735662,2.448898,5.836062999999999,0.30871190000000004,0.6784776,5.332379e-06,172.0,1.1839698251352542
2.25253,0.6577523000000001,0.02536072,0.04178079,-1.903473,2.736845,4.857544,0.5334404,3.985779,3.475378e-06,200.0,1.0451321816274541
2.25253,0.9242678,0.04686488,0.02537307,0.006098748,4.615429,2.526321,0.8885664000000001,4.109241,3.83531e-06,191.0,1.0839102176506656
2.25253,1.197101,0.04015853,0.08100949,2.862332,5.849631,2.036394,1.30975,5.858604,9.54592e-07,255.0,0.7316958494010042
2.29293,0.051471699999999995,0.07632259,0.04550814,-0.9106704,5.013705,2.859356,0.01167756,4.8909400000000005,2.631377e-06,0.0,0.9681533144902652
2.29293,0.06836424,0.09736119,0.045858800000000005,2.140602,1.9596080000000002,1.586708,0.01787485,3.6657379999999997,2.149486e-06,32.0,0.9180238675528436
2.29293,0.08779255,0.06608268,0.02664689,-2.7977790000000002,1.02633,5.657541,0.02601267,1.27013,2.6306189999999997e-06,50.0,0.9942401262558016
2.29293,0.1203651,0.01948942,0.02222579,2.90879,1.196918,3.6346019999999997,0.04175887,5.793998,3.5675099999999996e-06,61.0,1.0541682264758232
2.29293,0.1585727,0.04070859,0.03421347,-2.4516880000000003,0.3296059,5.368475,0.06314513,1.284794,2.371309e-06,122.0,0.944762780086482
2.29293,0.1954563,0.049327300000000004,0.009309343000000001,1.613364,1.060711,4.759892,0.08641142,2.169044,2.466629e-06,145.0,0.9544843785347078
2.29293,0.2762195,0.02680138,0.02139036,-1.723897,5.217046,3.3368559999999996,0.1451701,6.118264,4.446801e-06,165.0,1.1383881823335165
2.29293,0.3904837,0.00948082,0.01938333,0.01813656,4.636457,4.266296,0.24400529999999998,5.8876290000000004,3.6179989999999997e-06,202.0,1.0785592482331392
2.29293,0.5055611,0.004499264,0.006255653000000001,1.451173,1.030583,5.705089,0.3594625,3.222602,2.6932870000000004e-06,219.0,0.9608487206965539
2.29293,0.7066498999999999,0.01831028,0.006595655,1.25793,1.590116,5.2625910000000005,0.5940188,2.4384740000000003,4.772977e-06,212.0,1.1532969715389454
2.29293,0.9322988000000001,0.03200365,0.004572843,2.276959,5.303888,1.613928,0.9001724,0.3369572,1.021378e-06,267.0,0.7280770769119576
2.29293,1.200898,0.06508188,0.02878673,0.5817531,0.1461851,2.3107029999999997,1.315988,1.712429,1.183429e-06,287.0,0.7837992388794832
2.33333,0.05919228,0.01111048,0.05188499,0.214418,2.1288669999999996,0.3109511,0.01440113,4.231079,4.953503e-06,0.0,1.1949562204498307
2.33333,0.10181119999999999,0.01616622,0.1021642,-2.28158,2.654882,3.1966099999999997,0.03248564,2.8332349999999997,4.645727999999999e-06,57.0,1.170700320598029
2.33333,0.154201,0.05384224,0.05033646,0.2942066,2.0072080000000003,3.725281,0.0605519,1.5312430000000001,4.204653e-06,108.0,1.1200989589480836
2.33333,0.215079,0.09445178,0.01966127,1.014856,2.7385040000000003,0.9757229,0.09974558,3.445045,2.230039e-06,149.0,0.910692533243539
2.33333,0.30815040000000005,0.01428844,0.05149763,2.09137,0.3675622,1.296822,0.1710563,5.094666999999999,6.909389e-06,157.0,1.3453322704108128
2.33333,0.4890575,0.04438157,0.05877551,-0.8528216999999999,4.306461,5.011761,0.342006,1.646823,2.934296e-06,218.0,0.990074526626715
2.33333,0.6453237,0.07468089,0.07208481,-2.596633,3.688596,5.047832,0.5183952000000001,3.8539790000000003,2.145632e-06,217.0,0.93514507274515
2.33333,0.8285348,0.028117900000000005,0.04199986,0.03057457,0.42978820000000006,4.98336,0.7541526,4.468158,3.6306959999999997e-06,242.0,1.1106471495853032
2.33333,1.167123,0.08767589,0.0485057,2.480601,0.322542,5.736226,1.2608620000000001,2.965849,1.4588560000000002e-06,268.0,0.8192229807308005
2.37374,0.06558018,0.05056239,0.08201113,-0.18096389999999998,4.108026000000001,1.9815610000000001,0.01679415,4.245835,3.905779e-06,0.0,1.0783818264509213
2.37374,0.09802794,0.06184733,0.07216197,-2.841439,3.894596,4.095034,0.03069186,3.0533080000000004,3.625193e-06,38.0,1.0794157030619447
2.37374,0.1336545,0.059874000000000004,0.04448935,2.801682,0.9680633,2.554631,0.04886222,4.953073000000001,3.139697e-06,65.0,1.0305644431575436
2.37374,0.18035879999999999,0.02708268,0.05750148,0.01586057,2.075936,3.1085979999999998,0.07659545,1.063683,3.800762e-06,92.0,1.064764550788724
2.37374,0.23736479999999996,0.05677069,0.05332537,2.660852,5.891008,4.07149,0.1156433,1.9113259999999999,3.133859e-06,121.0,0.9839199616731135
2.37374,0.3306114,0.07716277,0.06004042,-2.614827,2.564684,6.1094349999999995,0.19009520000000002,6.138548999999999,2.834283e-06,159.0,0.9998882333146869
2.37374,0.4332134,0.02249542,0.04297566,-1.756117,3.451046,2.3034689999999998,0.28513330000000003,0.6348636999999999,5.5381669999999995e-06,135.0,1.2406600653322852
2.37374,0.6507175000000001,0.04467412,0.03683646,-0.1099519,5.522223,2.634302,0.5249067,3.475021,4.335958e-06,200.0,1.1571474336751255
2.37374,0.8733290000000001,0.02467803,0.03296741,1.233407,6.031802,1.981514,0.8161308,1.0417,2.283912e-06,235.0,0.936250172424926
2.37374,1.230615,0.09271687,0.06774705,1.5164819999999999,4.5798559999999995,1.485994,1.365137,1.8541599999999998,1.238699e-06,252.0,0.7877202617616537
2.37374,1.636475,0.11120160000000001,0.19706410000000002,2.185135,1.341618,1.4355959999999999,2.0934209999999998,4.012525,1.5456029999999998e-07,263.0,0.44103199698593337
2.41414,0.04222523,0.09855633,0.1261126,3.028124,6.064967,3.84455,0.008676762,1.214465,1.353899e-06,0.0,0.805765284082461
2.41414,0.05271681,0.0799617,0.1202327,2.221246,5.773649,5.339188,0.01210383,3.558931,1.992282e-06,19.0,0.9069288395352029
2.41414,0.07520746,0.058920299999999995,0.01829455,-2.646447,5.500031,6.042892,0.02062481,3.184072,3.510229e-06,46.0,1.0340990410032869
2.41414,0.101046,0.06396243,0.05436026,1.3780290000000002,1.401262,4.213904,0.0321201,1.562394,1.8079599999999998e-06,90.0,0.8638074346436866
2.41414,0.13100330000000002,0.04484983,0.014877200000000002,3.101753,5.8710949999999995,3.4710910000000004,0.04741553,0.8471696,2.937452e-06,113.0,1.000486615554971
2.41414,0.1926695,0.04672713,0.05364478,0.6971622,4.860558999999999,4.698601999999999,0.08456996,5.350562,3.875844e-06,134.0,1.1264442210308316
2.41414,0.2719006,0.03389934,0.06091994,-2.878314,1.9662220000000001,0.7684227,0.14177879999999998,1.7475439999999998,3.254623e-06,162.0,1.0306225383857563
2.41414,0.3595231,0.1020465,0.04571528,0.6842425,5.147451,3.8859800000000004,0.21556820000000002,4.157023000000001,1.826241e-06,211.0,0.882632580630808
2.41414,0.4916185,0.03586280000000001,0.04265545,-0.1322809,0.44693359999999993,1.102545,0.3446967,0.8403703000000001,5.211881e-06,200.0,1.1794658857911045
2.41414,0.7354013,0.04749492,0.006647366,2.121339,4.429809,5.4178809999999995,0.6306383000000001,5.0617730000000005,2.8442360000000004e-06,259.0,0.9787440633917626
2.41414,1.026831,0.0172578,0.0521376,-2.366893,0.02195215,6.220299,1.040499,2.307835,1.7661250000000002e-06,288.0,0.8672798424807332
2.41414,1.461724,0.13525009999999998,0.2468214,-0.9536062,4.523676,2.14615,1.767223,4.588261,1.160547e-07,308.0,0.40223072328828274
2.41414,1.652378,0.06773542,0.1657289,-1.609024,3.3636730000000004,3.066481,2.124014,1.445287,1.206958e-07,330.0,0.40643528248785665
2.41414,2.46929,0.5817606,0.1402197,-2.236438,3.9695410000000004,4.764081,3.880176,3.105611,1.204796e-07,329.0,0.41234458426161147
2.45455,0.05787981,0.04971336,0.03206003,-1.037479,2.1097810000000004,4.1623779999999995,0.01392483,3.094896,3.804842e-06,0.0,1.059027314882266
2.45455,0.08594700000000001,0.03889455,0.06809176,-0.2053169,1.827925,5.5195099999999995,0.02519675,3.845425,3.145686e-06,40.0,1.015181742673286
2.45455,0.12540710000000002,0.02541258,0.01083888,-1.7336939999999998,1.334151,2.669718,0.04441001,3.072822,4.222059e-06,49.0,1.113184457457082
2.45455,0.20387639999999999,0.03603941,0.05830376,-3.076654,5.201208,4.46001,0.09205493,2.385872,4.790408e-06,118.0,1.1682922514411045
2.45455,0.2894151,0.08092551,0.05209365,2.355843,0.7920214,4.274361,0.1556958,1.278671,2.644803e-06,161.0,0.9669443579343757
2.45455,0.3722995,0.03458144,0.06993647,-2.3731869999999997,1.61216,6.171785,0.22716129999999998,0.6929379,3.507263e-06,152.0,1.0447410145629021
2.45455,0.5496346,0.04756786,0.01894683,-0.5533276,4.330496,2.805607,0.40747890000000003,5.230432,5.575067e-06,200.0,1.183114620214806
2.45455,0.7651095,0.05938643,0.05583362,0.685233,3.7449169999999996,0.49658509999999995,0.6692358,2.429872,1.069041e-06,251.0,0.7647636925813708
2.45455,1.0116100000000001,0.04301711,0.04098549,0.8799463,1.9601810000000002,6.277838,1.01745,3.4138370000000005,2.416385e-06,253.0,0.9552107848524388
2.45455,1.367845,0.03864679,0.12335689999999999,0.31855609999999995,6.0992169999999994,2.099382,1.5997370000000002,2.034809,4.119464e-07,281.0,0.5747508881862324
2.45455,1.409349,0.06798299,0.1645252,2.49852,3.097919,3.1590849999999997,1.673096,3.7632589999999997,1.3016519999999999e-07,256.0,0.4227730001490122
2.49495,0.05371175,0.05441046,0.04676261,-2.124959,2.993563,3.587365,0.0124481,2.760789,4.392749e-06,0.0,1.1247623749219287
2.49495,0.0836781,0.06278087,0.02265229,-2.681102,3.064361,2.696616,0.02420563,2.401082,2.180973e-06,54.0,0.9409917485226109
2.49495,0.1085305,0.02856131,0.02941876,1.241875,5.284939,2.2090240000000003,0.0357541,2.0173900000000002,2.183944e-06,69.0,0.9233743632643985
2.49495,0.1441456,0.04419983,0.06530309999999999,1.05746,0.13825539999999997,4.655069999999999,0.05472669,3.433118,3.796044e-06,104.0,1.066005082375546
2.49495,0.219523,0.006044454,0.05188471,0.6119551,4.781606,3.7486129999999998,0.1028529,4.626189,3.462593e-06,140.0,1.057449889267294
2.49495,0.34289159999999996,0.05228240000000001,0.04582605,-1.4815209999999999,5.6438489999999994,6.242885,0.2007847,2.168889,6.073031e-06,172.0,1.2471231256626372
2.49495,0.5302014,0.05746201,0.02081141,-2.870971,5.636595,5.666015,0.3860611,2.926046,2.593156e-06,189.0,0.9774780752347445
2.49495,0.7216103,0.01783967,0.03210708,1.322222,2.21238,0.08384466,0.6129824,2.843057,3.376239e-06,212.0,1.0328702054490044
2.49495,1.0329270000000002,0.05698737,0.02913474,-2.9352560000000003,0.19930720000000002,0.1001586,1.049779,2.868195,1.823115e-06,257.0,0.887206946207911
2.49495,1.385152,0.10959589999999998,0.10450830000000001,0.16126089999999998,2.60127,3.6461959999999998,1.630196,1.0681120000000002,2.54022e-07,303.0,0.5083856105764286
2.49495,1.432755,0.04331395,0.2088178,-2.855611,6.193444,5.139585,1.71495,1.88495,2.3841650000000002e-07,267.0,0.49556096579599546
2.53535,0.05140834,0.00311764,0.08001075,-1.9406740000000002,3.6085599999999998,3.247477,0.01165601,1.585826,1.526257e-06,0.0,0.8445193596789473
2.53535,0.06557192,0.03823284,0.04489464,1.8505479999999999,5.149553,2.512884,0.01679098,1.8696490000000001,2.563014e-06,17.0,0.9705731672248904
2.53535,0.09023625,0.008715186,0.01395412,-0.3484912,0.29251279999999996,5.97534,0.02710628,6.026928,3.2621050000000004e-06,41.0,1.0201398579316174
2.53535,0.1310824,0.01202791,0.008163074000000001,0.6129836,4.346413,4.845073999999999,0.04745854,6.166077,3.2676440000000002e-06,76.0,1.025247047483826
2.53535,0.1743015,0.1092892,0.02225398,-2.659847,3.514991,2.582937,0.0727694,1.9376189999999998,1.857287e-06,98.0,0.8731849973400077
2.53535,0.2212768,0.04667052,0.02291203,2.630085,4.298083,0.1591406,0.1040879,5.7514080000000005,3.3996679999999998e-06,123.0,1.0483013754849444
2.53535,0.2987774,0.004672957,0.010716700000000001,2.798228,2.476864,1.224693,0.1633118,2.240132,2.8650060000000003e-06,153.0,0.9990484782351312
2.53535,0.3702147,0.007139937,0.01163544,-0.6414483,0.04840135,5.462875,0.2252558,6.052677,2.22035e-06,159.0,0.935520552055401
2.53535,0.5079498,0.03650163,0.01888372,-1.8364209999999999,4.588757,4.424536,0.3620144,1.744431,3.509173e-06,198.0,1.047905161775736
2.53535,0.6262127,0.042417199999999995,0.0205924,-2.9402619999999997,4.926271,6.245265,0.49553820000000004,4.184783,1.64586e-06,207.0,0.8630836690677962
2.53535,0.778837,0.0245686,0.02715967,0.3181297,5.249246,2.582421,0.6873268,3.2907910000000005,2.369633e-06,235.0,0.9358551413861389
2.53535,1.010609,0.06486462,0.02194326,1.113472,5.63365,0.8689106,1.015941,0.4601593,1.8967959999999999e-06,232.0,0.8904458044618714
2.53535,1.2860639999999999,0.03815578,0.03970498,-1.24329,3.062277,4.308798,1.458435,2.534394,2.7599009999999996e-07,275.0,0.5127285096763119
2.57576,0.05893434,0.04152919,0.04324707,2.405942,2.659079,4.499612,0.01430711,5.671258,3.6661810000000003e-06,0.0,1.0937495631770577
2.57576,0.09005361,0.01677459,0.02916704,-2.977916,3.988918,0.27657129999999996,0.02702404,5.525918,2.8538119999999996e-06,38.0,0.9781904170158299
2.57576,0.11579,0.003736777,0.01511685,3.096309,6.140423999999999,1.8062490000000002,0.03940077,5.12906,1.888031e-06,68.0,0.8578699491361024
2.57576,0.1510874,0.05555233,0.008020345,-3.040299,1.523508,3.13518,0.05872729,4.541755,3.673625e-06,86.0,1.0424044330642568
2.57576,0.22572729999999996,0.02130214,0.02870644,1.07209,6.028067,3.581489,0.10724389999999999,2.779824,3.828165e-06,111.0,1.0829461236149382
2.57576,0.32295809999999997,0.03042338,0.03518148,-0.6998638,0.2579675,5.309957,0.18353329999999998,5.719984999999999,4.037351e-06,141.0,1.0867921027127392
2.57576,0.4589179,0.002150621,0.01855844,1.4584629999999998,0.1759041,3.489754,0.31088330000000003,1.8595119999999998,3.490893e-06,160.0,1.0503231820449617
2.57576,0.5915971999999999,0.005891636,0.03793418,-0.8402345999999999,2.432569,2.992308,0.4550232,1.4116,2.3935519999999998e-06,201.0,0.9433210075910996
2.57576,0.7940906999999999,0.0629918,0.02652485,0.16219760000000003,5.88459,4.460657,0.7076182,4.571568,2.282528e-06,212.0,0.9217286018032406
2.57576,1.044426,0.02140368,0.04667782,-3.00829,6.188251999999999,4.758057,1.067357,1.6208790000000002,2.359124e-06,238.0,0.9464697916364548
2.61616,0.05367491,0.06809631,0.08858091,-1.847688,1.2827540000000002,4.5628269999999995,0.0124353,4.999080999999999,3.056632e-06,0.0,1.0185290438454397
2.61616,0.07660106,0.1035377,0.04431093,-1.33067,0.5694786999999999,2.563409,0.02120074,3.2911910000000004,2.374948e-06,36.0,0.9458031757853868
2.61616,0.10977329999999999,0.06808633,0.0249988,1.170232,4.8541739999999995,1.831552,0.03636998,2.203496,3.884796e-06,47.0,1.0911149032921026
2.61616,0.1767776,0.02168311,0.06704663,2.045245,0.06120732,2.665449,0.07432548,0.5825326999999999,4.941626e-06,100.0,1.1802674911481277
2.61616,0.3030302,0.05343098,0.05328063,2.796656,0.18158020000000002,1.7080220000000002,0.166811,4.909031,5.117183e-06,143.0,1.1567967716896268
2.61616,0.45789189999999996,0.03229795,0.0367644,-1.831392,0.6669411999999999,2.393089,0.30984120000000004,3.532373,4.703245e-06,182.0,1.1669398228696628
2.61616,0.7021838,0.07536380000000001,0.04002884,0.9893291,2.000454,4.503029,0.5883971,1.6639709999999999,2.080844e-06,206.0,0.9039547684927438
2.61616,1.023717,0.09572049,0.06116959,-0.1369182,3.3704629999999995,4.348337,1.035771,1.295218,2.9610500000000002e-06,216.0,0.9982623457469142
2.61616,1.583307,0.3912262,0.2841788,-1.4918200000000001,0.1912412,3.6034379999999997,1.9922389999999999,4.139705999999999,1.337255e-07,278.0,0.42718067351061095
2.61616,2.006195,0.18372639999999998,0.08474723,1.3261530000000001,2.9463880000000002,2.2171,2.8415369999999998,3.938165,1.3055060000000002e-07,266.0,0.4191390799582849
2.65657,0.06102357,0.05744734,0.06459281,1.2199209999999998,1.2565,4.1449739999999995,0.0150746,1.7818610000000001,3.2597859999999997e-06,0.0,1.0325560022232274
2.65657,0.09429031,0.04974251,0.03956439,1.417724,3.216734,2.5325919999999997,0.02895336,4.098254,4.09423e-06,35.0,1.0910149163064924
2.65657,0.1498553,0.04151633,0.02546767,1.595326,3.3380089999999996,2.979798,0.05801036,4.254161,4.564806e-06,76.0,1.1620758530498265
2.65657,0.2109634,0.01494552,0.03903059,0.29874459999999997,4.279711,5.8245569999999995,0.09689633,1.2745959999999998,2.852263e-06,104.0,0.9828497631137381
2.65657,0.2998054,0.01816359,0.06774277,-2.247805,0.8970402,5.659056,0.1641555,0.7511844,2.051616e-06,131.0,0.9296904651516114
2.65657,0.35991809999999996,0.003899445,0.05242437,2.5981360000000002,3.2929410000000003,3.7013160000000003,0.2159241,4.087091,3.531298e-06,145.0,1.0509626566353214
2.65657,0.5182608,0.02362685,0.02403512,-1.1217110000000001,4.027275,5.212922,0.37309309999999996,2.341675,4.196992e-06,167.0,1.1194785991828815
2.65657,0.7359873,0.01134407,0.04053039,-2.922364,3.77437,5.332771,0.6313925,4.458756,3.1931939999999996e-06,190.0,1.0036559087728825
2.65657,1.080774,0.007414383,0.06438665,-0.606205,1.7449009999999998,1.369966,1.123559,0.2346994,1.982314e-06,194.0,0.8728245880420942
2.65657,1.629122,0.27973200000000004,0.1721588,0.6424514,2.654413,2.741972,2.079332,5.323523000000001,1.469892e-07,251.0,0.43291581037596594
2.69697,0.05623915,0.08384546,0.14603829999999998,2.868801,5.809332,1.921676,0.01333699,5.725753,2.161563e-06,0.0,0.9440808892563111
2.69697,0.08681987,0.11574769999999998,0.03091338,-2.2181439999999997,0.9080252000000001,5.736508000000001,0.02558156,0.9411331000000001,5.2281550000000004e-06,23.0,1.2288991734250079
2.69697,0.141371,0.08680511,0.10971099999999999,-1.4278110000000002,5.596925,4.067988,0.05315427,6.162425,3.36968e-06,72.0,1.0425907587009096
2.69697,0.2196118,0.1053263,0.06147243,1.211729,3.9259720000000002,3.665223,0.1029153,4.599903,4.633414e-06,99.0,1.1571765143161477
2.69697,0.36452399999999996,0.02655359,0.01426429,-1.109764,1.1422379999999999,3.809649,0.22008200000000003,3.7464730000000004,6.092437999999999e-06,131.0,1.2597390175181205
2.69697,0.5033844,0.07616022,0.06829412,2.7932770000000002,0.3074624,1.622142,0.3571449,4.652166,2.099032e-06,174.0,0.9162886556059238
2.69697,0.8940031999999999,0.06803602,0.02025427,0.3789993,2.1902779999999997,5.109929,0.8452832,2.612473,5.647788000000001e-06,195.0,1.2481832329229137
2.73737,0.07162445,0.06464729,0.05278136,0.30683130000000003,3.901351,4.349927,0.01916863,0.1615904,4.581929e-06,0.0,1.1398693051428515
2.73737,0.1122754,0.02656217,0.11435719999999999,-2.2827439999999997,2.989633,0.918524,0.03762056,0.2231679,3.586153e-06,43.0,1.0791435608966478
2.73737,0.1810281,0.01013616,0.0166165,-1.7267169999999998,2.305213,4.170786,0.07702224,3.5835589999999997,5.457578e-06,76.0,1.2240334511705455
2.73737,0.2651631,0.07176394,0.065741,0.04677228,0.9606865,5.023877,0.1365419,3.9124589999999997,2.6449110000000004e-06,117.0,0.9732613466315443
2.73737,0.38538629999999996,0.04084361,0.01794793,-3.113613,5.015423,4.859616,0.23924320000000002,2.972019,5.4009680000000004e-06,121.0,1.211266840298765
2.73737,0.6273238,0.02770429,0.01563545,2.5122459999999998,4.000418,5.1816699999999996,0.49685779999999996,4.897949,4.111326e-06,153.0,1.1058840768752694
2.73737,0.8196863999999999,0.05236358,0.050612300000000006,0.41776320000000006,2.5310099999999998,5.556754,0.7421045999999999,2.6583810000000003,2.479967e-06,190.0,0.9490877393811916
2.73737,1.280527,0.09981832,0.04887823,2.481003,4.999548,2.634928,1.4490299999999998,1.637421,1.393073e-06,186.0,0.8102310764035704
2.77778,0.05325306,0.06030441,0.05387546,2.268243,1.247948,4.381742,0.01228899,0.9619456000000001,2.846106e-06,0.0,0.9825322692031169
2.77778,0.09234043,0.009655933,0.02884401,0.7893621,3.277458,2.309574,0.0280599,4.507006,5.1936839999999995e-06,33.0,1.1728203216972486
2.77778,0.1683058,0.04365915,0.01835175,-1.8710200000000001,1.094055,2.8433509999999997,0.06904715,3.581964,4.969896e-06,90.0,1.1798069770530464
2.77778,0.2719003,0.05908909,0.01735517,-0.3021835,0.07301086,3.973535,0.1417786,4.103306,3.69409e-06,130.0,1.05166056868911
2.77778,0.36884570000000005,0.038472000000000006,0.04193758,-0.22227329999999998,4.801254,4.644088,0.2240073,0.0703656,1.766687e-06,171.0,0.8667908852982246
2.77778,0.48159040000000003,0.02783605,0.01652631,1.413023,5.62421,1.095526,0.3342044,0.36075159999999995,4.219e-06,169.0,1.120915785700083
2.77778,0.7093254,0.02679075,0.03816397,-2.465137,2.6780150000000003,1.19555,0.5973965999999999,1.0280790000000002,2.983618e-06,209.0,1.0108226387026793
2.77778,1.08124,0.04141789,0.03208841,-0.5145215,1.4632,2.6542220000000003,1.124287,1.7869709999999999,1.955276e-06,216.0,0.8915655240428119
2.77778,1.417484,0.1306677,0.26161460000000003,2.520954,5.066907,1.1422700000000001,1.687607,6.070501999999999,2.5386870000000003e-07,229.0,0.5041868064779802
2.81818,0.05200563,0.08421459,0.0388586,0.06379571,1.411742,1.335048,0.01185973,6.116384,2.681755e-06,0.0,0.9796808955439431
2.81818,0.07400188,0.08791432,0.08003864,2.321949,0.7387745,1.272983,0.020130900000000004,4.328486,1.970622e-06,33.0,0.9048743844979572
2.81818,0.09778736,0.04694713,0.01792814,2.024398,2.185159,4.79326,0.03057895,0.6380811,2.5118620000000003e-06,50.0,0.9708770122387904
2.81818,0.1317181,0.04347586,0.06462567,-1.805725,3.0047759999999997,0.1184108,0.04780418,5.123901,2.460354e-06,84.0,0.9630909806013863
2.81818,0.1719164,0.033642,0.04961885,1.4419879999999998,2.821348,5.861522,0.07128093,1.665317,2.1120419999999997e-06,101.0,0.9171131596226776
2.81818,0.23822620000000003,0.01804382,0.02238842,2.632547,0.3588985,2.196348,0.11627349999999999,5.461913,3.763279e-06,116.0,1.0731349497568625
2.81818,0.321442,0.09611349,0.06850303,0.7804355,2.492867,4.645992,0.1822427,1.564531,1.5964490000000002e-06,135.0,0.8344095264832104
2.81818,0.416455,0.05994748,0.03302794,0.02395667,2.817373,4.519749,0.2687492,1.796395,2.835965e-06,166.0,1.0162233398692504
2.81818,0.5388728,0.04727916,0.02140113,-1.193626,4.842964,3.5111830000000004,0.3955717,6.131201,2.244477e-06,153.0,0.9384029081699722
2.81818,0.6771314,0.04390046,0.008144428,2.984553,1.1408,3.652194,0.5571911,5.767978,2.145178e-06,213.0,0.9123220077999705
2.81818,0.901681,0.04524989,0.03462983,-2.27178,3.2415279999999997,0.9360470999999999,0.8561969000000001,6.246253,2.027986e-06,225.0,0.910245318499175
2.81818,1.178782,0.12016130000000001,0.002882992,0.8130963999999999,1.803953,3.830138,1.279807,1.44846,6.596291999999999e-07,257.0,0.6500617998316824
2.81818,1.551145,0.2270377,0.06452544,1.200461,1.9686130000000002,0.13002149999999998,1.931847,3.2079470000000003,1.255952e-07,237.0,0.4187881208298468
2.81818,2.2804729999999998,0.5372028,0.1659181,-1.8745610000000001,5.664369000000001,5.795011,3.443749,2.7073490000000002,1.26936e-07,242.0,0.4217739834307671
2.85859,0.05021496,0.04859187,0.02339219,-2.496795,5.262556,5.826332,0.0112525,3.067986,2.6302940000000003e-06,0.0,0.9526699837385889
2.85859,0.07079638,0.1157637,0.07262299,-1.844409,0.1231713,1.488335,0.01883717,3.195838,1.792223e-06,34.0,0.8762734103407894
2.85859,0.09816235,0.02214029,0.02490725,1.009458,5.431139,0.4171925,0.030755,0.27146659999999995,3.368061e-06,55.0,1.0380532599009724
2.85859,0.1559089,0.03125782,0.03732202,2.460265,4.439646,1.17855,0.06156073,0.596258,3.829031e-06,92.0,1.0693366362039147
2.85859,0.2567022,0.05323866,0.04382285,0.21307939999999997,1.289449,5.05583,0.1300591,3.513156,4.897705e-06,129.0,1.174334143003554
2.85859,0.4006688,0.06336829,0.009089118,2.947731,4.722226,1.7993700000000001,0.2536145,0.46735370000000004,2.978259e-06,176.0,0.9985582197129892
2.85859,0.5247351,0.0211551,0.01673997,-1.041684,0.4796826,2.846341,0.38010609999999995,3.397468,1.87696e-06,215.0,0.8930247989431893
2.85859,0.7444235,0.04390681,0.02701592,-1.510098,3.5786279999999997,0.6372926,0.6422810999999999,4.764431,3.3164409999999998e-06,200.0,1.0495648778908255
2.85859,0.9987278,0.02865147,0.03041065,1.095285,3.27843,5.302675,0.9980793,0.9758473,1.349991e-06,240.0,0.8153074460578169
2.85859,1.2708469999999998,0.09422711,0.1353463,2.9431439999999998,3.2614959999999997,5.864406,1.432631,5.872312,5.088509000000001e-07,264.0,0.6072746504266506
2.89899,0.05175099,0.05781295,0.05050542,2.508149,1.2244760000000001,5.084874,0.01177274,1.466669,1.8250729999999998e-06,0.0,0.8891755197821709
2.89899,0.07292435,0.04220409,0.04990673,1.160664,5.7200370000000005,4.8422410000000005,0.01969282,4.171199,3.162589e-06,22.0,1.0297779260543176
2.89899,0.10711910000000001,0.03719945,0.05296274,0.8940676,5.195183,2.0215,0.03505896,2.273253,2.618944e-06,39.0,0.965676782800484
2.89899,0.1375046,0.05219438,0.0543389,0.09093609,6.112833,1.174625,0.05098866,1.35512,1.755e-06,77.0,0.8706430126143899
2.89899,0.1943891,0.01993339,0.04961471,-1.950304,4.849931,1.920618,0.08570477,5.2706290000000005,4.037262e-06,98.0,1.0886711110309146
2.89899,0.2753657,0.06947937,0.04987562,-0.40736079999999997,5.164708999999999,1.474906,0.1444979,3.0187009999999996,2.199252e-06,138.0,0.9216799897901349
2.89899,0.41626709999999995,0.02259778,0.01795683,1.325797,5.134673,0.1288053,0.2685677,6.232453,4.246996e-06,162.0,1.133693250406707
2.89899,0.5680606,0.02614831,0.02335434,1.918004,2.502051,6.114746,0.4281411,1.7463540000000002,3.1136130000000003e-06,188.0,1.0194060228900028
2.89899,0.7848170999999999,0.02567928,0.01630648,-2.793888,0.8706651,3.196406,0.6952599,5.071880999999999,2.330937e-06,208.0,0.9429129958081075
2.89899,1.1419920000000001,0.08641622,0.06155396,-2.387135,0.987158,2.543573,1.2203629999999999,3.8282849999999997,1.3324100000000002e-06,228.0,0.7918965071487731
2.89899,1.558868,0.1741429,0.12777739999999999,-0.5332560000000001,6.0606230000000005,3.3704300000000003,1.946292,3.870164,1.334559e-07,242.0,0.4312162213599406
2.93939,0.06425047,0.05699415,0.03993053,2.7192119999999997,2.002989,4.844231,0.01628598,0.1369581,2.5993220000000004e-06,0.0,0.9658474676468998
2.93939,0.0886187,0.04173611,0.06876481,3.1262369999999997,0.6349268,4.064792,0.02638074,0.3298868,2.4191460000000003e-06,24.0,0.9503785339793829
2.93939,0.1250201,0.08516676,0.02892248,1.769247,2.471917,1.600195,0.04420463,3.5675339999999998,3.4483210000000005e-06,45.0,1.0921485363824748
2.93939,0.1786419,0.04826880000000001,0.0692009,0.6925427,0.2573033,6.243677,0.07550443,5.210493,2.969758e-06,79.0,1.009461785900296
2.93939,0.2478917,0.03079429,0.0014196520000000002,0.276434,6.2480199999999995,2.026514,0.1234212,1.844898,4.0429910000000005e-06,90.0,1.0791682573995605
2.93939,0.3650133,0.03468008,0.02311625,0.6909274000000001,6.201232,0.9776368000000001,0.2205256,0.3947067,2.778774e-06,126.0,0.9942082891836128
2.93939,0.5284854,0.08631912,0.01492044,-0.8181357,3.3597050000000004,0.6727334,0.3841886,4.255069000000001,4.420028e-06,149.0,1.1515745122514334
2.93939,0.7557991999999999,0.08556825,0.033666699999999994,-1.628511,0.9921554,6.243434,0.6570585,0.7018515000000001,3.1309070000000004e-06,175.0,1.023594789190232
2.93939,1.142151,0.02273781,0.02207592,3.06602,2.48644,0.25044310000000003,1.220617,1.019562,1.7038650000000002e-06,204.0,0.8623276834974869
2.9798,0.04851174,0.03145567,0.01452358,2.59265,5.519533999999999,3.958185,0.01068489,2.181428,1.7959350000000002e-06,0.0,0.8654994645986169
2.9798,0.06305473,0.02157054,0.007660748,1.69957,5.867605999999999,1.8072970000000002,0.01583346,0.5453789000000001,1.462781e-06,22.0,0.8213844565426274
2.9798,0.07871875,0.0434269,0.01047161,-1.052073,4.97042,0.9719087,0.02208595,3.320758,1.776176e-06,40.0,0.8472361968641082
2.9798,0.10578910000000001,0.05561093,0.02111132,2.902926,2.082621,2.783115,0.03440801,3.9946410000000006,2.6583819999999997e-06,58.0,0.9742650445470363
2.9798,0.1506523,0.03134277,0.015455000000000002,-2.630496,0.08014862,5.833068,0.05847379,2.153258,2.748641e-06,86.0,0.9858095792438741
2.9798,0.20115629999999998,0.0030206509999999996,0.01830145,0.5577726,3.3238410000000003,0.9279345999999999,0.09021893,3.328382,1.880377e-06,114.0,0.8700058621513824
2.9798,0.2530249,0.0050022109999999995,0.005924805,1.027644,1.797393,4.781485,0.12727449999999998,1.965697,1.335756e-06,133.0,0.8127448303298656
2.9798,0.3134592,0.02797864,0.009612828,2.8365240000000003,1.7073180000000001,1.8554080000000002,0.1754964,3.5710019999999996,2.926052e-06,129.0,0.98314301204738
2.9798,0.4347812,0.0218399,0.001549804,-1.559281,0.7340926999999999,2.180836,0.2866829,3.011771,2.8967660000000003e-06,135.0,0.9857619926458994
2.9798,0.5803746,0.04892812,0.026430099999999998,-0.43205129999999997,5.13555,4.215644999999999,0.44213729999999996,5.746869,1.936134e-06,204.0,0.8879137881762953
2.9798,0.7420018,0.06679975,0.01560012,1.3485340000000001,2.966342,0.7969231999999999,0.63915,2.810772,1.950165e-06,191.0,0.9034049073698418
2.9798,0.9755315,0.01408924,0.02067253,-1.2256610000000001,3.797538,5.941704,0.9635115,3.3635589999999995,1.710301e-06,197.0,0.8526145307388637
2.9798,1.1571360000000002,0.03940946,0.02529783,2.716304,0.9273398000000002,0.9391264000000001,1.244718,3.546738,5.149127e-07,250.0,0.6078341244668565
3.0202,0.04729946,0.06571019,0.02527697,-0.9891667,2.6148290000000003,3.710675,0.01028688,2.194768,2.082246e-06,0.0,0.9270715140678198
3.0202,0.06267513,0.06456537,0.05093719,1.7455,0.12970399999999999,5.928416,0.01569069,3.9561029999999997,1.3989940000000001e-06,28.0,0.8220043747365297
3.0202,0.08397089,0.026091200000000002,0.03019058,0.18596479999999999,6.175478,2.068896,0.02433278,2.037646,2.700167e-06,46.0,0.9710293236996832
3.0202,0.1184362,0.06341946,0.01419375,-3.080566,5.124173000000001,2.932928,0.04075914,0.9928107,1.8092140000000001e-06,55.0,0.8661574639957003
3.0202,0.1533751,0.01693416,0.01870215,1.144651,2.7126740000000003,3.484075,0.06006619999999999,5.897339,2.266769e-06,94.0,0.955593201878375
3.0202,0.2052656,0.02352863,0.04058094,-0.1089067,0.8849347,0.868001,0.09299756,0.09642505,2.300204e-06,117.0,0.9499184202442403
3.0202,0.269077,0.03746579,0.03159504,2.674204,1.237333,2.492737,0.1395763,4.789857,1.809093e-06,141.0,0.8633811149181434
3.0202,0.3647531,0.0056429390000000005,0.003053695,-3.080181,0.01862358,3.719504,0.22028989999999998,0.5032994000000001,3.853601e-06,143.0,1.09125543426776
3.0202,0.5072734999999999,0.07989204,0.1048757,-1.3384530000000001,3.340264,4.902589,0.3612917,2.935499,4.880462e-07,246.0,0.6099133151534294
3.0202,0.6382897,0.02681789,0.00791454,0.8800752000000001,1.698535,0.32315140000000003,0.5099434,3.987052,3.6831009999999998e-06,200.0,1.0958744361187613
3.0202,0.9759634,0.04693325,0.02266698,-2.7879419999999997,2.025358,0.5367761999999999,0.964151,1.391105,2.4556e-06,206.0,0.9516324210532061
3.06061,0.04601083,0.06847234,0.07282002,-0.8912104999999999,3.012508,0.9282318000000002,0.009869375,4.9590629999999996,1.963468e-06,0.0,0.8813580081297439
3.06061,0.06325679,0.09744796,0.08022395,0.23379970000000003,3.20885,4.392726000000001,0.01590962,1.119839,1.8327260000000001e-06,26.0,0.8812035216247464
3.06061,0.09310269,0.02506822,0.06258711,-0.1660811,3.761879,5.06489,0.02840807,1.519108,3.596516e-06,51.0,1.0703712491905697
3.06061,0.14716479999999998,0.05746394,0.05782956,-3.072157,5.090247,6.084815,0.05645516,3.978853,2.64082e-06,93.0,0.9999863523209391
3.06061,0.21595309999999998,0.05603941,0.02969143,2.2821860000000003,0.48234049999999995,1.0118790000000002,0.1003544,4.4219,3.394332e-06,118.0,1.03809776563226
3.06061,0.3081667,0.02603157,0.07457943,-2.500886,1.648887,4.771999,0.17107060000000002,5.591276000000001,1.397755e-06,157.0,0.8022985012438889
3.06061,0.3773764,0.009891061,0.02336869,0.259231,0.3415126,2.805575,0.23182399999999997,2.220652,2.489462e-06,164.0,0.9704123431860243
3.06061,0.5246994,0.05420163,0.02558836,-1.3559709999999998,5.7417370000000005,4.873448000000001,0.3800679,0.5416763000000001,2.896224e-06,195.0,0.9858413266407429
3.06061,0.6811248000000001,0.05643229,0.04705436,0.5206137,2.291112,6.266397,0.562129,3.422107,1.555717e-06,186.0,0.8302710954159205
3.06061,0.8840104999999999,0.01414758,0.08449094,2.968603,4.933224,6.198666,0.8311528,4.552047,1.052597e-06,234.0,0.7611064782946161
3.06061,1.047996,0.02879713,0.01732837,1.551209,0.45581459999999996,4.471592,1.0728389999999999,2.499657,1.5366220000000002e-06,209.0,0.8260988361961583
3.10101,0.06668283,0.04864077,0.1121407,-2.458641,0.7985904,6.076867,0.0172195,1.550886,2.510366e-06,0.0,0.9588961351411376
3.10101,0.1005473,0.0916025,0.04960847,-0.5673248000000001,2.84397,2.116508,0.03188262,6.09014,3.911315e-06,20.0,1.0886120642625015
3.10101,0.1467194,0.08532731,0.01622614,-0.311526,5.5774989999999995,5.00103,0.05619911,5.968476,2.021613e-06,57.0,0.9105407554266967
3.10101,0.2126272,0.05363904,0.03607188,2.31075,1.8951939999999998,4.643353,0.09804496,0.48576369999999996,5.430641000000001e-06,60.0,1.1663357057449129
3.10101,0.3457845,0.05751677,0.04636535,-1.7063119999999998,5.548889,1.872312,0.2033314,4.21001,3.229416e-06,105.0,1.034282992815205
3.10101,0.466188,0.02197345,0.03164447,-1.6222889999999999,3.441437,4.788325,0.3183005,2.976517,3.2947059999999997e-06,115.0,1.0249878477012364
3.10101,0.6462787,0.04128345,0.06169694,-1.459073,1.030161,2.538119,0.5195472,2.980676,1.5751310000000002e-06,120.0,0.8442138475156178
3.10101,0.7817419,0.08251324,0.1129633,1.399665,1.710186,4.326542,0.6911776999999999,1.376525,2.614961e-06,148.0,0.9640948404070793
3.10101,1.038678,0.01213497,0.06886604,1.343572,5.647469,0.4868983,1.058561,6.0568290000000005,1.255795e-06,151.0,0.7885406881496619
3.10101,1.2811270000000001,0.1384206,0.15572539999999999,-1.7429430000000001,4.620995,0.9422686,1.450049,4.10621,4.7646409999999996e-07,187.0,0.6202049499393243
3.10101,1.8453490000000001,0.28609709999999994,0.06104266,-0.8870836,2.797691,2.9521319999999998,2.506756,1.610151,1.630262e-07,200.0,0.45391392707818223
3.14141,0.05552183,0.11505410000000002,0.11029510000000001,0.4463179,0.27049759999999995,2.155882,0.01308264,1.669509,1.6612280000000002e-06,0.0,0.8636767921634942
3.14141,0.08123901,0.1009938,0.02790918,-0.08786162,0.49619940000000007,0.7157220000000001,0.02315506,0.3767485,3.321422e-06,18.0,1.0568038187324686
3.14141,0.1200872,0.08487986,0.01400214,1.6584830000000002,2.2319400000000003,4.1855519999999995,0.04161439,0.35002849999999996,2.610334e-06,46.0,0.9577487668245803
3.14141,0.1709258,0.05042354,0.03231441,-0.01287167,1.557558,2.719824,0.07066577,1.270363,3.2029309999999997e-06,62.0,1.0495069560947616
3.14141,0.267368,0.008478108,0.02140072,0.20302620000000002,1.40967,5.873111,0.1382486,4.245232,4.3046499999999995e-06,97.0,1.102443274446828
3.14141,0.40727559999999996,0.06294826,0.01835315,-2.58228,1.9869720000000002,5.692219000000001,0.259913,0.004934442,2.649787e-06,148.0,0.9853899439056713
3.14141,0.5211399,0.08098851,0.008568646999999999,2.53661,3.3663160000000003,0.5860470999999999,0.3762075,1.107224,3.5453660000000003e-06,130.0,1.0531308506777486
3.14141,0.8141147,0.1203831,0.04652881,-2.3722220000000003,4.989236,4.312873000000001,0.7345531999999999,1.928237,2.41551e-06,180.0,0.9493267193706703
3.14141,1.122586,0.08931088,0.03924539,2.335955,1.438767,1.570285,1.18939,3.94415,1.5882579999999998e-06,194.0,0.850037390819912
3.18182,0.05868305,0.03041296,0.08325138,-2.637378,3.127814,1.4498360000000001,0.01421572,1.0102950000000002,1.284761e-06,0.0,0.7794866558254221
3.18182,0.08167229,0.05677632,0.03123164,0.8480198,3.440976,5.280725,0.02334055,1.090442,3.439015e-06,13.0,1.0498822388322093
3.18182,0.1289359,0.03213154,0.01116697,-1.5439200000000002,1.03851,2.866833,0.04629765,3.358105,3.4636619999999998e-06,35.0,1.0667364760108926
3.18182,0.1735786,0.04991629,0.06242764,-2.385863,4.396311,1.9776060000000002,0.07231727,6.246848,1.8970160000000002e-06,77.0,0.8832306252493496
3.18182,0.2324752,0.04935143,0.03580705,-1.524216,3.257714,3.224868,0.11208879999999999,1.590086,2.5869080000000004e-06,87.0,0.9698341960271016
3.18182,0.3029179,0.06108258,0.02297506,1.448179,5.801392,1.876828,0.16671860000000002,1.011484,2.346454e-06,110.0,0.9472893357619496
3.18182,0.3873992,0.03303646,0.04218543,0.6632481,2.8887150000000004,2.1535830000000002,0.24112060000000002,4.819294,2.710147e-06,117.0,0.9694280640842784
3.18182,0.5528466999999999,0.0210399,0.02149038,-0.6725031,2.539962,5.402904,0.4110573,3.519681,3.7320359999999997e-06,127.0,1.085002666724512
3.18182,0.7705675000000001,0.02419962,0.0197266,2.374772,0.24900450000000002,3.297944,0.6764108,0.7051058000000001,2.273661e-06,170.0,0.910038709125687
3.18182,1.098126,0.07511073,0.03289815,2.882975,2.358695,1.924722,1.15073,2.990218,1.5324170000000002e-06,163.0,0.8436913488834056
3.18182,1.501792,0.2192223,0.07030347,0.7771026999999999,2.819121,4.946999,1.840387,1.791035,1.5214e-07,188.0,0.44269985328059624
3.22222,0.07406426,0.0895031,0.0758007,0.3244844,0.8738674999999999,1.07146,0.02015636,6.130832,4.119918e-06,0.0,1.0865937206332488
3.22222,0.1139964,0.06804378,0.01096338,0.6803382,2.4400470000000003,3.437898,0.03848887,0.36370290000000005,2.615213e-06,39.0,0.9919988508256986
3.22222,0.1592553,0.03464141,0.09709357,0.7873564000000001,1.35717,6.115864,0.06355342,3.921697,2.7522269999999998e-06,59.0,0.9986389540496964
3.22222,0.24430349999999998,0.05051584,0.03517325,-0.7048572,1.472101,3.947307,0.12075119999999999,3.176409,5.329257e-06,83.0,1.1958026324106774
3.22222,0.4630305,0.03805644,0.06064169,-2.893503,1.833968,6.013858,0.3150716,0.8461276,5.732002e-06,124.0,1.2645144585923056
3.22222,0.7462297,0.05032954,0.03819495,-0.9912983,4.531495,2.209759,0.6446218,4.85366,2.662636e-06,112.0,0.9739667302621038
3.22222,1.083825,0.08574376,0.06914694,2.6610169999999997,5.222758,4.132618,1.1283219999999998,2.6221330000000003,1.849391e-06,151.0,0.8804566246613661
3.22222,1.519417,0.2879884,0.1797243,0.3684686,0.2883118,4.815288,1.8728799999999999,3.757603,3.2227779999999996e-07,191.0,0.5467935456497126
3.26263,0.07269153,0.22574879999999997,0.0384662,-2.871706,2.123151,3.0512599999999996,0.01959859,3.576089,4.0355e-06,0.0,1.097804323723448
3.26263,0.141286,0.07251517,0.03639733,-2.060962,4.334656,3.425064,0.05310635,1.288465,5.771278e-06,38.0,1.2794846226073555
3.26263,0.2504502,0.07625306,0.03074769,-1.2797379999999998,2.065936,5.154578,0.12533699999999998,4.229729,3.5245620000000003e-06,85.0,1.0521884506167267
3.26263,0.3368236,0.09059036,0.02696657,0.01262313,0.4155572,2.9617259999999996,0.19547899999999999,2.6280810000000003,3.319631e-06,91.0,1.053529882511886
3.26263,0.46414520000000004,0.06719952,0.01693755,-0.5007381,0.6936026,2.2261830000000002,0.31621079999999996,2.148988,2.176179e-06,129.0,0.9122497402423566
3.26263,0.6534245,0.04591409,0.04564637,1.045795,2.482272,5.610849,0.5281876999999999,2.160565,3.816304e-06,136.0,1.079887593868711
3.26263,0.8522697,0.1003726,0.23088699999999998,1.029036,3.3732699999999998,1.8613959999999998,0.7867924,3.6396660000000005,1.566749e-07,176.0,0.4402520444323027
3.26263,1.0751190000000002,0.03875818,0.04500753,-2.755986,5.955238,0.4079435,1.114755,3.4664379999999997,2.029562e-06,157.0,0.8952947529315631
3.26263,1.796173,0.3409566,0.08521310000000001,1.888006,2.344636,3.835778,2.407228,5.47149,3.050113e-07,154.0,0.5320595012546865
3.30303,0.05515366,0.08013818,0.06833109,-1.9113209999999998,0.9842423,2.605714,0.01295273,3.476904,7.781922e-07,0.0,0.7000664693359091
3.30303,0.06949146,0.04934656,0.0193324,-1.14293,0.8670174999999999,3.919463,0.01831879,4.1122190000000005,1.599861e-06,8.0,0.8307266821135358
3.30303,0.08485108,0.02698786,0.004644356,-2.944776,4.189585,3.6417059999999997,0.024716400000000003,2.432585,1.672123e-06,24.0,0.8715828910585415
3.30303,0.1136995,0.04743572,0.02211387,-1.7045099999999997,5.980043,4.709172,0.038338599999999994,0.4757501,2.507981e-06,30.0,0.943001663199323
3.30303,0.1494429,0.03324939,0.01694832,2.472009,1.2657260000000001,2.077815,0.05777113,4.557323,2.032092e-06,58.0,0.9007278501730818
3.30303,0.20483739999999998,0.009189987,0.01606492,-2.437376,0.7634645999999999,3.103081,0.09270674,4.7586379999999995,3.1403640000000003e-06,81.0,1.0209604244715274
3.30303,0.2691564,0.02118964,0.03889325,-0.8549517,2.5725029999999998,4.778434,0.13963820000000002,3.064212,1.514252e-06,101.0,0.8366385508387467
3.30303,0.3451427,0.005648298,0.02390498,-0.40417509999999995,4.453855,1.954891,0.20276570000000002,4.17865,2.793103e-06,108.0,0.9706014524337344
3.30303,0.46689129999999995,0.046350300000000004,0.03993034,1.270292,2.309943,2.4464,0.31902129999999995,5.063357,2.06648e-06,128.0,0.9106872781588711
3.30303,0.6515423,0.02407455,0.007996403000000001,2.4621720000000002,5.673312999999999,0.0685775,0.5259068,4.452717,3.933062e-06,144.0,1.0876296498999256
3.30303,0.917516,0.02525069,0.015299,3.024658,0.001100289,0.06556966,0.8788528,3.3141599999999998,1.795477e-06,140.0,0.8674559156074729
3.30303,1.189451,0.10486199999999998,0.01897764,1.1250639999999998,5.843227,0.12848679999999998,1.297223,5.602295,6.023239e-07,172.0,0.649622478252277
3.34343,0.06079980000000001,0.11823789999999999,0.03397319,0.617434,0.4015985,0.3837488,0.01499177,5.489422,1.605266e-06,0.0,0.85009349479479
3.34343,0.09253742,0.04808781,0.02788897,-2.493246,5.33678,1.546273,0.02814977,4.891935,4.292297e-06,15.0,1.1384329986865844
3.34343,0.15277620000000003,0.07522064,0.06188936,0.3239459,0.2617426,3.3035,0.05971466,2.774746,2.418639e-06,68.0,0.9569057544099615
3.34343,0.19632570000000002,0.05824411,0.04321451,0.3629636,2.56439,1.489502,0.0869889,4.729013,2.811882e-06,48.0,0.9947927781387004
3.34343,0.27180540000000003,0.05118221,0.07740952,2.179547,2.226559,5.109628,0.1417047,0.7730753,2.059654e-06,86.0,0.9009234340517218
3.34343,0.3651386,0.01817438,0.01467419,-1.39066,2.101747,2.134388,0.22063939999999999,1.4593690000000001,3.227655e-06,109.0,1.0112668036504848
3.34343,0.5056328,0.02646277,0.002038661,-0.11465399999999999,3.5874129999999997,2.477593,0.35954109999999995,5.242825,3.154944e-06,115.0,1.0535998710735948
3.34343,0.7031937,0.02627901,0.02667301,-2.658668,0.5161300999999999,1.5646309999999999,0.5896682,3.679767,2.419331e-06,149.0,0.9444626694268076
3.34343,0.9487225,0.08071763,0.03527207,-2.24552,5.50321,1.006206,0.9240674000000001,3.91402,1.675173e-06,165.0,0.8604027954101039
3.34343,1.282332,0.1283702,0.1567947,1.016851,1.93547,1.443278,1.4520959999999998,4.518155999999999,3.119542e-07,175.0,0.5322334179135553
3.34343,1.371781,0.1269133,0.10173960000000001,-1.24419,3.286222,3.503168,1.606652,1.715128,3.0975209999999997e-07,180.0,0.5366643248635696
3.38384,0.05030025,0.01659539,0.04540987,-0.1221164,4.58605,1.857811,0.01128119,3.660425,1.685453e-06,0.0,0.8552904580036715
3.38384,0.08018766,0.03941389,0.04427565,-2.875844,4.579473,2.3643509999999996,0.02270701,0.7110313,4.244812e-06,18.0,1.1042082185997721
3.38384,0.1495105,0.02800724,0.04165446,-0.3574825,1.049101,0.8487442,0.05781035,0.1662039,3.937328e-06,69.0,1.0682034268227967
3.38384,0.2325985,0.04275252,0.02489953,1.258176,4.188176,0.4680687,0.112178,1.388479,2.178309e-06,110.0,0.9334488787170616
3.38384,0.30413,0.01497722,0.07033327,-1.892652,4.265275,2.685477,0.1677203,0.3222395,1.978018e-06,134.0,0.8925484977716167
3.38384,0.42650340000000003,0.01125184,0.015332,-0.6201263000000001,1.4663680000000001,6.0082889999999995,0.2785351,5.141657,3.1362369999999997e-06,145.0,1.0144132862678705
3.38384,0.5841124,0.04136814,0.01811434,0.1065729,3.5272379999999997,0.8770683000000001,0.44641620000000004,3.496809,2.1181360000000002e-06,181.0,0.9303692203941152
3.38384,0.7102578,0.02488808,0.1288033,1.9136349999999998,4.073532,0.38900209999999996,0.5985768,0.7172841999999999,1.250873e-06,162.0,0.7856636369853216
3.38384,0.9264776,0.04620155,0.04021255,1.578117,4.661593,4.584606,0.891759,4.536579,1.403372e-06,184.0,0.8081313526831764
3.38384,1.243809,0.1967005,0.1578951,-1.753842,4.143601,2.098106,1.387157,5.844684,1.32341e-07,221.0,0.41024284135724254
3.38384,1.253318,0.03846667,0.07317226,-1.8322349999999998,3.691246,0.6142314999999999,1.403101,4.964453,6.384506e-07,121.0,0.67255204979331
3.42424,0.06128234,0.0473411,0.02860395,2.851125,0.1396769,2.353218,0.015170600000000001,5.586468,1.6978999999999999e-06,0.0,0.8541924786147705
3.42424,0.08394721,0.01526033,0.03226936,2.0776310000000002,5.837461,0.203718,0.02432252,4.824708,2.407967e-06,15.0,0.9517944406477385
3.42424,0.11025610000000001,0.01311586,0.01898972,2.190983,1.9817,4.356878,0.03661026,0.1890773,1.307706e-06,33.0,0.8031799603479874
3.42424,0.1373751,0.02058079,0.01179436,3.081207,4.662571,4.819555,0.05091672,3.350304,2.156883e-06,52.0,0.9108110042360987
3.42424,0.1788309,0.04931641,0.01877166,-1.698898,5.336521,3.454852,0.07562437,6.081335,2.031196e-06,69.0,0.9033916128410118
3.42424,0.2377298,0.04560443,0.02026088,0.6440375,2.260742,1.7777209999999999,0.1159105,5.0717870000000005,2.8664139999999997e-06,84.0,0.9907790970711999
3.42424,0.3224933,0.0154961,0.01760872,1.2594370000000001,5.886667,5.807491000000001,0.1831375,4.914281,2.0270419999999997e-06,112.0,0.8959673532677422
3.42424,0.40181059999999996,0.02560755,0.04792054,-0.02036372,6.219545,5.0635580000000004,0.2546999,5.100503,2.166108e-06,105.0,0.9157937185073091
3.42424,0.5298897,0.0272378,0.02461566,-2.817961,4.985621,0.9260719999999999,0.3857212,4.989497,1.155486e-06,147.0,0.7771267327545479
3.42424,0.6350868000000001,0.02830649,0.009015895,3.08283,1.3923159999999999,2.681825,0.5061106,4.435103,2.8973110000000003e-06,129.0,1.0085373005291767
3.42424,0.8225180000000001,0.0153389,0.0231296,-1.733495,0.1780317,5.424049,0.7459557,0.716296,1.404593e-06,173.0,0.7942884686695928
3.42424,0.9745041999999999,0.02810865,0.01492602,-2.703825,1.94039,3.4503839999999997,0.9619912,4.165280999999999,1.1933849999999999e-06,141.0,0.775162269249754
3.42424,1.156847,0.07195538,0.03650117,0.07170787,4.911601,0.7349126,1.244253,2.158185,3.056716e-07,174.0,0.538338222770784
3.42424,1.443136,0.04823228,0.03621112,-2.135671,4.412074,4.246048,1.733628,2.056394,1.541005e-07,178.0,0.4374279936941565
3.46465,0.06022255,0.02455533,0.08830036,-1.265147,1.223279,0.809845,0.01477877,0.8894169,1.7130850000000002e-06,0.0,0.8556155962089826
3.46465,0.08293892,0.05069427,0.02240636,-0.7049745,1.1154309999999998,3.838236,0.02388562,3.400805,2.7133120000000003e-06,18.0,0.9887015437961988
3.46465,0.11533010000000002,0.0568664,0.04952189,1.520533,6.017364,6.040801,0.03916631,4.672315,1.6925129999999998e-06,43.0,0.8542456039423043
3.46465,0.1440843,0.04514581,0.03151739,3.006459,5.594086,5.8546,0.05469193,3.504173,1.215968e-06,61.0,0.8016453968545303
3.46465,0.1707027,0.02434829,0.036793599999999996,-1.539877,5.095332,3.451378,0.07052749999999999,6.173891,1.6919069999999998e-06,67.0,0.8687049026875433
3.46465,0.22833789999999998,0.008643553,0.004029288,-2.300067,5.512906,4.012414,0.10910999999999998,0.8120636999999999,2.96986e-06,83.0,0.9827812699475251
3.46465,0.31933809999999996,0.01218128,0.0283839,2.831685,3.1635299999999997,3.9903,0.1804566,4.256309,2.30038e-06,115.0,0.9355590610262159
3.46465,0.39176659999999996,0.02405263,0.07532159,2.1676729999999997,5.609756,4.304241,0.24520970000000003,2.825224,9.066438999999999e-07,126.0,0.7152818237462321
3.46465,0.4606442,0.04011712,0.02016346,1.283706,2.914956,3.2068220000000003,0.31263959999999996,5.2223489999999995,1.928408e-06,139.0,0.9026433944034405
3.46465,0.554277,0.03808039,0.0048266970000000005,-2.385606,5.658253,0.8614903,0.41265519999999994,3.822976,1.330985e-06,106.0,0.8014115734356035
3.46465,0.6417366,0.03419704,0.00430085,-0.23159839999999998,5.636669,4.140815,0.5140806,4.952921,1.956906e-06,135.0,0.8942629106619269
3.46465,0.8305478000000001,0.02741904,0.04321456,0.4133513,0.5554445,1.146642,0.7569066,0.187886,1.033162e-06,170.0,0.727477881112467
3.46465,1.02457,0.009948565999999999,0.03048012,-1.7203380000000001,3.2266619999999997,0.9178407,1.037069,5.683542,1.638075e-06,175.0,0.8455916204531326
3.46465,1.29521,0.2682662,0.09476614,0.9390853000000001,3.596567,5.269815,1.474026,1.193523,1.473686e-07,180.0,0.4360585488345685
3.50505,0.04940475,0.056656200000000004,0.1011183,0.9857609,5.695463,4.923366000000001,0.01098127,4.415659,1.576716e-06,0.0,0.8426716940057175
3.50505,0.07284532,0.05192598,0.02357744,-2.336395,2.9646779999999997,4.638191,0.01966081,3.9339120000000003,3.0251639999999997e-06,18.0,1.00983667884309
3.50505,0.1100876,0.03384111,0.06376222,0.5304559,5.8410519999999995,4.846965,0.03652637,4.690951,1.978291e-06,55.0,0.921032617562333
3.50505,0.1699476,0.03764833,0.05005658,-2.3456069999999998,3.95264,3.504664,0.07006003,1.9678220000000002,3.778193e-06,74.0,1.0942497245406924
3.50505,0.269181,0.02757246,0.07820287,-3.047441,4.565539,6.040258000000001,0.13965729999999998,4.468387,3.048363e-06,106.0,1.009311555925376
3.50505,0.4585246,0.018692900000000002,0.006482831,0.39706729999999996,3.4891970000000003,1.157812,0.31048459999999994,3.5400379999999996,4.6082190000000005e-06,139.0,1.1524356202586636
3.50505,0.7630399999999999,0.04218388,0.04592911,0.2298806,5.350443,3.839354,0.6665247,4.459896,2.5072559999999998e-06,176.0,0.9659085653654416
3.50505,1.0877700000000001,0.06044366,0.04156048,-1.26855,3.7222910000000002,6.138651,1.134492,3.6262519999999996,8.51509e-07,169.0,0.7014836765994177
3.50505,1.250823,0.14236189999999999,0.07134455,1.3026309999999999,5.009321,1.187522,1.398908,1.4359790000000001,5.063612e-07,194.0,0.6142160746299882
3.54545,0.06821693,0.04680851,0.01046785,0.34951659999999996,6.2321230000000005,5.950097,0.01781713,5.5936699999999995,2.887348e-06,0.0,0.9973285704877579
3.54545,0.10244120000000001,0.01603177,0.03164068,-1.819013,0.10708519999999999,3.825738,0.03278768,5.515592,2.191825e-06,27.0,0.9236304164053799
3.54545,0.14578339999999998,0.06021001,0.02760111,-2.137706,4.562981,2.360573,0.05566217,6.210068,3.3800209999999998e-06,45.0,1.0448430989338429
3.54545,0.2278979,0.051838199999999994,0.04450912,-3.140807,6.017713,5.393395,0.1087947,2.574093,3.3941370000000002e-06,77.0,1.0351954652575959
3.54545,0.339057,0.06263455,0.02646203,2.291357,5.5387379999999995,2.8576799999999998,0.1974266,1.4340000000000002,3.4018e-06,102.0,1.0656736767076622
3.54545,0.4581646,0.1096488,0.03906273,-1.2864389999999999,3.268889,0.3980933,0.31011859999999997,4.481676,1.431303e-06,129.0,0.8120936995680945
3.54545,0.6256921,0.01903479,0.04022423,0.9264279000000001,2.293297,1.870377,0.4949221,4.896511,4.13233e-06,126.0,1.1257477416915662
3.54545,0.8799799,0.03423127,0.09417146,0.2092565,4.993981,0.2826037,0.8254758,1.430081,1.084108e-06,154.0,0.7697488699692887
3.54545,1.2937450000000001,0.06468257,0.07170121,-2.1930959999999997,1.7316310000000001,5.774682,1.471527,6.229532,1.110792e-06,166.0,0.7540811773741276
3.58586,0.05175699,0.008872722,0.0184572,-0.8800853999999999,2.428868,3.172915,0.01177478,1.6418409999999999,2.519e-06,0.0,0.9534189523546152
3.58586,0.07621660000000001,0.02669757,0.02849153,0.07840554,0.5022833,1.986503,0.02104134,1.45875,1.789646e-06,33.0,0.860342445394758
3.58586,0.09727202,0.05224821,0.03787815,-1.064689,3.981429,2.744164,0.03033757,6.091436,9.31434e-07,52.0,0.7441289206513524
3.58586,0.1230392,0.04288931,0.03132734,2.073769,0.47745150000000003,4.557359,0.04315824,2.082122,1.8447219999999999e-06,65.0,0.882115924592882
3.58586,0.167847,0.02673736,0.03767058,2.227073,0.9584608,1.69423,0.06876511,4.73846,2.4153909999999997e-06,80.0,0.9503220270227503
3.58586,0.23981529999999998,0.05526047,0.03523501,0.33279380000000003,0.341983,6.207666000000001,0.1174391,5.453612000000001,2.4758199999999998e-06,110.0,0.9538687951339604
3.58586,0.3424762,0.01677404,0.02143606,-1.344591,1.41618,3.5954099999999998,0.2004206,3.511547,2.322499e-06,128.0,0.926642562329801
3.58586,0.5120195,0.03130159,0.04456169,-0.8831106,2.079452,1.4179469999999998,0.36637509999999995,0.2359101,3.418467e-06,143.0,1.0323437757529201
3.58586,0.6892023,0.02624219,0.034699900000000006,-2.449655,3.0737759999999996,5.2842150000000006,0.5721581,4.607794999999999,8.998408e-07,166.0,0.7275269583394661
3.58586,0.8914437,0.05418632,0.01557902,2.251116,5.896669,0.7155100000000001,0.8416594999999999,5.032577,1.8141749999999999e-06,180.0,0.8619756619241398
3.58586,1.228713,0.09876883,0.158789,1.934995,1.2072260000000001,3.145253,1.3619809999999999,0.0037144929999999997,2.490803e-07,211.0,0.5096232885067493
3.58586,1.2478690000000001,0.1555819,0.1634943,2.743404,0.6316848,4.737018,1.393956,1.673935,3.608007e-07,183.0,0.5572341706289006
3.62626,0.0502799,0.03947643,0.05333556,-1.320203,2.557645,4.828442,0.01127435,3.5581690000000004,1.482082e-06,0.0,0.8263057752867778
3.62626,0.06793318,0.04984856,0.06460419,2.34273,1.3263459999999998,2.523485,0.01770607,5.044517,1.618168e-06,11.0,0.8431139877101258
3.62626,0.09024303,0.007304550999999999,0.02197924,-1.0197049999999999,2.219436,4.253013,0.02710936,3.054559,2.164561e-06,37.0,0.8944881176474466
3.62626,0.12500830000000002,0.05699035,0.08072703,-0.7204071999999999,5.627398,0.5938944,0.04419844,2.072094,1.418013e-06,60.0,0.8081111233859134
3.62626,0.1611354,0.00985032,0.03174287,2.613604,5.866069,5.646829,0.06468215,3.4444239999999997,2.289323e-06,76.0,0.9196009959086515
3.62626,0.22235470000000002,0.07257022,0.005608535,0.8671281999999999,3.827396,2.434991,0.1048497,3.9179129999999995,2.224542e-06,86.0,0.9270027408861704
3.62626,0.2880585,0.07923586,0.02182116,-0.6366791,3.4059199999999996,1.7473560000000001,0.1546031,5.119241000000001,1.7759379999999998e-06,114.0,0.8505876016994731
3.62626,0.4160747,0.03953087,0.03501691,1.4030989999999999,0.8287578000000001,6.167332,0.26838179999999995,3.881015,2.5137209999999997e-06,126.0,0.979187712261144
3.62626,0.5419748999999999,0.02929489,0.008415325,1.417465,3.6257349999999997,2.5939959999999997,0.39899309999999993,3.797614,2.482979e-06,119.0,0.9469228613767522
3.62626,0.8169984,0.07514901,0.02261935,2.4908189999999997,5.8619959999999995,1.8654119999999998,0.7384608,6.045419,2.017633e-06,134.0,0.9080394308127056
3.62626,0.9533181999999999,0.06392341,0.0882995,-1.8345639999999999,3.719635,0.455556,0.9307913000000001,4.726005000000001,7.851004000000001e-07,189.0,0.6985288957794491
3.62626,1.235662,0.03661582,0.04737535,0.04365737,4.500539,2.380488,1.373551,4.060295,5.34139e-07,196.0,0.6339845702472856
3.66667,0.05282258,0.04798667,0.01845164,-1.3284479999999999,4.414094,0.4805321,0.01214029,3.631444,1.4395439999999999e-06,0.0,0.8280019802880396
3.66667,0.07178626,0.02957032,0.04019802,-0.9015083,3.598961,0.45762970000000003,0.01923363,3.9980269999999996,2.046347e-06,16.0,0.904621717720712
3.66667,0.1017587,0.05614599,0.02950593,0.2976054,3.099862,5.59225,0.03246058,2.2822080000000002,2.163603e-06,39.0,0.921730362686489
3.66667,0.1333361,0.04175915,0.03417399,0.7151253000000001,2.185296,0.7359654999999999,0.04868777,4.051518,1.2799500000000001e-06,62.0,0.8041549888183509
3.66667,0.1733421,0.02765129,0.01545427,2.578552,5.713044,0.5409729999999999,0.07216958,4.760571,2.4836369999999998e-06,75.0,0.9643008378190336
3.66667,0.23512339999999998,0.05663981,0.01842902,1.574069,1.816923,6.059035,0.1140096,2.716615,1.625727e-06,86.0,0.8470042740173801
3.66667,0.3094002,0.02186505,0.02877159,2.801374,3.758971,5.814872,0.1720989,5.507446,2.284113e-06,111.0,0.9253688855415196
3.66667,0.3961201,0.08175912,0.01712285,-1.7227990000000002,1.556246,3.3383059999999998,0.24930860000000002,3.451863,1.30922e-06,131.0,0.783081494081747
3.66667,0.505541,0.01830234,0.04443781,1.875641,3.149304,2.1204709999999998,0.3594437,3.3703,2.240311e-06,139.0,0.9490505729151959
3.66667,0.6658628000000001,0.02781397,0.03458377,-1.068909,5.340221,0.507971,0.5433416999999999,2.551349,2.039803e-06,151.0,0.9050852616360128
3.66667,0.9085234000000001,0.03439386,0.01782188,-2.063252,5.208824,3.9482129999999995,0.8659634,0.8536111999999999,2.168994e-06,180.0,0.9364630627410125
3.66667,1.277207,0.08290344,0.051797199999999995,0.1491139,1.608151,0.4883099,1.4434040000000001,4.851617,2.662758e-07,179.0,0.5004189941268946
3.70707,0.04909858,0.024579900000000002,0.01840107,-1.450143,4.021058,5.150512,0.01087935,2.605125,1.970293e-06,0.0,0.8925870794762789
3.70707,0.07094528,0.03102327,0.03003889,-2.369296,1.556775,0.06173992,0.01889663,0.9230483,1.848245e-06,25.0,0.8736749112079845
3.70707,0.09319998,0.013326900000000001,0.05663834,2.651365,4.264336,4.218089,0.02845264,3.574294,1.175797e-06,43.0,0.7888718158824847
3.70707,0.11867950000000001,0.02701257,0.04912499,2.84349,2.029185,5.5777790000000005,0.04088481,0.7410332,1.661258e-06,61.0,0.8631964490833938
3.70707,0.1598008,0.03519244,0.04446469,-1.7750099999999998,2.936884,0.6116172,0.06388023,5.6947019999999995,2.215798e-06,80.0,0.9127232898937769
3.70707,0.2308459,0.05066916,0.037045,-2.869139,5.342417,0.7175216999999999,0.1109126,4.429125,2.15548e-06,97.0,0.9130799910646143
3.70707,0.28963649999999996,0.0373925,0.01672815,0.3196441,3.229829,0.4661032,0.1558753,3.1956580000000003,1.019858e-06,119.0,0.742878953084579
3.70707,0.35421679999999994,0.04510522,0.01950989,2.904475,5.628657,5.542833,0.21081460000000002,3.28001,1.8040200000000001e-06,132.0,0.889879865689279
3.70707,0.4778803,0.02738595,0.01775771,0.8047960999999999,2.129819,4.790696,0.3303507,1.9081130000000002,1.899184e-06,140.0,0.8854802780367537
3.70707,0.6041603,0.04064113,0.05133866,-0.3833225,4.8401190000000005,4.952994,0.469596,0.5366896,2.091913e-06,143.0,0.9155892500573983
3.70707,0.8323700999999999,0.05794085,0.03809195,0.349535,3.725222,3.135969,0.7593996999999999,5.246883,1.667629e-06,164.0,0.8469375110506483
3.70707,1.037406,0.08274151,0.04296945,1.519335,2.900055,2.55518,1.0566200000000001,4.265771,4.949687999999999e-07,192.0,0.6053622105304522
3.70707,1.3278159999999999,0.13727060000000002,0.06904437,3.0052790000000003,1.159259,1.0543790000000002,1.530041,3.165667,1.0985200000000001e-07,161.0,0.4083573854479748
3.70707,1.381626,0.04686622,0.11327100000000001,2.673105,6.1735120000000006,0.4719857,1.623983,4.112814,2.472453e-07,204.0,0.49509991086727356
3.74747,0.05954408,0.05861145,0.05042627,-0.8041133,2.607418,4.647434,0.01452973,2.876227,1.3602000000000001e-06,0.0,0.834389155567814
3.74747,0.07578464,0.05536887,0.02707142,2.8172919999999997,3.568882,5.515937999999999,0.02086273,5.3244620000000005,1.307631e-06,13.0,0.7948548245460022
3.74747,0.0928553,0.01189489,0.04253028,-2.068377,2.989862,2.989753,0.02829497,2.089026,1.3533629999999999e-06,27.0,0.8030342236979918
3.74747,0.1173855,0.008186979,0.030905500000000002,-1.565239,1.5947129999999998,2.049216,0.040218000000000004,2.0344279999999997,1.952947e-06,40.0,0.9020285739933906
3.74747,0.16118010000000002,0.01565049,0.008508247,-2.684996,4.255819,5.095127,0.06470911,3.5128239999999997,2.2859860000000003e-06,58.0,0.9291519096470224
3.74747,0.21531979999999998,0.02155438,0.01957883,0.8246058,1.256515,3.4671489999999996,0.09991336,1.428601,2.057815e-06,74.0,0.9083629647265874
3.74747,0.27699759999999995,0.07657422,0.02022259,0.5216098,0.5089043,1.8232549999999998,0.1457844,0.9093905999999999,1.307601e-06,102.0,0.7947349594493167
3.74747,0.32968000000000003,0.01143737,0.008736882,-2.1167540000000002,1.615502,3.964382,0.1892937,4.44353,2.140795e-06,86.0,0.9267998541788012
3.74747,0.4494932,0.008520204,0.02945486,1.5640120000000002,2.235528,5.3213919999999995,0.30135700000000004,1.538881,2.046188e-06,113.0,0.9082705654646603
3.74747,0.5567569,0.004859279,0.009570987,2.342506,2.6348979999999997,5.002708,0.41542650000000003,0.02555177,1.454244e-06,142.0,0.8403468391978318
3.74747,0.7177563,0.009440500000000001,0.00592534,-2.597703,3.122115,3.3793699999999998,0.6080810999999999,2.860236,2.441567e-06,128.0,0.9645100678580177
3.74747,0.9607008,0.009271095,0.005668377,-0.6701309,3.7481910000000003,5.599241,0.9416242,2.53186,1.503981e-06,150.0,0.8362840909501974
3.74747,1.169083,0.07300434,0.006593356,1.404182,0.8537745999999999,3.988857,1.264048,1.8725,3.075982e-07,171.0,0.5389858479164615
3.7878800000000004,0.06806688,0.09958503,0.07157201,1.432921,1.9983970000000002,1.519542,0.01775837,4.192177,3.606835e-06,0.0,1.0766170110607387
3.7878800000000004,0.11694460000000001,0.08070482,0.1022985,-0.054676199999999994,2.48862,5.710917,0.0399916,3.257176,2.212346e-06,35.0,0.9102020370849913
3.7878800000000004,0.1598433,0.05347018,0.03733409,2.671728,4.423038,1.9748439999999998,0.06390576,1.263943,2.5662549999999997e-06,52.0,0.9693442350241301
3.7878800000000004,0.2306005,0.009368437,0.04140303,-2.137435,5.923508,4.00365,0.1107358,0.22166860000000002,2.6042e-06,79.0,0.9560466984099225
3.7878800000000004,0.31572540000000004,0.007478078000000001,0.06756789,1.061205,2.930023,2.399724,0.1774032,4.676732,2.263152e-06,95.0,0.927774807547795
3.7878800000000004,0.459929,0.02055316,0.0474508,2.230627,1.2761049999999998,0.3359217,0.31191230000000003,3.1135450000000002,3.96297e-06,103.0,1.1274410404849367
3.7878800000000004,0.7953511,0.04046764,0.06080394,-1.707048,6.165112000000001,2.846351,0.7093065,4.590859,2.856519e-06,139.0,1.0200481444314944
3.7878800000000004,1.06168,0.1069168,0.1235596,-0.8656082,5.463566,2.8572610000000003,1.093921,4.337829,6.007171e-07,168.0,0.6302628491380144
3.7878800000000004,1.350514,0.1256156,0.0215393,-2.51342,4.121506,3.229221,1.569437,1.867566,5.873240999999999e-07,152.0,0.6485308362047664
3.8282800000000003,0.05386366,0.04905885,0.03496723,-2.628822,1.198357,4.268102,0.01250097,5.641536,9.870336999999999e-07,0.0,0.745408663456794
3.8282800000000003,0.066126,0.033555699999999994,0.02312226,2.951926,5.186344,4.281348,0.01700427,2.468914,1.2037479999999999e-06,11.0,0.7646784116923196
3.8282800000000003,0.08084485,0.00668153,0.04331238,0.7934693,4.767288,0.6747016,0.02298676,1.41031,1.439651e-06,22.0,0.8317133741515865
3.8282800000000003,0.10684360000000001,0.01676872,0.03025484,1.394433,2.1313880000000003,0.7353119,0.03492379,3.4813650000000003,1.498464e-06,39.0,0.8201022781215002
3.8282800000000003,0.13578099999999999,0.01495638,0.008407365,-2.501061,5.36894,2.382115,0.05003306,5.783221,1.990285e-06,54.0,0.8845340626910005
3.8282800000000003,0.17349320000000001,0.03718312,0.03682198,1.916568,3.0818790000000003,1.685123,0.072264,2.982012,1.087513e-06,69.0,0.7543584105535979
3.8282800000000003,0.20480340000000002,0.02281621,0.01395778,-1.328454,2.6110029999999997,5.183649,0.09268374,3.870321,1.2297410000000001e-06,81.0,0.7859065878869027
3.8282800000000003,0.2450844,0.03418708,0.04751068,-0.7330687,1.756678,5.049444,0.1213308,3.9743699999999995,1.035064e-06,91.0,0.7462262269394508
3.8282800000000003,0.29430959999999995,0.03209901,0.0193137,-2.8817470000000003,1.104999,2.162879,0.15966270000000002,3.8949309999999997,1.3216980000000001e-06,103.0,0.8150394494377675
3.8282800000000003,0.34776979999999996,0.01536187,0.008107534,-0.7558123999999999,4.966177,2.6905650000000003,0.20508560000000003,4.732677,1.838858e-06,102.0,0.8926360035713197
3.8282800000000003,0.42475219999999997,0.01350072,0.02116214,1.589795,1.7880509999999998,1.673705,0.27682140000000005,4.552346,1.166971e-06,133.0,0.7753405963350741
3.8282800000000003,0.5071207,0.03300351,0.03045014,-1.8796220000000001,0.35087529999999995,0.5089979,0.36112990000000006,2.0955779999999997,9.195269e-07,124.0,0.7327141374334356
3.8282800000000003,0.5996092,0.01297107,0.008091165,0.03275593,5.954845,1.637304,0.4643004,1.957008,1.737699e-06,122.0,0.8597719779235433
3.8282800000000003,0.7819581999999999,0.01090808,0.01034833,-0.4539579000000001,0.32323670000000004,1.2590000000000001,0.6914663000000001,1.411232,2.074369e-06,144.0,0.9007963430687695
3.8282800000000003,1.065077,0.01476314,0.01918273,2.698861,1.7388830000000002,0.9263245000000001,1.099175,2.782257,1.27869e-06,163.0,0.7874985780455079
3.86869,0.05786423,0.04379295,0.08537563,1.243409,5.050379,1.389609,0.01391922,1.465783,1.526377e-06,0.0,0.83090981034357
3.86869,0.07699243,0.03153525,0.04957536,-0.3231384,0.6170954000000001,0.5784998,0.02136345,0.30294190000000004,1.389571e-06,13.0,0.8094697813400308
3.86869,0.11155430000000001,0.03225037,0.009581026999999999,-3.115307,3.73789,5.9222339999999996,0.03725874,5.244758999999999,3.487673e-06,27.0,1.055892057966906
3.86869,0.175956,0.03042879,0.03765142,-2.469207,4.097999,0.5403217,0.07380815,5.13986,2.516224e-06,63.0,0.9590883534683587
3.86869,0.2496766,0.05288568,0.03762199,1.621124,0.8247457,2.8280790000000002,0.1247568,0.42421720000000007,2.318195e-06,81.0,0.9325576613368272
3.86869,0.3539965,0.01161813,0.01908855,-1.392896,4.651724,5.19843,0.2106179,1.9611610000000002,3.285942e-06,97.0,1.040306121916064
3.86869,0.5445528000000001,0.06747278,0.004815242,1.594293,5.377257,2.871499,0.4018429,2.288253,2.1772e-06,102.0,0.9152093992911776
3.86869,0.6771251,0.04388615,0.01220705,-3.050854,3.336914,2.961538,0.557185,2.71307,1.538219e-06,127.0,0.8291982481777663
3.86869,0.9510075000000001,0.0214891,0.01592023,-0.7210589,5.471717,4.115711,0.9274093000000001,5.622186,2.343246e-06,139.0,0.9462417900527362
3.86869,1.19216,0.10283579999999999,0.04549846,1.114357,1.3486280000000002,5.29001,1.301658,2.883675,2.986563e-07,162.0,0.5167210275569512
3.90909,0.04314037,0.07996962,0.07029835,0.2485052,4.144634,3.805536,0.008960363,5.599056,9.908848e-07,0.0,0.7409074037091711
3.90909,0.06012356,0.02200088,0.006605398,-0.4031942,4.631284,2.3293150000000002,0.01474234,4.343132,2.242919e-06,14.0,0.9200658492576715
3.90909,0.08671975,0.03058007,0.05420393,0.5824170999999999,1.9282650000000001,2.894589,0.02553736,0.4076526,1.507216e-06,40.0,0.8234063664237048
3.90909,0.11097739999999999,0.07903612,0.02282481,-1.342365,2.693596,6.11523,0.03697009,4.60599,9.923391e-07,63.0,0.7447092285236557
3.90909,0.143581,0.02197887,0.003820897,-0.12300410000000002,1.374808,2.5798349999999997,0.05440561,1.370971,1.989032e-06,72.0,0.8982441011630415
3.90909,0.1940257,0.01639497,0.03581722,-2.329302,3.794807,3.82643,0.08546471,2.383667,1.45305e-06,92.0,0.8247881189534862
3.90909,0.25984050000000003,0.02258992,0.009348409,2.211277,3.4651919999999996,1.177017,0.13245179999999998,1.8276169999999998,2.115963e-06,111.0,0.8975125727664925
3.90909,0.3416703,0.02729596,0.02513278,0.7389654999999999,4.169183,0.8615014000000001,0.1997138,2.2785729999999997,1.305234e-06,133.0,0.7937597516248724
3.90909,0.4089,0.08306316,0.031771499999999994,0.23336120000000002,3.729047,0.2174956,0.2614705,2.624978,1.032563e-06,147.0,0.740816234860491
3.90909,0.5257046999999999,0.02352525,0.03564075,-2.643227,0.8733216999999999,5.578997,0.3811618,1.107474,1.751763e-06,150.0,0.8677210243652266
3.90909,0.6464274,0.01598819,0.007681426,-1.72708,0.2184294,2.6535450000000003,0.5197272,4.135224,1.482454e-06,166.0,0.8156538918721992
3.90909,0.8117436,0.03717754,0.01023002,0.9549306999999999,4.721425,6.16915,0.731349,0.5294621,1.341149e-06,153.0,0.8003463661190682
3.90909,1.128376,0.03581806,0.02306548,3.07539,5.991229,4.641218,1.198608,1.9255790000000002,9.205049999999999e-07,164.0,0.7117332094773547
3.94949,0.05002252,0.03488527,0.03717252,1.538537,0.645824,2.812479,0.01118789,0.6706006,1.2122280000000002e-06,0.0,0.7913988759645638
3.94949,0.06487239,0.05102386,0.03163652,-2.229055,6.132967,4.361004,0.01652301,0.5048376,1.346012e-06,15.0,0.8185383669201853
3.94949,0.08629743,0.04808734,0.02446293,0.5680251999999999,3.7473449999999997,0.3831651,0.02535104,2.416516,1.853861e-06,30.0,0.8774805586351325
3.94949,0.1146471,0.009995461,0.004060482,-2.175366,3.1821099999999998,2.38385,0.03881893,1.3967690000000001,1.578634e-06,52.0,0.8293947910169447
3.94949,0.14520729999999998,0.01433047,0.02470466,0.2878567,5.986152,5.981132,0.05533263,5.98189,1.160095e-06,69.0,0.7630546604872092
3.94949,0.19062300000000001,0.03065118,0.01896426,-0.06683380000000001,2.176662,0.613161,0.08322639,4.725249,1.809991e-06,80.0,0.871861445069065
3.94949,0.24047039999999997,0.05170803,0.022237,2.900505,4.193132,0.05504682,0.1179208,5.453455,1.3714349999999998e-06,98.0,0.8234606791290612
3.94949,0.3169088,0.02588174,0.01521982,2.246602,2.126835,2.1009349999999998,0.17840160000000002,3.971968,2.323327e-06,108.0,0.9466329472233519
3.94949,0.4073983,0.02147365,0.03294725,1.092643,1.908049,0.46792120000000004,0.26003139999999997,3.726385,1.16314e-06,127.0,0.7663362930586419
3.94949,0.5229482,0.029338799999999998,0.00654923,-1.133702,3.0265470000000003,5.30882,0.3781678,3.4006190000000003,1.916436e-06,133.0,0.8711765133819691
3.94949,0.6555513000000001,0.03310824,0.02219094,-1.253192,1.79035,3.428265,0.53077,2.9068869999999998,1.227728e-06,143.0,0.7871453535498077
3.94949,0.8925417999999999,0.009774624,0.01462905,-2.2883150000000003,2.952316,0.9101756,0.8432156,0.2509955,2.451756e-06,156.0,0.9576477294496191
3.94949,1.210076,0.1647425,0.03220206,1.7285669999999997,2.84876,2.936091,1.331113,4.323435,1.312709e-07,182.0,0.4217446014037994
3.9899,0.04463765,0.11170630000000001,0.01379644,-0.21140749999999997,1.9585990000000002,1.368459,0.009430866999999999,5.809764,1.294943e-06,0.0,0.7945719989833713
3.9899,0.06306129,0.07387926,0.02374203,-1.876423,3.8040230000000004,5.766566,0.01583593,3.7504769999999996,2.05516e-06,17.0,0.9103744273660199
3.9899,0.09920333,0.02024173,0.05865853,0.8010123,2.629108,1.5922120000000002,0.03124555,4.406498,2.4570560000000002e-06,44.0,0.9287690251646459
3.9899,0.15656810000000002,0.04749958,0.01510836,1.947486,5.192775,2.198586,0.06195167,1.435151,2.475549e-06,74.0,0.9509536663777975
3.9899,0.21844810000000003,0.06608944,0.0215243,0.4220049,1.6417650000000001,0.03115283,0.1020988,4.136689,1.416866e-06,101.0,0.8222911571418754
3.9899,0.30315190000000003,0.03715336,0.03258167,-0.735254,6.068174,5.212683999999999,0.1669121,6.153607,2.8884930000000004e-06,107.0,0.9891749362004663
3.9899,0.47403690000000004,0.03390937,0.02477596,1.8707369999999999,5.005011,1.2330709999999998,0.3263736,0.6824486999999999,1.8360550000000001e-06,127.0,0.8894604095221919
3.9899,0.5955179,0.02119326,0.03119475,-1.495249,3.1004709999999998,3.890591,0.45955640000000003,2.3168349999999998,1.3208289999999999e-06,140.0,0.8076149764385658
3.9899,0.7937380999999999,0.01609223,0.01353823,3.096082,1.445099,5.601799,0.7071506,1.0889790000000001,2.161772e-06,153.0,0.945061195338214
3.9899,0.9982306000000001,0.05744862,0.02420768,-2.120149,0.9002502,0.2824753,0.9973379000000001,1.617314,5.942582e-07,188.0,0.6435315811253517
3.9899,1.225462,0.02770144,0.11077269999999999,2.7921240000000003,1.485422,2.9856830000000003,1.35658,4.937574,1.204608e-07,199.0,0.4194164263851704
3.9899,1.327584,0.1664143,0.1888942,3.042057,2.763044,5.529299,1.529639,5.894602,1.1800499999999999e-07,192.0,0.4128029822515913
4.0303,0.05580542,0.0841789,0.01848036,-2.598867,1.402034,1.2468540000000001,0.013183000000000002,2.543618,1.603109e-06,0.0,0.8537330723389315
4.0303,0.07430237,0.03284247,0.0419847,-1.860397,1.1399489999999999,0.7131425,0.02025365,1.4989780000000001,1.20754e-06,18.0,0.7808774869378912
4.0303,0.09318649,0.03932932,0.03824808,0.01054381,5.013228,0.6438461999999999,0.02844648,1.976372,1.54683e-06,31.0,0.8445773237724818
4.0303,0.12365280000000001,0.02640576,0.02174802,-2.949251,5.237432,1.284265,0.0434815,5.233931,1.516353e-06,47.0,0.8152647289010013
4.0303,0.16165539999999998,0.02778377,0.04661815,-1.143375,6.111569,2.5255080000000003,0.06499552,3.805682,2.2343260000000002e-06,60.0,0.92108426556139
4.0303,0.2092996,0.09317843,0.026599599999999998,0.9435046,2.0040430000000002,5.338081,0.09575253,2.507437,1.008783e-06,85.0,0.7464325373013843
4.0303,0.2639034,0.004351079,0.0250666,-0.9677747999999999,3.453095,0.2877882,0.13557049999999998,4.078627,1.9510910000000002e-06,79.0,0.896005010979326
4.0303,0.3519,0.01362372,0.03562798,0.3048961,4.922926,1.048772,0.2087499,2.127395,1.702857e-06,103.0,0.8625783051594065
4.0303,0.4536372,0.01040411,0.04029523,-2.908362,3.166513,3.6134910000000002,0.30553420000000003,3.350982,1.910958e-06,108.0,0.8848715866614774
4.0303,0.5891831,0.03022634,0.05740383,2.2708880000000002,2.576699,3.941293,0.452243,5.328188,1.956262e-06,128.0,0.8944084159229946
4.0303,0.7354298,0.02032392,0.0069472069999999995,0.7973539000000001,0.6323134,0.3580183,0.6306784000000001,5.1754169999999995,1.225877e-06,147.0,0.7732887852826433
4.0303,1.0211540000000001,0.03341457,0.01497483,-0.1424778,5.967068,2.756323,1.031888,3.2102180000000002,1.828058e-06,154.0,0.8873681415508006
4.07071,0.04978843,0.04943558,0.06313977,2.401152,1.3805889999999998,2.844323,0.01110945,5.263148,6.698111999999999e-07,0.0,0.6637065135719912
4.07071,0.06194221,0.05453365,0.05970912,0.7246014000000001,5.641055000000001,0.06586375,0.01541628,6.264635,1.563221e-06,8.0,0.8426369051538491
4.07071,0.08563455,0.04317367,0.04318224,2.317332,0.38258109999999995,2.7741279999999997,0.02505951,0.08098019,1.919038e-06,23.0,0.8686441087215379
4.07071,0.1208222,0.01527811,0.0158178,1.469393,5.128855000000001,4.292137,0.04199706,3.954701,2.034685e-06,43.0,0.9106416458738653
4.07071,0.1625468,0.05454019999999999,0.03156159,-1.107875,6.00413,0.3136859,0.06553387,1.8076279999999998,1.6389930000000001e-06,68.0,0.8331490429900592
4.07071,0.2186192,0.01784124,0.007288886,2.820989,1.585669,3.311085,0.1022187,5.155562000000001,1.822234e-06,80.0,0.8771786198260172
4.07071,0.30693990000000004,0.01748144,0.0032336709999999996,-1.744937,5.140733,2.518365,0.1700503,5.378487000000001,2.25548e-06,91.0,0.9360449537343187
4.07071,0.3947506,0.01195122,0.02050441,3.116609,1.352644,2.230016,0.24801689999999998,4.025364,1.8030090000000002e-06,119.0,0.8625181572386657
4.07071,0.5488352,0.0027712440000000004,0.008812568,-0.6726156,4.811351999999999,0.6438335000000001,0.4065928,2.790194,1.478227e-06,129.0,0.8236006733923793
4.07071,0.6680023,0.03856402,0.02339254,-2.261635,5.971669,4.728981,0.545963,1.086275,1.9431360000000002e-06,146.0,0.8906973754916578
4.07071,0.8287373,0.08235336,0.01651313,0.1966237,4.1172379999999995,4.82167,0.7544338,0.595666,1.071699e-06,163.0,0.7564789143552931
4.07071,1.022144,0.06113197,0.02476331,0.5670145999999999,5.957008999999999,0.49367659999999997,1.03339,0.285852,9.511247e-07,148.0,0.7322224415302157
4.07071,1.297648,0.1077038,0.08027857,-1.087533,3.039018,4.288165,1.478193,2.47818,1.3671099999999999e-07,173.0,0.42288820961469087
4.11111,0.05561095,0.020719400000000002,0.004413904000000001,-2.5398549999999998,1.89799,1.510242,0.01311415,2.186246,1.961969e-06,0.0,0.9012077468725304
4.11111,0.07682571,0.04061761,0.05805608,1.620909,3.1423389999999998,3.124327,0.02129409,4.563584,1.165878e-06,22.0,0.7834062368834426
4.11111,0.0990646,0.02918322,0.03276594,2.0884560000000003,0.8830011999999999,5.206029,0.03118004,2.279518,1.683936e-06,34.0,0.8508435412097058
4.11111,0.136472,0.07001075,0.05448873,-0.37841009999999997,2.049647,2.926899,0.05041548,1.3920700000000001,2.081219e-06,49.0,0.903710991457652
4.11111,0.18935410000000003,0.03247058,0.04798521,-2.327454,3.327663,5.460822,0.08239675,4.39839,1.770027e-06,71.0,0.866817640177816
4.11111,0.25437129999999997,0.04941726,0.02979379,-2.792059,5.497943,0.167626,0.1282921,3.6915940000000003,1.983285e-06,81.0,0.895500024952
4.11111,0.3696414,0.033287300000000006,0.02543786,-0.4251311,2.8363259999999997,2.147418,0.22473360000000003,6.001326000000001,2.8135559999999997e-06,101.0,1.0143660434375013
4.11111,0.5210051,0.02205893,0.004974999,0.8469061,0.7513525,4.75558,0.37606209999999995,3.156647,2.008378e-06,124.0,0.8778532093371977
4.11111,0.7651485,0.01064197,0.005253877,-2.972213,2.469861,5.483048,0.6692906,5.979075,2.379686e-06,138.0,0.9354670316293128
4.11111,0.9456866,0.04554417,0.02429788,1.65405,3.9613389999999997,0.6609015,0.9196378000000001,1.418233,7.726446e-07,148.0,0.6877769900203072
4.11111,1.179477,0.04377155,0.08434712,1.707127,4.66951,3.653032,1.280944,3.525746,2.707804e-07,168.0,0.5188589750491472
4.11111,1.450839,0.1603463,0.04426427,-2.079774,4.3476349999999995,1.598177,1.74753,5.379839,1.299744e-07,156.0,0.42496902326950003
4.15152,0.05772348,0.06286943,0.03620288,2.64768,2.279728,4.105283999999999,0.01386847,5.363908,1.495136e-06,0.0,0.8336479791778245
4.15152,0.07886583,0.02973719,0.02584818,-0.4438108,4.718543,5.285625,0.02214791,1.062278,1.562547e-06,12.0,0.8353396246959264
4.15152,0.1047289,0.02408659,0.03505046,0.42417619999999995,0.17485320000000001,3.053962,0.03389213,2.484772,1.742486e-06,32.0,0.8746711840615766
4.15152,0.13519489999999998,0.02449528,0.04035781,-2.806589,3.134737,4.141066,0.04970945,3.7831620000000004,1.393315e-06,49.0,0.8235330055004534
4.15152,0.16871129999999998,0.01791009,0.005151531,2.508109,4.295017,3.8234739999999996,0.06929703,3.297884,1.45825e-06,61.0,0.8086348261502037
4.15152,0.20544369999999998,0.01434102,0.08266204,-0.18924370000000001,2.576402,1.2807309999999998,0.09311877,5.150908,9.20159e-07,70.0,0.7228865173449674
4.15152,0.25459299999999996,0.02564014,0.01597639,-3.1205950000000002,1.439495,2.293901,0.12845979999999999,3.9378519999999995,1.9394059999999998e-06,74.0,0.8965645844407981
4.15152,0.32498699999999997,0.03552022,0.02898139,-2.2828880000000003,1.077153,0.1059202,0.18526629999999997,1.381057,1.216495e-06,91.0,0.7698930821672557
4.15152,0.40011729999999995,0.02993762,0.01337111,0.6773295,4.527476,3.971629,0.2530918,4.9928360000000005,1.415135e-06,100.0,0.8162396528565801
4.15152,0.49971579999999993,0.04051835,0.0036445159999999996,-1.667198,2.0638400000000003,0.5269699999999999,0.3532493,0.1414146,1.84808e-06,116.0,0.9009075104885628
4.15152,0.6305959,0.02752577,0.01697406,1.6458169999999999,5.262443,6.095829,0.5007524999999999,5.429833,1.4097329999999999e-06,132.0,0.8098392435532513
4.15152,0.7295409,0.02877935,0.0178456,0.9028332,3.887312,0.6278971999999999,0.6231186,2.169078,7.102507e-07,133.0,0.68883868958502
4.15152,0.8688978999999999,0.01675393,0.01713127,-3.053684,2.022288,0.3400614,0.8099328,1.404432,1.302691e-06,145.0,0.8170013451335039
4.15152,1.056793,0.02012518,0.01351959,-0.9099891,5.926665,1.141744,1.086378,2.4346970000000003,8.627827e-07,134.0,0.7046727468575218
4.19192,0.051713,0.007392479,0.08969274,2.13079,2.214768,3.006859,0.01175977,4.930068,2.6111649999999998e-06,0.0,0.9911748421508053
4.19192,0.07954557,0.09040225,0.10474760000000001,-2.9665779999999997,0.7160510999999999,5.7407580000000005,0.02243485,1.8835709999999999,1.196026e-06,35.0,0.7798829150931079
4.19192,0.11514469999999999,0.021300200000000002,0.06774033,-0.5374608000000001,5.15359,4.23672,0.03907192,5.887599,2.7217809999999996e-06,50.0,0.9805748780994309
4.19192,0.17401960000000002,0.030492200000000004,0.05746139,-0.8029588000000001,5.471004,1.380647,0.07259315,3.004326,1.275398e-06,82.0,0.796360972813438
4.19192,0.22999699999999998,0.01846311,0.0370575,2.658891,2.076352,5.440528,0.1103014,0.729647,2.415616e-06,91.0,0.9603054720378965
4.19192,0.3596804,0.0379971,0.00320469,1.178253,3.5901160000000005,0.5406572,0.21571089999999998,2.121212,2.377281e-06,117.0,0.9572704254719879
4.19192,0.4999089,0.07108297,0.03164762,2.817685,1.783296,1.6423740000000002,0.3534547,3.300796,1.8715e-06,104.0,0.8839135272446759
4.19192,0.7283293000000001,0.02760938,0.02129292,-1.164968,1.23094,5.105549,0.6215670999999999,4.986726,2.272333e-06,126.0,0.9326200590542078
4.19192,1.0733979999999999,0.12116980000000001,0.06177375,0.1905567,3.502957,5.177598000000001,1.112083,1.726327,1.067829e-06,164.0,0.7619149063667312
4.19192,1.421243,0.1340324,0.1440586,3.055908,3.476036,5.390175,1.694333,4.882395,1.198637e-07,183.0,0.4125828654566634
4.23232,0.05144596,0.07917841,0.09307891,-0.5658681999999999,1.3785040000000002,1.707745,0.01166881,1.0264209999999998,1.473973e-06,0.0,0.827061745667725
4.23232,0.0753382,0.06180113,0.05997477,0.1960047,2.180438,0.1554928,0.02067864,3.9683879999999996,1.9941099999999995e-06,18.0,0.9021026974262876
4.23232,0.1059486,0.07384465,0.03333809,1.672164,5.158022,4.998647,0.03448590000000001,4.312715,1.74826e-06,41.0,0.8756362729028762
4.23232,0.1439374,0.02132062,0.01713519,-2.2256099999999996,2.296839,3.8841309999999996,0.05460835,3.786924,1.6476599999999999e-06,60.0,0.8429538601429278
4.23232,0.19224620000000003,0.0568067,0.05711654,-2.348601,1.7002080000000002,4.685169,0.08429171,5.237346,1.628949e-06,77.0,0.8370417984705625
4.23232,0.2565885,0.01794788,0.04682663,2.4151580000000004,0.3810513,1.40186,0.1299731,4.853365,1.937125e-06,90.0,0.8893075992841375
4.23232,0.3430278,0.05101643,0.05213233,0.3948151,5.719479,2.081791,0.20090529999999998,2.326891,1.4642349999999998e-06,105.0,0.8391015864576956
4.23232,0.4161986,0.03501376,0.02503516,-1.1926459999999999,5.330596,3.341969,0.26850229999999997,5.43561,1.435627e-06,114.0,0.8348673284644841
4.23232,0.5271803,0.02144381,0.00129523,-0.7654974,0.6533749,6.201287000000001,0.3827677,0.03155588,1.310105e-06,128.0,0.8013447638204487
4.23232,0.6401178000000001,0.04885447,0.02987567,-2.0401540000000002,0.8229042999999999,2.792352,0.512137,3.9379410000000004,1.25035e-06,140.0,0.7785674489832295
4.23232,0.7893276,0.06758799,0.032005700000000005,2.844231,5.432096,3.542328,0.7012661,1.6841669999999997,1.00794e-06,119.0,0.7399078750549257
4.23232,0.9788636999999999,0.04208839,0.02766642,1.602061,1.6903759999999999,5.18205,0.9684549000000001,1.96817,1.042281e-06,151.0,0.7562502836879134
4.23232,1.3153569999999999,0.11119280000000001,0.03041931,-1.001849,2.848558,0.5068564,1.508556,4.721586,3.983587e-07,168.0,0.5740413799999685
4.27273,0.06092501,0.05633492,0.03375555,2.488841,6.277511,3.341448,0.0150381,0.9475271000000001,1.900063e-06,0.0,0.8988885411628862
4.27273,0.08422332,0.01504849,0.03183469,1.9342810000000001,2.226624,4.307007,0.02444263,0.15056660000000002,1.092758e-06,19.0,0.7574939631466804
4.27273,0.1039012,0.03634053,0.02409804,1.395851,3.1046970000000003,5.684806,0.03349111,1.2526950000000001,1.4447730000000002e-06,31.0,0.8110476216196596
4.27273,0.13154720000000003,0.04414995,0.03720946,2.7589080000000004,5.383129,3.349796,0.04771128,1.579237,9.610143e-07,44.0,0.7382943828052007
4.27273,0.1582284,0.0234516,0.01035,-0.6385895,3.3236160000000003,1.783809,0.06293974,5.344519999999999,1.665019e-06,54.0,0.8654043466647028
4.27273,0.203809,0.02292789,0.06620578,-2.884988,3.5538220000000003,2.240175,0.09200958,1.6171790000000001,1.390927e-06,67.0,0.8371216852213168
4.27273,0.2526999,0.05037337,0.023376400000000002,0.9360263000000001,2.336145,4.534098,0.1270296,1.359621,1.213236e-06,76.0,0.7883132632430581
4.27273,0.30888590000000005,0.01401498,0.0226715,-2.012929,3.7491019999999997,4.168131,0.17167020000000002,2.44998,1.8486830000000001e-06,73.0,0.8689218134211938
4.27273,0.42299670000000006,0.01194833,0.02318066,-0.372408,2.766885,3.190734,0.2751074,0.8135159000000001,2.636838e-06,97.0,0.966413965822202
4.27273,0.5835796999999999,0.01539183,0.05300462,-1.553691,1.996566,5.1178550000000005,0.4458073,4.644245,4.055984e-07,122.0,0.578658822561444
4.27273,0.7430738,0.009846667,0.009469722,0.8522204,2.910382,3.160528,0.6405367,5.669844,3.436272e-06,123.0,1.0311854635408038
4.27273,1.038842,0.02458742,0.0041691079999999995,-1.53483,0.9269175999999999,5.333204,1.058815,5.924131,7.531251e-07,154.0,0.6746536889256041
4.27273,1.334468,0.1015581,0.03559777,0.1075367,5.5381800000000005,4.6332889999999995,1.541552,5.087153,1.389645e-07,132.0,0.43279041104151966
4.31313,0.05172447,0.04029617,0.060120400000000004,1.5943370000000001,0.7134446999999999,6.266215,0.01176369,3.901673,1.5338880000000001e-06,0.0,0.8412818722561312
4.31313,0.07543819,0.051682900000000004,0.01703341,0.3606241,5.411787,5.466857,0.02071983,5.944507,2.059435e-06,18.0,0.9400917818289591
4.31313,0.1095317,0.10446880000000001,0.03212205,-0.6263691,6.097657,4.836996,0.03625003,5.5110410000000005,1.833841e-06,39.0,0.8817937958771924
4.31313,0.1478203,0.03433325,0.05606777,-2.01628,3.262051,5.404643,0.05683286,4.1017790000000005,1.5341909999999998e-06,58.0,0.8357080716435175
4.31313,0.2161846,0.04890573,0.03077552,0.1803494,1.143609,0.8924724,0.100516,5.808407,2.3520849999999997e-06,79.0,0.9382356247473809
4.31313,0.31091240000000003,0.04321265,0.02692889,1.965281,2.467647,4.930947,0.17336229999999997,0.5413422,1.860238e-06,98.0,0.8847276237918575
4.31313,0.38319990000000004,0.03043138,0.02843446,2.97444,1.857753,5.539001,0.23721129999999999,0.747498,1.4745869999999999e-06,117.0,0.8087702399270802
4.31313,0.4977196,0.04854832,0.03315342,-2.018006,3.070292,1.397182,0.351135,0.37969959999999997,1.426492e-06,125.0,0.8205080200374455
4.31313,0.6671060999999999,0.04527198,0.025601299999999997,0.5784799,4.4827069999999996,4.896473,0.5448648,6.10275,1.3786680000000002e-06,142.0,0.7903157721292374
4.31313,0.7899421999999999,0.007729848,0.003492548,2.529361,0.44640859999999993,6.209363,0.7020849,3.232186,1.227713e-06,133.0,0.7878009753984794
4.31313,1.018952,0.008401369,0.008698955,-2.469417,1.206116,5.143357,1.0285540000000002,0.1255638,1.169841e-06,159.0,0.7739255652112796
4.35354,0.04715275,0.1010252,0.06556103,-2.7391650000000003,5.699399,0.28111090000000005,0.01023906,3.5231879999999998,1.270307e-06,0.0,0.7902472404292231
4.35354,0.06405467,0.03333354,0.04105054,-2.8518,0.1799596,3.231529,0.01621159,5.877663,1.492442e-06,17.0,0.8384168610128039
4.35354,0.09135598,0.04232534,0.06112631,-1.862226,4.980726,1.092929,0.02761242,4.183365,1.831111e-06,36.0,0.8836418865663719
4.35354,0.12137239999999999,0.01493632,0.04112588,-0.93194,0.384861,5.560638,0.04228426,6.102404,8.712921e-07,58.0,0.7097052494601535
4.35354,0.14674310000000002,0.02403854,0.04085257,0.1726074,5.277724,5.824162,0.05621280000000001,0.3918914,1.263202e-06,68.0,0.7899259808715445
4.35354,0.1972525,0.04800643,0.03478532,-0.4821867,1.404627,2.7584419999999996,0.0876056,1.927096,2.010997e-06,82.0,0.9128245807164914
4.35354,0.28519240000000007,0.04669303,0.02717832,-0.4310093,5.485825,4.2355279999999995,0.1523016,5.3928970000000005,2.112331e-06,98.0,0.9264187077504284
4.35354,0.3776941,0.06665981,0.04596367,2.6784169999999996,0.28604650000000004,6.030787999999999,0.2321174,3.0755779999999997,8.453808999999999e-07,123.0,0.7185744038022106
4.35354,0.4615485,0.04919599,0.05368637,2.836649,5.088227,1.286545,0.3135616,5.8917459999999995,1.334818e-06,133.0,0.8110812713269437
4.35354,0.5694979,0.04782046,0.02300281,0.22891460000000002,1.472695,1.052748,0.4297692,5.573683,1.702206e-06,128.0,0.8496805410377681
4.35354,0.7846639,0.03820484,0.04455982,1.7584009999999999,3.478448,2.002708,0.6950594,3.0557849999999998,1.785281e-06,152.0,0.8766139426678062
4.35354,1.1117620000000001,0.01720898,0.03035157,-1.190903,0.9585771000000001,5.485089,1.172233,5.698624,8.512102e-07,159.0,0.7019022543395526
4.39394,0.04976934,0.02018952,0.009977128,-1.8185639999999998,4.117186,0.7023904000000001,0.01110306,4.646625,1.12372e-06,0.0,0.7565227043148017
4.39394,0.06123245,0.02063353,0.01463611,1.125192,4.0224459999999995,3.3128319999999998,0.01515207,4.408818,7.464768000000001e-07,14.0,0.6669690783248042
4.39394,0.07524247,0.009095327,0.02277187,2.371869,5.983412,5.347264,0.02063925,3.272773,1.2004600000000001e-06,23.0,0.7845702948945712
4.39394,0.09611566,0.03038473,0.01766029,0.7690664,0.9239961,5.347933,0.02979822,3.6259919999999997,1.349068e-06,37.0,0.8024429921847658
4.39394,0.1326616,0.02085787,0.040736,-0.4522768,2.128381,2.1947419999999997,0.04831884,0.5397930000000001,1.881544e-06,49.0,0.8850772985191178
4.39394,0.18203729999999999,0.013006299999999998,0.002192506,-1.8611490000000002,2.406261,2.804241,0.07766745,2.279012,1.48648e-06,67.0,0.8253318923278763
4.39394,0.24178049999999998,0.02389155,0.03104547,2.922171,4.158689,0.7998054,0.1188857,0.0022353779999999997,1.88563e-06,87.0,0.8850472369701572
4.39394,0.31084,0.04229574,0.03285749,2.8658509999999997,1.8206490000000002,2.049346,0.17330179999999998,3.606967,9.821995e-07,104.0,0.7488804048812991
4.39394,0.3766992,0.01522792,0.02129692,2.472496,3.915,3.810051,0.23120090000000001,3.689714,1.34786e-06,109.0,0.8053290647960283
4.39394,0.4474624,0.004270413,0.02082336,-2.847526,2.868618,3.116937,0.2993172,3.096234,8.341701000000001e-07,128.0,0.7049355624640183
4.39394,0.5772337,0.01353614,0.02087263,-0.7032538,6.22728,1.4093209999999998,0.4385554,2.190646,2.0578010000000003e-06,125.0,0.9112717429699533
4.39394,0.7521694999999999,0.03912809,0.02680635,-0.6155044,4.40613,0.9106931,0.6523340999999999,3.383925,1.256671e-06,136.0,0.7891602845815602
4.39394,0.9394937,0.05288811,0.009937386,2.174718,0.5097407,5.0489690000000005,0.9106197,2.435278,1.156062e-06,154.0,0.7913689597659348
4.39394,1.2012639999999999,0.1075276,0.04225646,1.140332,2.56426,4.427873,1.3166,0.88082,2.604937e-07,163.0,0.5217781301424521
4.43434,0.06416571,0.03378949,0.01308167,-1.86645,4.981864,6.0758529999999995,0.01625377,2.972128,2.217458e-06,0.0,0.9402469160672178
4.43434,0.09503968,0.04151381,0.05524266,1.2330860000000001,2.856573,6.016665,0.02929926,2.003364,1.8627440000000001e-06,23.0,0.8838167718627526
4.43434,0.1395631,0.03257009,0.02213097,-1.592424,0.7304236999999999,1.555865,0.05213804,2.459709,2.278119e-06,37.0,0.9304859340208058
4.43434,0.1995384,0.06172766,0.019667,1.338954,3.979606,4.288989,0.0891328,5.143655,2.003708e-06,66.0,0.9058228717734189
4.43434,0.261231,0.03882247,0.02748077,1.188061,4.987462,0.20844479999999999,0.1335166,0.3414062,1.308472e-06,62.0,0.819713269604669
4.43434,0.3312142,0.04084435,0.03791646,2.477737,0.1616731,5.584114,0.19061670000000003,2.95992,1.648351e-06,88.0,0.836978137718108
4.43434,0.44251419999999997,0.03492753,0.01691026,1.0928799999999999,5.557603,5.252473,0.29436609999999996,4.815894999999999,2.691062e-06,94.0,0.9929540593105268
4.43434,0.6691628000000001,0.01416224,0.03334272,-0.5786379,6.097686,5.567551,0.5473865,0.04990023,2.421011e-06,109.0,0.9421743361281509
4.43434,1.0247680000000001,0.03725146,0.04347221,-2.409147,2.554384,5.113253,1.0373709999999998,4.8951400000000005,1.764985e-06,114.0,0.868922917689946
4.47475,0.06842578,0.01183977,0.04185793,2.340284,0.4147603,3.3553019999999996,0.01789902,0.613798,2.066392e-06,0.0,0.9346076473133651
4.47475,0.09552561,0.07257447,0.06569802,-2.915625,2.923527,2.334018,0.02952426,2.4254290000000003,1.415135e-06,20.0,0.8266232232660782
4.47475,0.12695019999999999,0.03253414,0.06204413,-0.6631973000000001,1.307615,4.25169,0.04523234,3.5790839999999995,2.0628030000000003e-06,33.0,0.9050242228035482
4.47475,0.1770431,0.03247166,0.0018492,2.863365,2.221016,0.9883155,0.07449327,2.238875,1.812713e-06,50.0,0.8767123962961931
4.47475,0.225847,0.005000427,0.020263200000000002,-2.211673,3.343978,5.601433999999999,0.10732950000000001,4.459437,1.412391e-06,68.0,0.8217475140214012
4.47475,0.2905158,0.01372892,0.008596211999999999,1.7875740000000002,5.513827,1.016016,0.1565859,6.280924,1.683602e-06,64.0,0.845193504493569
4.47475,0.35629109999999997,0.05191548,0.03734149,0.559909,5.225844,1.78247,0.2126692,2.355433,9.827839e-07,96.0,0.7297128928208949
4.47475,0.4457992,0.04368838,0.02113592,0.5532013000000001,4.080358,0.6299260999999999,0.2976502,2.343563,2.291115e-06,88.0,0.9749742534657385
4.47475,0.6107568,0.03636582,0.02282907,2.090016,5.583365000000001,4.680612,0.477308,3.280097,1.505589e-06,109.0,0.824739249063422
4.47475,0.7102507,0.04847411,0.02725427,2.4950080000000003,6.212016,5.56553,0.598568,3.141682,8.933073e-07,114.0,0.7324469420517382
4.47475,0.9363698,0.02196342,0.01394861,-1.6071280000000001,1.079688,1.8556130000000002,0.9060823,2.412674,2.14945e-06,98.0,0.9103508955291324
4.47475,1.212553,0.08600167,0.05420236,-1.506842,1.999002,1.221731,1.335202,0.8538450999999999,1.5821770000000002e-07,136.0,0.4406349243559642
4.51515,0.05078067,0.17716400000000002,0.06455434,-1.969532,3.24212,0.17554779999999998,0.0114432,4.842553,9.338791e-07,0.0,0.7200988195848022
4.51515,0.07314239,0.03284749,0.03465617,2.610694,4.239747,2.9283189999999997,0.01978122,2.4059630000000003,2.339763e-06,11.0,0.9320343447475126
4.51515,0.1165985,0.02004364,0.02881914,-3.0975479999999997,3.725215,2.7331220000000003,0.03981421,2.1395049999999998,2.424548e-06,33.0,0.9516769657144024
4.51515,0.1794468,0.006474110999999999,0.01910234,1.559138,3.091689,4.9561980000000005,0.07601546,0.3092942,2.0800309999999998e-06,57.0,0.880310644515196
4.51515,0.2388356,0.03661512,0.04765118,2.698077,5.64581,1.339533,0.1167204,5.511968,1.317233e-06,82.0,0.8080162660546182
4.51515,0.3264924,0.04226427,0.01147589,-0.9469860999999999,1.193301,3.196932,0.18655510000000003,2.965868,2.5595369999999998e-06,93.0,0.946511592388767
4.51515,0.513945,0.03530198,0.02180421,2.424731,5.056143,2.7266310000000002,0.3684442,1.599556,2.820105e-06,116.0,0.9881571351477438
4.51515,0.8135055999999999,0.02245869,0.06184606,-0.45554690000000003,3.966097,0.5410486999999999,0.7337313,3.306199,2.119224e-06,128.0,0.9398074202422263
4.51515,1.134011,0.06828684,0.005662414,1.745423,3.0861669999999997,0.9613974000000001,1.2076,2.498368,7.537917000000001e-07,113.0,0.6830755449941678
4.55556,0.0660516,0.01257712,0.06952289,1.769914,5.666829,5.404292,0.01697558,4.228371,1.650336e-06,0.0,0.8508033239599457
4.55556,0.08397216,0.08264441,0.04685421,-1.3076860000000001,3.779557,2.715712,0.02433338,0.2881557,9.667e-07,16.0,0.7086608573452018
4.55556,0.11442809999999999,0.02029482,0.02795409,0.391436,0.5657173000000001,0.37067059999999996,0.03870774,5.673757,2.253602e-06,24.0,0.9425759734797349
4.55556,0.15543379999999998,0.06185761,0.07884566,2.802395,1.0239559999999999,4.373589,0.06127977,0.6160937,1.066114e-06,40.0,0.7493643683496678
4.55556,0.1897426,0.02146519,0.01108359,0.12571369999999998,3.14376,6.130954,0.08265051,2.87305,1.714378e-06,51.0,0.8569321035345296
4.55556,0.2616715,0.03747428,0.02683216,-0.169852,2.8035,4.643967,0.13385429999999998,2.076769,2.6077359999999998e-06,68.0,0.9627992804260836
4.55556,0.396305,0.007021384,0.01347211,-2.0040459999999998,0.614359,2.192439,0.24948320000000004,3.5761849999999997,1.6851060000000001e-06,90.0,0.8797115159559852
4.55556,0.4789527,0.03202388,0.01402172,-1.893678,3.111925,5.052311,0.331464,3.794407,1.7071000000000001e-06,84.0,0.8659835336368573
4.55556,0.6549427,0.003112362,0.03642775,-2.942542,6.065751000000001,3.9275519999999995,0.5300314,0.8088394,2.102835e-06,94.0,0.9042549176481035
4.55556,0.8147314,0.02616099,0.0051447870000000005,0.9187420000000001,3.9687069999999998,5.550118,0.7353904,0.6957026999999999,1.5655420000000002e-06,118.0,0.8404029866828021
4.55556,1.1454540000000002,0.0649941,0.04439271,0.134262,0.141984,3.303339,1.2259209999999998,3.040832,7.962478e-07,129.0,0.693243649250151
4.59596,0.04968466,0.1249691,0.06174263,-0.9343427,0.588121,1.629498,0.01107473,2.1904529999999998,9.89874e-07,0.0,0.7411471154902689
4.59596,0.06998421,0.004438483,0.06959501,-2.306717,2.442539,3.62279,0.01851397,3.483979,2.00603e-06,12.0,0.9188532694022171
4.59596,0.1091945,0.0035190779999999997,0.01775035,-0.9014315999999999,4.648716,5.225662000000001,0.03608279,1.4853889999999998,2.242929e-06,30.0,0.9444653270157386
4.59596,0.16205999999999998,0.02748908,0.03115641,0.2681489,0.01888487,3.605218,0.06523975,3.308843,1.9052729999999999e-06,48.0,0.8881354110966792
4.59596,0.21293829999999997,0.0586043,0.02128977,-2.5527580000000003,3.153916,2.833377,0.09826041,2.320607,9.591346e-07,83.0,0.7239317274926595
4.59596,0.26509099999999997,0.001989734,0.02863325,-0.12630360000000002,0.5169035,0.9629735999999999,0.1364868,0.5745336,1.2800040000000001e-06,73.0,0.7902873610773213
4.59596,0.324081,0.05346504,0.04651385,1.1107879999999999,0.4510549,5.781251999999999,0.1844922,4.128229,1.0144419999999999e-06,97.0,0.7441226322616723
4.59596,0.4026916,0.03001449,0.02757483,1.047476,0.26738759999999995,1.559593,0.2555384,0.2598219,1.6391620000000001e-06,100.0,0.8396804772502912
4.59596,0.5326525,0.02569392,0.009755305,-2.790695,4.616075,1.390301,0.3887429,5.825799,1.8719190000000001e-06,124.0,0.8604360787470735
4.59596,0.6887996,0.03810722,0.02379568,3.0248880000000002,5.131919,0.515572,0.5716581999999999,4.849954,1.3764490000000002e-06,112.0,0.8126123336683522
4.59596,0.8428733,0.04597865,0.02133818,0.2845415,0.65153,5.840118,0.7738196999999999,4.8129,5.405839e-07,155.0,0.6181599062785637
4.59596,1.010318,0.01864228,0.04293991,-0.6055225000000001,4.797608,3.3393339999999996,1.015509,5.401922,5.367876e-07,153.0,0.6233284050960393
4.59596,1.1296950000000001,0.11642730000000001,0.0653628,2.85659,3.4588620000000003,2.745632,1.200712,2.798611,6.38923e-07,119.0,0.6547980092317628
4.63636,0.06055569,0.07585434,0.08022057,2.632228,5.015975,1.5626520000000002,0.01490157,0.23045660000000004,1.3590399999999999e-06,0.0,0.8086581832330108
4.63636,0.07860968,0.014095400000000001,0.04912738,-2.731325,3.9354699999999996,2.391581,0.022040099999999996,1.213751,1.0088200000000001e-06,14.0,0.7377429866194585
4.63636,0.10311880000000001,0.009589186999999999,0.07057996,2.726365,3.650772,5.932849,0.03311355,5.830564,1.8024959999999998e-06,24.0,0.8957029647726585
4.63636,0.1392939,0.03299751,0.003145625,2.893125,3.523411,1.49738,0.05198726,1.429124,1.663228e-06,40.0,0.8455168302494737
4.63636,0.18800039999999998,0.0239638,0.04109503,0.7248766,6.175014,3.1339490000000003,0.08151475,2.5445919999999997,1.466713e-06,57.0,0.8457184119488746
4.63636,0.2366402,0.009888916999999999,0.04557526,-0.2573886,2.600625,3.2979519999999996,0.11511480000000002,0.9709726000000001,2.022877e-06,53.0,0.9034209238019025
4.63636,0.3215309,0.05299347,0.02269711,-0.10595879999999999,3.3716480000000004,0.8366709000000001,0.18231889999999998,3.788235,1.3022559999999999e-06,79.0,0.7975134443161525
4.63636,0.43662749999999995,0.00902212,0.03674663,-1.698241,1.664714,1.318028,0.28851170000000004,1.3692090000000001,1.926671e-06,94.0,0.8859298218354728
4.63636,0.5543509,0.005004847,0.01039783,2.945303,0.3698808,3.891316,0.412738,0.5816148,1.785055e-06,83.0,0.8818782483582255
4.63636,0.7014993,0.01713116,0.01769929,1.0163719999999998,3.6625,4.273546,0.5875401,5.864079,1.1485989999999999e-06,111.0,0.7734723554233056
4.63636,0.9015540000000001,0.04347275,0.01346639,-0.08959067,2.227259,2.4139939999999998,0.8560201,0.30134920000000004,1.471656e-06,120.0,0.8254401661423465
4.63636,1.088991,0.03719566,0.01708934,2.854022,6.015172,2.267773,1.1364040000000002,5.940601,6.048256e-07,132.0,0.6468492322265657
4.676769999999999,0.05287728,0.02640614,0.04863089,-0.3352301,5.036086,2.641452,0.01215915,4.177877,1.6431479999999998e-06,0.0,0.8446441165925178
4.676769999999999,0.07916357,0.08475239999999999,0.02939878,2.7016310000000003,3.973853,1.626026,0.02227344,1.3987379999999998,1.8396819999999999e-06,20.0,0.8944651890954344
4.676769999999999,0.1096883,0.03610731,0.03993294,-2.347785,2.532167,1.750244,0.03632784,1.6380290000000002,1.3871e-06,36.0,0.813902301293718
4.676769999999999,0.1601138,0.01368484,0.07082324,-1.465091,5.932958999999999,0.9652951999999999,0.06406809,2.790127,2.263047e-06,55.0,0.934628142482028
4.676769999999999,0.2349382,0.07536967,0.0347138,-1.960011,0.5099014000000001,0.6024496,0.113875,2.1802,2.136715e-06,79.0,0.917699848788754
4.676769999999999,0.34827529999999995,0.03545569,0.03275749,-0.1658765,3.5748260000000003,1.855863,0.205533,4.659202,1.701245e-06,95.0,0.8649110543610985
4.676769999999999,0.4460943,0.02519668,0.05349546,1.5901049999999999,4.008527,4.934242,0.2979458,5.58694,1.3997540000000001e-06,105.0,0.8147809499381795
4.676769999999999,0.561901,0.04283713,0.03529302,-2.498841,1.137151,1.2118200000000001,0.42119840000000003,2.617596,1.4547890000000002e-06,117.0,0.8271392301900116
4.676769999999999,0.6979158000000001,0.02967398,0.0728765,1.889059,4.706332,1.600533,0.5830435,1.345888,1.043449e-06,140.0,0.7509088539810971
4.676769999999999,1.020283,0.06170536,0.02546393,0.5855408000000001,4.729392,1.3891209999999998,1.03057,2.43992,1.7771260000000002e-06,122.0,0.8544963258000282
4.717169999999999,0.05884628,0.1024468,0.09032717,0.04331064,2.710732,3.365271,0.01427507,0.7421340999999999,1.231524e-06,0.0,0.7813794070596145
4.717169999999999,0.08072298,0.03362366,0.02111472,-1.823048,4.136629,4.4224440000000005,0.02293481,2.165361,1.796736e-06,13.0,0.8860232712856001
4.717169999999999,0.1257613,0.04598114,0.04314191,2.2078450000000003,1.833495,0.9165033000000001,0.04459841,3.156892,2.8967759999999997e-06,27.0,1.0053384369655372
4.717169999999999,0.2042028,0.01322064,0.01517148,2.341483,0.6082668999999999,6.1878589999999996,0.09227643,3.235602,2.4492459999999998e-06,57.0,0.9497817880004898
4.717169999999999,0.307822,0.01158062,0.01404203,-2.026549,4.18195,1.318838,0.1707839,5.429261,2.301393e-06,83.0,0.936479115887965
4.717169999999999,0.4422295,0.03646301,0.02433032,-1.045895,4.2666319999999995,1.1308040000000001,0.29408259999999997,4.131375,2.074055e-06,78.0,0.912658502580573
4.717169999999999,0.6044541999999999,0.063556,0.02485127,-1.60935,0.9636178,1.1827729999999999,0.46993950000000007,1.9486880000000002,1.411466e-06,105.0,0.8338681476827532
4.717169999999999,0.7584086999999999,0.08356789,0.02426532,-1.335991,1.57029,0.5363412,0.6604675999999999,0.3572114,1.41439e-06,110.0,0.819683327678464
4.717169999999999,0.9168417,0.01243401,0.0481018,1.454342,4.769421,0.7980579000000001,0.8778855999999999,0.8764769,1.1858920000000001e-06,123.0,0.7874744215449153
4.717169999999999,1.3689040000000001,0.18113929999999998,0.03284798,2.379741,3.6605800000000004,5.472339,1.601607,5.477208999999999,2.940905e-07,125.0,0.5182073585027477
4.75758,0.0638186,0.08252461,0.02035524,1.603875,5.160403,0.2625567,0.01612206,6.02489,2.28339e-06,0.0,0.9340639917206022
4.75758,0.09628514,0.08152423,0.03737451,-0.1911026,0.5023515000000001,3.622729,0.02987705,3.286439,1.3710069999999999e-06,36.0,0.8013592617819254
4.75758,0.1331246,0.01267005,0.03467499,2.718543,3.973868,3.274074,0.04857204,2.871668,2.196779e-06,24.0,0.9335622536493264
4.75758,0.1926513,0.05336141,0.054358300000000005,-1.3357510000000001,4.381983999999999,1.8151220000000001,0.08455834,4.949347,1.352604e-06,54.0,0.8040357851601625
4.75758,0.2512182,0.01972429,0.027045999999999997,-3.138348,1.36169,5.896333,0.1259142,1.428774,2.167557e-06,68.0,0.9085657988354661
4.75758,0.3874588,0.0272142,0.025552900000000003,-1.843563,1.126643,4.46646,0.24117689999999997,5.134139,2.801755e-06,79.0,0.9879206715950184
4.75758,0.5731055,0.05838727,0.0158834,1.085413,3.095827,3.002382,0.43385909999999994,4.993545,2.211567e-06,105.0,0.9049230259555714
4.75758,0.7754156,0.0461458,0.05550684,0.2433855,3.138857,4.927518,0.6828078000000001,1.637542,1.1484139999999998e-06,106.0,0.7717385075487309
4.75758,1.048118,0.03061547,0.02032757,2.300672,0.9751873999999999,0.04010183,1.07303,3.052973,1.4568600000000001e-06,126.0,0.822453142547457
4.79798,0.06037598,0.03832451,0.04748817,-0.5107495,0.824298,4.441845,0.01483529,4.066043,1.601088e-06,0.0,0.8387506731424725
4.79798,0.0925679,0.03376501,0.01889028,-1.620314,2.224018,4.488468,0.0281637,3.840464,2.419221e-06,17.0,0.9325162059510677
4.79798,0.1307524,0.02551906,0.03274002,2.199077,3.18792,0.35695479999999996,0.04727955,1.302096,1.068675e-06,41.0,0.7479855978515122
4.79798,0.1647834,0.04390035,0.01732199,1.704225,0.6627888000000001,2.8304709999999997,0.06689118,0.5047184,1.445627e-06,49.0,0.8215474583510469
4.79798,0.2181328,0.06226958,0.02304793,1.8663330000000002,4.044471,4.5921769999999995,0.1018779,4.841881,1.523792e-06,58.0,0.8264090927981986
4.79798,0.27978200000000003,0.0792815,0.04137954,-0.9529122999999999,2.270633,4.946626999999999,0.1479884,3.5607059999999997,1.316729e-06,72.0,0.8109075820861635
4.79798,0.3546315,0.0361389,0.02923707,1.8825889999999998,5.793151,1.166208,0.21118520000000005,6.039874,1.9032929999999999e-06,86.0,0.8815609665026028
4.79798,0.49588009999999993,0.05648556,0.01309375,3.037602,4.9381379999999995,1.8621869999999998,0.34919029999999995,0.19012420000000002,2.020726e-06,102.0,0.9017717445818761
4.79798,0.7320667,0.03859654,0.01390394,2.626849,5.460458,3.703096,0.626358,1.970866,2.134168e-06,113.0,0.9222677927841008
4.79798,0.9604505999999999,0.03990982,0.03959378,-0.9398957,5.14731,4.937759,0.9412587,0.7856178,1.0170820000000001e-06,119.0,0.7441578632614303
4.79798,1.256917,0.05351172,0.02847937,-0.4396423,4.931807,4.311578,1.409147,6.082027,2.981973e-07,138.0,0.5134617453162812
4.83838,0.06104888,0.04044423,0.04740811,-0.90743,1.532448,0.09646081,0.01508399,5.711991,1.009563e-06,0.0,0.7403668010922144
4.83838,0.0819352,0.05605379,0.033520999999999995,-1.352113,5.753091,4.577298000000001,0.02345337,0.1974361,1.687444e-06,9.0,0.8508202352424498
4.83838,0.11116480000000001,0.05302729,0.02374861,-0.5444388000000001,3.517674,3.8598760000000003,0.03706379,0.9723089,1.556779e-06,26.0,0.8424570439238855
4.83838,0.1615174,0.03732106,0.01958308,-0.9813055,1.680062,5.957398,0.06491240000000001,5.193326,2.622688e-06,36.0,0.956359664742391
4.83838,0.23327929999999997,0.01216858,0.0537184,2.015889,1.999528,0.5160286000000001,0.1126711,2.7922,1.121417e-06,59.0,0.7580232925124093
4.83838,0.2938697,0.01792054,0.06179804,1.243922,3.510992,5.617341000000001,0.1593052,0.8900438,2.224208e-06,69.0,0.9317427394539874
4.83838,0.40007,0.01733071,0.04804083,3.057603,1.136335,1.8331970000000002,0.2530471,3.898419,1.678465e-06,86.0,0.8526951002375325
4.83838,0.5529861,0.03202287,0.03304869999999999,-2.3601349999999996,0.378445,1.182226,0.41121440000000004,3.1625419999999997,1.894387e-06,90.0,0.8918768445589116
4.83838,0.7388986,0.01739031,0.0218377,-0.22518920000000003,0.9197291,0.6210856,0.6351465000000001,6.207122,1.505589e-06,105.0,0.832730454370566
4.83838,1.007922,0.07473935,0.01033915,-0.7982853,0.41175059999999997,4.60095,1.0118969999999998,4.840418,1.7127599999999999e-06,113.0,0.8534964556882583
4.87879,0.04770716,0.05639122,0.05088082,-1.9849689999999998,0.1732631,5.547957,0.01042018,1.179009,1.139813e-06,0.0,0.7640677940789513
4.87879,0.06317174,0.01918413,0.01598631,1.06588,2.255456,3.429036,0.01587756,0.1119251,1.1944070000000001e-06,15.0,0.7871896824686427
4.87879,0.08581666,0.04524799,0.03207076,-2.1282099999999997,4.98688,3.6806410000000005,0.025139500000000002,0.8908535,1.167149e-06,30.0,0.7727981845644174
4.87879,0.1100711,0.03578473,0.01725924,-1.172016,2.218424,2.57565,0.03651818,1.6008209999999998,1.136811e-06,44.0,0.7658368482996882
4.87879,0.1456458,0.01894602,0.05183111,0.5566835,5.039934,5.363785,0.05558348,6.041404,1.3642050000000001e-06,54.0,0.821680176809092
4.87879,0.1736884,0.04858974,0.02489666,3.058037,3.247458,2.332965,0.07238605,2.379547,5.638771999999999e-07,70.0,0.6388472931942639
4.87879,0.2106419,0.02117785,0.01108621,0.20338810000000002,0.3809531,3.1831099999999997,0.0966753,2.620161,1.069038e-06,78.0,0.7639995951298794
4.87879,0.2636763,0.0241614,0.01645705,1.042035,5.559666,0.05787498,0.1353956,6.009718,1.419074e-06,87.0,0.8230518928875805
4.87879,0.32516849999999997,0.02642997,0.03105708,-2.274685,0.7856884,5.468696,0.18542170000000002,0.7083861,7.419353000000001e-07,98.0,0.679432707425588
4.87879,0.4144278,0.01684261,0.020946700000000002,-2.438856,1.191418,1.542507,0.2667908,2.801323,1.645347e-06,105.0,0.8471786757719106
4.87879,0.5586776999999999,0.04678528,0.01221275,1.200509,3.157623,2.789165,0.4175795,4.620774,1.483812e-06,117.0,0.8400587026374281
4.87879,0.6808715,0.05609681,0.02171229,1.137801,0.6808326,5.398457,0.5618164000000001,3.535078,4.676478e-07,132.0,0.606375663161648
4.87879,0.8153831,0.02268858,0.005224207,-2.053315,0.7005421,5.429638,0.7362739,0.5215014,1.5763640000000001e-06,129.0,0.837013459129974
4.87879,1.031477,0.04140997,0.01050374,1.779505,5.575023000000001,1.383576,1.047577,0.3389873,6.247059e-07,152.0,0.6406131374562356
4.91919,0.0608611,0.03135303,0.02618144,-2.513595,1.013593,0.3844667,0.01501445,1.943369,1.377144e-06,0.0,0.8138608018605682
4.91919,0.08445813,0.03552798,0.02283389,2.182123,2.305774,2.126248,0.02454492,3.8731169999999997,1.232096e-06,13.0,0.7748213300162421
4.91919,0.1036887,0.022335499999999998,0.02663522,1.836814,2.134994,1.480665,0.03338846,3.7655839999999996,1.0675520000000001e-06,26.0,0.7612807750030264
4.91919,0.1334872,0.01658807,0.01745497,2.510616,1.8878720000000002,1.485932,0.04877062,3.3632459999999997,1.4455269999999999e-06,36.0,0.8200864139942197
4.91919,0.16673629999999998,0.01996303,0.03040533,-2.3548150000000003,3.015781,5.432424,0.06808384,4.731553,8.15067e-07,48.0,0.694516914313743
4.91919,0.1964065,0.05786937,0.01925245,-2.936676,1.733511,3.5744599999999997,0.0870427,4.661844,1.181049e-06,50.0,0.7822009821716571
4.91919,0.24871550000000003,0.02013882,0.01202754,-1.315957,4.765518,4.10522,0.1240373,0.6807116,1.745453e-06,64.0,0.8586152350123142
4.91919,0.31677690000000003,0.03762711,0.02132938,0.8586101999999999,4.401056,4.212816,0.1782904,5.169657,7.759435000000001e-07,77.0,0.6933058926126533
4.91919,0.378697,0.03416763,0.01405493,1.493077,2.19021,3.19729,0.23304270000000002,5.764025,1.042415e-06,81.0,0.7582602547349482
4.91919,0.44247479999999995,0.05542215,0.02374287,0.8587564,3.4698879999999996,3.5860760000000003,0.29432709999999995,5.4617260000000005,1.514006e-06,94.0,0.8097245381330678
4.91919,0.5792807,0.04610802,0.01821901,-1.687989,5.317092,5.553389,0.44089040000000007,2.0090049999999997,1.153238e-06,99.0,0.7850870344932582
4.91919,0.7525598000000001,0.007922862,0.01692795,-1.567968,5.723795,0.3030033,0.6528421,2.440628,2.2179839999999998e-06,108.0,0.9225030221140447
4.91919,0.9897126,0.01251206,0.02259684,0.8217754999999999,6.049764,5.710230999999999,0.9846007,5.0987800000000005,7.560961999999999e-07,110.0,0.6927716939300608
4.91919,1.2032040000000002,0.02617781,0.02829377,0.9139847,5.8912059999999995,0.7447621999999999,1.319792,0.23470349999999998,3.130374e-07,133.0,0.5391562451743008
4.9596,0.06073729,0.03163743,0.002592431,2.76263,3.225141,1.428181,0.01496866,1.7857180000000001,1.599667e-06,0.0,0.8423678048235721
4.9596,0.08173043,0.02235866,0.03269409,2.0343869999999997,5.170401,1.452928,0.0233655,0.5545394,8.853848e-07,17.0,0.7180116641858365
4.9596,0.1030836,0.04242019,0.02170924,1.8078310000000002,0.8280427,3.908694,0.03309661,1.35511,1.432544e-06,25.0,0.8333802196792681
4.9596,0.1331362,0.01982788,0.04460957,2.451649,5.250491,3.432344,0.0485784,2.04884,1.178822e-06,39.0,0.7660376680837633
4.9596,0.1754292,0.04114182,0.02362146,1.889344,1.9862,1.212631,0.07347689999999998,3.5840370000000004,1.570379e-06,51.0,0.8465857722374195
4.9596,0.23636089999999998,0.03021357,0.04511122,0.9941810999999999,3.725361,3.7841730000000005,0.11491110000000002,5.298089,1.88227e-06,43.0,0.8818163975648807
4.9596,0.3082356,0.04454869,0.01741192,-2.828451,2.198466,2.914384,0.17112829999999998,3.5111550000000005,7.5748e-07,86.0,0.6741663224134112
4.9596,0.3660042,0.02222795,0.01516585,-1.90172,4.523445,2.7242,0.2214252,0.1071521,1.373846e-06,78.0,0.8042424440070424
4.9596,0.4665638,0.03875997,0.01663162,0.1183276,5.533409,4.004753,0.31868670000000004,4.559266,1.3566630000000001e-06,93.0,0.8019474014290023
4.9596,0.561547,0.05580689,0.03739312,-2.679665,2.960616,3.4909449999999995,0.4208005,3.2028630000000002,1.0717709999999999e-06,98.0,0.7674820093362908
4.9596,0.6853413,0.02644847,0.01474377,-1.337884,3.1709709999999998,6.016564,0.567358,4.138573,1.407336e-06,110.0,0.8022194328104307
4.9596,0.9210064,0.01509121,0.02695097,-0.6718808000000001,5.895754,0.1575559,0.8838743,1.245362,1.450648e-06,114.0,0.824879559588394
4.9596,1.230734,0.08389392,0.05690194,-2.055593,4.061392,3.075659,1.365346,1.224202,2.9696579999999995e-07,132.0,0.5278985518502739
5.0,0.05411012,0.03986582,0.02459977,1.3452549999999999,3.072133,5.233527,0.01258686,0.8762383,1.425676e-06,0.0,0.8261030405861792
5.0,0.07356474,0.05296614,0.04988041,2.026334,1.9853299999999998,4.011803,0.01995281,0.00015505479999999998,1.055624e-06,17.0,0.761211956390694
5.0,0.09791810000000001,0.04922776,0.02048427,1.892094,4.200156,1.359007,0.03064034,1.6483439999999998,1.570809e-06,29.0,0.8577705962602717
5.0,0.1345065,0.0371209,0.03992567,0.7610366,1.8214830000000002,2.989969,0.04933029,0.4381718,1.2636860000000001e-06,44.0,0.7779193748856619
5.0,0.1611828,0.02138879,0.02547314,-2.607638,4.461032,6.231839,0.06471077,4.338392,7.03982e-07,58.0,0.6673993512980456
5.0,0.20265160000000002,0.01689971,0.03947935,-2.1899439999999997,6.057918,0.03824046,0.09122702,2.474571,1.354351e-06,65.0,0.8169541727949072
5.0,0.2684293,0.004866564,0.03546146,-2.025447,5.420902,0.6488748000000001,0.1390731,3.5328809999999997,1.6511760000000001e-06,79.0,0.8500028350386747
5.0,0.36814159999999996,0.01385636,0.01552503,-0.9577652,2.216813,5.98389,0.22336750000000002,4.697129,1.867176e-06,83.0,0.8818994547045307
5.0,0.5141799,0.02245044,0.01286797,0.4729974,0.7369376,6.021958000000001,0.3686974,4.7672349999999994,1.32565e-06,104.0,0.7985808553414927
5.0,0.6435135000000001,0.01465159,0.02637717,2.799331,4.681144000000001,2.8374080000000004,0.5162185,1.6693099999999998,1.263818e-06,114.0,0.7953218560693602
5.0,0.7968873000000001,0.02308862,0.03207788,0.30099549999999997,3.203184,2.940995,0.7113645000000001,5.6947339999999995,1.312077e-06,129.0,0.8042021583854603
5.0,1.034606,0.01827738,0.0064375019999999995,-2.436423,4.545992,1.136342,1.052348,5.279349,8.078443e-07,139.0,0.7056583383136481
