hillspace,a,e,i,node,peri,M,P,f,mass,PlanetNum,mrRad_ChenKipping
1.0,0.0668927,0.06997538,0.19785429999999998,-2.603966,2.030121,3.221207,0.01730018,3.7155910000000003,8.052354e-05,0.0,5.779086550927848
1.0,0.1552449,0.07151178,0.09468432,-2.6340619999999997,1.8637540000000001,1.9807669999999997,0.06116438,2.8013310000000002,4.562714e-05,78.0,3.8139789410910323
1.0,0.28085440000000006,0.08945739,0.05370788,-1.186458,3.200149,3.038953,0.148825,1.186891,8.560821e-05,125.0,6.178170814627382
1.0,0.6088663000000001,0.04634855,0.04367023,0.708987,6.075413,4.058928,0.4750324000000001,3.5221410000000004,4.5629e-05,192.0,3.825949467594599
1.0,1.122287,0.132748,0.18428970000000003,0.7344429,0.30599540000000003,6.214638,1.188792,4.920382,1.738849e-05,165.0,2.3299574061822437
1.0,2.281632,0.1915532,0.08541819,1.570374,1.200895,2.164093,3.4459230000000005,5.407903,1.476385e-05,224.0,2.0988950079564486
1.01959,0.06161987,0.119684,0.04112274,1.456574,3.671693,1.606784,0.01529557,2.839517,7.131901e-05,0.0,5.403780428402364
1.01959,0.14638370000000003,0.13257929999999998,0.01871464,-1.3237700000000001,0.57358,0.3898722,0.05600306,1.396008,5.409146e-05,74.0,4.325975854451866
1.01959,0.31948390000000004,0.03234109,0.0115061,-1.9418279999999999,3.712677,2.665793,0.1805621,0.9466914000000001,9.085537000000001e-05,102.0,6.234061653212756
1.01959,0.6511219,0.122869,0.1178934,-1.3378700000000001,0.30973870000000003,4.590994,0.5253325,5.44782,2.215649e-05,205.0,2.6813776793277038
1.01959,1.091774,0.07993255,0.03839487,1.890696,3.532605,2.6200799999999997,1.1406290000000001,3.4315,3.42898e-05,194.0,3.7001362618758478
1.01959,2.40809,0.2338625,0.14307720000000002,1.027358,5.556193,5.07081,3.736362,4.312057,3.251096e-06,314.0,1.0341817884481792
1.01959,3.736293,0.2520959,0.08539417,1.674813,0.6853842,2.997314,7.221075,1.026597,1.076892e-06,312.0,0.7660356182732958
1.03956,0.0794426,0.17592439999999998,0.5871876,-1.0812709999999999,5.305718,3.491489,0.02238979,5.2729230000000005,0.0001389889,0.0,7.7014015772674735
1.03956,0.2838857,0.2037661,0.1336032,0.36221149999999996,4.235493,5.701916000000001,0.1512361,1.503943,5.341482e-05,121.0,4.454228437826123
1.03956,1.545785,0.4398612,0.24139549999999999,2.255139,1.34418,4.2872959999999996,1.921655,1.5252379999999999,8.25015e-05,49.0,5.989607734328326
1.05992,0.07881522,0.13334920000000003,0.0469797,0.9250271000000001,0.6523701999999999,5.862985,0.02212585,4.0604190000000004,7.008087e-05,0.0,5.522458248654802
1.05992,0.19163129999999998,0.029117,0.04194342,-1.4592459999999998,6.246087999999999,1.457157,0.08388123,2.964013,9.134515e-05,59.0,5.834971669973053
1.05992,0.4101577,0.120367,0.04987188,2.030357,6.199293,3.982049,0.262651,2.235821,4.8246899999999994e-05,108.0,3.875505983701261
1.05992,0.6429132,0.057732900000000004,0.0291418,-3.0162139999999997,1.191333,5.595866,0.5154329000000001,1.24542,4.089778e-05,159.0,3.7023730574849294
1.05992,0.9339493000000001,0.07706693,0.04436925,-0.5667281999999999,1.021141,1.206225,0.9024511000000001,0.8647785,2.25485e-05,163.0,2.70878806343424
1.05992,1.377477,0.05345307,0.02439695,0.5823401,3.234023,2.515951,1.6165530000000001,4.878072,7.88418e-06,84.0,1.4671830615019035
1.05992,3.3918199999999996,0.362163,0.06215049,1.401907,5.253707,0.004251835,6.24579,5.486479,1.381561e-06,237.0,0.82161283135427
1.05992,3.992386,0.34528359999999997,0.1717985,-0.5745293,2.232509,0.6540979,7.9762960000000005,4.585513,1.196449e-06,154.0,0.791628725074222
1.05992,4.4315050000000005,0.6764136,0.32665759999999994,-2.597464,4.089736,1.9386619999999999,9.327501,1.814856,1.303684e-06,204.0,0.7976089228284559
1.0806799999999999,0.07179033,0.12170999999999998,0.06729424,2.203218,0.06984821,5.909641000000001,0.01923463,3.534824,6.990936e-05,0.0,5.030929209899339
1.0806799999999999,0.18634979999999998,0.05349906,0.01335727,2.654391,0.3552008,0.10038639999999999,0.08043818,3.3508489999999997,7.392486999999999e-05,65.0,5.541810142229427
1.0806799999999999,0.36834920000000004,0.1299282,0.04318444,0.2047807,4.974938,5.471463,0.22353520000000004,0.380011,5.79492e-05,114.0,4.64713341675458
1.0806799999999999,0.6517773,0.05874544,0.045229000000000005,-0.8387877,2.660713,2.088658,0.5261304,0.300048,4.9480699999999995e-05,195.0,4.48773683937751
1.0806799999999999,1.300935,0.264469,0.1233111,2.498446,3.397595,2.13015,1.483627,2.758501,1.542332e-05,196.0,2.224576716407048
1.0806799999999999,3.595823,0.4543139,0.19108570000000002,-1.7942150000000001,3.207376,6.022449,6.817933999999999,3.837567,4.320727e-06,158.0,1.12620829291533
1.10185,0.05982324,0.01073444,0.03443824,-1.1081239999999999,0.5583215,3.9740559999999996,0.01463172,4.502825,4.35038e-05,0.0,3.6819278886728997
1.10185,0.10698930000000001,0.04097118,0.07182960000000001,0.03680577,3.523449,0.8622200000000001,0.03499393,3.5515480000000004,3.937534e-05,32.0,3.5400644658669282
1.10185,0.1851251,0.07226211,0.05552158,-2.257056,6.14407,2.1068,0.07964695,4.364653,5.032019e-05,48.0,4.475928196985742
1.10185,0.3161113,0.01549216,0.07220131,0.9098023999999999,3.037228,2.340544,0.1777088,4.645761,4.858241e-05,95.0,4.256942089421181
1.10185,0.5674901,0.01396776,0.01531545,-1.014893,3.9829440000000003,6.0412930000000005,0.42746130000000004,3.0751180000000002,5.386341e-05,94.0,4.5926538845923215
1.10185,1.050386,0.04822521,0.06585422,-2.862782,1.781434,3.5864,1.0763790000000002,4.5718,2.5533060000000002e-05,219.0,2.8231901898981118
1.10185,1.841523,0.175626,0.07813996,2.2287220000000003,3.634857,2.337255,2.498694,2.866083,6.973271e-06,199.0,1.3486644773543643
1.12343,0.07053992,0.1047577,0.188866,-0.26545,2.8757099999999998,5.3000050000000005,0.01873422,2.771461,7.703508e-05,0.0,5.743672677436706
1.12343,0.2197183,0.1170818,0.12928430000000002,2.1676130000000002,1.051069,0.2389944,0.1029809,3.27054,0.0001185347,67.0,7.2403159543829645
1.12343,0.7105342,0.13238129999999998,0.1257857,-1.887375,5.825317,0.08037312,0.5988595,2.579439,3.726964e-05,140.0,3.329159820076768
1.12343,1.9170029999999998,0.1706561,0.4924678,1.527074,1.9635349999999998,1.656741,2.653865,4.14197,9.261636999999999e-06,208.0,1.5331484543218403
1.12343,2.556988,0.4046807,0.28080109999999997,-2.028983,0.05321684,2.532775,4.088273,3.841355,3.200807e-06,180.0,1.0023660481632568
1.12343,3.460726,0.19585229999999998,0.1963596,-1.455016,1.870236,5.0897120000000005,6.437338,4.295895,9.282642e-06,85.0,1.5281034560894637
1.12343,7.567572999999999,0.6486857,0.1491237,1.8552349999999997,3.137829,2.083023,20.81514,3.2065930000000002,1.175638e-06,243.0,0.7910970700833331
1.14544,0.06518033,0.135623,0.13949489999999998,-0.364521,1.5437290000000001,4.990536,0.01664041,3.6633050000000003,4.99929e-05,0.0,4.313950440097917
1.14544,0.1328759,0.04870537,0.1464432,-1.2869899999999999,0.5279210999999999,1.993009,0.04843265,2.787086,4.2564319999999996e-05,50.0,3.6488442311953917
1.14544,0.2104737,0.07655726,0.1114389,-1.550223,1.367836,1.108899,0.09655499,1.441872,5.1287129999999994e-05,36.0,4.20295206069544
1.14544,0.3780618,0.02948177,0.1221707,2.106432,4.602475,2.829119,0.23243360000000002,2.442013,6.461576999999999e-05,73.0,4.662169196599542
1.14544,0.7051181,0.02893123,0.09931358,2.776771,1.755367,3.3078300000000005,0.5920291999999999,5.003805000000001,2.023585e-05,113.0,2.4634011255016333
1.14544,1.136631,0.09788527,0.04678964,1.2751299999999999,1.297049,3.372491,1.211638,0.9532198000000001,3.0079809999999997e-05,144.0,3.2444573710102516
1.14544,2.7105349999999997,0.25072289999999997,0.1950376,0.1223867,5.088198,4.9285559999999995,4.461962000000001,5.804284,2.6863010000000003e-06,213.0,0.9668673386228777
1.14544,3.421415,0.3259118,0.03589218,-0.3664009,3.8369419999999996,3.401743,6.3277779999999995,6.140283999999999,2.774957e-06,230.0,0.9985802590942239
1.19075,0.06320005,0.09071122,0.13026500000000002,2.302995,5.051093,1.516469,0.01588782,0.5325072,5.4672650000000006e-05,0.0,4.54205112483254
1.19075,0.1298796,0.049221100000000004,0.03090781,2.5568869999999997,3.641173,0.12484260000000001,0.04680461,0.23179439999999998,4.99304e-05,52.0,4.295114266255352
1.19075,0.2454613,0.03326452,0.04511783,2.9722180000000002,0.1351757,1.039385,0.12159849999999998,4.157873,5.553324000000001e-05,111.0,4.256886268184298
1.19075,0.5480816999999999,0.02679677,0.1202109,-1.1836719999999998,3.604132,5.371869,0.4057269,2.961217,5.2992290000000004e-05,101.0,4.23177108578529
1.19075,1.263267,0.1076479,0.07554243,1.2313450000000001,4.03325,5.430515,1.419683,0.20686729999999998,2.395476e-05,129.0,2.843498368185327
1.19075,3.408869,0.1585562,0.19311910000000002,-1.111104,6.174226999999999,1.844227,6.293089,3.084718,9.465368e-07,172.0,0.7363579212564447
1.2140799999999998,0.05833607,0.1271062,0.1179673,-2.246641,4.2186069999999996,0.8556001,0.01408963,4.9237720000000005,2.9022579999999998e-05,0.0,2.9727263801715584
1.2140799999999998,0.1005596,0.07954832,0.04436331,2.8279389999999998,4.098611,2.781364,0.03188768,2.265025,2.88079e-05,29.0,2.8558713952384296
1.2140799999999998,0.17785410000000001,0.10588330000000001,0.01106524,1.999168,2.871122,5.596213,0.07500084,0.8812324,7.825951e-05,50.0,5.637204150874053
1.2140799999999998,0.3715461,0.05439600000000001,0.06650679,-2.00054,1.6983700000000002,4.528507,0.2264542,4.721986,4.1402609999999996e-05,99.0,3.7054921667679253
1.2140799999999998,0.5746765,0.07043521,0.04891526,1.556737,3.124883,3.045849,0.43559430000000005,4.5080919999999995,4.328578e-05,144.0,3.966650104619946
1.2140799999999998,1.4926139999999999,0.10980739999999999,0.05655324,0.22934539999999998,0.5862183000000001,0.9924348,1.823382,0.2214893,2.184801e-05,134.0,2.477486049238224
1.2140799999999998,2.883153,0.06351778,0.3392083,-1.012405,5.738748999999999,0.2958577,4.8951139999999995,1.9718,1.0452290000000001e-06,130.0,0.7527628108517598
1.23786,0.05372749,0.1119471,0.05544769,-0.1626594,2.372052,3.610519,0.01245335,1.625245,4.011693e-05,0.0,3.8440095553095572
1.23786,0.1067945,0.1217097,0.08149896,0.1369626,0.7218651999999999,5.278637000000001,0.03489834,4.198359,4.436481e-05,55.0,4.1054146051543166
1.23786,0.20955900000000002,0.05002588,0.007845204,3.049716,6.090412000000001,0.6689234000000001,0.09592443,4.01651,5.44622e-05,94.0,4.41858721407917
1.23786,0.4018047,0.10370170000000001,0.1347006,0.01306429,4.57913,2.7949900000000003,0.2546694,4.290832,4.08945e-05,146.0,3.749528008874985
1.23786,0.8021967,0.09985908,0.1005404,-2.992956,1.627224,0.2103074,0.7184301,1.774317,3.04783e-05,136.0,3.0396389172129
1.23786,1.5180420000000001,0.2372585,0.10976500000000002,-2.668308,3.382279,4.927281,1.870159,3.856214,6.728353e-06,205.0,1.3475341481775593
1.23786,2.3298360000000002,0.08991093,0.1521705,2.830036,3.627124,5.871955000000001,3.5558199999999998,5.588652,4.823739e-06,242.0,1.145210427042769
1.23786,3.0246299999999997,0.1897262,0.1813358,2.681275,6.097133,1.098849,5.259689,4.506524,1.003001e-06,274.0,0.7338210782361304
1.26211,0.05265227,0.14485870000000003,0.02620807,-1.622467,0.466959,3.923571,0.01208145,4.7938480000000006,3.080285e-05,0.0,3.1192197055480317
1.26211,0.11901120000000001,0.05055105,0.0738058,-0.01081242,5.978577,3.106862,0.041054400000000005,3.395886,7.09467e-05,19.0,5.182606282355142
1.26211,0.2906264,0.09548983,0.04764728,2.642897,0.9586582,5.625073,0.15666300000000002,2.186008,6.521241e-05,76.0,5.4061794087772315
1.26211,0.5783587,0.07504822,0.03381976,0.9555781999999999,4.766097,4.964512,0.4397962,5.415634,3.770976e-05,110.0,3.520693616042974
1.26211,1.187737,0.5907308000000001,0.3591986,-2.464805,2.518726,3.0837369999999997,1.2942870000000002,3.105929,1.051784e-06,192.0,0.7495809840930417
1.26211,1.7580200000000001,0.32766409999999996,0.05307241,-1.9206,1.552353,3.555683,2.330699,3.573376,2.388035e-05,163.0,2.698865251046839
1.28683,0.0526075,0.05747717,0.05450186,-2.609408,5.045433,4.695192,0.01206607,2.343961,2.629935e-05,0.0,2.7459263238672658
1.28683,0.102425,0.09491549,0.05681253,0.8815011999999999,2.72883,2.3303529999999997,0.03277876,4.816055,5.044116e-05,33.0,4.297901227358665
1.28683,0.1870376,0.030615899999999998,0.039881,-0.6817383,6.112939,0.32836259999999995,0.08088444,1.237775,5.3382069999999996e-05,64.0,4.6010822789375485
1.28683,0.41931809999999997,0.05358456,0.07801436,2.924442,0.5430056999999999,0.3461081,0.2715061,3.159812,3.50657e-05,128.0,3.423247472541299
1.28683,0.6321416,0.06142562,0.02530493,-1.284519,3.3647099999999996,4.844833,0.5025438,2.806829,3.3713920000000004e-05,172.0,3.248273642188126
1.28683,1.187957,0.01966949,0.01423619,0.35944159999999997,4.729038,5.90008,1.294675,0.8406225,2.059659e-05,131.0,2.5205386447290605
1.28683,2.681884,0.3688855,0.1523042,0.5383063,3.7020169999999997,4.732031,4.391491,1.038764,1.044905e-06,228.0,0.7578738836597521
1.31203,0.05003617,0.0464861,0.05829171,2.96564,3.4987239999999997,1.30345,0.011192299999999999,1.208104,3.118922e-05,0.0,3.306027478756393
1.31203,0.08494494,0.1045667,0.08694466,-2.12867,1.104827,2.36279,0.02475675,3.341643,2.710268e-05,41.0,2.9832508600523227
1.31203,0.1426126,0.06741458,0.0244635,2.390205,0.8766633,2.114718,0.05385375,5.003832,3.708447e-05,76.0,3.5416523693968625
1.31203,0.24777110000000002,0.01767866,0.01301262,1.4439739999999999,0.28779740000000004,1.2496260000000001,0.1233233,5.784319,4.760465e-05,122.0,4.005195371360247
1.31203,0.4856303,0.06708026,0.04550478,-1.3865129999999999,2.3735779999999997,3.704974,0.3383923,2.769116,3.320318e-05,132.0,3.2835312175249243
1.31203,0.8498708,0.06735641,0.03532695,1.046137,0.9279483000000001,6.234551000000001,0.7834051,4.1438440000000005,2.1718560000000003e-05,154.0,2.5305016604751893
1.31203,1.5424639999999998,0.09025792,0.03210088,0.1127522,1.564273,5.725472,1.9154790000000002,3.9159269999999995,9.535306e-06,233.0,1.630782793376294
1.31203,2.9750240000000003,0.25359810000000005,0.3208462,1.0437379999999998,6.126144,1.6367260000000001,5.13086,1.1841270000000002,9.889066e-07,266.0,0.7400029989567039
1.31203,3.825274,0.3791132,0.21548850000000003,2.8572040000000003,1.874784,0.143163,7.4808460000000006,2.354717,8.726476999999999e-07,201.0,0.730026845040002
1.3377299999999999,0.06266389,0.06793227,0.08353987,1.3658780000000001,4.278315,1.5418120000000002,0.01568607,2.2867919999999997,2.289456e-05,8.0,2.675995500011694
1.3377299999999999,0.09748789999999999,0.03599029,0.05535559,1.639061,0.7731144,5.6775,0.03043821,3.256821,3.228651e-05,0.0,3.209284643529695
1.3377299999999999,0.13913620000000002,0.05766128,0.06577068,1.620391,5.043707,1.068346,0.05189598,0.7648401,2.270598e-05,52.0,2.6143430669979946
1.3377299999999999,0.2002433,0.03421317,0.07986226,1.497787,4.748604,1.2137040000000001,0.08960152,1.316283,4.4784259999999995e-05,39.0,4.096457049242215
1.3377299999999999,0.4222555,0.06628661,0.10752429999999999,0.3803007,0.5722484999999999,4.034795,0.2743624,3.089507,5.4451269999999996e-05,58.0,4.4254443023663
1.3377299999999999,0.7624443000000001,0.0980641,0.08910495,-1.483671,0.2121869,1.279857,0.6656795,2.650219,3.955648e-05,134.0,3.5449612640151993
1.3377299999999999,1.5162719999999998,0.24088800000000002,0.27596279999999995,3.110849,0.3766315,0.1781353,1.8668810000000002,3.035731,4.02231e-06,168.0,1.0794911448161182
1.3377299999999999,2.8687970000000003,0.3517114,0.2129859,-2.50185,2.8456330000000003,6.228073999999999,4.858496,5.447698,3.7867820000000002e-06,150.0,1.092731414793833
1.3377299999999999,3.7558830000000003,0.20713739999999997,0.4304597,-2.60395,5.238703,3.64189,7.278117999999999,1.402407,1.337177e-06,183.0,0.8090167612761002
1.36394,0.05694491,0.0004014619,0.0004526322,-2.9380580000000003,4.76536,3.118354,0.01358872,1.291825,1.7129e-05,0.0,2.370550789574029
1.36394,0.08442205,0.00027009610000000003,0.00045181889999999997,-2.937226,3.503228,1.2068510000000001,0.02452868,0.6411722,2.7019749999999998e-05,16.0,3.01806147379785
1.36394,0.1180537,0.0004704543,0.00045272879999999995,-2.9357830000000003,2.8503939999999997,0.6695058,0.04056076,0.7555395,1.7071749999999998e-05,45.0,2.259637576093972
1.36394,0.16739110000000001,0.0005274936,0.00044532800000000004,-2.925878,6.078957,1.579149,0.06848175,4.7082,3.89908e-05,73.0,3.5280049409032777
1.36394,0.2300538,0.001378413,0.00042277980000000003,-2.914948,4.946606,0.9759620999999999,0.110339,5.2250879999999995,8.545431e-06,57.0,1.4593967275304431
1.36394,0.30505879999999996,0.000576619,0.0003858587,-2.846389,2.66162,5.520163,0.16847820000000002,5.704301,3.703536e-05,80.0,3.6309538044679064
1.36394,0.3054139,0.001446152,0.000356435,-2.840437,3.3081970000000003,4.564496,0.1687662,4.094377,1.2873920000000002e-06,206.0,0.8027028928509679
1.36394,0.40395890000000007,0.003084815,0.0002790684,-2.730045,4.006295,1.048039,0.2567218,6.053573,7.2514350000000005e-06,129.0,1.42282641776996
1.36394,0.4930748,0.0007002469,0.0001547481,-2.317329,4.257635,0.9539671999999999,0.3462063,5.295678,1.219961e-05,101.0,1.9895641263450492
1.36394,0.7381411999999999,0.0007971153,0.00029826509999999996,-0.205727,0.513199,5.907058,0.6341147,5.598578,3.240599e-05,109.0,3.2465113233852207
1.36394,1.097645,0.002665331,0.0007628433,0.3441364,0.9685355999999999,3.063621,1.149866,1.7561900000000001,1.3340639999999998e-05,161.0,2.0246929028313
1.36394,1.298168,0.00417985,0.0005632436,0.5249294,5.795640000000001,3.874197,1.478936,3.8314800000000004,4.93927e-06,177.0,1.1861611723409986
1.36394,1.6227790000000002,0.003367766,0.01608404,-2.053102,4.114598,0.5938406999999999,2.067007,4.808828,1.210297e-06,178.0,0.7893151380359302
1.36394,1.781581,0.01187381,0.008833816,1.159454,1.369118,4.217986,2.3777209999999998,1.71295,1.253573e-06,194.0,0.7895817832905381
1.39065,0.06151797,0.06446467,0.008245605999999999,3.117177,3.341543,5.446326,0.015258,5.156827,2.478949e-05,0.0,2.8819746483952393
1.39065,0.09263881,0.01753416,0.07937059,-0.8833073,5.10007,5.957214,0.02819545,1.7748810000000002,2.342219e-05,27.0,2.725770530553727
1.39065,0.15243800000000002,0.03283579,0.05309377,-0.7299346999999999,4.984216,1.465216,0.05951392,3.47229,4.9813059999999996e-05,39.0,4.3324652455393595
1.39065,0.28417859999999995,0.02748533,0.06306609,-2.4090759999999998,1.066167,0.04296453,0.1514796,1.440224,5.3248050000000006e-05,62.0,3.98682536809784
1.39065,0.4826875,0.06881571,0.01077038,1.546187,5.582261,5.799780999999999,0.3353202,4.818511,3.00381e-05,105.0,3.3334535610661513
1.39065,0.7496749,0.05804958,0.2717155,-0.6217925,5.861487,5.065169,0.6490272,6.086956,5.895073e-06,146.0,1.2541580917747717
1.39065,1.409598,0.03893680000000001,0.08036827,1.868398,3.6479209999999997,5.568001000000001,1.673391,0.05590994,2.723295e-05,125.0,3.003476411826048
1.39065,2.714235,0.4156762,0.2868246,-0.001366592,5.388468,4.134199,4.471203,4.198196,1.312559e-06,199.0,0.8038686049657473
1.4178899999999999,0.06135999,0.05722647,0.12160560000000001,-1.952552,0.9484511999999998,3.5571620000000004,0.015199299999999999,4.449552,2.015956e-05,0.0,2.369322780504284
1.4178899999999999,0.1020349,0.1297062,0.1727237,0.6415281,1.6817060000000001,5.612659,0.03259195,3.256524,3.948926e-05,20.0,3.565088351236378
1.4178899999999999,0.18233039999999998,0.05623985,0.03334156,-0.4701602,3.950357,0.2323308,0.07785136,3.0464689999999996,4.391924e-05,43.0,3.661748656014598
1.4178899999999999,0.31293350000000003,0.07869362,0.1385666,-1.9386139999999998,3.3164480000000003,4.289039,0.1750441,2.9439889999999997,3.802978e-05,69.0,3.80286913613224
1.4178899999999999,0.49380070000000004,0.04688566,0.04397173,1.6779220000000001,5.075926,3.388096,0.3469618,2.937147,4.143774e-05,93.0,3.952093648411652
1.4178899999999999,1.133992,0.09452977,0.05011105,1.966503,1.60867,4.181872,1.207475,0.725741,2.8323309999999998e-05,91.0,2.938769464872273
1.4178899999999999,4.481106,0.3986559,0.22184210000000001,0.1258675,5.799857,3.2807440000000003,9.484875,3.377245,1.334655e-06,182.0,0.8131870063158387
1.4178899999999999,5.314435,0.7185957,0.1533525,2.08164,3.786293,2.606058,12.25009,3.113252,1.3664259999999998e-06,192.0,0.7984012736262972
1.44567,0.05972380000000001,0.09428394,0.07472941,2.876804,4.354063,4.528738,0.01459524,3.50865,4.504298e-05,0.0,4.122452995937614
1.44567,0.11790129999999999,0.05310077,0.07202103,-2.104173,3.769854,2.458437,0.0404821,0.8720072,2.349029e-05,53.0,2.655509900960154
1.44567,0.1958182,0.03134757,0.01960028,1.204511,4.460653,2.993962,0.08664747,3.584532,4.128486e-05,89.0,3.6022857573315896
1.44567,0.2781795,0.11711660000000002,0.15404310000000002,-0.22610070000000002,3.210045,2.404575,0.14670999999999998,5.55831,1.886673e-05,107.0,2.181561108744478
1.44567,0.48256179999999993,0.09941037,0.04289276,-1.487576,1.047811,2.1824790000000003,0.3351937,2.7111669999999997,2.553474e-05,141.0,2.7549673812120745
1.44567,0.7775763000000001,0.1015457,0.03926138,-2.494353,1.49334,5.435544,0.6856023,0.1888101,2.43842e-05,177.0,2.6558130677376033
1.44567,1.294373,0.04850272,0.08270899,1.501144,0.4110210999999999,0.7249768,1.472489,5.004086,1.5838900000000002e-05,169.0,2.2430805916263123
1.44567,2.070047,0.04979931,0.07804881,2.718182,5.022856,0.09275328,2.978022,4.819491999999999,1.039448e-06,231.0,0.7560529138077277
1.4739799999999998,0.07694713,0.004828862,0.01343085,-3.077162,1.833132,1.429431,0.02134418,2.677796,4.245287999999999e-05,0.0,3.7472608781729893
1.4739799999999998,0.1348032,0.09797982,0.02315949,0.3765113,6.16455,3.191489,0.04949204,2.969722,2.7272090000000002e-05,41.0,2.9177830326343095
1.4739799999999998,0.22254110000000002,0.04802376,0.01116097,-0.3675495,0.04474055,4.5261260000000005,0.1049759,4.753145,4.8493950000000003e-05,57.0,4.405172202513544
1.4739799999999998,0.37070879999999995,0.01977092,0.02203526,0.4209347,4.310477,4.412674,0.22568809999999997,5.95176,2.987617e-05,80.0,3.224525514322377
1.4739799999999998,0.6198193000000001,0.07910547,0.01062274,-1.736119,0.7022904000000001,3.412408,0.4879367,4.298013,3.894229e-05,62.0,4.036846301220139
1.4739799999999998,1.363952,0.1363093,0.03384114,2.217852,6.249766,5.017583999999999,1.5927719999999999,2.904244,1.990118e-05,100.0,2.568332516410451
1.4739799999999998,3.443268,0.49307609999999996,0.2137715,-2.1118360000000003,1.055139,4.622215,6.388678,4.746251999999999,1.310583e-06,155.0,0.8011775055104065
1.50286,0.06130651,0.03936519,0.06412941,-2.804426,4.857766000000001,0.0396857,0.01517921,4.199922,4.901753e-05,0.0,3.8175593500421394
1.50286,0.13643270000000002,0.04490968,0.1272898,-3.1210709999999997,5.355122,2.109895,0.05039174,6.147252,3.5888070000000004e-05,45.0,3.675358592798875
1.50286,0.23070660000000004,0.10116019999999999,0.03209236,-0.8062764,3.772469,5.404463,0.1108062,2.5573,3.421568e-05,78.0,3.312847084210005
1.50286,0.3941633,0.05306222,0.1306336,-1.083068,2.263618,1.181075,0.247446,0.0005840297,3.693345e-05,95.0,3.934035699439352
1.50286,0.6808616999999999,0.09241468,0.02910171,-2.833811,0.22572240000000002,2.715409,0.5617548000000001,5.162116,1.110298e-05,158.0,1.8236170753436145
1.50286,1.31936,0.12192439999999999,0.05538022,0.6327841,4.29859,2.78851,1.515325,3.952071,2.4392529999999996e-05,104.0,2.867046403730617
1.50286,3.955423,0.2202933,0.38570590000000005,1.7385849999999998,2.462987,1.275209,7.865877,3.2828410000000003,3.288112e-06,171.0,1.033197864859123
1.53229,0.04847597,0.01929929,0.01069434,-1.332101,5.890219,1.570327,0.01067295,3.289619,2.541435e-05,0.0,2.86119088008199
1.53229,0.07866397,0.08788682,0.24137150000000002,3.013464,3.169012,2.319093,0.02206258,2.526868,8.893242999999999e-06,37.0,1.4340952608097746
1.53229,0.1305803,0.15325729999999999,0.01426352,1.771607,1.432389,5.253613,0.04718449,2.2970200000000003,4.421817e-05,48.0,3.779609594679716
1.53229,0.2271799,0.076252,0.05450427,-2.812177,0.9244839,1.505895,0.10827590000000001,3.358793,2.788361e-05,96.0,3.077218722156953
1.53229,0.4222581,0.03382951,0.02150995,0.009867911,3.7941580000000004,5.941941,0.2743692,2.193684,3.8614e-05,117.0,3.53682696556539
1.53229,0.6790039999999999,0.01716287,0.017055400000000002,2.159103,6.200279,5.618822,0.5594608,3.5294849999999998,1.787493e-05,172.0,2.364443761789091
1.53229,1.0249549999999998,0.03186069,0.06537673,1.085014,3.5452169999999996,5.654679,1.037582,1.080015,1.6001229999999997e-05,145.0,2.0756927134737055
1.53229,1.546505,0.2780361,0.2928627,-1.647993,5.005483,4.309327,1.9230369999999999,1.489884,9.865907e-07,214.0,0.750837674657435
1.53229,2.27852,0.18187609999999999,0.3295525,-0.4682952,3.31276,2.789536,3.4390629999999995,6.202515,8.994503000000001e-07,173.0,0.724867470639089
1.53229,2.4455259999999996,0.2558761,0.33569879999999996,-1.413522,5.374583,4.698958,3.82401,1.17269,9.491523e-07,197.0,0.7261778464725102
1.56231,0.04419158,0.04225126,0.008508424,0.8687818000000002,4.4790730000000005,0.9273418999999999,0.009289793000000001,1.942304,1.5218540000000001e-05,0.0,2.0974330556410825
1.56231,0.08583369,0.05707979,0.01899785,-1.11828,4.0362160000000005,2.9838299999999998,0.02514639,0.07398531,3.57664e-05,17.0,3.490221405935167
1.56231,0.1421144,0.04609996,0.02917955,-0.5267976,1.12432,6.1496889999999995,0.05357236,5.487902,2.490346e-05,69.0,2.694377147801873
1.56231,0.2288946,0.01581159,0.03656219,0.9538530000000001,4.896812000000001,5.966864,0.1095042,0.1199393,2.711114e-05,94.0,2.8033149246771485
1.56231,0.31152470000000004,0.08576618,0.01703134,0.3593199,1.08667,1.473536,0.1738652,0.03283393,1.724783e-05,108.0,2.2731062166613407
1.56231,0.4946566,0.02216234,0.07328743,-1.843864,1.9987560000000002,5.473022,0.3478742,5.281116,3.4114059999999996e-05,119.0,3.4373318033567006
1.56231,0.7879371999999999,0.01057112,0.08686951,0.06405838,0.804628,3.774456,0.6993617,2.910647,9.512967e-06,149.0,1.6217513674442208
1.56231,1.301072,0.07215766,0.04272373,0.9406305,6.196491,0.05082693,1.48393,5.369547,1.415644e-05,184.0,1.8921355507730415
1.56231,5.582381,0.2071692,0.8820155000000001,2.594729,5.055376,1.8054,13.18835,0.6653885,9.630069e-07,185.0,0.7225902725623208
1.59291,0.07545827,0.06017969,0.08997122,-0.23751950000000002,2.942799,3.8445949999999995,0.02072771,1.251951,4.092053e-05,0.0,3.9599840054507953
1.59291,0.11707139999999999,0.08126635,0.06432643,-0.7273908,4.024705,5.966883999999999,0.04005552,2.73727,2.374982e-05,41.0,2.750229717678706
1.59291,0.2064181,0.06455465,0.1028309,2.03723,4.89901,4.756282,0.09377565,4.002193,3.694548e-05,68.0,3.6252123774825247
1.59291,0.38213509999999995,0.04233759,0.06570973,-0.40931540000000005,5.145554,3.276574,0.2362119,4.738972,4.396138e-05,52.0,3.8113798470883986
1.59291,0.75734,0.06289407,0.06023078,-1.698552,0.48481,4.658461,0.6590156,5.818086,2.872435e-05,118.0,3.259002590423556
1.59291,1.44354,0.1666628,0.1541399,1.9274369999999998,1.8729810000000002,3.5340089999999997,1.7342389999999999,5.907455000000001,1.3033250000000001e-05,83.0,2.037739273044282
1.59291,4.820976,0.7655443000000001,0.3575011,-2.581843,5.864984,0.9806089,10.58428,3.3207440000000004,1.322991e-06,175.0,0.7792038142335543
1.59291,115.5685,0.9896438,0.1793461,2.3385119999999997,6.106081,1.7941169999999997,1242.276,3.3254870000000003,1.227248e-06,146.0,0.787457896072308
1.62411,0.06926803,0.022397200000000003,0.07267965,-1.201781,3.383928,2.0491029999999997,0.01823025,6.144029,3.001848e-05,0.0,3.1648663423157606
1.62411,0.107705,0.05819863,0.03279944,-1.7510720000000002,5.119937,0.10544769999999999,0.03534626,3.0329580000000003,1.880902e-05,20.0,2.405448127609378
1.62411,0.14167620000000003,0.0828798,0.05940321,-0.9190086999999999,5.0810010000000005,4.8400870000000005,0.05332506,0.7909251,1.615364e-05,42.0,2.2744924195510174
1.62411,0.2105226,0.06481134,0.06407515,2.539659,4.089032,3.629461,0.09658863,3.2669349999999997,3.669606e-05,52.0,3.6097151662898814
1.62411,0.3727738,0.007178269,0.02374927,-0.287065,1.881868,2.12478,0.22758160000000002,0.5372905,4.141638e-05,56.0,3.8022923839737635
1.62411,0.6477147,0.0238125,0.008933116,1.055134,6.270076,3.4919589999999996,0.521242,2.479625,2.375998e-05,96.0,2.6886309523060277
1.62411,1.3154569999999999,0.05736146,0.02670897,2.7198599999999997,2.373739,5.8445290000000005,1.508602,0.8334324000000001,1.897957e-05,111.0,2.692312083626679
1.62411,10.23422,0.8192693999999999,0.06195685,-2.622806,0.484338,2.823709,32.7372,3.5204699999999995,1.350739e-06,147.0,0.7967043668771125
1.65593,0.05951133,0.05997774,0.07259761,-2.76895,5.393667,1.7553740000000002,0.01451757,5.3177080000000005,2.4975320000000003e-05,0.0,2.9514304948376004
1.65593,0.1210763,0.04457588,0.06104742,1.9671830000000001,4.510353,5.912685,0.04212815,5.6682809999999995,5.0036809999999996e-05,16.0,4.077398790876327
1.65593,0.2768683,0.1457953,0.05462026,0.3923632,4.9987379999999995,5.4701699999999995,0.1456752,0.1071529,3.553297e-05,81.0,3.347869172819135
1.65593,0.45213050000000005,0.09140374,0.04169097,-1.521733,4.907286,4.174805,0.3039945,0.9298575000000001,2.780841e-05,91.0,2.997739887621202
1.65593,0.6996836,0.09052136,0.06819633,-0.07276383,3.633147,0.4769691,0.5852132,3.190317,2.3973200000000003e-05,108.0,2.766459288882512
1.65593,1.307715,0.1035489,0.08211527,-2.9703060000000003,4.377951,0.8843316999999999,1.495328,5.6436470000000005,1.470806e-05,101.0,2.181750860316887
1.65593,18.95036,0.9573540999999999,0.11700550000000001,-2.4738919999999998,1.7619740000000002,4.544402,82.48738,3.346489,1.1581520000000001e-06,164.0,0.7716222802080479
1.6883599999999999,0.08259993,0.2760979,0.218108,-3.088433,5.355707,2.986573,0.02373857,1.189818,6.925094e-05,0.0,5.052110358095944
1.6883599999999999,0.3036293,0.05874815,0.1566286,1.557982,0.2800381,0.04323621,0.1672963,4.375916999999999,6.526308000000001e-05,33.0,5.5658201034062795
1.6883599999999999,0.9502345999999999,0.28364229999999996,0.1328145,-1.071728,1.8937529999999998,0.09319511,0.9262130999999999,5.064278,2.827018e-05,90.0,2.9585477592000755
1.6883599999999999,4.297852,0.6706850999999999,0.21337889999999998,-0.9016681999999999,5.796583999999999,0.2522743,8.909218,2.690525,1.05044e-05,121.0,1.5635306026188083
1.72143,0.06270494,0.03204286,0.004595572,-2.204943,5.349904,5.3150580000000005,0.01570171,2.221821,2.5986869999999998e-05,0.0,2.790927621115368
1.72143,0.1105796,0.0202017,0.04875402,-1.033156,1.181607,1.602014,0.036770699999999996,1.493797,2.177531e-05,30.0,2.8547301796734246
1.72143,0.18618710000000002,0.02760435,0.027118200000000002,-0.835319,0.9526478999999999,1.7455029999999998,0.08033535,1.683156,3.406657e-05,50.0,3.428046806526432
1.72143,0.28217109999999995,0.01416229,0.01698475,-0.1804238,5.897196,1.5385959999999999,0.14987910000000002,2.129167,1.977598e-05,83.0,2.411878814920417
1.72143,0.3776168,0.01434388,0.0041590279999999995,-1.6572900000000002,5.600958,2.147818,0.23203510000000002,4.459486,2.5000079999999997e-05,82.0,2.654242878752565
1.72143,0.577593,0.03762012,0.02874021,2.453986,0.26339320000000005,3.704072,0.43893540000000003,1.051084,2.219663e-05,103.0,2.6395824742231273
1.72143,0.8501549,0.03824054,0.02959387,2.218604,0.21955300000000003,5.155611,0.7838083,2.747608,1.537194e-05,130.0,2.1619361821908187
1.72143,1.538485,0.14065339999999998,0.02311783,0.7018675,2.893901,5.208897,1.908121,1.8885880000000002,7.210887e-06,121.0,1.2952043042436525
1.75515,0.05592117,0.1785642,0.1591703,-2.310514,4.596661,0.10952,0.01322394,3.8490339999999996,1.6181559999999998e-05,0.0,2.0594263162476976
1.75515,0.08938008,0.04848399,0.07287062,2.811275,0.05841993,3.691811,0.02672097,0.8961366,2.44427e-05,2.0,2.6836131228810953
1.75515,0.1531122,0.06130797,0.01205642,-0.3966754,5.899622,3.207245,0.05990911,3.900254,3.703152e-05,47.0,3.5263966358213326
1.75515,0.2561324,0.0275217,0.01832883,1.510834,4.553865,0.04191656,0.1296232,0.2750611,2.358007e-05,41.0,2.800389223674939
1.75515,0.3764159,0.07107415,0.02578171,0.3235,4.7391190000000005,0.3147731,0.2309277,1.677368,1.7784260000000002e-05,85.0,2.254972373182634
1.75515,0.5634544,0.03647626,0.1174835,-2.002198,1.9317939999999998,2.406411,0.42291890000000004,2.5202430000000002,2.307739e-05,120.0,2.6895808303744166
1.75515,0.9858642,0.09421360000000001,0.1020808,0.8560766,1.1987729999999999,6.150673,0.9787913,3.952404,2.050016e-05,127.0,2.4880739757557766
1.75515,1.709057,0.3210522,0.18000510000000003,1.592154,0.38280640000000005,3.929653,2.234082,2.451387,1.194211e-06,164.0,0.7798281348874
1.75515,2.349801,0.32984709999999995,0.09450352,-1.7292880000000002,1.368474,4.804486,3.601809,4.4974050000000005,9.907964e-07,95.0,0.7469556125219775
1.75515,2.603696,0.3253821,0.1229828,2.834694,1.3060049999999999,4.3133989999999995,4.2009669999999995,0.3551256,1.2144370000000001e-06,170.0,0.7840458173775793
1.7895299999999998,0.07662329,0.12979960000000001,0.02202396,-3.041734,4.922219,3.3415529999999998,0.02120952,1.7208130000000001,4.782016e-05,0.0,4.428616003348939
1.7895299999999998,0.2411848,0.10752010000000001,0.1246006,-1.029041,4.145382,3.2611779999999997,0.1184393,0.18059170000000002,8.639388e-05,27.0,5.510736615162988
1.7895299999999998,0.9967877,0.054212199999999995,0.19800839999999997,2.942596,2.254481,5.025165,0.9951085999999999,6.091404,2.022351e-05,85.0,2.5112359939395446
1.7895299999999998,1.930036,0.4820460999999999,0.2931336,1.2104620000000001,2.429923,3.199834,2.68109,5.068912,6.855138e-06,136.0,1.2985959692342783
1.7895299999999998,3.201245,0.05777206,0.4664745,2.160315,3.257061,4.562221,5.727226,5.336632,2.676674e-06,115.0,0.9625543680564705
1.7895299999999998,3.5169660000000005,0.3171776,0.1102673,0.1329405,4.142199,4.881181,6.595032000000001,1.113733,5.308526e-06,116.0,1.2326198224461375
1.8245799999999999,0.05639883,0.0779528,0.01619433,-0.3667457,5.552617,5.410957,0.01339378,0.263507,9.500064e-06,0.0,1.5201851441273289
1.8245799999999999,0.08009209,0.02116232,0.0031219190000000003,2.3408290000000003,1.748514,4.012944999999999,0.02266613,6.203469,2.273946e-05,11.0,2.8572577936880053
1.8245799999999999,0.1348987,0.0037737779999999998,0.03381529,3.006656,3.451957,2.144662,0.0495449,1.976178,2.6343990000000003e-05,30.0,2.9620752471777694
1.8245799999999999,0.1987652,0.05624635,0.08833967,2.875034,0.001903939,2.006002,0.08861214,5.322248,2.1502129999999997e-05,59.0,2.438262198554472
1.8245799999999999,0.2915203,0.0797804,0.0066415369999999994,1.9318919999999997,0.2856078,3.220369,0.1573918,1.1445100000000001,1.7236e-05,60.0,2.3247556371761426
1.8245799999999999,0.41523679999999996,0.08569977,0.002028851,-3.045075,4.424631,3.739411,0.2675573,2.471823,2.666863e-05,62.0,2.9285386944419756
1.8245799999999999,0.7246342,0.02988503,0.01775688,0.06413923,3.6816699999999996,1.151805,0.6167997,3.6590300000000004,3.2733049999999997e-05,75.0,3.3548357067586956
1.8245799999999999,1.510353,0.0782657,0.06154780000000001,-0.45480779999999993,6.243742,3.256459,1.8560159999999999,3.6679160000000004,8.744942e-06,125.0,1.4731325453831097
1.86032,0.06857569,0.10695910000000002,0.10355050000000002,1.788531,0.05176208,1.4425860000000001,0.01795758,5.791197,3.466317e-05,0.0,3.4626771804128516
1.86032,0.13029369999999998,0.08583272,0.09740716,2.545137,0.8973822,0.4050762,0.04702985,3.229622,1.89863e-05,39.0,2.5469426674539335
1.86032,0.2023259,0.06393072,0.1151982,0.9463955,1.615651,2.605745,0.0910036,0.049766399999999995,3.17589e-05,51.0,3.2422542750315406
1.86032,0.29863140000000005,0.05848977,0.04797275,1.868679,1.834327,5.92204,0.1631851,2.308218,1.964275e-05,70.0,2.3112263475544506
1.86032,0.6025238,0.031809699999999996,0.05579056,-1.140128,1.7648419999999998,4.921265,0.46765779999999996,4.239305,4.395662e-05,105.0,4.045287053707382
1.86032,1.300973,0.1057595,0.09544461,-1.161138,5.63755,4.539095,1.483775,0.07793188,5.859515e-06,117.0,1.2424193530414946
1.86032,2.100766,0.22090189999999998,0.1472443,-2.793708,2.959838,5.975618,3.044691,5.546569,3.179528e-06,102.0,1.0568449154223625
1.86032,2.6226130000000003,0.43175340000000006,0.1422543,-2.171843,2.714518,4.21812,4.246849,3.3798449999999995,1.21143e-06,149.0,0.780314318710141
1.86032,3.2331990000000004,0.4115765,0.354155,-2.170738,3.557321,1.190677,5.813179,5.780151,1.229607e-06,154.0,0.777040915413692
1.8967599999999998,0.05830049,0.06229565,0.07478365,1.7777150000000002,2.249784,2.955147,0.0140767,5.097423,3.428327e-05,0.0,3.2577224108865392
1.8967599999999998,0.1296639,0.07969956,0.0522653,2.597813,1.417815,1.9474770000000001,0.04668909,4.081707,2.6017329999999998e-05,48.0,2.8476286812511287
1.8967599999999998,0.2421617,0.06388663,0.02786112,-1.8546740000000002,4.426309,3.245591,0.1191617,0.7588851,3.924171e-05,53.0,3.7599068849491815
1.8967599999999998,0.42429629999999996,0.01952592,0.08725348,-1.177052,0.45002159999999997,2.6993,0.2763627,3.4156120000000003,1.252286e-05,110.0,1.9442539025422332
1.8967599999999998,0.630767,0.10246500000000001,0.04659899,-0.9515471999999999,1.7427130000000002,0.8106072,0.5009242,0.02400645,1.4766570000000001e-05,122.0,2.1424410529319413
1.8967599999999998,0.9579810999999999,0.05672367,0.04752135,2.115725,4.156473,1.265984,0.9375773999999999,1.387605,1.828881e-05,118.0,2.3027450717489413
1.8967599999999998,1.7328759999999999,0.04333348,0.05796541,0.4532044,3.441061,6.007647,2.280965,2.185517,5.211897e-06,154.0,1.2165218736723882
1.93392,0.05603501,0.1036768,0.2244606,-0.5797323,1.54389,1.2852290000000002,0.01326432,0.39555359999999995,1.849564e-05,0.0,2.2332824421258564
1.93392,0.09365371,0.001135819,0.22692820000000002,-0.4464486,4.4349739999999995,3.063116,0.02866015,5.35596,2.318411e-05,15.0,2.736483307818389
1.93392,0.1630051,0.08297748,0.1753679,-0.44240630000000003,3.3382160000000005,5.759987000000001,0.06580913,2.905481,3.0154699999999998e-05,48.0,2.9720554372505625
1.93392,0.3490891,0.1390182,0.05150821,1.555924,1.923196,4.383959,0.2062433,1.1471930000000001,4.140434e-05,66.0,3.9545034907859753
1.93392,0.6588723000000001,0.08027554,0.12034020000000001,-1.8590060000000002,5.238225,6.238448,0.5347746999999999,2.9000060000000003,2.931053e-05,101.0,3.3146367537855106
1.93392,5.087358999999999,0.6322281999999999,0.41387060000000003,2.228628,5.725722,1.105513,11.47377,4.416294000000001,6.818121e-06,134.0,1.2950505760487852
1.9718,0.06341632,0.057536000000000004,0.05709139,2.256548,4.570232,5.9137580000000005,0.01596967,5.2750639999999995,2.5396820000000002e-05,0.0,2.7228389020233026
1.9718,0.10715810000000002,0.07243559,0.06167725,-1.489586,1.1097620000000001,0.29129440000000006,0.03507754,0.7679081,1.355401e-05,24.0,1.9465082221975432
1.9718,0.1555385,0.05219678,0.049255400000000005,-1.736838,4.978023,1.085112,0.06133999,4.043223,2.0682649999999998e-05,46.0,2.66625336039192
1.9718,0.24771910000000003,0.01271977,0.0040378820000000005,-1.03929,5.562133,2.621012,0.1232877,4.3574209999999995,2.9650429999999995e-05,56.0,3.1454219223245623
1.9718,0.41199220000000003,0.008777318000000001,0.001635369,-2.238063,0.21597329999999998,0.5625738,0.26442899999999997,2.593856,2.29518e-05,76.0,2.7825961882178163
1.9718,0.6481361999999999,0.02491699,0.0005375169,1.039933,2.761952,3.3275230000000002,0.5217599,5.785415,1.985744e-05,84.0,2.5618122471653306
1.9718,0.9144528000000001,0.07107985,0.05887245,0.08147189,5.518969,3.9350910000000003,0.8743994,4.477945,1.13595e-05,120.0,1.9018359476348141
1.9718,1.419918,0.04567383,0.1129356,2.6117169999999996,3.194023,0.02281271,1.6918630000000001,0.5463621,4.3193150000000005e-06,95.0,1.0797962943391417
1.9718,2.168237,0.24074310000000002,0.1088637,0.866064,5.199789,3.776061,3.1924770000000002,3.6956089999999997,1.155466e-06,145.0,0.7758439470278977
10.0585,0.05992047,0.04823675,0.05035518,-3.058792,3.820843,0.5920522,0.01466771,6.095838,2.57256e-06,0.0,0.9546925671658552
10.0585,0.08685623,0.01034135,0.0017716210000000001,-1.470137,0.1724078,6.157457,0.02559765,1.191155,3.6020470000000002e-06,3.0,1.048518888761235
10.0585,0.13541570000000003,0.0468504,0.02159054,1.567605,1.7799,6.164237,0.04983115,2.8450599999999997,4.800353e-06,7.0,1.1646034246827357
10.0585,0.2157085,0.02938323,0.01526527,-1.563479,2.8872400000000003,5.098003,0.1001838,3.7405019999999998,4.098896e-06,12.0,1.1256926334142534
10.0585,0.3371938,0.02629589,0.006381341,1.651245,4.88432,5.326107,0.195801,5.023974,5.477418e-06,16.0,1.2381307555351793
10.0585,0.4900064,0.0039022320000000003,0.0108,-0.6171055000000001,4.746102,2.35605,0.3430026,4.502601,3.527584e-06,21.0,1.0772511734401151
10.0585,0.6155704000000001,0.08741865,0.02801546,-1.817325,3.7121910000000002,3.506589,0.48295959999999993,1.7847689999999998,2.3810040000000003e-06,23.0,0.9241776233103411
10.0585,0.787554,0.01745442,0.02030644,1.2219309999999999,1.519723,2.294069,0.6988978,5.82019,2.533564e-06,27.0,0.9699385426859626
10.0585,0.9345764000000001,0.02659003,0.001612175,-1.95275,5.417098,0.2183548,0.9034745000000001,3.042557,2.534385e-06,26.0,0.9567015575945128
10.0585,1.140898,0.04292909,0.0069226719999999995,0.2006424,5.28739,3.4874949999999996,1.2186059999999999,4.206379,1.317697e-06,30.0,0.8003943610510307
10.255519999999999,0.04375506,0.01307126,0.002509022,-1.438218,4.804382,5.1793,0.009152548,1.838414,1.868136e-06,0.0,0.8826322302802682
10.255519999999999,0.05678192,0.04889718,0.02684122,-2.566026,3.400471,4.4044099999999995,0.01353052,3.5314959999999997,1.2858600000000002e-06,3.0,0.7984850816509018
10.255519999999999,0.07092553,0.01685946,0.02560832,-0.8242075000000001,1.597276,5.895708,0.01888873,5.091461,1.992255e-06,5.0,0.8960308639520322
10.255519999999999,0.08995811,0.02784782,0.03148743,1.451186,0.5272667,5.460401999999999,0.02698106,3.463949,1.372209e-06,8.0,0.8089210598706531
10.255519999999999,0.10808110000000001,0.01590525,0.01073415,-1.807928,1.0603719999999999,4.836457,0.03553225,5.563225,1.4088910000000001e-06,10.0,0.8219894348096577
10.255519999999999,0.127603,0.005860625,0.01760512,0.2925324,2.5335080000000003,0.4021375,0.04558159,3.8516169999999996,1.4468790000000001e-06,12.0,0.8318964837892058
10.255519999999999,0.1531627,0.00927081,0.02942038,0.603855,0.7533148000000001,3.830105,0.05994143,2.484325,1.4862309999999999e-06,14.0,0.8386494098707102
10.255519999999999,0.1852841,0.01391536,0.02228939,2.755752,2.289552,1.580835,0.0797544,2.827403,1.527009e-06,16.0,0.8410156024631066
10.255519999999999,0.2178636,0.01503053,0.02031523,-1.500839,1.594243,5.598479,0.101689,5.48369,1.5692760000000001e-06,18.0,0.820752900962351
10.255519999999999,0.2617473,0.007818898000000001,0.01918328,2.746073,5.99631,5.788368,0.1339122,3.326282,1.613101e-06,20.0,0.8571981315492359
10.255519999999999,0.3159676,0.01739399,0.01850986,-2.918717,4.158975,5.503144,0.177607,4.231853,1.6585550000000001e-06,22.0,0.8533094518620068
10.255519999999999,0.37133940000000004,0.02750203,0.01031022,-0.7490293,3.235068,3.930876,0.22628320000000005,1.499614,1.7057149999999998e-06,24.0,0.8626135093064046
10.255519999999999,0.44949179999999994,0.002610362,0.0025754370000000003,-1.6963700000000002,0.7775861,4.55725,0.3013548,5.4722550000000005,1.767363e-06,26.0,0.8874569142049666
10.255519999999999,0.5088792999999999,0.01910663,0.01242943,-2.405907,0.03601543,0.8938063,0.363009,3.2591509999999997,8.835633e-07,27.0,0.722000109604835
10.255519999999999,0.5874558000000001,0.01555208,0.0120375,0.2016829,1.0687200000000001,6.243898000000001,0.45025420000000005,4.943298,1.8316130000000001e-06,29.0,0.8892309337623382
10.255519999999999,0.6997414000000001,0.01026829,0.01115025,2.979779,1.6388740000000002,3.117326,0.5853301,4.761355,1.885402e-06,31.0,0.8765587662725407
10.255519999999999,0.833807,0.006094419,0.008283116,0.8703062,0.29292090000000004,4.268205,0.7613641,3.1054209999999998,1.941295e-06,33.0,0.8797721114769071
10.255519999999999,1.011101,0.01192954,0.003988812,0.02763487,1.588162,4.527332,1.016683,2.9168979999999998,1.999395e-06,35.0,0.9041033838130266
10.4564,0.04996963,0.01814109,0.03135821,2.2312790000000002,4.761358,5.393393,0.01117014,4.647705,2.119263e-06,0.0,0.9272214385327925
10.4564,0.067739,0.0496194,0.07609989999999998,2.523215,5.8453800000000005,5.118983999999999,0.017630200000000002,3.04365,2.207492e-06,3.0,0.9224604646241096
10.4564,0.09534477,0.05498293,0.06782933,-1.456896,2.399274,0.9301344000000001,0.0294404,6.269496,3.0891090000000002e-06,6.0,1.0204794143769935
10.4564,0.14879360000000003,0.03414176,0.02699522,-1.898046,3.523504,5.3953809999999995,0.05739496,3.7311379999999996,4.113622e-06,10.0,1.1134149845414476
10.4564,0.22524589999999997,0.04584398,0.02350794,1.5736729999999999,3.913653,4.592256,0.1069011,5.313989,3.509733e-06,15.0,1.0575680508491272
10.4564,0.3251915,0.005655295,0.0326552,1.545911,3.612104,1.3910069999999999,0.18544059999999998,2.5227619999999997,2.7700310000000004e-06,19.0,0.9716757477740772
10.4564,0.376913,0.06072134,0.04037045,0.7218693,0.7937211,3.3922019999999997,0.23139679999999999,1.9895900000000002,1.916183e-06,22.0,0.8773746662290287
10.4564,0.5367241999999999,0.05798806,0.05394782,-1.310418,3.1608080000000003,0.19664979999999999,0.3932074,4.514809,4.009307e-06,24.0,1.1209805994191142
10.4564,0.7711214,0.0429586,0.01865167,2.166801,4.630097,5.183978,0.6771393,4.584723,4.261515999999999e-06,28.0,1.109085517769249
10.4564,1.1483649999999999,0.06748156,0.01788666,1.266756,3.4273010000000004,0.3374346,1.230591,2.049153,2.23192e-06,32.0,0.9329285368170308
10.66122,0.05479966,0.03936784,0.04591144,3.068721,0.4269041,3.52351,0.01282821,0.03019313,3.5710620000000002e-06,0.0,1.0646375388342602
10.66122,0.07993075,0.05978494,0.02848765,1.011088,4.661265,2.124124,0.02259799,2.7791900000000003,1.499393e-06,5.0,0.8336018632882698
10.66122,0.1039183,0.05538028,0.02266975,2.723816,5.977291999999999,2.624308,0.03349936,0.23072489999999998,2.329939e-06,7.0,0.9365856688827621
10.66122,0.13645629999999997,0.02367556,0.015598599999999999,-2.513003,2.152201,2.415987,0.05040668,2.7932259999999998,2.431938e-06,10.0,0.9561505124959224
10.66122,0.17785279999999998,0.02955822,0.02632168,-1.058508,3.674236,3.909237,0.07500470000000001,1.350916,1.6808900000000002e-06,13.0,0.862482446536488
10.66122,0.22706910000000002,0.01507768,0.01541284,0.1878122,2.530163,0.5765321999999999,0.10820170000000001,4.116624,3.513316e-06,15.0,1.0462486866407674
10.66122,0.3387651,0.03487909,0.02350783,2.807337,4.103295,4.471096,0.1971715,3.800067,2.804451e-06,19.0,0.9890032223845553
10.66122,0.42089609999999994,0.01956714,0.01404283,-2.1585360000000002,5.5059629999999995,3.3723989999999997,0.2730599,0.02597369,2.8905700000000003e-06,21.0,0.9948043192603292
10.66122,0.5630516999999999,0.05427961,0.06404132,0.5943845,5.972588,1.730678,0.4224905,1.555315,1.013541e-06,26.0,0.7391342653016431
10.66122,0.6510530999999999,0.02352446,0.01016789,2.9725650000000003,1.121951,4.568846,0.5253146,0.4963938,3.057707e-06,24.0,1.0173357770310583
10.66122,0.7950225000000001,0.04259733,0.056528999999999996,-0.7560551,1.122517,3.7940720000000003,0.7088638,3.404746,1.078776e-06,30.0,0.7645890906589838
10.66122,0.9564440000000001,0.01950013,0.007791416999999999,0.6422786,4.134239,0.237671,0.9353696,1.7825830000000003,3.271379e-06,29.0,1.0537079768898208
10.87005,0.05518995,0.0042247479999999995,0.001981414,2.196289,3.104788,3.0536369999999997,0.01296552,4.029179,8.5314e-07,0.0,0.7031675124532515
10.87005,0.06193881,0.001618633,0.00216488,-2.4131419999999997,1.644809,1.374976,0.01541501,2.146027,8.659688e-07,1.0,0.7139220629572167
10.87005,0.06937418,0.003734442,0.001904975,2.020244,0.7669604999999999,5.227032,0.01827243,2.444632,8.790531e-07,2.0,0.729557395799183
10.87005,0.07759958,0.002405642,0.002731518,2.926848,2.9404779999999997,5.7195540000000005,0.02161665,6.134703,8.923994000000001e-07,3.0,0.7228557701205096
10.87005,0.08674502,0.00119222,0.004158482,-0.8055543000000001,1.6750459999999998,2.510463,0.02554853,1.6433490000000002,9.060141999999999e-07,4.0,0.7478857114532749
10.87005,0.09684819,0.005678349,0.005162453,0.3773411,5.16178,4.376297,0.03013951,5.109907,9.199041e-07,5.0,0.7227820597028609
10.87005,0.10804669999999998,0.002440093,0.0011080180000000001,-2.08093,0.03787664,1.082331,0.03551532,3.125463,9.340761999999999e-07,6.0,0.725564746959894
10.87005,0.12045439999999999,0.0013771529999999999,0.000647146,0.2957593,0.2096232,1.67535,0.04180542,1.172505,9.485374e-07,7.0,0.7340270969287548
10.87005,0.1342024,0.0009431108,0.002596968,-2.08075,1.6517709999999999,3.435407,0.04916303,3.863139,9.632952000000001e-07,8.0,0.7297497575288361
10.87005,0.14942560000000002,0.0051190820000000005,0.001664884,2.6285689999999997,0.9906027000000001,0.17921979999999998,0.057761099999999996,2.8462240000000003,9.783572e-07,9.0,0.7344351225873191
10.87005,0.1663098,0.003329978,0.001894589,1.69218,4.7191220000000005,1.489126,0.06782261,1.367528,9.937312e-07,10.0,0.7500061713532004
10.87005,0.18502220000000003,0.001709574,0.0003212259,-0.7262793000000001,0.6745083000000001,0.9972798,0.07958541,1.0520180000000001,1.0094249999999999e-06,11.0,0.7401250914254509
10.87005,0.20575660000000004,0.003176063,0.001854801,-1.029462,1.250357,5.239517,0.09333142,5.012558,1.025447e-06,12.0,0.7560846793445655
10.87005,0.228756,0.003656978,0.001062175,0.23170320000000003,5.786144999999999,2.884389,0.1094097,3.149667,1.041806e-06,13.0,0.7513638903796085
10.87005,0.25416500000000003,0.0013057210000000001,0.002994305,2.520668,5.841225,0.2369224,0.1281358,4.438885,1.058511e-06,14.0,0.7422357017499535
10.87005,0.2825034,0.001455967,0.0008220997,-0.41612380000000004,2.498775,1.173846,0.1501523,5.372081,1.07557e-06,15.0,0.7454250248930221
10.87005,0.31384720000000005,0.002548414,0.0008353475,-0.9092277,2.758476,6.165836,0.1758222,4.311891,1.092994e-06,16.0,0.7683522619720005
10.87005,0.34872220000000004,0.001133552,0.0003887827,2.782597,1.827435,0.13638770000000003,0.2059281,1.8117439999999998,1.110791e-06,17.0,0.7743041842672882
10.87005,0.3871759,0.0030409390000000003,0.0001639377,0.1322395,0.9644308000000001,4.965974,0.240912,3.8652699999999998,1.128972e-06,18.0,0.7659754875712319
10.87005,0.4301464,0.003231917,9.091050999999999e-05,2.435143,0.0037863059999999997,2.636343,0.282111,0.198687,1.147547e-06,19.0,0.7607457634026759
10.87005,0.4778693,0.0005063539,0.0002898389,-1.7981049999999998,4.182980000000001,4.337699,0.33033850000000003,1.9537639999999998,1.1665269999999999e-06,20.0,0.7805785606727148
10.87005,0.5303539,0.00184093,0.0001982634,0.6251024000000001,5.536935,1.959452,0.3862281,2.0838099999999997,1.185923e-06,21.0,0.7773301726053715
10.87005,0.5893133,0.0021287570000000002,0.0001405784,-2.860872,1.511113,4.3340879999999995,0.45239140000000005,5.68144,1.205745e-06,22.0,0.7918997464140247
10.87005,0.6549409,0.002010325,5.611295e-05,-1.7085299999999999,3.3599300000000003,3.5995,0.5300268,1.951834,1.226006e-06,23.0,0.8025458083785888
10.87005,0.7270982,0.0012486539999999999,0.0001152558,0.2810265,5.866405,3.064606,0.6199891,3.200213,1.2467180000000001e-06,24.0,0.7841916737812279
10.87005,0.8082322,0.0009761596000000001,0.00010427840000000001,2.681704,4.021794,5.14273,0.7266049,4.720465,1.267893e-06,25.0,0.800172534880706
10.87005,0.8977463999999999,0.002564805,8.251573e-05,0.604202,0.7932415,3.558025,0.8505978999999999,2.164836,1.2895439999999998e-06,26.0,0.7896800826213703
10.87005,0.9978179,0.001886595,1.058893e-05,-2.2344,2.06245,1.433849,0.9967139000000002,1.609569,1.3116849999999999e-06,27.0,0.8024391647892848
10.87005,1.109604,0.001981877,2.550417e-05,-2.409948,5.670698000000001,5.294809,1.1688129999999999,2.0376,1.3343289999999998e-06,28.0,0.8023484116841291
11.08297,0.05384277,0.02356953,0.06478617,-2.708587,5.438379,6.142678,0.01249368,3.400603,2.9151979999999996e-06,0.0,0.9924443275500217
11.08297,0.07563958,0.05080884,0.05101927,1.337964,2.566573,5.614198,0.02080284,1.8092580000000003,1.522312e-06,4.0,0.845402270715919
11.08297,0.09776888,0.05718255,0.03952535,-1.8562349999999999,4.430333999999999,2.015806,0.03057028,5.660455000000001,2.369165e-06,6.0,0.945836802386864
11.08297,0.1350094,0.04762622,0.02210564,-0.7884415,5.056708,0.5517145999999999,0.04960713,2.615942,2.4775129999999997e-06,9.0,0.9600927141719228
11.08297,0.187642,0.03460063,0.002927877,-2.79115,6.040145,5.465774,0.08128162,2.270607,3.4834219999999997e-06,12.0,1.0586438667639082
11.08297,0.30608470000000004,0.05449031,0.01086462,2.9404369999999997,1.6326200000000002,0.7434496,0.1693396,2.519269,5.6465e-06,16.0,1.2098202679053662
11.08297,0.46970209999999996,0.026455700000000002,0.04735197,2.742913,2.811642,0.9286856,0.32190640000000004,1.709855,9.940698e-07,22.0,0.7456851370011542
11.08297,0.6323254,0.02798365,0.01364993,-0.08530639,4.700680999999999,4.343173999999999,0.5028119000000001,5.995415,5.217261999999999e-06,23.0,1.1753891648406698
11.08297,0.8704378,0.03010874,0.02302245,0.7530918000000001,1.6934509999999998,3.3683339999999995,0.8120835999999999,0.9708614999999999,2.2088880000000002e-06,28.0,0.9374700857842819
11.08297,1.064351,0.08668027,0.006298064,-0.8296382999999999,1.0291219999999999,0.41745659999999996,1.098048,0.2598609,1.13212e-06,30.0,0.7757662135159638
11.30007,0.05652038,0.0015134279999999998,0.001467101,2.600733,3.8035400000000004,5.232053,0.01343716,5.108174,8.763448000000001e-07,0.0,0.7171423509255831
11.30007,0.06396038,0.001464239,0.0008923696,2.5615229999999998,1.0220120000000001,5.267208,0.01617582,1.686582,8.901434000000001e-07,1.0,0.7338358516951083
11.30007,0.07190079,0.0004979551,0.0002618741,2.435362,1.9997650000000002,5.309330999999999,0.01927968,0.8749674999999999,9.042299e-07,2.0,0.7218508252005196
11.30007,0.08089394,0.001257721,0.0006153193,-0.4727063,0.8934725,0.7115718000000001,0.0230077,0.29152790000000006,9.186117e-07,3.0,0.7397970829319811
11.30007,0.09087323,0.002913308,0.0007781641000000001,-0.6788255999999999,3.434671,4.3001059999999995,0.02739384,1.550085,9.332963e-07,4.0,0.7265811047593727
11.30007,0.1019817,0.0004997138,0.0005078543,-0.1414905,2.8959080000000004,5.831977999999999,0.03256735,3.077625,9.482918999999999e-07,5.0,0.731476515882308
11.30007,0.11437449999999999,0.00044113,0.0006746333,0.8893949000000001,2.570677,1.3748340000000001,0.03868053,4.19718,9.636066e-07,6.0,0.7233742483711143
11.30007,0.1281508,0.0003459314,0.000530687,2.035052,1.6145,0.17470839999999999,0.04587545,2.808567,9.792488e-07,7.0,0.7257056409041018
11.30007,0.14345829999999998,0.0005870387,0.001387606,-1.662784,3.1227419999999997,1.481359,0.05433587,0.02142685,9.952272e-07,8.0,0.7221447542095475
11.30007,0.1605311,0.001796125,0.0007929037,-1.012908,1.7187599999999998,3.963741,0.06431862,3.257473,1.0115510000000001e-06,9.0,0.7545554174426811
11.30007,0.1795415,0.0001862463,0.0002705343,2.504299,2.247991,4.198226999999999,0.07607553,5.728926,1.0282290000000001e-06,10.0,0.7546757639942225
11.30007,0.2007005,0.0003105471,0.001147019,1.9931880000000002,1.338187,3.9080809999999997,0.0899125,0.5770441999999999,1.0452719999999998e-06,11.0,0.745206406117948
11.30007,0.2242794,0.000707772,0.00010888469999999999,0.9872513,1.962425,5.167939,0.10621389999999999,2.219391,1.0626879999999999e-06,12.0,0.7567325254305207
11.30007,0.2505509,0.0014337820000000002,0.0001145686,-1.4373209999999998,1.8337970000000001,3.3895760000000004,0.1254125,2.993523,1.080489e-06,13.0,0.7460770224783083
11.30007,0.27982540000000006,0.0007781998,0.0005726118,-1.5894540000000001,3.032756,1.896741,0.1480224,0.454122,1.098684e-06,14.0,0.7817909337225923
11.30007,0.3124288,0.0009221041,4.3884759999999994e-05,-0.2262103,0.6640529000000001,3.4163410000000005,0.1746317,2.978797,1.1172849999999999e-06,15.0,0.7703276223814968
11.30007,0.34882959999999996,0.001066205,0.0005871938,1.240693,5.690327,0.6091502,0.20602329999999996,6.2444180000000005,1.1363030000000001e-06,16.0,0.7823967358465711
11.30007,0.3893924,0.0006277941,8.726236999999999e-05,-2.72303,0.693919,4.181702,0.2429837,6.2107220000000005,1.155749e-06,17.0,0.7701267998831924
11.30007,0.43465059999999994,3.19565e-05,0.00020642369999999998,-2.042568,2.3970029999999998,3.4079230000000003,0.2865538,3.0534939999999997,1.175636e-06,18.0,0.7703340418807405
11.30007,0.4850655,0.001077579,0.0001623715,0.8405113000000001,3.922832,0.5097047,0.33782840000000003,2.031478,1.195976e-06,19.0,0.7815889341169833
11.30007,0.5414705,0.0009903652999999999,0.0001442758,-1.226055,4.207886,3.9582230000000003,0.398435,0.9780344000000001,1.216782e-06,20.0,0.781588505352381
11.30007,0.6044307,0.0003096454,0.0001370706,0.01374318,1.208728,2.712571,0.46991009999999994,1.490717,1.238067e-06,21.0,0.796178599882678
11.30007,0.6747306,0.0006862387,0.0001338237,2.9283240000000004,1.400618,3.177523,0.5542304,5.130513,1.259845e-06,22.0,0.7749948691141857
11.30007,0.7531578,0.0003950897,3.565709e-05,-1.635442,0.6847629,3.709782,0.6536171,4.6596720000000005,1.28213e-06,23.0,0.808131911335777
11.30007,0.8411184000000002,0.0003636882,0.000123401,2.12055,2.73641,5.609754,0.7714004,0.7532909000000001,1.304936e-06,24.0,0.8134124382000414
11.30007,0.9390994,0.0006930905999999999,6.115258000000001e-05,-1.773883,1.0910600000000001,5.492275,0.9100415999999999,6.174949,1.32828e-06,25.0,0.8108995769536784
11.30007,1.0489979999999999,0.0006575985000000001,5.560338000000001e-05,-0.7090331,2.967412,3.8740410000000005,1.074374,1.616976,1.3521760000000001e-06,26.0,0.8210105144539974
11.521410000000001,0.05111404,0.0002782365,1.490116e-08,2.983495,0.1443432,5.122958000000001,0.01155607,1.995627,7.865995e-07,0.0,0.6822123644296828
11.521410000000001,0.05752836,0.0003173414,3.332001e-08,3.0696209999999997,1.947401,0.990252,0.01379821,2.256907,7.987883000000001e-07,1.0,0.6936154524986051
11.521410000000001,0.06462178,0.0002112862,2.5809570000000003e-08,0.5490141,6.172993,5.198119999999999,0.01642736,4.758876,8.112273e-07,2.0,0.7043821755996061
11.521410000000001,0.07248866,0.0002719072,4.2146850000000005e-08,1.291421,6.282331,1.352578,0.01951661,0.06204479,8.239229e-07,3.0,0.7103887914955824
11.521410000000001,0.08127462,0.0001510559,3.942477e-08,-0.03340079,1.044209,4.384578,0.02317029,3.3737,8.368815999999999e-07,4.0,0.7056636895370715
11.521410000000001,0.09095905,0.00021990520000000002,2.5809570000000003e-08,2.18007,5.068194999999999,4.692321,0.02743265,3.7269980000000005,8.501104000000001e-07,5.0,0.7029482357700236
11.521410000000001,0.10176639999999999,0.0001895537,2.980232e-08,1.3673389999999999,1.6683860000000001,3.4788930000000002,0.03246427,0.4433312,8.63616e-07,6.0,0.7149433192007923
11.521410000000001,0.11376189999999999,0.0003520464,0.0,-1.7025259999999998,2.066808,2.783678,0.03837017,2.419861,8.774059e-07,7.0,0.7148523496195105
11.521410000000001,0.1270821,0.00025505790000000003,2.1073419999999994e-08,1.506206,5.172828,5.932925,0.045302800000000004,5.53673,8.914874e-07,8.0,0.7265027460468705
11.521410000000001,0.1419068,0.0002516018,3.332001e-08,3.140272,3.404197,2.705142,0.05345681,2.444183,9.058681e-07,9.0,0.7270018561832641
11.521410000000001,0.1583869,0.00021362520000000002,0.0,0.9637351000000001,1.905658,4.047124,0.06303429,1.178125,9.205561e-07,10.0,0.7355486605094862
11.521410000000001,0.1766924,9.924837e-05,0.0,2.350604,2.7159869999999997,2.251898,0.07427189999999999,3.468429,9.355594999999999e-07,11.0,0.717130762821373
11.521410000000001,0.1970405,0.0001149863,2.5809570000000003e-08,-2.699944,4.037629,3.193109,0.08746427,1.8556439999999998,9.508866999999999e-07,12.0,0.7225714103619488
11.521410000000001,0.21966729999999998,0.00042027220000000003,2.980232e-08,-1.59755,2.532952,2.623447,0.10295460000000001,1.68888,9.665464e-07,13.0,0.7377721670454134
11.521410000000001,0.24484070000000002,5.647761e-05,3.650024e-08,-1.947107,5.073717,3.075142,0.1211498,6.231711,9.825475e-07,14.0,0.7215700740757545
11.521410000000001,0.2728373,0.00036910230000000005,5.960464e-08,-2.404441,5.330126,3.4804239999999997,0.1425124,0.5551288000000001,9.988995e-07,15.0,0.7337361007633095
11.521410000000001,0.30400920000000003,0.0001340906,4.2146850000000005e-08,-2.2244479999999998,4.104719,1.6669049999999999,0.1676204,6.069762,1.015612e-06,16.0,0.7466894096516562
11.521410000000001,0.33869479999999996,9.320356e-05,5.5755040000000005e-08,-2.38102,3.6071089999999995,3.5338230000000004,0.1971103,2.307871,1.0326940000000001e-06,17.0,0.7434241654327217
11.521410000000001,0.3773006,0.00029667669999999997,4.9421559999999996e-08,-1.81883,4.313842,5.986939,0.23175410000000002,3.4917239999999996,1.050157e-06,18.0,0.765252167938074
11.521410000000001,0.42030390000000006,0.00013368389999999998,6.989264000000001e-08,-2.512938,2.607336,1.927979,0.2724841,1.833839,1.068011e-06,19.0,0.7656001502514362
11.521410000000001,0.4683054,0.000234855,7.300048e-08,-2.769173,2.059124,1.228273,0.32047159999999997,1.9387599999999998,1.086266e-06,20.0,0.763184032675261
11.521410000000001,0.5216198000000001,0.0001220082,7.884953e-08,-2.309103,0.228541,2.764383,0.37672690000000003,4.844703,1.104935e-06,21.0,0.7537811754595276
11.521410000000001,0.5811871999999999,0.0001339238,8.560065e-08,-1.9938240000000003,2.452451,0.4745893,0.4430669,0.01596691,1.124028e-06,22.0,0.7554820638714277
11.521410000000001,0.6476021,0.0001806636,6.143905999999999e-08,-2.467961,5.761337,5.83675,0.5211435999999999,2.543577,1.143559e-06,23.0,0.7675373125318771
11.521410000000001,0.7215996,3.729671e-05,6.322026999999999e-08,-2.621884,3.8411089999999994,0.02004656,0.6129699000000001,5.083938,1.1635380000000002e-06,24.0,0.7743846441822669
11.521410000000001,0.8042857,0.0005042466000000001,8.161702e-08,-2.059957,2.7449830000000004,1.4151719999999999,0.7212901999999999,0.7308188,1.183979e-06,25.0,0.7754731319319925
11.521410000000001,0.8966405000000001,0.0001538318,1.010646e-07,-2.491114,4.88595,5.746321,0.8490276,3.3514199999999996,1.204896e-06,26.0,0.7859435448523904
11.521410000000001,0.9997553,6.42992e-05,8.024521e-08,-2.639736,3.522497,0.8800425999999999,0.9996191999999999,6.280467,1.226302e-06,27.0,0.791543168289223
11.521410000000001,1.115016,8.134035e-05,6.322026999999999e-08,-2.920684,1.691034,4.776777,1.177376,6.0063830000000005,1.24821e-06,28.0,0.7899600423143507
11.74709,0.05855239,0.002287795,4.2146850000000005e-08,-2.628392,4.64839,5.833492,0.01416827,3.810653,9.08428e-07,0.0,0.7192605467895199
11.74709,0.06644603,0.001656625,6.989264000000001e-08,-1.9886599999999999,3.377868,4.812691,0.01712786,3.422563,9.234485999999999e-07,1.0,0.7168994733500771
11.74709,0.0752455,0.003898007,9.185692999999998e-08,-2.032532,5.885088,0.5768845,0.0206405,3.0085509999999998,9.387980999999999e-07,2.0,0.7338684655629621
11.74709,0.0850775,0.001211581,8.815646000000001e-08,-2.360836,2.362325,1.987282,0.0248154,1.9880080000000002,9.544854000000001e-07,3.0,0.7253736224698382
11.74709,0.09627129,0.004497369,7.146346e-08,-2.451439,6.1821410000000006,6.0964480000000005,0.02987061,2.37202,9.705198000000001e-07,4.0,0.7222369628971765
11.74709,0.10892850000000001,0.002330974,9.064022e-08,-2.1720189999999997,2.054089,3.3369489999999997,0.03595102,3.453447,9.869108e-07,5.0,0.7497183083745766
11.74709,0.1225087,0.0009356061999999999,9.185692999999998e-08,-2.0715380000000003,2.029362,0.7716053,0.042879400000000005,0.8151433000000001,1.003668e-06,6.0,0.7485035059957683
11.74709,0.1381076,0.0015356179999999999,8.688795e-08,-1.8618580000000002,2.0738220000000003,5.316584,0.0513245,5.101780000000001,1.020802e-06,7.0,0.7400361025489319
11.74709,0.155441,0.005196481,9.424322e-08,-1.892624,4.878268,5.796015000000001,0.06128394,2.813731,1.0383240000000001e-06,8.0,0.7472219975482335
11.74709,0.1748803,0.002822315,8.161702e-08,-1.763659,3.05706,2.2060310000000003,0.07313232,0.9171056999999999,1.056243e-06,9.0,0.7475511097892784
11.74709,0.1966935,0.003881223,1.1151010000000002e-07,-1.8272419999999998,1.800827,5.709159,0.08723337,5.731516,1.074572e-06,10.0,0.7466373136715013
11.74709,0.22103920000000002,0.0007174946,1.0536710000000001e-07,-2.0461259999999997,2.109433,3.75124,0.10392060000000002,3.687188,1.093322e-06,11.0,0.7579485869763891
11.74709,0.24832929999999998,0.002222703,8.429370000000001e-08,-1.480257,3.416458,1.349927,0.1237482,5.694446,1.112505e-06,12.0,0.7589519323028253
11.74709,0.278924,0.002559216,9.424322e-08,-1.7244669999999998,5.4670510000000005,0.3790884,0.1473078,2.920813,1.132133e-06,13.0,0.7620465620635823
11.74709,0.31298159999999997,0.003422483,6.989264000000001e-08,-1.814675,0.9801156999999999,5.352988,0.17509539999999998,6.186891,1.15222e-06,14.0,0.7701585888509132
11.74709,0.3514354,0.002338759,6.664002e-08,-1.508794,2.393487,1.370778,0.2083361,0.4882759,1.172778e-06,15.0,0.778573547859416
11.74709,0.3945445,0.002956023,6.82857e-08,-1.426874,3.615942,5.742305,0.2478221,3.550879,1.1938219999999999e-06,16.0,0.770135584648367
11.74709,0.4428924,0.0030534720000000002,8.296614999999999e-08,-1.53105,4.1047720000000005,2.2781029999999998,0.29474279999999997,5.985780999999999,1.2153660000000002e-06,17.0,0.7830119558811296
11.74709,0.4971272,0.0019449729999999998,5.37269e-08,-1.457418,3.8124839999999995,5.02115,0.3505072,2.6678610000000003,1.237423e-06,18.0,0.7956369781768484
11.74709,0.5581015,0.00140473,5.771195e-08,-1.3597920000000001,1.306143,2.713633,0.4169319,2.768308,1.2600109999999999e-06,19.0,0.7897274373364278
11.74709,0.626579,0.003165469,4.2146850000000005e-08,-1.477263,5.545746,1.023156,0.4959739,3.237253,1.283144e-06,20.0,0.8055024910179053
11.74709,0.7032439,0.0006220263,6.322026999999999e-08,-1.649805,2.840553,6.217703,0.5897306999999999,5.025772,1.306839e-06,21.0,0.7980110058295993
11.74709,0.7896346,0.0013253020000000002,2.5809570000000003e-08,0.49110990000000004,0.8934464,1.5249549999999998,0.7016714,0.14077,1.331114e-06,22.0,0.7942364032558525
11.74709,0.8863793,0.000903347,2.5809570000000003e-08,-1.156784,1.869182,1.287172,0.8344947,0.575757,1.355984e-06,23.0,0.7989804180614213
11.74709,0.9953511999999999,0.002645782,4.2146850000000005e-08,-1.095178,5.823658999999999,4.53805,0.9930209000000001,6.09175,1.3814689999999998e-06,24.0,0.804449005993181
11.74709,1.1176549999999998,0.0015414860000000001,8.815646000000001e-08,-0.8791280999999999,2.652945,4.060917,1.181559,2.2894229999999998,1.4075880000000002e-06,25.0,0.8019748125046857
11.97719,0.05324937,0.005067466,5.771195e-08,0.7321865,6.258859999999999,1.398221,0.01228773,0.6968453,8.217558000000001e-07,0.0,0.7043817871423633
11.97719,0.06021158,0.0038390509999999996,1.490116e-08,1.518604,4.652093,5.327742,0.01477474,5.434480000000001,8.351612e-07,1.0,0.7054425339005328
11.97719,0.06811934,0.003622417,3.332001e-08,0.2725656,4.8869169999999995,6.167408,0.01777891,1.014067,8.488561e-07,2.0,0.7305223415733019
11.97719,0.07716714,0.003558645,0.0,1.7591419999999998,3.359793,2.079901,0.0214362,3.243425,8.628485000000001e-07,3.0,0.7152601235378846
11.97719,0.08684732,0.00319244,5.960464e-08,0.3843395,2.225386,3.6754510000000002,0.02559374,1.071323,8.771461999999999e-07,4.0,0.7193115417084173
11.97719,0.09780174,0.005347271999999999,1.490116e-08,-1.858268,3.1623069999999998,4.005637999999999,0.03058572,2.706127,8.917577e-07,5.0,0.6997346172315576
11.97719,0.1100142,0.008256206,2.1073419999999994e-08,1.191094,3.653895,1.074139,0.03648981,2.521974,9.066914e-07,6.0,0.7220055156092844
11.97719,0.1236614,0.001660305,3.942477e-08,-0.1584565,1.390272,5.488916000000001,0.04348601,4.254121,9.219562e-07,7.0,0.7103375217765707
11.97719,0.13888979999999998,0.004377529000000001,4.712161e-08,0.9133191999999999,2.4852830000000004,2.899202,0.05176114,5.779573,9.375612999999999e-07,8.0,0.7197820530530048
11.97719,0.1560635,0.0016573979999999998,2.5809570000000003e-08,0.1933693,2.033228,0.9408595,0.06165242,4.994265,9.535160000000001e-07,9.0,0.7329390528940496
11.97719,0.1751988,0.00023258610000000002,2.5809570000000003e-08,0.7172482,3.032324,4.798234,0.07333218,1.049065,9.698301999999999e-07,10.0,0.7224023995347184
11.97719,0.1965488,0.001363809,1.490116e-08,-0.1712662,0.1510639,0.6713735,0.08713710000000001,0.6933176,9.865138e-07,11.0,0.7430631567811661
11.97719,0.2206049,0.0006963364,5.5755040000000005e-08,-0.8967630999999999,1.8054599999999998,6.236048,0.1036144,5.326213,1.003577e-06,12.0,0.7402278508122861
11.97719,0.247125,0.002465554,2.980232e-08,-0.9359331,5.25229,0.6440826,0.12284919999999999,2.6134,1.021032e-06,13.0,0.754409954778697
11.97719,0.27696409999999994,0.0032505579999999997,3.942477e-08,-0.48077609999999993,4.350583,0.3339561,0.1457579,2.749822,1.038888e-06,14.0,0.7574702188860098
11.97719,0.31041040000000003,0.002436591,5.960464e-08,-0.3265327,1.842197,3.715004,0.1729422,2.203274,1.0571569999999999e-06,15.0,0.7417160652479363
11.97719,0.3478166,0.001418465,2.1073419999999994e-08,-0.8952732,1.6228479999999998,4.693941000000001,0.20512660000000002,3.964285,1.075852e-06,16.0,0.7514189827532578
11.97719,0.38969390000000004,0.0005405424,4.470348000000001e-08,-0.4611903,5.165794,3.292457,0.2432661,4.869971,1.094984e-06,17.0,0.7731926524921231
11.97719,0.4366117,0.0004022051,4.712161e-08,-0.7954939,1.3044950000000002,1.110451,0.2884955,0.6019055,1.114566e-06,18.0,0.763886021937757
11.97719,0.48917559999999993,0.0007869038000000001,5.960464e-08,-0.2667589,5.611862,2.324234,0.34213140000000003,3.262127,1.134612e-06,19.0,0.7570175701389085
11.97719,0.5480323,0.0005463893,3.332001e-08,-0.3521763,4.8644680000000005,1.851636,0.4056998,3.622025,1.1551349999999999e-06,20.0,0.772188270038553
11.97719,0.6141452,0.0006457834,3.332001e-08,0.293142,0.9737928,1.146691,0.4812845,6.162786,1.1761490000000001e-06,21.0,0.7741698709366944
11.97719,0.6881874,0.0005145876,8.024521e-08,-0.1575557,2.584054,4.788241,0.5708935,2.362466,1.197669e-06,22.0,0.7871346399118808
11.97719,0.7712938,0.0014089039999999999,3.650024e-08,-0.2139652,5.50559,0.185015,0.6773678000000001,1.179179,1.219711e-06,23.0,0.7814006865667469
11.97719,0.8645722,0.001198887,8.560065e-08,-0.8075483,2.298195,5.3762620000000005,0.8038896,3.8839940000000004,1.242288e-06,24.0,0.7902121764776742
11.97719,0.9693608,0.0006555222,8.429370000000001e-08,-1.22632,5.018458,1.046323,0.9543823,3.5368660000000003,1.2654189999999999e-06,25.0,0.7920569559977861
11.97719,1.0871870000000001,0.0004317002,9.657055999999999e-08,-0.7739199999999999,1.0544280000000001,6.212523,1.133574,5.931718,1.289119e-06,26.0,0.7769485857249461
12.2118,0.05908084,0.005422916999999999,4.470348000000001e-08,1.922824,1.556532,1.5839290000000001,0.01436051,4.3775010000000005,9.169974000000001e-07,0.0,0.7320805118135036
12.2118,0.06739868,0.002229788,4.470348000000001e-08,0.3137739,0.3053033,1.2682870000000002,0.01749753,0.6519118,9.327831999999999e-07,1.0,0.7131057719020543
12.2118,0.07676107,0.002864189,0.0,-0.23320010000000002,0.3817342,3.699269,0.02126723,3.548463,9.489287000000001e-07,2.0,0.7170465650689904
12.2118,0.08726894,0.0017932970000000001,0.0,-2.392322,2.344334,2.350709,0.02578034,2.401119,9.654442e-07,3.0,0.7357775178532266
12.2118,0.09910343,0.002613648,0.0,2.178569,3.056218,0.2927283,0.03119838,1.34622,9.823400999999999e-07,4.0,0.7419184211404135
12.2118,0.1123895,0.0009957084,2.1073419999999994e-08,-0.2266562,5.05704,2.123986,0.03767796,3.5759489999999996,9.996274e-07,5.0,0.7409754261499819
12.2118,0.1272485,0.0018415520000000002,3.942477e-08,-0.963525,3.440264,2.633996,0.0453918,0.1578355,1.017317e-06,6.0,0.7442318992765341
12.2118,0.14414200000000002,0.003108257,8.161702e-08,-1.5639530000000001,2.697028,2.935829,0.05472477,1.808798,1.035422e-06,7.0,0.7500773266099618
12.2118,0.1629016,0.0035862290000000002,6.143905999999999e-08,-1.4893040000000002,0.3825947,2.550655,0.06574852,3.65384,1.053952e-06,8.0,0.7426110811536817
12.2118,0.1841019,0.0008414758,4.470348000000001e-08,-1.516404,3.241181,4.4840029999999995,0.07899242,2.7598529999999997,1.072922e-06,9.0,0.7547464799977648
12.2118,0.20807179999999997,0.0018979679999999999,3.650024e-08,-1.626347,2.4507220000000003,5.819031,0.09491122,4.991008,1.092343e-06,10.0,0.7563605252329715
12.2118,0.2351715,0.0047664809999999995,5.1619140000000005e-08,-0.429385,5.528487999999999,1.677759,0.1140445,2.864459,1.11223e-06,11.0,0.760227204955286
12.2118,0.26586409999999994,0.001402346,6.495266e-08,-0.6989288,1.943279,3.3782400000000004,0.13708399999999998,2.136259,1.132595e-06,12.0,0.764311879865704
12.2118,0.29925949999999996,0.001274217,3.332001e-08,-1.266138,4.602723999999999,3.7743059999999997,0.1637076,0.4388014,1.153454e-06,13.0,0.7591312751190615
12.2118,0.33804059999999997,0.001070622,3.942477e-08,-0.9002525,0.43631729999999996,3.8435269999999995,0.1965396,4.305496,1.1748210000000001e-06,14.0,0.7945742574904693
12.2118,0.38046820000000003,0.001938402,6.664002e-08,-1.191403,4.779025,6.001901999999999,0.23467889999999997,2.4168529999999997,1.196712e-06,15.0,0.77979665323525
12.2118,0.4300842,0.00214593,5.960464e-08,-0.6323014,1.6426150000000002,0.329394,0.2820502,5.599558,1.219143e-06,16.0,0.7676227226161143
12.2118,0.4843731,0.00040312459999999997,5.960464e-08,-0.43700320000000004,2.659104,5.053525,0.3371055,2.83167,1.242129e-06,17.0,0.7832038544784843
12.2118,0.5455952,0.0008493552000000001,8.688795e-08,-0.39980229999999994,5.893918,3.362532,0.40299650000000004,4.150164,1.26569e-06,18.0,0.797991602549164
12.2118,0.6165786,0.001744996,6.82857e-08,-0.48309309999999994,4.751183,2.001418,0.4841478,4.013839,1.2898410000000002e-06,19.0,0.7885224083117213
12.2118,0.6937889,0.002161086,9.884311999999999e-08,-0.22379200000000002,2.192831,2.684327,0.5778778,0.7181276999999999,1.3146010000000001e-06,20.0,0.784920116866469
12.2118,0.7841534000000001,0.0004928140000000001,7.300048e-08,-0.3895397,1.877444,5.7210540000000005,0.6943784000000001,4.232276000000001,1.339991e-06,21.0,0.8039588669352657
12.2118,0.8836698000000001,0.001397414,9.541399e-08,-0.2747223,5.912053,4.62639,0.8306716000000001,5.269874,1.366029e-06,22.0,0.7995114643582645
12.2118,0.9961249,0.0008283139,6.664002e-08,0.2126112,1.055847,4.4009220000000004,0.9941793999999999,3.132478,1.392736e-06,23.0,0.8109846749493043
12.2118,1.125739,0.0006694063000000001,5.960464e-08,0.1308999,4.435726,4.879830999999999,1.194401,0.3136176,1.4201339999999998e-06,24.0,0.8212096408402366
12.450999999999999,0.05891686,0.0055848009999999995,3.4615909999999996e-05,-1.989927,4.216973,1.146056,0.01430076,5.192307,9.14447e-07,0.0,0.7086407423953582
12.450999999999999,0.06738663,0.009489575,3.377233e-05,-1.8328240000000002,2.255969,0.0628553,0.01749284,5.916129,9.304705e-07,1.0,0.7287592584160045
12.450999999999999,0.07691071,0.004797584000000001,3.120152e-05,-1.605319,1.670957,0.1167383,0.02132945,0.051592700000000005,9.468656999999999e-07,2.0,0.7363263931567796
12.450999999999999,0.08762954,0.01114851,2.6879320000000003e-05,-1.0589959999999998,1.860966,6.281499,0.025940300000000003,5.463322,9.636432e-07,3.0,0.7330103415479707
12.450999999999999,0.09972311,0.00704609,2.459208e-05,-0.2201647,0.8173113000000001,4.557638,0.03149145,3.9502599999999997,9.808142e-07,4.0,0.7335421265356359
12.450999999999999,0.11333620000000001,0.0029617259999999996,2.737158e-05,0.4722067,5.257412,0.3874358,0.03815503,0.9458002000000001,9.983901e-07,5.0,0.7172326641532748
12.450999999999999,0.1286755,0.008227962,3.054013e-05,1.567899,3.251182,1.638826,0.04615751,3.10356,1.016383e-06,6.0,0.7656941078947583
12.450999999999999,0.1459499,0.007037796999999999,3.6645349999999996e-05,1.867158,2.241212,4.2998449999999995,0.05575762,0.19417720000000002,1.0348050000000002e-06,7.0,0.7538713121496992
12.450999999999999,0.165465,0.007351150999999999,4.458076e-05,2.384732,5.736058,1.992734,0.06730655,0.1574219,1.053668e-06,8.0,0.7421921716752871
12.450999999999999,0.1874059,0.009826144,4.68611e-05,-3.075065,3.836057,2.649413,0.08112837,1.9070189999999998,1.072987e-06,9.0,0.7552163953950953
12.450999999999999,0.21199899999999997,0.0024530570000000002,3.1606540000000006e-05,-0.9996666999999999,3.301346,3.60035,0.09761089999999999,1.3034,1.092774e-06,10.0,0.7583882576085113
12.450999999999999,0.2399149,0.006488743000000001,5.20476e-05,-0.1626629,1.8368939999999998,5.096614,0.1175123,3.418815,1.113044e-06,11.0,0.7586837911121599
12.450999999999999,0.2718477,0.00222512,4.0007359999999996e-05,1.904979,2.250586,1.9183700000000001,0.14173770000000002,4.042498999999999,1.133811e-06,12.0,0.7682559327506713
12.450999999999999,0.3069915,0.007223808000000001,3.04586e-05,-1.834466,4.9763720000000005,3.272366,0.170093,0.13235629999999998,1.1550910000000001e-06,13.0,0.764662321324356
12.450999999999999,0.34666540000000007,0.004745467,4.667236e-05,1.7215029999999998,1.464903,3.918618,0.20410910000000002,0.7385843000000001,1.1769e-06,14.0,0.7768330023194923
12.450999999999999,0.39190440000000004,0.0033607109999999997,6.665257e-05,-0.9781953999999999,3.012693,1.097306,0.24533899999999997,5.340564,1.1992529999999999e-06,15.0,0.7864730813874152
12.450999999999999,0.4426585,0.008444857,3.53066e-05,2.655259,4.905337,0.03473233,0.2945095,5.024464,1.222168e-06,16.0,0.7831327037093787
12.450999999999999,0.5005164000000001,0.007553127,1.748181e-05,0.32622740000000006,2.370492,0.7608309,0.3540978,4.333234,1.245662e-06,17.0,0.7898960461553248
12.450999999999999,0.5654666,0.0053316990000000005,8.613193e-06,-2.797041,3.035127,0.8209489999999999,0.4252124,0.5887647,1.269753e-06,18.0,0.789830393697162
12.450999999999999,0.6391800999999999,0.003984956,1.1149990000000001e-05,3.121689,1.624839,1.758802,0.5110108,3.2942440000000004,1.29446e-06,19.0,0.7800618756327556
12.450999999999999,0.7224364000000001,0.001770637,1.3613990000000002e-06,1.233476,3.053087,4.6020080000000005,0.6140368,0.31654640000000006,1.319803e-06,20.0,0.8106401937871563
12.450999999999999,0.8168426999999999,0.0038408009999999996,9.703231e-06,-1.5501209999999999,3.739785,2.285388,0.7382479999999999,0.09646089999999999,1.345803e-06,21.0,0.8056880998424468
12.450999999999999,0.9244203000000001,0.001327657,4.841959999999999e-06,1.319246,5.9757940000000005,0.7745816,0.8887889000000001,6.045287,1.3724789999999998e-06,22.0,0.8053260782378622
12.450999999999999,1.045221,0.004654711,4.688138e-06,0.42519579999999996,4.048017,4.248381,1.068578,6.056266,1.399855e-06,23.0,0.8324735804123448
12.69489,0.04702019,0.002848505,2.5809570000000003e-08,-0.2972032,0.4562144,5.162421,0.01019592,4.997947,7.193681e-07,0.0,0.6708784750603152
12.69489,0.05316467,0.003903803,1.490116e-08,0.006125554,1.218612,4.894393,0.01225842,3.6657379999999997,7.312606e-07,1.0,0.6861105604282782
12.69489,0.06012586,0.001198673,2.5809570000000003e-08,0.06611626,1.225444,4.711028,0.01474319,3.4188110000000003,7.434133e-07,2.0,0.6947831943862606
12.69489,0.06799512,0.001087289,0.0,-2.9922020000000003,4.184044999999999,5.051186,0.0177303,3.857914,7.558335e-07,3.0,0.6795156966992877
12.69489,0.07698294,0.0008740123,3.942477e-08,0.573631,1.855432,3.829342,0.02135949,1.402001,7.685284e-07,4.0,0.6771888586874422
12.69489,0.08647352,0.001953593,6.322026999999999e-08,0.7848147,1.700621,1.8760189999999999,0.02542867,5.6715279999999995,7.815055999999999e-07,5.0,0.6892116004608041
12.69489,0.09736353,0.0021346810000000003,6.495266e-08,0.9494476999999999,1.9860200000000001,6.082146,0.03038039,3.146656,7.947729e-07,6.0,0.7113670883973151
12.69489,0.109628,0.0034927290000000004,5.1619140000000005e-08,0.5556656,0.5266598000000001,5.661505,0.03629787,4.57226,8.083383000000001e-07,7.0,0.7046689872289004
12.69489,0.1233038,0.000484806,2.980232e-08,0.30727540000000003,4.727247,0.6338764,0.04329755,1.883462,8.222103e-07,8.0,0.7064313304360202
12.69489,0.1385799,0.0026851170000000003,2.1073419999999994e-08,0.44608809999999993,3.0481830000000003,0.9825028,0.05158802,3.7682620000000004,8.363975000000001e-07,9.0,0.6768470054789836
12.69489,0.1555933,0.0007754045,4.2146850000000005e-08,-2.188068,4.744695,3.791405,0.06137402,1.236243,8.509085999999999e-07,10.0,0.7177448692237889
12.69489,0.1747219,0.003249887,3.650024e-08,-0.6601628,4.983852,5.0656930000000004,0.07303296,0.7464095000000001,8.65753e-07,11.0,0.7153563876153042
12.69489,0.1962867,0.001104497,2.5809570000000003e-08,0.38875390000000004,0.1479574,6.0447940000000004,0.08696288,5.5065349999999995,8.809402e-07,12.0,0.7001637320879899
12.69489,0.22025909999999999,0.002703666,0.0,-2.946502,5.411371,2.7551930000000002,0.10337089999999999,0.2918772,8.9648e-07,13.0,0.7149094121955188
12.69489,0.24721910000000002,0.0009843425,0.0,-2.650448,1.274961,3.5996940000000004,0.1229194,4.973279,9.123825999999999e-07,14.0,0.7260884732430078
12.69489,0.27744450000000004,0.0006763692999999999,2.1073419999999994e-08,0.4989621,1.183878,4.380533,0.1461374,2.698274,9.286586e-07,15.0,0.7229106043591502
12.69489,0.3110725,0.0009705327,3.650024e-08,0.4682893,5.398592,2.5278669999999996,0.17349589999999998,2.9445509999999997,9.453186999999999e-07,16.0,0.7307700280937282
12.69489,0.3489399,0.002006911,1.490116e-08,-0.485079,5.554341,1.984836,0.2061212,3.198531,9.623744e-07,17.0,0.7242435103251003
12.69489,0.3913968,0.0005556145999999999,2.980232e-08,0.08477882,2.4192810000000002,2.6188580000000004,0.2448626,0.1149256,9.798374e-07,18.0,0.735148903849479
12.69489,0.43905829999999996,0.0007895952,4.712161e-08,-0.42406629999999995,5.845033,3.0361119999999997,0.29092399999999996,3.897247,9.977196e-07,19.0,0.7447932807331574
12.69489,0.4924673,0.0006236373,5.37269e-08,-1.253112,2.7014560000000003,5.494835,0.3455908,4.045511,1.016034e-06,20.0,0.7390778633188264
12.69489,0.5524886999999999,0.002107362,2.5809570000000003e-08,-1.236832,3.855096,4.837267,0.41065859999999993,2.2223580000000003,1.034792e-06,21.0,0.7484434467589938
12.69489,0.6200446999999999,0.001585813,4.2146850000000005e-08,-0.9701034,3.7491769999999995,5.983491000000001,0.48823640000000007,3.204218,1.054009e-06,22.0,0.7564201545580647
12.69489,0.695893,0.0007582517,3.650024e-08,-0.70345,0.05977046,1.768631,0.5805090999999999,2.41332,1.073699e-06,23.0,0.7627593343441812
12.69489,0.7811493,0.0003552489,4.470348000000001e-08,-0.9937961,2.590435,2.805294,0.6903928,1.209319,1.093874e-06,24.0,0.7555788987635406
12.69489,0.8773293,0.0004392333,1.490116e-08,-1.382857,1.253487,0.580413,0.8217484,0.7103562,1.114552e-06,25.0,0.7585074837975174
12.69489,0.9849768,0.0001775082,3.650024e-08,-0.8649769,1.06472,4.700241,0.9775379999999999,4.50015,1.135746e-06,26.0,0.7720146635276939
12.69489,1.106493,0.00022601889999999999,5.960464e-08,-0.7977496999999999,5.756919,4.578115,1.163905,5.901962999999999,1.157473e-06,27.0,0.7845462611798053
12.94355,0.05094671,0.00097563,5.5755040000000005e-08,2.9068970000000003,0.5827879,0.4720452,0.01149937,3.265305,7.834362e-07,0.0,0.6747074001802518
12.94355,0.05808318,0.0015078070000000001,6.322026999999999e-08,-2.460243,3.7972910000000004,2.75789,0.0139983,1.423824,7.969972e-07,1.0,0.6905507585624624
12.94355,0.066105,0.002078404,2.1073419999999994e-08,3.098323,1.6993470000000002,5.590232,0.01699616,0.7955274999999999,8.108688e-07,2.0,0.7051550002427537
12.94355,0.07512933,0.0017596329999999998,5.5755040000000005e-08,2.44329,4.394474,4.329707,0.02059271,3.773049,8.250601e-07,3.0,0.6959565792070664
12.94355,0.08527907,0.000509235,4.2146850000000005e-08,-2.692901,0.08286664,0.6577805999999999,0.02490364,3.267687,8.3958e-07,4.0,0.714523445208483
12.94355,0.09668423,0.003102179,4.470348000000001e-08,3.13259,1.530047,0.8618896999999999,0.03006301,2.486227,8.544382e-07,5.0,0.7232098672171301
12.94355,0.1094421,0.003396278,3.650024e-08,-2.395734,1.3393760000000001,3.13978,0.03620555,4.190243,8.696443000000001e-07,6.0,0.7265174835412413
12.94355,0.12393399999999999,0.001287089,3.942477e-08,-2.738813,4.97501,1.0017559999999999,0.043629900000000006,5.046313,8.852086e-07,7.0,0.7166057146747806
12.94355,0.1400307,0.0013119000000000002,3.332001e-08,2.654645,3.167728,6.27109,0.05240022,0.4498571,9.011414999999999e-07,8.0,0.7163731343603634
12.94355,0.1582887,0.001225709,4.2146850000000005e-08,3.052455,4.852936,2.4909,0.06297571,0.870567,9.17454e-07,9.0,0.7142431375010904
12.94355,0.178899,0.0028015509999999998,2.1073419999999994e-08,-2.1596889999999997,4.700006,0.4670022,0.07566759,4.204968,9.341571e-07,10.0,0.7494373145336884
12.94355,0.20222220000000002,0.00035158730000000004,5.960464e-08,-2.7837400000000003,3.483653,4.307683,0.09093708,3.607454,9.512626999999999e-07,11.0,0.7226438174871237
12.94355,0.22863350000000002,0.001161467,9.064022e-08,-2.913261,3.4302300000000003,3.6281230000000004,0.109322,3.111225,9.687827e-07,12.0,0.7317644705039121
12.94355,0.2571966,0.0032434940000000004,4.712161e-08,-2.10465,3.032578,4.8759,0.1304353,3.9433019999999996,9.867296e-07,13.0,0.7562146424804409
12.94355,0.2908015,0.000957371,5.5755040000000005e-08,-2.348675,1.8333270000000002,4.49076,0.15681660000000003,5.004275,1.005116e-06,14.0,0.7400362691234366
12.94355,0.327376,0.0036122570000000002,6.143905999999999e-08,-2.597705,3.1441529999999998,4.759204,0.18731270000000003,4.206428,1.0239560000000001e-06,15.0,0.7446352812395255
12.94355,0.37003179999999997,0.0016930229999999999,3.942477e-08,-1.6731479999999999,0.6978664000000001,4.143421,0.2250895,5.115589,1.043264e-06,16.0,0.7384542073130316
12.94355,0.4168482,0.002333707,3.650024e-08,-2.600911,5.890316,2.817287,0.2691307,5.808939,1.063052e-06,17.0,0.7610603280113539
12.94355,0.4702897,0.001414203,3.942477e-08,-2.680932,3.636725,5.54254,0.32251090000000004,4.583941,1.083338e-06,18.0,0.7535544680228572
12.94355,0.5303286,0.002215772,5.5755040000000005e-08,-2.504063,0.8701481,0.0647962,0.3862011,1.7031049999999999,1.104135e-06,19.0,0.7509464813559295
12.94355,0.5984841,0.00011423299999999999,7.146346e-08,-1.7508720000000002,6.023152,1.471703,0.4629933,3.482533,1.12546e-06,20.0,0.7593139007112892
12.94355,0.6743149,0.0022959029999999997,1.2287810000000002e-07,-1.577142,3.577261,1.672987,0.5537191999999999,5.954573,1.147331e-06,21.0,0.7704700199050365
12.94355,0.7619616,0.002425643,3.942477e-08,-2.236199,0.9782824000000001,0.6743439999999999,0.6651121,1.936794,1.169763e-06,22.0,0.7802868889463646
12.94355,0.8610046,0.001056841,6.322026999999999e-08,-1.2763639999999998,1.449333,4.515319,0.7989196999999999,4.340380000000001,1.192775e-06,23.0,0.7806274440886432
12.94355,0.9703664000000001,0.0007158884,2.980232e-08,-1.428984,1.749816,0.24466390000000002,0.9558689,6.206909,1.216386e-06,24.0,0.7781770075311987
12.94355,1.096566,0.0012939219999999999,3.942477e-08,-1.7401209999999998,4.791338,3.187652,1.148276,0.136787,1.240615e-06,25.0,0.7837741383707926
13.19709,0.04567499,0.001202295,4.712161e-08,1.5430110000000001,5.5818449999999995,0.8700635,0.009761523000000001,0.02846185,6.978601e-07,0.0,0.658496690847551
13.19709,0.05189246,0.0016691829999999999,4.9421559999999996e-08,1.788705,0.116752,5.068425,0.01182105,3.162897,7.097195000000001e-07,1.0,0.6687515776543398
13.19709,0.05885997,0.0009375558999999999,5.960464e-08,0.7149066,3.8014349999999997,4.0658,0.01428004,5.831827,7.218457e-07,2.0,0.6821921287575208
13.19709,0.06666927,0.00040976300000000005,5.1619140000000005e-08,1.566154,6.104904,1.027625,0.01721424,5.922649,7.342461e-07,3.0,0.6894393136999328
13.19709,0.07545268,0.001253243,4.2146850000000005e-08,0.7568716999999999,3.6143,6.212356,0.0207258,1.8435979999999998,7.469286e-07,4.0,0.6794979987967552
13.19709,0.08527080000000001,0.001328461,2.1073419999999994e-08,1.132857,3.733171,0.800467,0.02490001,2.2197419999999997,7.599009999999999e-07,5.0,0.6850341970290484
13.19709,0.09642024,0.0013431629999999999,4.2146850000000005e-08,0.8425825000000001,4.170343,5.992861,0.02993996,0.9821685,7.731716999999999e-07,6.0,0.6848504780614868
13.19709,0.10905530000000001,0.0004653239,2.980232e-08,0.8967469000000001,5.2936559999999995,3.846231,0.036013800000000006,3.9383480000000004,7.867490999999999e-07,7.0,0.7001035710909265
13.19709,0.1227011,0.0003982386,4.470348000000001e-08,0.7939575,4.243551999999999,2.570266,0.04298046,3.8154440000000003,8.00642e-07,8.0,0.7079416737803605
13.19709,0.13842320000000002,0.001205513,6.143905999999999e-08,0.9915989,0.38029509999999994,0.37028990000000006,0.05150055,5.279548999999999,8.148597e-07,9.0,0.6994223802211055
13.19709,0.155893,0.0006012938,7.300048e-08,1.054691,5.712940000000001,2.9176759999999997,0.06155143,2.434012,8.294115e-07,10.0,0.7167230791189148
13.19709,0.17563689999999998,0.0005482862,4.9421559999999996e-08,1.125515,0.6662491999999999,0.9651613000000001,0.07360742,5.455776,8.443072e-07,11.0,0.693391143734815
13.19709,0.19782120000000003,0.0007068281,2.5809570000000003e-08,2.002798,2.8293169999999996,0.1044763,0.08798468,1.5569600000000001,8.595569e-07,12.0,0.717593949222328
13.19709,0.2225703,0.0011742130000000001,2.980232e-08,2.252986,3.042846,1.836242,0.10500219999999999,2.824329,8.751711e-07,13.0,0.7114526109147441
13.19709,0.2506158,0.001345552,5.5755040000000005e-08,1.219891,2.2659,6.044472,0.1254614,2.5601599999999998,8.911606e-07,14.0,0.7191551925350802
13.19709,0.2819056,0.001996048,4.9421559999999996e-08,1.089955,6.150048,2.1172419999999996,0.1496762,1.164089,9.075366e-07,15.0,0.7172464055574688
13.19709,0.3172716,0.00131405,4.470348000000001e-08,0.839949,3.941363,5.409177,0.178708,0.6294109999999999,9.243108000000001e-07,16.0,0.7312260821110419
13.19709,0.3569638,0.00048157949999999995,6.664002e-08,0.7756746,2.282171,5.186047,0.2132717,2.129018,9.414952e-07,17.0,0.7172917447724565
13.19709,0.4016844,0.0006851786,4.470348000000001e-08,2.282069,4.178293,3.683575,0.25457989999999997,3.5059099999999996,9.591023e-07,18.0,0.7353762276399328
13.19709,0.4519657,0.0002402688,2.980232e-08,0.1678346,2.652252,4.2365260000000005,0.3038468,1.416915,9.771449e-07,19.0,0.7332972569976692
13.19709,0.5086721,0.0003028553,5.960464e-08,0.9403052,3.8368660000000006,3.801142,0.3627881,5.306655,9.956366e-07,20.0,0.7508081408758189
13.19709,0.572471,0.0001573093,4.2146850000000005e-08,0.8648127,4.321662,5.538545,0.433138,0.3521785,1.0145910000000002e-06,21.0,0.7265272635417922
13.19709,0.6444803000000001,0.00035701099999999996,2.5809570000000003e-08,0.009695958000000001,2.1719459999999997,6.0020809999999996,0.5173807,3.8199910000000004,1.034023e-06,22.0,0.7390643762848407
13.19709,0.7255456,0.00035628870000000004,3.650024e-08,0.4513137,5.02187,5.990256,0.6180059,0.5174253,1.053947e-06,23.0,0.7519046075426679
13.19709,0.8171023000000001,0.0002476017,4.712161e-08,0.5182928,2.7990470000000003,2.136387,0.7386010999999999,5.101774,1.074379e-06,24.0,0.7768437528598615
13.19709,0.9205779000000001,0.0004340851,4.2146850000000005e-08,-0.1717547,1.26698,6.14925,0.8832546,5.053207,1.095335e-06,25.0,0.7496474149358807
13.19709,1.037231,0.0002019468,4.2146850000000005e-08,-1.957027,0.9755023000000002,5.8928139999999996,1.05635,0.5913789,1.116831e-06,26.0,0.7594131919044949
13.71916,0.04032982,0.005492510999999999,0.0,2.0741810000000003,2.137626,1.658966,0.008099147,3.724279,6.119735e-07,0.0,0.6511565487155297
13.71916,0.04572568,0.0017126539999999999,1.490116e-08,-2.7439430000000002,0.6296116,0.4457689,0.009777773,2.561979,6.223237e-07,1.0,0.6519877440871023
13.71916,0.05177674,0.002554246,1.490116e-08,-1.570285,2.997177,5.340128,0.01178153,3.909682,6.329056e-07,2.0,0.6658299572840118
13.71916,0.05858036,0.001975632,1.490116e-08,-2.5050779999999997,3.392933,3.3756190000000004,0.01417841,2.490163,6.437258e-07,3.0,0.6485712172240055
13.71916,0.06622516,0.004556607,3.332001e-08,1.5518459999999998,1.394606,4.146106,0.01704252,1.208165,6.547908000000002e-07,4.0,0.6683966548371969
13.71916,0.07492317,0.005571323,2.1073419999999994e-08,2.0833939999999997,4.409154,4.234538,0.020508000000000002,4.0166,6.661076e-07,5.0,0.6717253185648089
13.71916,0.08441583,0.0018123129999999999,2.5809570000000003e-08,-6.192791e-05,0.29332659999999994,2.422123,0.02452646,2.131929,6.776833000000001e-07,6.0,0.6528234665140854
13.71916,0.09515033,0.0010728489999999999,2.1073419999999994e-08,1.363995,6.26306,6.085609,0.02935042,4.739594,6.895252e-07,7.0,0.6660433921755201
13.71916,0.10719719999999999,0.0025019829999999997,0.0,1.276014,2.954529,0.994439,0.03509732,3.047552,7.016410999999999e-07,8.0,0.6690493230718364
13.71916,0.1207019,0.002478523,2.980232e-08,2.847881,0.3137479,0.1456988,0.04193435,3.266635,7.140387e-07,9.0,0.66314952193523
13.71916,0.1359259,0.001529995,4.712161e-08,0.3203843,6.00456,2.4597330000000004,0.05011313,2.419997,7.267261999999999e-07,10.0,0.6881512820162172
13.71916,0.1528757,0.00102378,3.332001e-08,1.438137,2.377486,4.694858999999999,0.05977311,0.8808149,7.397121e-07,11.0,0.6668690765689147
13.71916,0.1720261,0.00239084,5.1619140000000005e-08,0.4076652,2.7366599999999996,0.41431819999999997,0.07134929,3.551271,7.530051e-07,12.0,0.6818150221310728
13.71916,0.1934495,0.002415825,5.37269e-08,0.2491216,0.32807790000000003,1.637629,0.0850843,1.0646520000000002,7.666141999999999e-07,13.0,0.6745673835886234
13.71916,0.21753209999999998,0.0007478513,3.332001e-08,0.5884745,6.00344,4.406136,0.1014572,4.096185,7.805486999999999e-07,14.0,0.6968547442462713
13.71916,0.2445804,0.001754977,8.429370000000001e-08,-0.01988925,5.945619000000001,5.920904,0.1209567,6.278341999999999,7.948184e-07,15.0,0.6956852510008698
13.71916,0.27495040000000004,0.0018852489999999999,3.942477e-08,-0.1699639,2.970309,6.023283,0.1441713,3.222632,8.094333e-07,16.0,0.6959960593430877
13.71916,0.30911679999999997,0.0009053902,3.942477e-08,-0.2512288,3.523284,2.1949959999999997,0.1718625,5.20453,8.244038e-07,17.0,0.6890817977292663
13.71916,0.34752059999999996,0.001091445,5.771195e-08,0.1688935,0.5953122,1.207274,0.2048651,0.44400559999999994,8.397405e-07,18.0,0.7014149983822915
13.71916,0.390702,0.0003635456,5.37269e-08,0.6179581999999999,3.069475,0.9931856,0.244211,3.588623,8.554547999999999e-07,19.0,0.7098976653220987
13.71916,0.4393515,0.0005622175,3.650024e-08,0.6091531,3.9019519999999996,5.589212,0.2912157,1.079098,8.71558e-07,20.0,0.7197721416825138
13.71916,0.4940916,0.0001829911,3.942477e-08,0.8881134,1.552541,4.6488760000000005,0.34730229999999995,2.2085150000000002,8.880623e-07,21.0,0.7227984754993979
13.71916,0.5557616,0.0003994461,6.664002e-08,0.6330076,5.338923,1.974668,0.4143135,2.286526,9.049799000000001e-07,22.0,0.7187406095004554
13.71916,0.6252462,0.00028162580000000003,1.0215719999999999e-07,0.07722391,5.080062,5.288143,0.49439340000000004,0.13093039999999997,9.223239000000001e-07,23.0,0.7285502734251632
13.71916,0.7035752,0.0003644397,1.074538e-07,0.1251171,1.141461,2.599617,0.5901489999999999,1.333747,9.401075e-07,24.0,0.7279443445311902
13.71916,0.791967,0.00033358199999999996,6.82857e-08,1.132783,3.046682,3.167369,0.7047844,5.270524,9.583447e-07,25.0,0.7291458813488161
13.71916,0.8916582000000001,0.0001972179,9.305771999999999e-08,0.1817724,2.301196,4.988393,0.8419631,2.505659,9.770496999999998e-07,26.0,0.7377326583485349
13.71916,1.004529,0.00022339599999999997,9.064022e-08,-0.01027509,0.5348337,3.233405,1.00679,2.709034,9.962375e-07,27.0,0.7521680533885833
13.98789,0.04754143,0.0018867139999999998,3.942477e-08,-2.369179,3.1530970000000003,4.277095,0.01036593,3.491881,7.281314e-07,0.0,0.698696860307636
13.98789,0.05444731,0.0007129173,2.980232e-08,-2.5034490000000003,5.932494,3.406599,0.012704700000000001,6.260707,7.413946999999998e-07,1.0,0.6754929956433435
13.98789,0.06245815,0.0006244457,4.9421559999999996e-08,-2.9322049999999997,2.554886,5.2801540000000005,0.01560929,5.656741,7.549778e-07,2.0,0.6735934317504052
13.98789,0.07146277,0.00166864,4.9421559999999996e-08,-3.017576,0.15073620000000001,4.62211,0.01910377,1.208884,7.688902e-07,3.0,0.6931921091150645
13.98789,0.08152047,0.0009084404,1.490116e-08,-2.6911709999999998,3.271245,2.702641,0.02327551,2.124114,7.831416999999999e-07,4.0,0.6920402074064198
13.98789,0.09292875,0.001228226,1.490116e-08,-0.5053654000000001,3.7711589999999995,3.204126,0.02832854,6.221366000000001,7.977427e-07,5.0,0.6953985255868795
13.98789,0.1058798,0.001348341,2.1073419999999994e-08,1.482953,5.354815,0.2601407,0.03445234,5.98796,8.127039e-07,6.0,0.7078903877713647
13.98789,0.12051589999999998,0.000884655,2.1073419999999994e-08,2.574648,1.463222,0.2046055,0.04183746,2.451048,8.280362e-07,7.0,0.6988522348026613
13.98789,0.13709839999999998,0.0008238401,0.0,0.09647451,5.039328,2.8686279999999997,0.05076295,4.014748,8.437512e-07,8.0,0.7148028745080138
13.98789,0.15584220000000001,0.0006507533999999999,2.5809570000000003e-08,2.0383720000000003,5.530779,3.134879,0.06152138,1.850164,8.598607e-07,9.0,0.7017844899988894
13.98789,0.1770773,0.0004507865,4.2146850000000005e-08,-2.01477,4.444042,0.9311756999999999,0.07451481,4.784189,8.76377e-07,10.0,0.7182667945456132
13.98789,0.20111400000000001,0.00012190479999999999,0.0,1.2473,5.67936,5.552022,0.09019061,4.908309,8.93313e-07,11.0,0.7173719789278261
13.98789,0.2283512,0.0006891781,1.490116e-08,-2.117973,2.293848,4.87078,0.10911960000000001,4.693527,9.106818e-07,12.0,0.718779207770238
13.98789,0.2592018,0.0006349985,2.5809570000000003e-08,1.081623,2.5833150000000002,5.394908999999999,0.13196370000000002,1.731225,9.284971999999999e-07,13.0,0.7266571356390796
13.98789,0.2941761,0.00026117240000000003,3.332001e-08,-1.320651,0.7518256,6.09485,0.1595542,0.38068359999999996,9.467735999999999e-07,14.0,0.7286485834369133
13.98789,0.3338157,0.000297684,2.1073419999999994e-08,-1.9966810000000002,4.943721,5.387596,0.1928667,2.4409400000000003,9.655256e-07,15.0,0.7263229481250033
13.98789,0.3788032,0.0002776369,2.5809570000000003e-08,-1.798988,0.7112184,5.7484660000000005,0.23314029999999997,0.5533418999999999,9.847688e-07,16.0,0.7478841987774418
13.98789,0.42981590000000003,0.0001269384,2.980232e-08,-2.564852,3.782487,5.725622,0.2817866,4.507739,1.004519e-06,17.0,0.7571887630230763
13.98789,0.48778509999999997,0.0001697559,2.1073419999999994e-08,-2.061452,4.905792,4.915012,0.34067420000000004,2.07097,1.024793e-06,18.0,0.750039608100435
13.98789,0.5535882,0.0003815197,0.0,-1.326699,0.832362,4.522253,0.4118854,5.015861,1.045608e-06,19.0,0.7521768589365433
13.98789,0.628371,0.0002491088,4.2146850000000005e-08,-2.645772,0.05068375,0.5230215,0.49810420000000005,3.118122,1.066982e-06,20.0,0.7647738979457988
13.98789,0.7134154,0.000179617,5.1619140000000005e-08,-1.9084459999999999,0.007083345,1.805437,0.6025728,3.706607,1.088934e-06,21.0,0.7623508171586615
13.98789,0.8101965999999999,8.238459999999999e-05,4.9421559999999996e-08,-2.18102,3.700709,1.1818520000000001,0.7292578000000001,5.9452940000000005,1.111482e-06,22.0,0.7609125444850642
13.98789,0.9202604,0.0002286673,5.771195e-08,-1.302883,1.945501,1.314137,0.882798,0.671804,1.134648e-06,23.0,0.7685500716671173
13.98789,1.0456729999999999,0.0001571074,7.300048e-08,-1.1669120000000002,5.371686,4.347273,1.069274,0.14254360000000002,1.158452e-06,24.0,0.7851353323660125
14.26188,0.04475595,0.0006727266,3.650024e-08,-1.718575,0.3740386,4.886718,0.009468388000000001,6.231185,6.831511999999999e-07,0.0,0.6659008646692368
14.26188,0.05129866,0.001075442,2.980232e-08,0.31066900000000003,4.045301,1.250983,0.01161873,3.1781200000000003,6.955731e-07,1.0,0.6732511401833741
14.26188,0.05870867,0.00172289,4.2146850000000005e-08,-0.6511975,2.5656790000000003,4.978972,0.01422502,3.064756,7.082939000000001e-07,2.0,0.6803099922505089
14.26188,0.06705256,0.0008299351,2.980232e-08,1.5171780000000001,3.0129759999999997,0.8209219000000001,0.01736291,2.5748450000000003,7.213226e-07,3.0,0.6792594779497869
14.26188,0.07650308,0.0008898358,5.960464e-08,-0.22523179999999998,4.4351199999999995,2.4172919999999998,0.02116009,4.488854,7.346683e-07,4.0,0.6832591476493721
14.26188,0.08718448,0.0006423126,6.989264000000001e-08,-0.44315609999999994,0.36320009999999997,4.321129,0.02574292,4.399863,7.483406999999999e-07,5.0,0.6826440381018479
14.26188,0.09927722,0.0006333949,5.771195e-08,-0.8970530999999999,2.974602,0.2914715,0.03128047,4.495871,7.623496999999999e-07,6.0,0.6809507864809896
14.26188,0.112947,0.0006312047,2.980232e-08,0.8273391,1.179985,6.0823160000000005,0.03795866,4.073978,7.767056e-07,7.0,0.693489712276929
14.26188,0.1284112,0.0002784245,0.0,-1.403769,1.099299,0.20988360000000003,0.04601538,0.5146274000000001,7.914192e-07,8.0,0.7026794207880885
14.26188,0.1458941,0.0003996843,3.332001e-08,-0.22917150000000003,1.403571,0.12714560000000003,0.0557256,5.235239,8.065015e-07,9.0,0.7102726929566856
14.26188,0.1656977,0.0005590725,7.450580999999999e-08,-0.5819989999999999,4.100036,3.38105,0.06744862,6.146045,8.219639e-07,10.0,0.6923188847697375
14.26188,0.1881125,0.00024857810000000004,3.650024e-08,1.7404110000000002,3.8959230000000002,1.2757040000000002,0.08158769,1.923022,8.378185e-07,11.0,0.6940403233466195
14.26188,0.2134848,0.0001759503,5.1619140000000005e-08,-0.9139726999999999,5.992186,1.809555,0.09863892,3.0145720000000003,8.540774999999999e-07,12.0,0.721518769076902
14.26188,0.24223179999999997,0.0004724166,2.5809570000000003e-08,-0.6535115,2.529774,3.9758139999999997,0.11921869999999998,2.100367,8.707538000000001e-07,13.0,0.7194461270402104
14.26188,0.2748012,0.0003486744,2.1073419999999994e-08,-0.502236,4.9301010000000005,4.720112,0.144054,0.2924476,8.878608e-07,14.0,0.7284079160438008
14.26188,0.3117218,0.00037431160000000004,3.650024e-08,0.1578001,4.438801,4.046314,0.1740396,5.732507,9.054121999999999e-07,15.0,0.734870760318115
14.26188,0.3535972,0.00043369970000000003,2.1073419999999994e-08,0.33865059999999997,1.1280620000000001,6.150258,0.2102618,4.682679,9.234224000000001e-07,16.0,0.7297885891033636
14.26188,0.4010789,0.00022985020000000002,2.980232e-08,1.203114,3.742949,5.1695150000000005,0.2540046,0.2235538,9.419063e-07,17.0,0.722087063016808
14.26188,0.45498459999999996,0.0006182015,3.650024e-08,0.5175834,0.8914396000000001,4.258844,0.3068964,2.850177,9.608794e-07,18.0,0.7399511430530326
14.26188,0.5161766,0.0004435995,4.470348000000001e-08,0.29914650000000004,3.734699,1.651646,0.3708462,3.900375,9.803578e-07,19.0,0.7302970778626818
14.26188,0.5857155,0.000397919,3.332001e-08,0.40987559999999995,4.446405,3.914305,0.4482562,5.340565,1.0003579999999999e-06,20.0,0.7438213083541005
14.26188,0.6647630999999999,0.00043522790000000003,5.5755040000000005e-08,0.23127670000000003,0.8983561999999999,0.9061572,0.5419963000000001,6.059517,1.020898e-06,21.0,0.7493966565808545
14.26188,0.7546341999999999,0.0001634265,5.771195e-08,0.5755857,3.21455,5.0124319999999996,0.6555419,1.222603,1.041996e-06,22.0,0.7477021394418941
14.26188,0.8569177,0.0003029232,6.989264000000001e-08,0.6502646,4.699004,1.491762,0.7932392,2.4260759999999997,1.063669e-06,23.0,0.7657233901410181
14.26188,0.973404,0.000269241,4.712161e-08,1.025625,0.08074450000000001,1.039703,0.960362,6.216483,1.085939e-06,24.0,0.757114784921686
14.26188,1.106163,0.0002398632,7.74287e-08,1.162544,2.486279,4.0249120000000005,1.1633850000000001,0.37626550000000003,1.108825e-06,25.0,0.767745128559709
14.54124,0.04148406,0.00015787979999999999,4.9421559999999996e-08,0.9948870999999999,3.8998690000000003,2.645338,0.00844932,4.0335220000000005,6.306231e-07,0.0,0.6416613846232027
14.54124,0.04747397,7.985524999999999e-05,4.470348000000001e-08,1.03806,3.262717,0.290734,0.01034387,2.2732639999999997,6.420103e-07,1.0,0.6434340999013004
14.54124,0.05424318,0.0001167319,4.9421559999999996e-08,0.9842209000000001,3.237575,2.445888,0.01263331,4.507048999999999,6.536695999999999e-07,2.0,0.6608442665658514
14.54124,0.06186799,6.389989e-05,5.1619140000000005e-08,0.9728868,2.327652,1.014685,0.01538858,3.997235,6.656090000000001e-07,3.0,0.6679370333090939
14.54124,0.07048671,0.0001248321,4.9421559999999996e-08,0.9366584000000001,3.440625,3.9661989999999996,0.01871372,5.872001,6.77837e-07,4.0,0.6742563151009824
14.54124,0.08022583,6.484262e-05,5.1619140000000005e-08,0.9516139000000001,0.408051,5.085139,0.02272325,3.725403,6.903622e-07,5.0,0.6744219729984716
14.54124,0.09123143,0.00011210770000000001,5.771195e-08,0.9661841999999998,3.625436,3.464171,0.02755597,5.155533999999999,7.031936000000001e-07,6.0,0.6694235394066125
14.54124,0.1036625,0.00011060280000000001,5.5755040000000005e-08,0.9605454,2.8513490000000004,3.865534,0.03337577,0.05365166,7.163405e-07,7.0,0.6708783494720713
14.54124,0.11771,5.1447690000000005e-05,5.771195e-08,0.9023528000000001,3.179338,4.086862,0.04038489,0.005171993,7.298126e-07,8.0,0.6813941096717
14.54124,0.133596,0.0002713878,6.495266e-08,0.9608338,3.000244,2.528133,0.04883022,4.849703,7.436199e-07,9.0,0.6866966311919553
14.54124,0.1515572,3.762144e-05,6.82857e-08,0.9951730999999999,3.024047,5.951006,0.05900152,1.9318560000000002,7.577727e-07,10.0,0.6863175784450193
14.54124,0.1718495,0.00024944240000000003,6.82857e-08,1.030148,1.7894029999999999,5.8601589999999995,0.07123945,3.040658,7.722819e-07,11.0,0.6922944046287884
14.54124,0.1948239,0.00022273979999999998,7.450580999999999e-08,0.9812861999999999,4.186496,5.439092,0.08599267,0.2714287,7.871584e-07,12.0,0.6919412521697434
14.54124,0.2208153,0.000204672,7.598131e-08,1.029885,1.246579,1.164376,0.10376279999999999,5.170731,8.02414e-07,13.0,0.6881255552521075
14.54124,0.250231,0.0002083831,8.429370000000001e-08,1.100557,4.074744,5.566762000000001,0.12517260000000002,0.39162040000000004,8.180606000000001e-07,14.0,0.691236216476714
14.54124,0.28354229999999997,0.0001583511,9.541399e-08,1.1824270000000001,6.277451,1.179118,0.1509817,0.002426169,8.341108e-07,15.0,0.7312779201250721
14.54124,0.3213051,0.00037593290000000003,1.032383e-07,1.163242,0.7079877,1.732335,0.18212679999999998,6.144186,8.505773000000001e-07,16.0,0.7053891786495484
14.54124,0.3640738,8.187875e-05,1.154239e-07,1.155577,0.9699639000000001,4.915337999999999,0.21967529999999996,2.789853,8.674736999999999e-07,17.0,0.7104198196636977
14.54124,0.4125642,0.0001983943,1.255594e-07,1.13875,4.117888,1.246143,0.2649928,2.272993,8.848139999999999e-07,18.0,0.7333915537611172
14.54124,0.4675665,0.0003143283,1.405773e-07,1.1278780000000002,0.9613908999999999,4.080874,0.31971409999999995,1.9921790000000001,9.026125000000001e-07,19.0,0.7153030321983858
14.54124,0.5300313,0.0003664921,1.541388e-07,1.149809,0.2390505,0.8740466,0.3858769,5.768011,9.208844000000001e-07,20.0,0.7269765071721095
14.54124,0.6009205,0.0001524444,1.63234e-07,1.205647,1.534734,1.935555,0.46582399999999996,5.47814,9.396454e-07,21.0,0.7191289212182932
14.54124,0.6814423000000001,0.0001156858,1.8789650000000002e-07,1.342266,3.7685809999999997,5.275876,0.5625223000000001,0.16506629999999997,9.589116e-07,22.0,0.7386787382994702
14.54124,0.7730387,0.0002885515,1.931411e-07,1.4631049999999999,0.3041076,3.051693,0.6796694999999999,1.285034,9.787001e-07,23.0,0.748841770525685
14.54124,0.8771969000000001,0.0002911163,2.506763e-07,1.4900010000000001,4.581748,4.920203,0.8215639000000001,5.131108,9.990283e-07,24.0,0.7520643977190979
14.54124,0.995765,8.72159e-05,3.315299e-07,1.54548,0.2905531,6.0333,0.9936438,4.197115,1.019915e-06,25.0,0.7455995250775509
14.54124,1.130803,0.00020588060000000002,3.842651e-07,1.60033,1.357293,2.773869,1.202474,6.099355999999999,1.041378e-06,26.0,0.7659922781754345
14.826070000000001,0.04480173,0.00033797879999999996,4.2146850000000005e-08,-2.628852,3.605635,2.282366,0.00948292,1.306235,6.837454e-07,0.0,0.650552948385258
14.826070000000001,0.05161014,0.0001201222,2.5809570000000003e-08,2.929154,5.001079,0.13898329999999998,0.01172471,4.774881,6.966523000000001e-07,1.0,0.6601026246508144
14.826070000000001,0.05933115,7.099954000000001e-05,1.490116e-08,-1.504988,1.9811779999999999,4.595345,0.01445186,4.119036,7.098814e-07,2.0,0.6692115485545131
14.826070000000001,0.06810194,0.0002485282,3.650024e-08,-2.283077,5.039892,6.086755,0.01777209,3.329847,7.234429e-07,3.0,0.6871600008522882
14.826070000000001,0.0780358,0.0005235278,6.495266e-08,-2.064194,5.580698,5.461663,0.02179917,1.9461330000000001,7.37347e-07,4.0,0.693722334421132
14.826070000000001,0.08942823,0.0004328936,6.322026999999999e-08,-1.268892,0.8248136999999999,2.899379,0.02674305,3.343283,7.516046e-07,5.0,0.679295609177135
14.826070000000001,0.1023697,0.0002043039,4.712161e-08,-1.0972549999999999,1.80988,5.067439,0.03275338,4.354431,7.662268e-07,6.0,0.687112522169584
14.826070000000001,0.1169633,0.0002928677,5.37269e-08,-1.633151,5.127249,2.981171,0.040001199999999994,5.769971,7.812253e-07,7.0,0.6849492361422893
14.826070000000001,0.13356110000000002,7.611458000000001e-05,5.1619140000000005e-08,-1.801035,0.9989838,3.998619,0.04881111,4.800519,7.966119000000001e-07,8.0,0.7132459218415128
14.826070000000001,0.1524672,8.780177e-05,5.960464e-08,-1.9099080000000002,1.154687,2.024844,0.05953372,2.7801270000000002,8.123994000000001e-07,9.0,0.7006563666492271
14.826070000000001,0.1739632,0.0001204849,4.2146850000000005e-08,-2.6806669999999997,1.440874,0.6460967,0.07255783,1.8861189999999999,8.286005e-07,10.0,0.6892466720913941
14.826070000000001,0.1984032,0.0001811598,5.960464e-08,-1.878509,0.7127414000000001,2.8549860000000002,0.08837328,4.020474,8.452289e-07,11.0,0.707553154304066
14.826070000000001,0.2262155,0.0001658448,5.37269e-08,-2.1099810000000003,3.6538230000000005,1.240672,0.1075923,5.9799169999999995,8.622984999999999e-07,12.0,0.7097908967343856
14.826070000000001,0.25786929999999997,0.00011348959999999998,8.815646000000001e-08,-1.670306,1.27166,4.429962000000001,0.1309474,4.828382,8.798239000000001e-07,13.0,0.7243378420796174
14.826070000000001,0.2939148,0.00023039439999999998,5.771195e-08,-2.332817,2.89138,5.296202,0.1593417,4.737178,8.978201e-07,14.0,0.7256534336615335
14.826070000000001,0.3349649,8.916835e-05,5.37269e-08,-1.509627,1.6487060000000002,6.194806,0.1938636,6.055687,9.163030000000001e-07,15.0,0.7204628592207956
14.826070000000001,0.38175190000000003,0.0001084408,5.37269e-08,-1.992745,1.608773,5.249829,0.23586790000000002,5.633671,9.352888e-07,16.0,0.7366671182260192
14.826070000000001,0.43510470000000007,7.416421999999999e-05,4.712161e-08,-1.45384,0.02663597,3.4945150000000003,0.28700370000000003,4.921574,9.547947e-07,17.0,0.73330574314374
14.826070000000001,0.49594170000000004,6.0282230000000006e-05,4.470348000000001e-08,-1.720922,5.038730999999999,3.8540949999999996,0.34925490000000003,0.5363473000000001,9.748382e-07,18.0,0.7402097743733511
14.826070000000001,0.5654121999999999,0.00033888699999999996,2.1073419999999994e-08,-2.573079,0.2658551,5.3926870000000005,0.42515200000000003,1.4173950000000002,9.954379e-07,19.0,0.7448643340055726
14.826070000000001,0.6447225000000001,0.0001695677,2.1073419999999994e-08,-0.07757681,5.68422,0.7669501999999999,0.5176729,1.443829,1.0166129999999999e-06,20.0,0.7390708899022516
14.826070000000001,0.7352781,0.0001893208,2.980232e-08,-1.687409,6.069336,1.684433,0.630483,3.585528,1.038383e-06,21.0,0.7535224904927333
14.826070000000001,0.8389459999999999,0.0003179902,0.0,1.194479,1.131723,3.1772,0.7684166,0.8514754999999999,1.0607689999999999e-06,22.0,0.7656813582471182
14.826070000000001,0.9574408999999999,0.0002075909,0.0,-2.1638919999999997,5.667138,6.1043970000000005,0.9368358,2.601365,1.083793e-06,23.0,0.7770244742663606
14.826070000000001,1.0930879999999998,0.00025775259999999997,3.650024e-08,3.009757,6.106204,5.084783,1.1428200000000002,2.252407,1.107478e-06,24.0,0.766547756332149
15.11648,0.05550016,0.0010149,3.332001e-08,-0.4892013,6.222817,6.274701,0.01307498,0.5421315999999999,8.580378e-07,0.0,0.7231032935988226
15.11648,0.06494475,0.001519406,4.712161e-08,-2.092736,3.212384,3.448522,0.01655067,2.331079,8.757741e-07,1.0,0.7131970443633024
15.11648,0.07576859,8.791255999999999e-05,5.5755040000000005e-08,-1.358868,5.179042,4.587317,0.02085611,0.7672656,8.93995e-07,2.0,0.7233265762814907
15.11648,0.08825765,0.000317454,8.560065e-08,-1.045284,3.53429,3.320824,0.0262197,0.8322867,9.12717e-07,3.0,0.7284854557400656
15.11648,0.1024867,0.001388063,2.980232e-08,-1.222089,6.007333999999999,3.03571,0.03280955,4.53092,9.319572e-07,4.0,0.725859496912435
15.11648,0.1190708,0.0002147168,6.143905999999999e-08,-1.021304,4.233726,2.202624,0.04108721,5.2730239999999995,9.517335e-07,5.0,0.7234469563519181
15.11648,0.1384203,0.0007980313,2.5809570000000003e-08,-1.178611,3.1884099999999997,3.9070739999999997,0.05149893,1.898787,9.720643e-07,6.0,0.7240371974159365
15.11648,0.1599817,0.0003235655,6.322026999999999e-08,-0.4556617,0.7570425999999999,3.7810900000000003,0.06398878,3.4794949999999996,9.929691e-07,7.0,0.7269388056018347
15.11648,0.1851669,0.0005540239,0.0,-0.9964960999999999,1.016843,2.826844,0.0796789,2.806861,1.014468e-06,8.0,0.7358013557325711
15.11648,0.2141156,0.001239037,3.650024e-08,0.01467063,4.003211,0.5776036,0.09907641,2.843635,1.0365819999999999e-06,9.0,0.7439048786839667
15.11648,0.24747629999999998,0.000760974,0.0,-0.4626378,2.290859,2.091843,0.12311140000000001,0.2640191,1.059333e-06,10.0,0.752875713816415
15.11648,0.285875,0.0006308756,1.490116e-08,1.006828,3.568137,0.006109195,0.1528487,1.7155779999999998,1.082743e-06,11.0,0.7528396436289104
15.11648,0.3301413,0.0004808215,2.5809570000000003e-08,0.3924388,0.5889688,2.9425,0.1896911,1.961982,1.1068370000000001e-06,12.0,0.7463352015590837
15.11648,0.3811735,0.0004824666,8.296614999999999e-08,0.0019434379999999998,3.6867099999999997,5.7243889999999995,0.235332,2.036598,1.13164e-06,13.0,0.763271593178564
15.11648,0.44003409999999993,0.0002124787,4.712161e-08,0.46907570000000004,0.9593048000000001,1.113747,0.2918948,5.968421,1.157176e-06,14.0,0.7723999783218294
15.11648,0.5079682,0.0003027199,5.5755040000000005e-08,0.5557991999999999,2.23957,3.802312,0.36203559999999996,1.007454,1.183474e-06,15.0,0.7855897904980811
15.11648,0.5863967,0.0003083664,6.322026999999999e-08,0.8018383000000001,5.7956449999999995,0.5401239000000001,0.4490384,0.22596370000000002,1.21056e-06,16.0,0.7880532678292842
15.11648,0.6769973000000001,9.736559999999999e-05,8.688795e-08,0.5483340999999999,0.3384658,6.074367,0.5570271,5.187393,1.238466e-06,17.0,0.7756190471698516
15.11648,0.7817654,0.0001603819,6.143905999999999e-08,1.137829,1.930405,5.489226,0.6912105,2.421204,1.267221e-06,18.0,0.7941044523590984
15.11648,0.9029324000000001,9.637284e-05,5.771195e-08,-0.002262465,5.825130000000001,4.210906,0.8579822,4.671032,1.296858e-06,19.0,0.7915418388839778
15.11648,1.0432190000000001,0.0001125677,5.1619140000000005e-08,0.03089276,3.8500370000000004,2.876359,1.065513,5.278424,1.32741e-06,20.0,0.8104275131411149
15.412579999999998,0.05858182,0.003366391,0.0007411622,2.7497849999999997,3.679558,4.954098999999999,0.01417895,4.801237,9.087175e-07,0.0,0.7245928390688132
15.412579999999998,0.06897469,0.002023075,0.0006404701999999999,2.616428,3.7980400000000003,4.031504,0.01811483,3.897443,9.282030999999999e-07,1.0,0.7247528888673427
15.412579999999998,0.08099205,0.002648642,0.00045798050000000004,2.3847490000000002,3.691265,2.175552,0.02304958,2.386359,9.482408000000001e-07,2.0,0.72065055676323
15.412579999999998,0.0948847,0.004619138,0.0002681513,1.9771869999999998,3.4496569999999998,3.061293,0.02922762,3.91119,9.688502e-07,3.0,0.7600050476583862
15.412579999999998,0.11093039999999998,0.01055147,5.2952559999999996e-05,1.198757,3.653944,1.117227,0.03694665,2.559392,9.900513e-07,4.0,0.7476467336153516
15.412579999999998,0.12954269999999998,0.005921172,0.0005932816000000001,-1.457088,0.13907089999999997,0.2293946,0.04662493,1.559252,1.011866e-06,5.0,0.7556758442777344
15.412579999999998,0.15106029999999998,0.003186574,0.001069965,-1.525907,5.358063,2.374237,0.05871161,4.818931,1.034315e-06,6.0,0.745915568541597
15.412579999999998,0.175919,0.005542196,0.0005361237,-1.226019,2.884261,1.853579,0.07378491,0.1975026,1.057422e-06,7.0,0.7538029407210831
15.412579999999998,0.20462470000000002,0.004434513,0.0008543655999999999,1.507883,0.27724679999999996,3.7408919999999997,0.09256249,1.963964,1.081211e-06,8.0,0.7488518989840816
15.412579999999998,0.2381842,0.002792554,0.001651817,1.364563,4.128093,0.8649247,0.1162431,1.6610169999999997,1.105707e-06,9.0,0.774988068752134
15.412579999999998,0.2763804,0.0062170640000000004,0.00178845,-1.2700850000000001,4.11414,0.1824858,0.1452976,3.615913,1.130936e-06,10.0,0.7662782676654973
15.412579999999998,0.3208297,0.005160572,0.0001396516,2.47274,1.1155549999999999,4.3471720000000005,0.18172270000000001,0.7660116,1.156925e-06,11.0,0.7867644184363188
15.412579999999998,0.37248109999999995,0.002139364,0.0007145353,1.575496,2.663653,5.91121,0.2273282,1.6763169999999998,1.183703e-06,12.0,0.7759444647911493
15.412579999999998,0.43227570000000004,0.003647843,0.0006214496,-2.402637,3.9505879999999998,6.061105,0.2842091,4.506009,1.2112990000000001e-06,13.0,0.7810809112732324
15.412579999999998,0.5019359999999999,0.0036848640000000004,0.00032092169999999997,1.192165,1.776268,5.0372650000000005,0.355606,2.075293,1.2397450000000001e-06,14.0,0.7945443990121885
15.412579999999998,0.582745,0.005332615,0.0004266689,-0.9299787,0.0486529,4.592279,0.44485050000000004,5.465848,1.2690730000000002e-06,15.0,0.8016289054810298
15.412579999999998,0.6767068,0.0025752920000000003,0.0002368604,2.678388,4.290305,1.136112,0.5566686,0.45285420000000004,1.299317e-06,16.0,0.8118438267755309
15.412579999999998,0.7859998,0.005402036999999999,0.00027458619999999996,0.5443477,2.254039,2.404534,0.6968340000000001,5.885161,1.330513e-06,17.0,0.8120016081004326
15.412579999999998,0.9133958000000001,0.003863604,0.0002338072,-2.96676,1.183898,0.006823825,0.8729391,1.797221,1.362697e-06,18.0,0.8177833603634279
15.412579999999998,1.06175,0.002871365,0.0001038538,-0.9158309000000001,4.790603,4.275246,1.0940290000000001,0.4027197,1.395909e-06,19.0,0.8238144425896377
15.714479999999998,0.04820898,8.142274999999999e-05,8.024521e-08,2.142799,4.923164,1.077287,0.01058502,0.2945567,7.390854e-07,0.0,0.6910402675915102
15.714479999999998,0.05622324,0.00021135189999999998,1.095007e-07,2.073998,3.93169,2.128075,0.01333133,2.405855,7.542041999999999e-07,1.0,0.7007036874207968
15.714479999999998,0.06537758,0.00042600769999999997,5.771195e-08,1.7268759999999999,0.9110258,3.031827,0.016716400000000003,0.3942516,7.697319e-07,2.0,0.6860406605352818
15.714479999999998,0.07596967,0.0005116595,7.300048e-08,1.492958,3.881932,5.398084,0.02093918,0.02321763,7.856823e-07,3.0,0.6951368357119692
15.714479999999998,0.08831155,0.0004117585,5.960464e-08,1.258736,0.9023095999999999,2.895475,0.02624372,0.7349818,8.020695e-07,4.0,0.6971967920725177
15.714479999999998,0.10209789999999999,7.52392e-05,0.0,2.027979,4.835562,0.793877,0.03262304,0.2135533,8.189085e-07,5.0,0.6923416556073989
15.714479999999998,0.11807709999999999,2.420768e-05,2.980232e-08,1.681444,0.5072634,4.070295,0.04057395,1.881634,8.362147e-07,6.0,0.7149213074888459
15.714479999999998,0.1364849,0.0001573208,5.5755040000000005e-08,1.63439,3.017562,5.526444000000001,0.05042262,0.8747337,8.540043e-07,7.0,0.6992903100942285
15.714479999999998,0.1575695,9.13478e-05,4.2146850000000005e-08,2.593729,0.5378107,4.088358,0.06254704,0.9569675999999999,8.722939999999999e-07,8.0,0.7081741255581271
15.714479999999998,0.1818469,8.600516e-05,3.650024e-08,1.920168,3.182785,0.6838456999999999,0.07754561,1.864243,8.911014e-07,9.0,0.7138657395207484
15.714479999999998,0.2097359,0.0001982904,0.0,-2.411701,3.4532239999999996,5.677942,0.09605214,4.636023000000001,9.104446e-07,10.0,0.737144175323875
15.714479999999998,0.24181620000000004,0.0001568173,5.1619140000000005e-08,2.801614,2.470785,0.6556133000000001,0.1189121,1.666712,9.303426000000001e-07,11.0,0.7316683091144027
15.714479999999998,0.27872090000000005,0.0001426552,0.0,2.853948,0.6505310000000001,5.985186,0.14714720000000003,2.480882,9.508151999999999e-07,12.0,0.7363320254822099
15.714479999999998,0.3211696,0.000216105,4.470348000000001e-08,1.785681,5.383896,1.399718,0.1820116,0.5135390999999999,9.718829000000002e-07,13.0,0.7361199208244715
15.714479999999998,0.3700683,0.0002332322,3.650024e-08,2.620733,1.593717,0.5108081,0.22512310000000002,2.579792,9.935674e-07,14.0,0.7404832499978905
15.714479999999998,0.4264191,7.350367e-05,2.980232e-08,1.87726,6.133602,5.552238,0.2784531,3.824469,1.015891e-06,15.0,0.7249977675471244
15.714479999999998,0.49132790000000004,0.00017068430000000002,3.332001e-08,2.546671,3.7010940000000003,1.7800080000000003,0.3443927,1.8157590000000001,1.038877e-06,16.0,0.749321915672142
15.714479999999998,0.5662465999999999,0.0001414447,2.1073419999999994e-08,2.343552,1.189516,3.376304,0.4260935,6.126377,1.0625499999999999e-06,17.0,0.7431922311842925
15.714479999999998,0.6526828,0.00017052599999999997,4.9421559999999996e-08,-2.484331,3.518407,5.41438,0.5272899999999999,4.379981,1.086936e-06,18.0,0.7783738029152328
15.714479999999998,0.7524463,0.000113753,5.771195e-08,-3.062435,0.17926,3.9045080000000003,0.6526935,0.5046082000000001,1.11206e-06,19.0,0.7665412045222042
15.714479999999998,0.8677632,4.1261220000000005e-05,4.712161e-08,-2.862979,2.054624,3.029489,0.8083467,3.83779,1.1379519999999999e-06,20.0,0.7682043932051654
15.714479999999998,1.001207,0.00011541229999999999,3.332001e-08,2.7294810000000003,3.4183410000000003,5.097586,1.001801,5.232749,1.164639e-06,21.0,0.772261859433931
16.022289999999998,0.0558289,2.1852929999999997e-05,1.032383e-07,-1.814484,5.017275,3.030523,0.01319133,6.11091,8.632398e-07,0.0,0.6979272987066141
16.022289999999998,0.06590948,9.377613000000001e-05,9.541399e-08,-1.213643,4.947479,0.03038291,0.01692082,2.5798330000000003,8.821358e-07,1.0,0.7177820414883289
16.022289999999998,0.07760171,8.111639e-05,9.541399e-08,-1.133625,6.058414,5.7935419999999995,0.02161754,0.8688775,9.015782e-07,2.0,0.7140577650692758
16.022289999999998,0.0911627,9.499268e-05,1.074538e-07,-1.222302,4.419094,3.379521,0.02752485,0.1827624,9.215868000000001e-07,3.0,0.7242361748441544
16.022289999999998,0.1068872,9.834575e-05,6.82857e-08,-0.8035645,4.401457,0.3320605,0.03494522,3.017377,9.42182e-07,4.0,0.7343446677520202
16.022289999999998,0.1251279,0.0001993881,6.664002e-08,-1.395727,5.163058,1.6474849999999999,0.0442619,4.162999,9.633851e-07,5.0,0.7266847068581956
16.022289999999998,0.14624879999999998,0.0004708291,1.264405e-07,-0.7861709,4.8107169999999995,3.516018,0.05592902,5.774198,9.852186e-07,6.0,0.734948998955647
16.022289999999998,0.17081849999999998,0.0003054863,1.074538e-07,-1.0971030000000002,0.2026267,2.253341,0.07059938,3.147814,1.007706e-06,7.0,0.7383804957294602
16.022289999999998,0.1992911,0.00036071620000000003,6.495266e-08,-0.8884818999999999,0.23844429999999997,2.263,0.08896723,2.913201,1.03087e-06,8.0,0.7458722365476513
16.022289999999998,0.23238979999999998,0.00010459569999999999,5.1619140000000005e-08,-0.1203677,1.4770729999999999,3.883346,0.1120272,2.526761,1.054739e-06,9.0,0.7607818490046854
16.022289999999998,0.27074770000000004,0.000258302,3.650024e-08,-1.189668,3.1666689999999997,5.242183,0.1408786,3.265119,1.079336e-06,10.0,0.7589932875835725
16.022289999999998,0.3153052,0.0002298834,3.650024e-08,-0.7109956000000001,6.1444339999999995,5.77787,0.1770493,0.34458779999999994,1.104692e-06,11.0,0.7503839459945492
16.022289999999998,0.36713379999999995,0.000252083,8.560065e-08,-1.246687,4.433048,4.5837650000000005,0.2224507,1.3979,1.130834e-06,12.0,0.7751978368076093
16.022289999999998,0.4273888,0.0003050779,5.1619140000000005e-08,-1.402852,1.2605899999999999,0.3317437,0.2794034,0.47428420000000004,1.157792e-06,13.0,0.7587077682016774
16.022289999999998,0.4974599,0.00038974779999999997,3.942477e-08,-0.8595889999999999,4.540922,5.54558,0.3508599,1.8649930000000001,1.185599e-06,14.0,0.780149093543419
16.022289999999998,0.5790749,1.0388769999999999e-05,7.146346e-08,-0.2697639,6.02976,0.06584538,0.44065479999999996,0.5890460999999999,1.214288e-06,15.0,0.7802885897929209
16.022289999999998,0.6741252,0.00034084980000000006,6.495266e-08,-1.6501849999999998,1.410682,4.585475,0.5534865,4.824301,1.243893e-06,16.0,0.7933025657513115
16.022289999999998,0.7848957,0.0003108783,4.9421559999999996e-08,-1.898995,4.121879,4.788483,0.6953665,2.565938,1.27445e-06,17.0,0.798480824253308
16.022289999999998,0.9141119000000001,0.00016466619999999999,5.960464e-08,-1.6910459999999998,0.663722,1.584593,0.8739663000000001,2.612083,1.3059989999999998e-06,18.0,0.7911494532819505
16.022289999999998,1.0650190000000002,0.0001998017,3.650024e-08,-2.983551,6.222919999999999,0.1440045,1.099085,3.1878029999999997,1.338578e-06,19.0,0.8005054386631558
16.336129999999997,0.058931399999999995,4.688577e-05,5.960464e-08,-1.0291139999999999,3.161962,5.914681,0.01430606,3.7817769999999995,9.144391e-07,0.0,0.7139404397944205
16.336129999999997,0.07004356,3.266069e-05,4.9421559999999996e-08,-0.8355931999999999,1.771923,4.1956050000000005,0.01853753,3.259267,9.35203e-07,1.0,0.7453354497306504
16.336129999999997,0.08300499,7.517081e-05,5.5755040000000005e-08,-0.8912391,5.793133,4.663348,0.02391419,6.044604,9.565895000000001e-07,2.0,0.7120857175994626
16.336129999999997,0.09812055,6.320255000000001e-05,3.650024e-08,-0.2584636,1.366953,3.4895400000000003,0.03073542,2.381137,9.78622e-07,3.0,0.7309546656288325
16.336129999999997,0.1157498,7.785709e-05,3.942477e-08,0.151637,3.7545290000000002,0.5896635,0.03938033,2.96671,1.001325e-06,4.0,0.7498201711515238
16.336129999999997,0.1363104,4.637433e-05,4.470348000000001e-08,-0.01653213,1.416906,2.414034,0.05032595,1.013739,1.0247230000000001e-06,5.0,0.7425732786845309
16.336129999999997,0.16028689999999998,6.635543e-05,6.143905999999999e-08,-0.9340347,0.9141136000000001,6.24644,0.06417198,6.266358,1.048843e-06,6.0,0.7532420449501408
16.336129999999997,0.18826600000000002,5.0170859999999995e-05,3.650024e-08,-0.6662855999999999,1.426404,1.51682,0.08168757,0.7567706,1.0737130000000001e-06,7.0,0.7440013207761651
16.336129999999997,0.22091329999999998,0.0001455146,5.960464e-08,-0.19898210000000002,4.022568,3.9770230000000004,0.10383189999999999,0.1534813,1.099361e-06,8.0,0.7521547972181032
16.336129999999997,0.2590157,0.0001127312,4.2146850000000005e-08,-1.316157,2.356846,2.788048,0.1318217,1.747581,1.125818e-06,9.0,0.7509397315776948
16.336129999999997,0.3035282,0.0001408568,5.37269e-08,-0.18086570000000002,3.4757559999999996,4.823494999999999,0.167223,1.528886,1.153115e-06,10.0,0.765836960557839
16.336129999999997,0.35550429999999994,0.00010726370000000001,4.712161e-08,-0.2912725,5.322272,0.4012005,0.2119652,1.6536,1.1812869999999999e-06,11.0,0.7729933878034813
16.336129999999997,0.41626729999999995,0.0001955943,5.960464e-08,-0.36708470000000004,0.7786960999999999,6.112277,0.2685688,5.70045,1.210366e-06,12.0,0.7925328734049351
16.336129999999997,0.48736999999999997,0.0001297957,3.332001e-08,0.3021801,4.360123000000001,1.079728,0.3402397,2.7007220000000003,1.240391e-06,13.0,0.7944006155770594
16.336129999999997,0.5705469,5.576803000000001e-05,2.5809570000000003e-08,-0.6678683000000001,2.3311509999999998,3.182056,0.43095649999999996,1.5188840000000001,1.271398e-06,14.0,0.8034696293915289
16.336129999999997,0.6679241,0.00020829709999999998,0.0,0.8898609000000001,2.928668,3.8807519999999998,0.545867,0.06224944,1.303428e-06,15.0,0.7993264121385232
16.336129999999997,0.7821075,0.0001106832,1.490116e-08,-1.386742,2.5448419999999996,6.150604,0.6916647,4.992292,1.336523e-06,16.0,0.7969017004000954
16.336129999999997,0.9159439,9.298786e-05,0.0,-1.983746,2.0810169999999997,4.036275,0.8765949000000001,3.938871,1.370726e-06,17.0,0.7961987920055336
16.336129999999997,1.073105,9.0877e-05,2.980232e-08,-1.751263,4.307275,0.7426335999999999,1.111626,4.469631,1.406084e-06,18.0,0.8281467079559314
16.65612,0.05829785,5.832414000000001e-05,3.942477e-08,2.302033,5.8660760000000005,1.943229,0.01407598,0.05831176,9.039618e-07,0.0,0.728857354605591
16.65612,0.06945645,1.5193489999999999e-05,0.0,0.6681136999999999,0.02896543,4.297246,0.01830495,3.6001540000000003,9.247928000000001e-07,1.0,0.728162122728631
16.65612,0.08249580000000001,5.7180069999999996e-05,2.980232e-08,2.2236119999999997,0.3913621,4.5317620000000005,0.02369448,1.916896,9.462576e-07,2.0,0.7279604767998433
16.65612,0.09774199,6.667975e-05,1.490116e-08,2.713844,4.180086,3.06248,0.03055772,2.451819,9.683804e-07,3.0,0.725780991874402
16.65612,0.11555689999999999,8.752073e-05,3.942477e-08,2.8285669999999996,0.2038679,4.972592,0.03928192,1.94032,9.911861000000001e-07,4.0,0.7418914728916293
16.65612,0.13638129999999998,5.038116e-05,4.712161e-08,2.608491,1.346639,0.545587,0.05036525,2.873669,1.014701e-06,5.0,0.7463199061968439
16.65612,0.16072,6.003168000000001e-05,4.2146850000000005e-08,1.941541,3.8670440000000004,5.062688,0.06443224,5.5372069999999995,1.038952e-06,6.0,0.7387690853549018
16.65612,0.18920220000000001,7.708971e-05,5.37269e-08,2.434034,5.613581,1.284365,0.08229769,5.80305,1.063969e-06,7.0,0.7484722099244345
16.65612,0.2224785,7.122809e-05,6.989264000000001e-08,2.234309,3.203688,1.395429,0.1049374,2.240729,1.08978e-06,8.0,0.7659435716596146
16.65612,0.26142960000000004,0.00010791639999999999,3.942477e-08,2.2367049999999997,4.620543,4.666596,0.1336687,4.092358,1.1164190000000001e-06,9.0,0.7559545971559722
16.65612,0.3070206,8.750335999999999e-05,3.332001e-08,2.296945,6.015185,1.1006280000000002,0.1701175,5.354728,1.143916e-06,10.0,0.7687109606269515
16.65612,0.36037329999999995,8.782384e-05,2.5809570000000003e-08,1.658566,0.8484591,1.0556379999999999,0.2163348,4.831624,1.172308e-06,11.0,0.7902912834067595
16.65612,0.4229376,5.171161e-05,2.980232e-08,1.942246,5.400586,2.467177,0.2750499,1.407633,1.201629e-06,12.0,0.7970221049409525
16.65612,0.4962643,3.551334e-05,6.664002e-08,2.0259169999999997,1.042602,4.831148000000001,0.3495959,1.7626990000000002,1.231918e-06,13.0,0.7704219616770686
16.65612,0.5822491,2.2666190000000003e-05,2.1073419999999994e-08,0.9462931,2.241905,4.378496,0.4442831,1.19034,1.263215e-06,14.0,0.7835373721823329
16.65612,0.683227,0.000160998,0.0,2.887299,1.614792,1.3638940000000002,0.5647337,3.144988,1.29556e-06,15.0,0.8033504397708295
16.65612,0.8018261,6.372208e-05,1.490116e-08,2.644564,5.741208,0.8101665,0.7179864,4.990643,1.328998e-06,16.0,0.805358140236675
16.65612,0.941375,2.0807849999999998e-05,4.712161e-08,-2.9114299999999997,5.116092,0.22796660000000002,0.9133551,4.306453,1.363575e-06,17.0,0.8039787334576626
16.65612,1.105481,5.3293509999999995e-05,3.650024e-08,-2.769602,3.657892,3.3480559999999997,1.162311,2.459834,1.3993379999999999e-06,18.0,0.8342138772165536
16.98238,0.05118778,2.4582420000000002e-05,6.143905999999999e-08,-0.7568544,2.798796,1.721555,0.01158109,5.962783,7.872097e-07,0.0,0.6981465369851859
16.98238,0.06062562,4.97821e-05,3.650024e-08,0.14239079999999998,4.995794999999999,4.224896,0.01492739,5.369816,8.048966999999999e-07,1.0,0.6949880371134769
16.98238,0.07161196,0.0001184711,4.712161e-08,0.2623373,3.118191,2.272308,0.01916363,5.174752,8.231085999999999e-07,2.0,0.6969409122518557
16.98238,0.08439766,7.999029e-05,4.9421559999999996e-08,-0.2903927,1.6769450000000001,0.19177170000000002,0.02451856,5.0882559999999994,8.418647e-07,3.0,0.723004743914835
16.98238,0.09927941,8.954091999999998e-05,4.9421559999999996e-08,-0.7828451999999999,1.861548,1.7005290000000002,0.03128152,0.6219308000000001,8.611853e-07,4.0,0.7232219584003019
16.98238,0.11659960000000001,3.290094e-05,3.650024e-08,0.08764527,0.5934286999999999,5.578635,0.03981479,4.897496,8.810915e-07,5.0,0.7150406974355287
16.98238,0.13676629999999998,9.227619000000001e-05,2.1073419999999994e-08,-0.9345537,1.732963,6.176428,0.05057865,5.377873,9.016054e-07,6.0,0.7214524408202919
16.98238,0.1602458,0.00014070950000000002,2.5809570000000003e-08,-0.2503357,2.536871,2.478268,0.0641473,0.1917864,9.227499e-07,7.0,0.7198290397157374
16.98238,0.1875895,0.0001900782,4.470348000000001e-08,-0.3826645,5.841634,0.01987228,0.08124769999999999,0.8443723,9.445492e-07,8.0,0.7259054599376834
16.98238,0.2194422,9.525225e-05,7.146346e-08,-0.2871228,2.5205990000000003,6.217986,0.10279649999999999,3.984368,9.670284000000001e-07,9.0,0.7194577129541377
16.98238,0.2565777,0.0002644889,4.9421559999999996e-08,-0.45250329999999994,5.894508999999999,5.482093,0.129965,0.04010798,9.902138000000001e-07,10.0,0.7502538605672869
16.98238,0.29987140000000007,0.0001069317,3.942477e-08,-1.064786,1.78172,2.871265,0.1642102,2.154509,1.014133e-06,11.0,0.7592534546447738
16.98238,0.35039509999999996,0.00016235200000000002,7.146346e-08,0.04960054,1.535758,5.6178360000000005,0.2074123,4.032225,1.0388150000000001e-06,12.0,0.7486188422786919
16.98238,0.4093542,4.9329009999999995e-05,5.5755040000000005e-08,0.06517379,4.572426,5.464012,0.2619064,0.8264847,1.06429e-06,13.0,0.7650564162999934
16.98238,0.47825439999999997,0.00011621719999999999,4.9421559999999996e-08,0.02607389,2.9170689999999997,1.603597,0.33073909999999995,4.943413,1.09059e-06,14.0,0.7597756686611934
16.98238,0.5587681999999999,0.0001209266,4.712161e-08,0.6515526999999999,5.270775,0.6530695,0.41768059999999996,1.014132,1.117747e-06,15.0,0.7807221689356616
16.98238,0.6529311,3.8935650000000004e-05,5.37269e-08,1.167573,0.2708389,1.519889,0.5275911999999999,0.08148331,1.145796e-06,16.0,0.7625351010732357
16.98238,0.7631673000000001,0.0002419069,2.5809570000000003e-08,0.155583,2.787862,0.05588234,0.6666929,3.3955010000000003,1.174774e-06,17.0,0.7813600357748167
16.98238,0.8922681999999998,4.168905e-05,1.490116e-08,-1.9106169999999998,0.8034727,4.509077,0.8428281999999999,5.616169999999999,1.20472e-06,18.0,0.7841327192380628
16.98238,1.043708,0.0001068643,1.490116e-08,0.771513,6.264776,3.180211,1.066263,2.427247,1.235672e-06,19.0,0.7815330731446599
17.31503,0.05743221,6.800824e-05,7.450580999999999e-08,-2.745217,5.263765,3.014396,0.01376363,0.4959121,8.896739000000001e-07,0.0,0.7214329218138327
17.31503,0.06878839999999999,4.7430159999999996e-05,5.1619140000000005e-08,-2.363608,2.0405729999999997,3.7270839999999996,0.01804149,4.050044000000001,9.108360999999999e-07,1.0,0.7204059123326252
17.31503,0.08212723,1.748046e-05,5.1619140000000005e-08,-1.715688,5.974849,0.6649901,0.02353587,2.68903,9.326628000000001e-07,2.0,0.7230068560289995
17.31503,0.09779302,6.270525e-05,6.143905999999999e-08,-1.8254290000000002,6.262102,3.132301,0.03058165,4.978693,9.551799999999998e-07,3.0,0.7292754539368327
17.31503,0.1161942,6.106970999999999e-05,4.9421559999999996e-08,-1.843482,3.550876,1.1202809999999999,0.03960733,5.696004,9.784149e-07,4.0,0.7195735627410957
17.31503,0.1378066,7.350405e-05,2.1073419999999994e-08,-1.138195,0.5973679000000001,0.3203911,0.05115686,0.8613299000000001,1.002396e-06,5.0,0.7546846108632312
17.31503,0.1631961,1.0620710000000002e-05,5.37269e-08,-1.558329,5.65209,5.445533,0.06592695,1.351792,1.027152e-06,6.0,0.7493139408335754
17.31503,0.1930294,4.9406999999999996e-05,7.598131e-08,-1.9790729999999999,2.845177,3.014167,0.08480736,2.1481470000000003,1.0527160000000001e-06,7.0,0.7548245645441101
17.31503,0.2280922,2.942982e-05,6.664002e-08,-1.2980040000000002,5.073123000000001,0.03759498,0.10893399999999999,2.5456939999999997,1.079119e-06,8.0,0.7693892186204925
17.31503,0.26932340000000005,5.553107e-05,6.322026999999999e-08,-2.028382,2.373386,0.1496546,0.1397684,6.087815,1.106396e-06,9.0,0.7669227153889486
17.31503,0.3178371,9.090526e-05,5.771195e-08,-1.8336880000000002,5.353535,4.111076000000001,0.17918610000000001,0.5913303000000001,1.134582e-06,10.0,0.7558403126464778
17.31503,0.37491599999999997,8.194018e-05,6.322026999999999e-08,-1.569918,1.001242,4.965959,0.2295611,5.534524,1.163716e-06,11.0,0.7904451546126443
17.31503,0.4421499,9.527957e-05,7.74287e-08,-1.135577,1.38444,2.3513330000000003,0.2940027,2.102634,1.193837e-06,12.0,0.7979437207141755
17.31503,0.5213726,4.2698859999999996e-05,5.1619140000000005e-08,-1.512017,2.366716,4.170447,0.3764602,3.3157330000000003,1.224986e-06,13.0,0.7811899989451145
17.31503,0.6148316999999999,5.12246e-05,4.712161e-08,-1.178672,5.310912999999999,2.238991,0.48209309999999994,4.389838,1.257207e-06,14.0,0.7805971762659698
17.31503,0.7251032,8.842293e-06,2.980232e-08,-1.048916,3.050755,2.02193,0.6174417,0.02009124,1.290546e-06,15.0,0.8107017340379223
17.31503,0.8553245,3.8931669999999997e-05,4.712161e-08,-0.6179893,0.22354629999999998,1.995811,0.7910289,2.390307,1.325051e-06,16.0,0.7853184871857705
17.31503,1.0093590000000001,6.762135e-05,6.495266e-08,-0.3264179,4.304431,2.811107,1.014061,5.116155,1.360773e-06,17.0,0.8091214737601955
17.65419,0.04055016,0.004836193,0.005082699,-2.05856,4.792468,4.723993,0.008165611,1.998898,6.155615e-07,0.0,0.6526045068981134
17.65419,0.04758714,0.002927298,0.003255357,-1.820993,5.625624,6.282172,0.01038088,2.4811389999999998,6.288359e-07,1.0,0.654076050063428
17.65419,0.05571935,0.005153158,0.001919828,-2.520164,1.887792,0.26812220000000003,0.01315251,0.9086028,6.424887e-07,2.0,0.6509550111973901
17.65419,0.0651271,0.007545339,0.00215115,1.178568,4.1921040000000005,3.577867,0.01662042,4.475692,6.56533e-07,3.0,0.6657571960341513
17.65419,0.07600667,0.002754849,0.0034382059999999996,1.5236450000000001,1.360488,2.137726,0.02095448,5.533027,6.70983e-07,4.0,0.661192695336389
17.65419,0.08857921,0.00237639,0.006789215,2.396613,4.546936,4.681294,0.02636312,4.017276,6.858531999999999e-07,5.0,0.6757462913221912
17.65419,0.1031467,0.003305665,0.006019119,-2.622334,2.548336,3.3055559999999997,0.03312697,3.3780010000000003,7.011587000000001e-07,6.0,0.6691567844014024
17.65419,0.1199558,0.003020756,0.002112051,-0.7636423000000001,3.7014139999999998,1.623371,0.04154615,4.962935,7.169154e-07,7.0,0.6802727384784212
17.65419,0.13922279999999998,0.002747797,0.00982718,-0.15701700000000002,1.9183240000000001,1.698539,0.05194745,6.220071,7.331399e-07,8.0,0.6594442026059479
17.65419,0.1615412,0.006833911,0.0016128529999999998,1.9839650000000002,3.515558,0.38376170000000004,0.06492671,1.180037,7.498493e-07,9.0,0.6978583347035938
17.65419,0.1874969,0.0031609809999999998,0.005497079,-0.4528696,3.767293,0.41855509999999996,0.08118759,3.385785,7.670617e-07,10.0,0.6829389724619106
17.65419,0.21770389999999998,0.005115303,0.004501427,2.682485,5.889538,1.425848,0.1015775,5.41239,7.847958e-07,11.0,0.6957443351064369
17.65419,0.2526552,0.0036022470000000003,0.007474888000000001,3.027473,4.3548860000000005,2.864296,0.1269961,1.772185,8.030714999999999e-07,12.0,0.6982202692142777
17.65419,0.2934216,0.0035594140000000003,0.004017933,0.22344070000000002,5.878127,5.912326999999999,0.158941,6.092599,8.219091e-07,13.0,0.7035388723441474
17.65419,0.3406593,0.002563639,0.001264894,0.15447529999999998,0.8038385,4.217847,0.1988282,3.258932,8.413301e-07,14.0,0.7051871180823595
17.65419,0.3955881,0.002832402,0.0003679112,-1.48104,2.961478,0.48042799999999997,0.24880679999999997,5.2784,8.61357e-07,15.0,0.7094272731204923
17.65419,0.4593778,0.0036244640000000004,0.001359038,0.0681717,5.047299,0.7344046999999999,0.31135250000000003,1.9089639999999999,8.820133e-07,16.0,0.7142113513248085
17.65419,0.5339974000000001,0.005100213,0.0018786970000000001,-1.724376,1.986436,4.888961,0.39021669999999997,4.616743,9.033235e-07,17.0,0.7107161199634839
17.65419,0.6202350999999999,0.0047803,0.000643888,2.098357,0.8920148000000001,5.04229,0.4884627,2.0603700000000003,9.253134e-07,18.0,0.7275076022541882
17.65419,0.7202224,0.002607818,0.000122607,1.390983,6.015341,3.326922,0.6112186,2.207981,9.480098e-07,19.0,0.7429654757924653
17.65419,0.8364155999999999,0.001679434,0.00033384580000000004,-0.8048405,5.637507,3.479827,0.764944,4.927064,9.714409e-07,20.0,0.7495779315334956
17.65419,0.9720568000000002,0.0035879220000000003,0.0009510278999999999,2.058168,2.601477,2.455655,0.9583710999999999,4.073426,9.956363e-07,21.0,0.7284567614772404
17.65419,1.129885,0.00294312,0.0002538218,-1.121326,3.5333550000000002,3.952229,1.2010120000000002,1.546083,1.0206270000000001e-06,22.0,0.7537303478249021
18.0,0.05078099,7.258301e-05,0.0003287689,2.8261819999999997,2.26253,3.0416830000000004,0.01144331,4.236027,7.805932e-07,0.0,0.6996630928837793
18.0,0.06067769,3.807547e-05,9.372483e-05,-0.3673343,4.963314,5.973044,0.01494663,1.377139,7.990765e-07,1.0,0.6976051573271713
18.0,0.07228774,2.2244090000000002e-05,0.0002260343,0.8269995000000001,5.333431,1.6971880000000001,0.01943553,1.819986,8.181376999999999e-07,2.0,0.7112588231022338
18.0,0.08590925,0.0001676325,0.0001148227,-0.0839936,2.293089,6.139569,0.025180200000000003,3.9302349999999997,8.377991e-07,3.0,0.6967283663874074
18.0,0.10188960000000001,0.0001799806,0.00019980279999999998,-2.042796,0.9016332,2.876702,0.03252326,4.017588,8.580843e-07,4.0,0.7034920563622763
18.0,0.1206383,0.0001240894,0.00020109299999999998,-1.6594380000000002,1.517986,3.73863,0.04190123,3.879915,8.790177e-07,5.0,0.7160367669568318
18.0,0.1426432,0.000113232,6.408781999999999e-05,2.950376,5.994164,2.696809,0.05387353,0.03546162,9.006253000000001e-07,6.0,0.7297402370537385
18.0,0.16847320000000002,6.387966e-05,1.5521570000000002e-05,-2.3122849999999997,4.513003,4.128845,0.06915041,1.928247,9.229338e-07,7.0,0.7186172241665003
18.0,0.1987975,5.3270030000000005e-05,0.0001441242,1.253831,0.02699315,5.334733,0.08863692,4.053825,9.459715e-07,8.0,0.732147907627664
18.0,0.2344243,4.436343e-05,7.00375e-05,-0.7567267,1.809159,2.5933990000000002,0.11350160000000001,1.5410549999999998,9.697681e-07,9.0,0.724333280706885
18.0,0.2762874,9.826684999999999e-05,0.0001274917,1.0915629999999998,1.659018,3.012633,0.1452244,0.262104,9.943546e-07,10.0,0.7321283638363874
18.0,0.32552040000000004,5.390784000000001e-05,3.8676550000000005e-05,-2.237279,2.9320720000000002,5.333139,0.18572270000000002,4.638239,1.019763e-06,11.0,0.7439743126290175
18.0,0.38343449999999996,0.0001729062,6.368621e-05,1.016669,5.090566,4.985987000000001,0.23742919999999998,5.161626,1.046029e-06,12.0,0.7565912490097274
18.0,0.4516343,1.345694e-05,7.65883e-05,-2.512534,5.635275,0.14513120000000002,0.3035132,3.305571,1.073187e-06,13.0,0.7471398546400437
18.0,0.5319799,0.00010544,1.5434089999999998e-05,1.771509,3.40919,1.7344060000000001,0.3880072,2.836955,1.1012749999999999e-06,14.0,0.7700203088469457
18.0,0.6267095,7.113376e-05,5.009019e-05,-1.617006,0.465704,1.922993,0.4961307,3.074305,1.130332e-06,15.0,0.7621371361277582
18.0,0.738518,0.0001316231,3.730075e-05,-0.0674266,1.806184,1.402428,0.6346556,5.946769000000001,1.160401e-06,16.0,0.7680650792149613
18.0,0.8705356,0.0001443074,4.6975569999999996e-05,-3.1388689999999997,2.003043,0.41945070000000007,0.8122244000000001,1.5555649999999999,1.191524e-06,17.0,0.7730476429433522
18.0,1.026615,2.8151640000000003e-05,2.0429760000000003e-05,0.9295629000000001,2.5841529999999997,3.929293,1.0401770000000001,0.4155996,1.223749e-06,18.0,0.7713911989324276
2.01042,0.04848914,0.14912379999999997,0.1194327,-1.3670200000000001,2.729284,1.278351,0.01067734,6.168643,1.676241e-05,0.0,2.215325248479199
2.01042,0.09804123,0.03353806,0.1122651,-0.1204638,2.241818,5.056344,0.03069738,2.9482060000000003,3.7882129999999996e-05,24.0,3.6109718578952483
2.01042,0.2009885,0.06487524,0.04470709,2.47363,4.446212999999999,4.688975,0.09010306,3.9548379999999996,2.499993e-05,72.0,2.8820616623930384
2.01042,0.3430836,0.1087874,0.07847332,2.832798,1.066807,5.6674169999999995,0.2009454,1.974171,2.123967e-05,92.0,2.4910233958401036
2.01042,0.5724575,0.0421568,0.01928144,0.001141157,2.642777,4.728439,0.4330964,2.1560349999999997,1.997948e-05,103.0,2.2765088043099273
2.01042,0.9702495999999999,0.049390300000000005,0.02561573,-1.7673990000000002,3.6586489999999996,2.6812840000000002,0.9556508,0.8633199,1.786293e-05,100.0,2.287547247295327
2.01042,1.882138,0.1603278,0.1887689,1.4440879999999998,4.071529,2.6215610000000003,2.5819419999999997,3.3234510000000004,2.114998e-06,156.0,0.896281314521443
2.01042,2.891981,0.13844189999999998,0.22410560000000002,-2.919855,4.1325330000000005,4.166508,4.917803,2.9979560000000003,8.908734e-07,99.0,0.7239399247430016
2.01042,2.9230400000000003,0.2839999,0.05042841,2.805991,4.226069,2.077686,4.997137,1.8985720000000001,1.068934e-06,160.0,0.7526776497001815
2.0498,0.05670516,0.1585562,0.1271089,1.665774,4.469787,4.004497,0.01350304,3.9114769999999996,9.955992e-06,0.0,1.6530937188093946
2.0498,0.092726,0.04208112,0.11100650000000001,2.56033,6.104335,4.003442,0.02823542,1.705691,2.699052e-05,11.0,2.900077019813617
2.0498,0.1741856,0.0731345,0.03959158,2.657181,4.642613,6.001794,0.07269475,4.841272,3.285909e-05,34.0,3.4356448084369733
2.0498,0.2951488,0.07632751,0.09931907,-1.353982,3.087069,1.341579,0.1603393,5.827861,2.940262e-05,63.0,2.981346827378586
2.0498,0.4904361,0.15089,0.1552051,0.3022498,3.234927,1.773325,0.34343850000000004,4.2372819999999995,1.438556e-05,65.0,2.007483980392513
2.0498,0.7905598,0.04550599,0.0580063,3.005118,4.562963,6.097268,0.7028637,4.721423000000001,2.908598e-05,79.0,3.049270722468287
2.0498,1.516564,0.298558,0.5109629,-0.5145143,1.248469,2.021589,1.8674959999999998,1.8886040000000002,1.291776e-06,118.0,0.7759375747696142
2.0498,2.593467,0.07902076,0.19934649999999998,0.2653501,4.531725,5.596979,4.1762760000000005,0.9213165000000001,1.363358e-06,134.0,0.8086915930297605
2.0498,3.115015,0.46094670000000004,0.02870693,-1.087644,4.5459,1.117356,5.497418,3.4855379999999996,1.3135970000000001e-06,123.0,0.7926889450106455
2.08995,0.06460682,0.1967558,0.119852,-0.006098115,3.124406,4.480651,0.01642151,1.75735,2.1224000000000002e-05,0.0,2.405143627938936
2.08995,0.12254489999999998,0.08543839999999998,0.06853324,-1.377163,5.056185,4.952966,0.04289736,1.441814,3.603216e-05,15.0,3.472200806027049
2.08995,0.2343064,0.06247692,0.0886016,2.673736,2.6533,5.908416000000001,0.11341199999999999,0.6547129,2.243299e-05,57.0,2.544203760168323
2.08995,0.3531594,0.11149389999999998,0.0191783,-2.4691229999999997,1.95995,5.412074,0.20986239999999998,5.830666000000001,1.951493e-05,70.0,2.386471382909879
2.08995,0.6627645999999999,0.01838559,0.0035562090000000003,0.5424045,2.1137040000000002,5.807792,0.5395199,3.15132,3.545447e-05,85.0,3.6091793242046104
2.08995,1.4768620000000001,0.1094965,0.04566775,1.38745,0.41479220000000006,1.099633,1.794675,5.423301,1.047112e-05,79.0,1.7100832187063673
2.13089,0.05051044,0.00136807,0.00012474370000000002,0.7484409000000001,5.031766,0.08435679,0.01135192,0.5888538000000001,1.0621010000000001e-05,0.0,1.7543191010988353
2.13089,0.06332955,0.0008778232000000001,0.0001246081,0.7404484,0.4403829000000001,1.044828,0.01593697,6.146944,7.340457e-06,15.0,1.3508711626716083
2.13089,0.08079501,0.001761843,0.000122138,0.7392078000000001,5.277296,0.14693620000000002,0.02296528,0.41503679999999993,5.298011e-06,24.0,1.2024850900538135
2.13089,0.1011668,0.0006136659,0.0001234194,0.7304712,3.7293519999999996,3.157078,0.03217734,4.979257,9.243334999999999e-06,29.0,1.5647573069784393
2.13089,0.12336910000000001,0.002146033,0.000123188,0.725309,2.3492990000000002,2.128361,0.04333118,5.333451,8.798849e-06,44.0,1.5387893613365873
2.13089,0.1508549,0.001095593,0.0001238882,0.7181049,0.5791609000000001,0.8517959999999999,0.05859063,5.83677,9.139686e-06,55.0,1.6219433271953094
2.13089,0.1988592,0.001958423,0.00012741370000000002,0.7616948,0.1944138,0.04435049,0.08867579,5.368326000000001,1.1990250000000001e-05,58.0,1.8602536846665672
2.13089,0.2630692,0.0008068359,0.00013622799999999998,0.7860971999999999,4.033389,4.710358,0.1349237,6.173881,1.4755320000000002e-05,76.0,2.108432215423428
2.13089,0.3608176,0.0008581826,0.0001402179,0.9119208000000001,1.659227,5.097822,0.2167261,2.527664,1.7244649999999998e-05,77.0,2.2388575314990398
2.13089,0.43106640000000007,0.00101852,0.0001423606,0.9924759,2.783905,1.696552,0.2830028,4.201579,4.096555e-06,118.0,1.1166796099647072
2.13089,0.5780917,0.0003862264,0.00013755,1.163726,5.65712,0.7886102,0.43951179999999995,0.2511419,1.6783920000000002e-05,106.0,2.167926748786037
2.13089,0.8075707,0.0004570108,0.00022665389999999998,1.471555,0.09723364,0.5352785,0.7256765000000001,5.24889,1.067157e-05,130.0,1.6161756856202634
2.13089,1.009527,0.001091135,0.00029444540000000003,1.5113290000000001,0.6739831000000001,3.695272,1.014256,1.512139,5.369289e-06,136.0,1.2185352319776306
2.13089,1.146615,0.0017076029999999998,0.0003475699,1.7983619999999998,5.863079,5.813863,1.2277129999999998,4.432323,1.071345e-06,143.0,0.7585305019054966
2.13089,1.318223,0.0032109459999999997,0.0008112143,2.4142069999999998,5.301868,0.698155,1.513431,5.544133,1.946666e-06,105.0,0.9038917399976806
2.13089,1.6043040000000002,0.01046529,0.0034469659999999997,2.815598,5.067558999999999,3.167222,2.031893,1.5881809999999998,1.060922e-06,140.0,0.76076728243563
2.17263,0.04571526,0.0018727960000000001,4.281077999999999e-05,2.860076,5.683545,5.754226999999999,0.009774428,3.4925019999999996,2.203788e-06,0.0,0.9157372377687621
2.17263,0.05356071,0.001056771,4.258179e-05,2.8599650000000003,0.7937034000000001,6.169999,0.0123956,2.517566,6.729501e-06,3.0,1.3136087791147233
2.17263,0.06642944,0.001677452,4.194916e-05,2.8598310000000002,3.987789,1.159706,0.01712133,0.5971555000000001,6.9305759999999995e-06,12.0,1.334039541110756
2.17263,0.07844355,0.0017233460000000002,4.149917e-05,2.856059,0.7147127,4.961526999999999,0.02197005,1.394148,6.283076e-06,20.0,1.2722403522199133
2.17263,0.09618865,0.0025164189999999998,3.994113e-05,2.854721,5.05141,6.242588,0.02983178,4.614633,8.154259e-06,29.0,1.4955718946610292
2.17263,0.12172650000000002,0.0006056516999999999,3.76969e-05,2.849749,4.049165,5.600839,0.04246863,4.983944,1.3638629999999999e-05,37.0,1.8412678122987673
2.17263,0.1729196,0.0005927862,2.9611020000000003e-05,2.858066,6.217027,3.356302,0.07190413,0.5650281999999999,1.291553e-05,52.0,1.948478137026692
2.17263,0.24578429999999998,0.0014176879999999998,1.6038779999999998e-05,2.815449,0.9172062,1.501096,0.12184690000000001,4.04939,1.9329260000000002e-05,54.0,2.4270709007200972
2.17263,0.36703600000000003,0.002193651,8.155579e-06,0.11364660000000001,2.70496,1.0929,0.2223509,4.553146,1.949698e-05,88.0,2.4456909775738813
2.17263,0.43905370000000005,0.0019412879999999998,2.514823e-05,0.04474209,5.448974,4.8432830000000004,0.29090229999999995,5.630397,1.1585559999999999e-06,145.0,0.767454916828064
2.17263,0.4927485,0.002245357,4.633497e-05,-0.03641178,2.591247,1.7970959999999998,0.3458672,5.522353,2.224974e-06,129.0,0.9245953156635498
2.17263,0.5863775,0.0019964920000000003,7.041788000000001e-05,-0.04789796,4.571345,1.592302,0.448992,3.351208,1.449865e-05,94.0,1.9362084630217415
2.17263,0.7702238,0.004994705,0.0001379755,-0.42054179999999997,3.376979,4.984552,0.6759357,2.037053,4.09389e-06,83.0,1.1106589322649332
2.17263,0.9167973,0.002321024,0.0001060141,-0.6649745,5.982812,3.701347,0.8777905999999999,4.662058,1.172296e-05,82.0,1.8591468317695239
2.17263,1.1209870000000002,0.004251090999999999,0.002170641,3.0462849999999997,5.661576999999999,3.084446,1.186784,0.6650024999999999,1.15068e-06,143.0,0.7621096368290017
2.17263,1.321832,0.005953231,0.0009091278999999999,0.35753870000000004,2.4404630000000003,1.906936,1.519625,5.382816,3.267043e-06,95.0,1.0372079406353094
2.17263,1.4450040000000002,0.009164751,0.0017624379999999999,-2.728912,2.9399509999999998,0.8927208000000001,1.7369009999999998,0.6933339,1.116108e-06,134.0,0.7749653996972856
2.21519,0.05494976,0.182594,0.08817386,2.463439,1.6499529999999998,1.004008,0.01288082,3.1642360000000003,2.309487e-05,0.0,2.6324155398440707
2.21519,0.10938030000000001,0.05364259,0.05843332,0.4548281,3.6641,4.061858,0.03617413,6.219558999999999,2.630116e-05,33.0,2.7908339978989387
2.21519,0.216475,0.06116964,0.03098645,-0.19399620000000004,3.877629,2.318422,0.10071489999999998,4.796613,3.215184e-05,59.0,3.364015210401375
2.21519,0.5264352,0.02249101,0.04202843,0.7434364,1.821532,3.374881,0.3819361,0.8431267,3.188252e-05,105.0,3.3291403951594543
2.21519,1.141658,0.01486921,0.19327779999999997,-2.401303,4.050661,3.8936010000000003,1.2197870000000002,2.26722,9.390019e-06,98.0,1.5476240695844234
2.21519,1.799092,0.1486279,0.07383697,0.5645401,3.852025,2.00503,2.412974,3.6984589999999997,3.90386e-06,125.0,1.1024537180693623
2.21519,4.077441,0.5256515,0.1321185,-2.410501,5.507706,3.0935040000000003,8.232918,6.269194000000001,9.533348000000001e-07,127.0,0.7234810975072905
2.25858,0.05071406,0.03344257,0.02903152,2.013934,0.01919451,5.443206,0.01142058,3.3930239999999996,2.0541469999999998e-05,0.0,2.561179356153761
2.25858,0.09391438,0.04602253,0.05560505,1.108042,0.33083850000000004,0.7060930999999999,0.02877995,5.486125,1.662117e-05,31.0,2.2618430520260815
2.25858,0.17617779999999997,0.08406477,0.01891521,-1.5725049999999998,2.1377580000000003,6.0097,0.07394558,5.310382,2.941196e-05,47.0,3.169839683968888
2.25858,0.2948848,0.05497535,0.04848994,-1.581064,2.286155,4.686161,0.1601239,3.902911,1.219263e-05,78.0,1.794072722532349
2.25858,0.4295709,0.12453310000000001,0.02503933,-0.8649370000000001,1.507081,1.821007,0.281535,1.421147,2.445987e-05,77.0,2.723217796271319
2.25858,0.9665014999999999,0.07771208,0.0112406,3.053504,1.887947,2.2592209999999997,0.9501175999999999,3.5376199999999995,1.84607e-05,112.0,2.337173161754884
2.25858,2.4529419999999997,0.16270379999999998,0.20445929999999998,1.132891,3.9129110000000003,4.01502,3.841529,4.945812999999999,9.879932e-07,142.0,0.7394403826678104
2.25858,2.815168,0.2857502,0.2237089,2.143545,1.825689,4.108611,4.723129,0.2604998,9.213085999999999e-07,121.0,0.7243588404377364
2.30282,0.05808476,0.15571949999999998,0.04552104,2.379078,5.192307,2.568266,0.01399878,1.590909,1.383635e-05,0.0,1.9426834739981085
2.30282,0.0928237,0.1252983,0.08054494,-1.366027,0.07627919999999999,3.235897,0.02828017,4.2886,1.5547920000000002e-05,13.0,2.205186031819978
2.30282,0.160624,0.02745177,0.05299394,-2.927436,5.176286,3.3073330000000003,0.06437271,1.107137,3.500895e-05,31.0,3.1898556961884004
2.30282,0.3401951,0.06860605,0.07259712,1.545109,1.375391,2.941406,0.19841389999999998,0.02404267,2.7842440000000002e-05,56.0,3.0273222053538182
2.30282,0.5779571,0.09458088,0.02840539,2.3748299999999998,6.028669,4.353487,0.4393589,2.3717580000000003,1.834236e-05,72.0,2.327078753631505
2.30282,0.817112,0.16480060000000002,0.06759315,-0.5953056,2.981019,3.9873529999999997,0.7385764,1.923371,1.3536559999999999e-05,97.0,2.0273965074514924
2.30282,1.728521,0.03156469,0.0668562,-1.2832629999999998,6.237869,0.08759408,2.272392,1.47889,7.543932999999999e-06,107.0,1.3681549631055914
2.34793,0.05149658,0.001190876,0.0006438379000000001,2.9278939999999998,6.045967,0.8424803,0.01168603,4.4327,1.672124e-06,0.0,0.868919029457764
2.34793,0.05836821,0.0006346614,0.0006405351,2.924202,3.544113,2.254941,0.01410142,2.070925,6.800689999999999e-06,2.0,1.2645343108843805
2.34793,0.07731983,0.0005314318,0.0006256539,2.9247669999999997,0.1421576,5.674946,0.02149967,2.608562,1.2419089999999999e-05,10.0,1.860239206688791
2.34793,0.1147257,0.0003599675,0.0005833089,2.916398,0.4612349,2.101021,0.03885822,5.005885,1.5920739999999998e-05,18.0,2.1495766431558887
2.34793,0.1631631,0.0005466558,0.0005295323,2.894547,4.575808,2.3610439999999997,0.06590536,1.174882,2.005068e-05,34.0,2.488247338998791
2.34793,0.2619171,0.001598338,0.00037286519999999996,2.7376560000000003,5.960746,1.6025340000000001,0.1340386,5.468179,1.7059739999999998e-05,40.0,2.2947652639278875
2.34793,0.41775559999999995,0.000796591,0.00024497099999999997,0.4211598,3.366549,4.828032,0.269999,1.041699,1.095386e-05,68.0,1.7761763841899365
2.34793,0.5714583000000001,0.0002725779,0.0002547995,0.668737,4.904089,4.497525,0.4319652,5.207404,3.0074209999999998e-05,85.0,3.1098891716293426
2.34793,0.8122906999999999,0.0367431,0.02743152,-2.639609,1.9771759999999998,4.005719999999999,0.7320584,4.594953,1.109079e-06,82.0,0.7671021462503003
2.34793,0.9575853999999999,0.001035537,0.002083588,0.5588795999999999,2.284242,1.008834,0.9370168,4.446898,7.4453909999999994e-06,65.0,1.401456497921054
2.34793,1.429103,0.009689192,0.0017381679999999998,-1.342014,0.6612719,0.8668384,1.7083549999999998,1.566958,5.64251e-06,56.0,1.2538102577667602
2.39392,0.04973563,0.04735198,0.03100742,-1.164922,5.994217,4.74786,0.01109173,6.193564,9.943929e-06,0.0,1.6207182165731302
2.39392,0.0750021,0.1301705,0.02240051,1.109804,4.01098,5.270836,0.02054019,0.19634400000000002,1.583869e-05,14.0,2.1582335876057623
2.39392,0.1271528,0.05989727,0.01003179,2.894919,2.8855560000000002,0.7206521,0.0453397,1.338686,2.198335e-05,29.0,2.757334526859168
2.39392,0.1831776,0.08246892,0.05630844,-0.1236818,4.231742,3.4108199999999997,0.07839644,5.471238,7.904125e-06,56.0,1.4429500993034998
2.39392,0.28522190000000003,0.08215884,0.03094751,1.46595,3.76635,2.991658,0.15232,3.921762,2.498886e-05,66.0,2.7012390664412815
2.39392,0.4718343,0.007320003,0.04421785,-0.3379291,5.284877,4.496659999999999,0.3240881,5.826473,1.716297e-05,67.0,2.222308317374096
2.39392,0.7444289000000001,0.02595902,0.04289889,-3.122243,1.1489,3.113165,0.64226,5.037621,1.226179e-05,88.0,1.8567146748700543
2.39392,1.176294,0.05165505,0.04815736,-2.425659,6.017907,0.9164646000000001,1.275699,3.5635510000000004,6.291399e-06,96.0,1.2755929127275247
2.39392,1.6586889999999999,0.07951317,0.00327257,0.01276446,5.9111769999999995,1.115873,2.136099,1.634257,4.325915e-06,126.0,1.1208177271014212
2.44081,0.04624313,0.06393645,0.06286796,-1.053979,6.118551999999999,0.01927908,0.009944185999999999,1.3616629999999998,7.520931e-06,0.0,1.3785233404444786
2.44081,0.06800883,0.0456564,0.05016657,-2.024195,3.5563300000000004,1.231048,0.017735499999999998,5.9534650000000005,1.290133e-05,11.0,1.7949597187195074
2.44081,0.09140175,0.09620259,0.04175604,-1.571827,0.7642458000000001,1.9523110000000001,0.02763284,2.8242990000000003,8.269049e-06,29.0,1.4485695128902434
2.44081,0.1304085,0.07141602,0.01281145,0.7741963000000001,6.062896,0.21191469999999998,0.04709234,5.888936,1.0246210000000001e-05,40.0,1.6751525809660062
2.44081,0.1967313,0.03708886,0.01992469,1.779738,4.333958999999999,3.395605,0.08725632,3.5358519999999998,2.206544e-05,47.0,2.4245489481258398
2.44081,0.3341039,0.02168231,0.01389052,1.4844110000000001,2.585177,1.023155,0.1931096,3.23274,2.3676300000000002e-05,68.0,2.6036100501341606
2.44081,0.6274894,0.01110825,0.004328563,-1.0883450000000001,1.3624450000000001,6.2797339999999995,0.4970343,5.9994629999999995,2.1171910000000004e-05,98.0,2.611806890839949
2.44081,0.9342779,0.004171107,0.002677525,2.8961349999999997,1.317246,2.276488,0.9030053,4.3385169999999995,2.974454e-06,112.0,0.9853157475642267
2.44081,1.133875,0.0026364129999999998,0.001270219,-2.88889,0.09718371,1.332694,1.207319,4.1200209999999995,8.3087e-06,117.0,1.4246603570753753
2.44081,1.544884,0.06161754,0.0038980770000000002,-1.5191430000000001,0.8761348,1.681281,1.920107,2.409554,9.303588000000001e-07,96.0,0.7282652093387723
2.48862,0.05419803,0.1496276,0.08496822,-1.1107870000000002,1.830357,5.258794,0.01261746,4.257415,1.5152829999999999e-05,0.0,2.21533739616197
2.48862,0.1208114,0.04002649,0.08740992,-1.374732,5.118424,4.867065,0.0419905,1.197075,3.356492e-05,19.0,3.4057589828697874
2.48862,0.249567,0.04783405,0.06936292,1.488365,2.719908,4.173037,0.12467080000000001,6.244365,2.518981e-05,36.0,2.967461534638689
2.48862,0.42415109999999995,0.06680349,0.105531,-2.456661,2.535905,4.615961,0.27622129999999995,4.40742,5.23238e-06,89.0,1.1869890165739552
2.48862,0.6447854000000001,0.11207719999999999,0.04030953,1.953545,2.2001049999999998,0.06813,0.5177262,2.364608,3.0429559999999998e-05,69.0,2.994190777164448
2.48862,1.303612,0.06251387,0.04610831,0.6393819000000001,1.8078419999999997,5.0042,1.488324,2.621701,6.666873000000001e-06,107.0,1.2911903883079465
2.48862,1.707496,0.27183029999999997,0.1308611,-1.2452159999999999,4.637017,3.646725,2.231074,0.4558624,1.12149e-06,118.0,0.7695062563507431
2.48862,1.818913,0.6417938,0.2984374,-1.8441619999999999,3.957564,2.530669,2.452969,1.645692,1.152372e-06,125.0,0.7876236473208029
2.53737,0.05942064,0.1666989,0.03641723,1.530996,4.09755,1.4362540000000001,0.01448447,2.350085,1.5128979999999999e-05,0.0,2.083759232926
2.53737,0.11994380000000002,0.04422469,0.04509056,-2.789045,4.134234999999999,1.887532,0.04153906,0.5902411,3.071948e-05,18.0,3.030954845884377
2.53737,0.241646,0.03425825,0.07220166,2.017054,0.7498571999999999,3.8474800000000005,0.11878369999999999,1.142219,1.3087319999999999e-05,34.0,1.8682853263375852
2.53737,0.35846880000000003,0.0040558420000000005,0.01785359,0.44979830000000004,5.733573000000001,5.761673,0.21461420000000003,5.858152,2.619553e-05,55.0,2.7768146832392544
2.53737,0.5282146,0.03174562,0.02642406,-0.5123757999999999,4.708444,1.498839,0.38387859999999996,3.559611,1.484194e-05,66.0,2.002773912239215
2.53737,0.9764261999999999,0.06822576,0.04085875,-1.233851,5.984147,2.0308349999999997,0.9647921999999999,3.511887,1.681653e-05,89.0,2.1720391009972877
2.53737,1.779713,0.26337109999999997,0.105859,1.660707,3.135574,5.302814,2.374101,0.8556301,2.531328e-06,115.0,0.9727611243529526
2.58707,0.04832965,0.1399944,0.08824452,2.708789,3.127035,1.398722,0.01062477,2.100521,3.873921e-06,0.0,1.0646678950428088
2.58707,0.06639126,0.02539877,0.02690103,2.349695,0.06669568,4.995941,0.01710656,2.605909,1.2860819999999999e-05,4.0,1.8794874713889027
2.58707,0.1091221,0.05358127,0.02691404,1.411203,1.471638,2.093843,0.03604639,5.414467,1.8157939999999997e-05,21.0,2.248033556410712
2.58707,0.177371,0.03592511,0.06820712,0.47527200000000003,6.129798,3.567654,0.0746986,3.238618,1.7730120000000003e-05,36.0,2.3358263615980484
2.58707,0.29461040000000005,0.05936504,0.03353441,2.66285,4.599974,0.7418060000000001,0.15990279999999998,6.015219,2.116283e-05,59.0,2.6874559634931696
2.58707,0.4479014,0.01324688,0.05649214,-1.084929,3.18538,4.425136,0.2997465,2.343782,1.603289e-05,65.0,2.1340739943765104
2.58707,0.6161389,0.0365105,0.07062427,2.855874,3.7040589999999995,2.516653,0.4836117999999999,2.2955740000000002,6.900431999999999e-06,86.0,1.3234143241613683
2.58707,0.9910804,0.06063023,0.0111179,-1.31427,2.500772,0.29010359999999996,0.9865944,5.287541,1.699714e-05,90.0,2.3386445326021152
2.58707,1.796412,0.07560606,0.02399943,-1.143201,5.345635,3.281048,2.4075990000000003,5.2344349999999995,1.200735e-06,117.0,0.7735318187928455
2.63774,0.04973328,0.04083015,0.1592728,1.844925,6.141007,1.6788900000000002,0.01109095,6.257275,9.059532000000001e-06,0.0,1.5590554501422824
2.63774,0.08024296,0.02953806,0.04560368,2.3615310000000003,5.00585,5.879524,0.02273027,4.736308999999999,1.7864e-05,13.0,2.4452004799147673
2.63774,0.1438848,0.0660893,0.03449335,-1.102326,6.18666,2.5429169999999996,0.05457704,3.6719470000000003,1.710389e-05,47.0,2.279814815643003
2.63774,0.2341955,0.05818901,0.04437398,-1.051679,3.439289,2.408758,0.1133337,0.0238013,1.390295e-05,36.0,2.112980137387072
2.63774,0.3204847,0.02851331,0.008355811999999999,-1.056101,2.82097,5.611638,0.18142439999999999,3.8107910000000005,1.285214e-05,68.0,1.9446670872844902
2.63774,0.4790844,0.03678323,0.004301261,-0.35524190000000005,1.462151,0.3386525,0.3315882,5.462088,1.668167e-05,75.0,2.1629130348420107
2.63774,0.682746,0.02728996,0.02615609,3.104629,1.262725,4.800941000000001,0.564112,0.45724670000000006,1.222743e-05,91.0,1.8064951064252996
2.63774,1.060531,0.02080428,0.0067966630000000005,0.07543633,5.000609,3.102144,1.0921049999999999,4.271406,8.285e-06,87.0,1.4627693846073104
2.63774,1.998231,0.22832429999999998,0.1136778,0.3341801,3.3043669999999996,6.018626,2.824522,2.638177,1.0685420000000001e-06,120.0,0.762336990578111
2.6894099999999996,0.05576097,0.05607417,0.1355132,1.243837,5.4460180000000005,4.348618,0.01316715,3.865297,1.702648e-05,0.0,2.0632520125199383
2.6894099999999996,0.1041049,0.05356928,0.04927867,0.5024655,5.40468,5.931039,0.03358914,0.02663617,2.021415e-05,23.0,2.409628445958676
2.6894099999999996,0.21162289999999997,0.1003266,0.09131812,-1.698516,4.369288,3.3397059999999996,0.09734805,0.8064405,2.017729e-05,54.0,2.6074649600686515
2.6894099999999996,0.3595586,0.09102599,0.09707354,-1.68825,5.822516,1.306311,0.2155932,3.404589,1.16716e-05,75.0,1.7967763266647934
2.6894099999999996,0.488076,0.02709231,0.04165154,2.091997,1.6980279999999999,0.44763559999999997,0.340972,2.9512560000000003,2.025255e-05,45.0,2.552248775690476
2.6894099999999996,0.6969401,0.02067373,0.1272082,-2.349006,5.144304,1.03633,0.5817986999999999,4.4838059999999995,5.074134e-06,86.0,1.1457837959562929
2.6894099999999996,1.0850520000000001,0.02376252,0.06173419,1.054936,4.669641,5.343013,1.130193,5.883424,1.267463e-05,108.0,1.902069102160798
2.74209,0.04600599,0.04411099,0.01854784,3.07936,0.8297127000000001,2.453009,0.009867819,4.739037000000001,1.496934e-06,0.0,0.8245434248694771
2.74209,0.05658152,0.02414725,0.01213476,0.37439479999999997,3.620947,1.8789209999999998,0.01345891,4.12613,6.923243e-06,2.0,1.3035813019123466
2.74209,0.07129696,0.01832538,0.01625308,1.998046,5.842993,1.765943,0.01903721,0.2158348,7.078908e-06,7.0,1.3012373090704408
2.74209,0.09684545,0.008707356999999999,0.01094259,0.2314125,6.231539,0.08492151,0.03013795,6.186673000000001,8.244104e-06,16.0,1.4679546934988001
2.74209,0.1197251,0.0482833,0.02113303,0.12514,1.737573,2.865842,0.04142584,1.087178,6.022976e-06,23.0,1.2754687991079614
2.74209,0.1422932,0.003928883,0.02166938,3.079993,3.245727,3.597971,0.0536745,3.55229,8.730229000000001e-06,35.0,1.5098571145914006
2.74209,0.1998593,0.002779073,0.002603235,1.1980790000000001,5.4685239999999995,2.7065740000000003,0.08934616,2.327204,1.00532e-05,42.0,1.571376502146349
2.74209,0.2790809,0.004357757,0.01166984,-1.262063,0.7602603,1.394508,0.1474281,1.904555,1.9491220000000002e-05,50.0,2.3698869532858544
2.74209,0.3835887,0.004739737,0.02440667,2.7389040000000002,0.6231074000000001,5.13245,0.237565,1.7797189999999998,6.511690999999999e-06,70.0,1.2728168885654982
2.74209,0.5114257999999999,0.005436165,0.004024049,-0.1534345,4.073243,3.281211,0.3657258,5.638071,1.027607e-05,74.0,1.6368384548565953
2.74209,0.6215782,0.02319142,0.01912854,-0.8980956,6.099116,2.850157,0.49002879999999993,3.9000150000000002,3.231306e-06,91.0,1.0435547246289725
2.74209,0.8160005,0.005070964,0.004639499,2.3065439999999997,2.589226,2.2160900000000003,0.7370793999999999,3.599012,1.337836e-05,88.0,1.9814227851427182
2.74209,1.153252,0.0027968479999999998,0.004280783,0.46341400000000005,2.644218,1.8619299999999999,1.238405,5.032176,6.856624e-06,92.0,1.290067638595145
2.7958,0.05009999,0.07801413,0.06714675,-1.018243,2.670467,4.651159,0.01121382,3.019158,1.4036979999999998e-05,0.0,2.0649212109168564
2.7958,0.07516386,0.1216433,0.11816379999999999,-0.4524018,2.614452,2.9064509999999997,0.02060672,0.9288059999999999,7.468218000000001e-06,22.0,1.3112784833574205
2.7958,0.1255086,0.04627316,0.02650387,-1.300966,3.837309,0.8781540999999999,0.04446332,4.533395,1.738051e-05,30.0,2.3228144332502065
2.7958,0.2177328,0.05359715,0.02005818,0.8454313,2.224501,5.550191000000001,0.10159510000000001,2.5427419999999996,2.018338e-05,52.0,2.474578466937313
2.7958,0.4157174,0.02033395,0.03162875,2.543457,2.307277,1.052686,0.2680252,2.509464,1.6663370000000002e-05,79.0,2.249085434044695
2.7958,0.6347385999999999,0.04705948,0.04439862,1.679372,2.7862150000000003,4.521152,0.5056782999999999,0.06111705,1.291721e-05,73.0,1.9382517624039552
2.7958,0.9579014000000001,0.03079922,0.03340689,-2.064307,2.3006729999999997,4.782843,0.9374885000000001,4.486144,1.1131669999999998e-05,56.0,1.7121515151840159
2.7958,2.3508139999999997,0.2373782,0.0327011,-0.3138489,0.2768952,5.022176,3.604172,4.581814,9.808923e-07,122.0,0.737115851315592
2.8505700000000003,0.05148392,0.07970739,0.01639075,1.09798,0.7011979,3.5182580000000003,0.01168167,1.873839,1.1818710000000002e-05,0.0,1.7894173877494386
2.8505700000000003,0.07787632,0.11731230000000001,0.05036998,-2.0699919999999996,5.5713349999999995,4.665839,0.02173219,1.39127,9.568475e-06,17.0,1.6219281521028388
2.8505700000000003,0.1104316,0.06388654,0.004120712,0.6625595000000001,3.576393,6.107318,0.0366973,1.9874439999999998,6.135118999999999e-06,30.0,1.2569571855747614
2.8505700000000003,0.1628113,0.04617791,0.02309603,-2.3767,0.44512959999999996,2.028291,0.06569263,3.895053,1.8775279999999998e-05,37.0,2.317355717143573
2.8505700000000003,0.2648353,0.04368198,0.02529813,2.716166,4.794589,4.072984,0.1362854,2.869642,1.51134e-05,61.0,2.0239800419157175
2.8505700000000003,0.35147459999999997,0.03506434,0.01607959,-1.550292,0.8148584,1.175993,0.20836220000000003,1.9765259999999998,6.910872e-06,90.0,1.3430870163798532
2.8505700000000003,0.5043741,0.02229106,0.007369495,1.849552,4.034783999999999,5.75327,0.35818920000000004,6.146127,1.0377370000000001e-05,70.0,1.5561096145645523
2.8505700000000003,0.699563,0.02142955,0.005480518,1.605883,4.050846,4.534453,0.5850869000000001,5.121846,1.4383010000000002e-05,86.0,2.065997930834639
2.8505700000000003,1.036352,0.02040097,0.04459608,0.8022057,4.5410449999999996,4.833908999999999,1.054994,5.753497,5.041089e-06,60.0,1.181009144609934
2.8505700000000003,1.455154,0.04771743,0.04636919,-0.7070462,2.0446779999999998,0.6501779999999999,1.755266,5.532293,2.9958980000000003e-06,87.0,1.0185982520853871
2.9064,0.05555418,0.10436,0.03023837,-2.906739,5.084651,3.663982,0.01309404,1.694834,6.557728e-06,0.0,1.2979929414141007
2.9064,0.07982262,0.02471499,0.01308838,2.966252,3.0595689999999998,1.992563,0.02255199,2.287648,1.200588e-05,8.0,1.7158134716305016
2.9064,0.11150260000000001,0.03737404,0.014774700000000002,2.3327720000000003,3.185127,2.061709,0.03723244,2.849137,9.128963e-06,22.0,1.6009808602229603
2.9064,0.17917750000000002,0.0441733,0.01901878,2.202414,4.120927,4.319832,0.07584278,4.201369000000001,2.224252e-05,24.0,2.4996153708989945
2.9064,0.30279429999999996,0.03209714,0.02438182,1.2143540000000002,5.398448999999999,3.7547620000000004,0.1666126,3.407854,1.3601010000000001e-05,49.0,1.9672044294176714
2.9064,0.3994337,0.0745069,0.0021398710000000002,2.690337,5.029432,6.068079,0.2524361,4.484608000000001,7.610278e-06,64.0,1.4014953317737393
2.9064,0.5853933000000001,0.008074226,0.04799705,0.5663649000000001,5.678834999999999,2.50026,0.4478701,2.547332,1.8724949999999998e-05,66.0,2.4279502803629707
2.9064,0.9170509,0.03857911,0.05657387,-2.064943,5.132681,3.513935,0.8781492000000001,0.4809981,1.068595e-05,84.0,1.6045061001023035
2.9064,1.333817,0.05898803,0.05930543,-2.142002,5.832856,3.618781,1.540359,6.2019459999999995,3.639696e-06,90.0,1.0535452932533729
2.96333,0.04901481,0.10303920000000001,0.1277167,-2.61322,2.3002130000000003,1.550767,0.01085149,2.052859,7.627637999999999e-06,0.0,1.4884970722547988
2.96333,0.07517948,0.09339629,0.04784196,2.514969,2.675239,4.759655,0.02061314,5.765579,1.4724570000000001e-05,10.0,2.0810165615216762
2.96333,0.1281433,0.01735149,0.08744881,2.223633,5.075067,2.668869,0.04587078,1.6878689999999998,1.351566e-05,31.0,1.809970450329347
2.96333,0.2065336,0.03815082,0.02458775,-1.95497,5.600959,2.358804,0.09385873,4.921825,1.641385e-05,45.0,2.0011523675806444
2.96333,0.3418059,0.07438349,0.07888713,-0.05913921,2.131801,4.765988,0.19982750000000002,2.75277,1.290741e-05,50.0,1.955915544070878
2.96333,0.4702638,0.05857785,0.06804532,2.981743,2.959304,4.661645,0.3224739,4.889408,6.743437e-06,75.0,1.3209693443142154
2.96333,0.591637,0.01032345,0.009126582,-1.298476,2.400986,5.06746,0.45505379999999995,3.949939,1.115464e-05,80.0,1.756138110513347
2.96333,0.8452968000000001,0.06563274,0.01921677,-0.5543701,1.06453,0.9888509,0.7771368000000001,0.5438396,1.017588e-05,66.0,1.5372502727871062
2.96333,1.249144,0.07713479,0.03638235,0.9057056,2.363108,2.580395,1.39604,5.489098,2.121077e-06,106.0,0.9239131447398199
2.96333,1.6157270000000001,0.06431017,0.08153017,-0.3843231,5.823562,5.042229,2.053672,5.832501000000001,2.048832e-06,89.0,0.890899343464624
3.0213799999999997,0.05942798,0.08273598,0.020658799999999998,-0.11290370000000001,5.489529,4.5227129999999995,0.01448716,5.295865,1.465671e-05,0.0,1.9797838007954507
3.0213799999999997,0.09303236,0.04191308,0.05249488,0.2994095,4.691884,0.24082729999999997,0.02837568,1.6165530000000001,7.417853e-06,16.0,1.3372974984465307
3.0213799999999997,0.12701400000000002,0.03640237,0.017929499999999998,2.518981,0.7470388000000001,6.1479669999999995,0.04526581,2.899849,9.283666e-06,20.0,1.6564685883334995
3.0213799999999997,0.17929720000000002,0.02904554,0.04475479,-1.3725319999999999,2.784594,4.457787000000001,0.07591915,3.0510919999999997,8.854338e-06,36.0,1.4394495720682055
3.0213799999999997,0.24207350000000002,0.05197385,0.05124723,2.690934,4.151112,1.496733,0.1190991,1.024918,1.772616e-05,49.0,2.3984459983850677
3.0213799999999997,0.38436,0.03887031,0.07331701,-1.389683,2.9862330000000004,0.22928800000000002,0.2382828,4.839108,8.75729e-06,54.0,1.4484458973676317
3.0213799999999997,0.5056318000000001,0.00998261,0.04842561,-0.1461422,1.258184,3.4876620000000003,0.3595295,2.389337,1.145914e-05,60.0,1.6315121882934567
3.0213799999999997,0.7134694,0.01773039,0.02247087,2.129727,5.345848999999999,0.02434499,0.6026205,5.082236,9.932947e-06,75.0,1.5601042611226157
3.0213799999999997,0.9520069999999999,0.01574039,0.04259382,2.484109,3.007175,5.3245629999999995,0.9288361999999999,6.111137,3.421983e-06,89.0,1.0544695826224126
3.0213799999999997,1.182223,0.02076244,0.02683337,0.8144073000000001,6.155848000000001,3.6497089999999996,1.2853729999999999,2.969846,5.470057e-06,78.0,1.2329817336845168
3.0213799999999997,1.588918,0.1604668,0.09913621,3.094306,3.13247,0.3100312,2.002769,0.5071433,1.14351e-06,99.0,0.7536280980477198
3.0805599999999997,0.05737768,0.0003030468,5.841321999999999e-05,1.103537,0.7904965,0.41740109999999997,0.01374401,4.80595,4.447868e-06,0.0,1.145332384568182
3.0805599999999997,0.07358742,0.0001728334,5.6142080000000004e-05,1.1113540000000002,3.2299729999999998,1.9965959999999998,0.01996192,3.9382080000000004,1.014064e-05,5.0,1.7733872726521769
3.0805599999999997,0.11141849999999999,0.0001649745,4.318428e-05,1.172711,6.085541,4.631393,0.03719035,3.656164,1.27331e-05,16.0,1.8849435291497418
3.0805599999999997,0.1566349,0.0004013249,2.2220109999999998e-05,1.458836,4.443258,4.476471,0.06199051,4.856769,8.169989000000001e-06,26.0,1.4154533343008286
3.0805599999999997,0.18311629999999998,0.001670596,1.4769439999999999e-05,1.825422,1.812787,1.049942,0.07835709,3.693166,4.21948e-06,37.0,1.0976030763797706
3.0805599999999997,0.2414476,0.000497649,2.9200790000000003e-05,-2.614705,3.7107930000000002,6.238499,0.11863800000000001,5.141506,1.3185879999999999e-05,31.0,1.9010864149867202
3.0805599999999997,0.32454190000000005,0.0001568357,6.42269e-05,-2.335125,1.305221,0.33994050000000003,0.1848808,1.3701510000000001,9.410701e-06,54.0,1.5473887252242822
3.0805599999999997,0.4318808,0.0009485155,5.67507e-05,-2.099413,2.699665,3.820303,0.2838145,3.219903,3.313788e-06,33.0,1.043192580858007
3.0805599999999997,0.5757878000000001,0.0002337716,1.2690450000000001e-05,0.925276,6.006208,0.4908552,0.43689279999999997,6.125668,2.084627e-05,57.0,2.7099791332250787
3.0805599999999997,0.7421385,0.001035957,0.0002683806,2.455083,4.590846,0.6537066999999999,0.6393021,6.173923,1.314989e-06,85.0,0.8039207082794526
3.0805599999999997,0.8826638000000001,0.0014385239999999998,1.857308e-05,-1.5077690000000001,2.495812,0.5913443,0.8292252,5.885372,7.80819e-06,77.0,1.4373615458540634
3.0805599999999997,1.160418,0.00183135,1.840082e-05,-1.877748,2.005216,3.137566,1.249971,3.010577,2.6770609999999997e-06,86.0,1.006919060327467
3.0805599999999997,1.46766,0.008102821999999999,5.409393e-05,-1.622365,2.6672689999999997,3.199785,1.777941,2.168325,2.5972230000000003e-06,82.0,0.9600693962111255
3.1409,0.06696091,0.0141952,0.06367075,-1.1631209999999998,3.350248,3.835607,0.01732724,1.676741,1.2347439999999999e-05,0.0,1.7884933314197324
3.1409,0.11638110000000002,0.08574368,0.07424375,-1.7786349999999997,5.536544,1.790773,0.0397024,4.164726,1.834611e-05,11.0,2.3454620090255838
3.1409,0.21157620000000002,0.006978476,0.06907553,-2.137205,1.084423,6.247525,0.09731717,1.029048,1.89998e-05,25.0,2.3258175605435305
3.1409,0.36844540000000003,0.057978699999999994,0.03982178,1.6129930000000001,0.47793549999999996,2.155367,0.2236368,0.07248528,2.5570320000000003e-05,45.0,2.8237492306894794
3.1409,0.7202039000000001,0.05621265,0.056067,2.302925,6.015608,2.955828,0.6111699,1.01379,1.3466760000000002e-05,71.0,1.9351791634240247
3.1409,1.040408,0.0898821,0.06226853,-0.2038644,0.8699019,6.143473999999999,1.061175,5.337326999999999,7.837758e-06,67.0,1.326805994820508
3.1409,2.134147,0.16685479999999997,0.06618284,-0.02661704,5.6237580000000005,2.928928,3.1175610000000002,3.487104,1.366403e-06,81.0,0.8010965473115848
3.1409,2.3523709999999998,0.544417,0.08601588,0.4667564,3.8474760000000003,2.082256,3.6077980000000003,3.475386,1.258983e-06,65.0,0.7853151870521803
3.20242,0.06324310000000001,0.03324683,0.02480453,-2.07787,1.148894,6.174044,0.01590441,0.8698394,1.052488e-05,0.0,1.6557944749432543
3.20242,0.1027536,0.007963247,0.002930148,2.033321,2.936325,3.8065260000000003,0.03293745,5.105387,1.595099e-05,12.0,2.1272567485739375
3.20242,0.15659720000000002,0.08915907,0.01893865,0.06057767,4.665518,5.28601,0.06196778,0.664259,6.0068e-06,30.0,1.2369640548596945
3.20242,0.2184202,0.0076892340000000005,0.008276419,1.5594299999999999,4.792516,5.871023999999999,0.1020776,5.795088,1.4535610000000001e-05,28.0,2.031159227182778
3.20242,0.3320921,0.05029626,0.01345706,-2.7999240000000003,0.18353570000000002,0.09525018,0.1913695,2.751287,1.2263130000000002e-05,49.0,1.846117402951722
3.20242,0.4587122,0.006590372,0.01082615,0.9242754999999999,0.9801915999999999,0.3102362,0.3106653,4.6757800000000005,1.177625e-05,52.0,1.7839111978657307
3.20242,0.4940744000000001,0.0794269,0.05198688,-2.067066,0.5309374,0.35947090000000004,0.3472708,2.0410060000000003,1.277899e-06,83.0,0.7979453372186989
3.20242,0.6207233,0.03057035,0.005493542,-0.14406549999999999,2.7176099999999996,3.186756,0.4890206,0.6495231,1.107705e-05,66.0,1.7209776301709514
3.20242,0.9781470999999999,0.01308734,0.000987579,0.8176317,2.272708,2.5246150000000003,0.9673729,5.703233999999999,9.81699e-06,45.0,1.7051342949977226
3.20242,1.136798,0.01544702,0.00407531,-1.6933340000000001,3.41451,3.504793,1.212004,1.8136860000000001,2.6162220000000002e-06,87.0,0.9672382823471739
3.26515,0.06583091,0.05385636,0.03425005,3.0025150000000003,1.780182,1.279919,0.01689045,2.816204,1.6503110000000002e-05,0.0,2.3374300055561426
3.26515,0.1143251,0.09952832,0.05331973,0.6118824,4.687467,5.8426029999999995,0.03865512,0.658092,8.873683999999999e-06,20.0,1.4929850403802905
3.26515,0.1920303,0.07906033,0.03962669,-0.8646716,2.2313259999999997,2.161218,0.08414761,0.91546,2.260404e-05,31.0,2.7732177068208586
3.26515,0.32893479999999997,0.04697147,0.01486241,0.45825720000000003,4.451316,4.273236,0.18865,5.588295,1.118575e-05,22.0,1.7673538553203705
3.26515,0.46954350000000006,0.02392897,0.03356835,-1.650162,0.9936844000000001,6.185225,0.321735,0.5845357,1.1949860000000001e-05,55.0,1.7932437606670508
3.26515,0.7290886,0.04565675,0.0421963,2.012202,3.437646,3.238838,0.6225196,4.001421,9.136762e-06,59.0,1.5047077004111498
3.26515,0.9912514000000001,0.02891162,0.017361099999999997,2.507186,0.3495213,4.334436,0.9868604,1.535464,1.181502e-05,78.0,1.788367710160721
3.32911,0.08844187,0.01444285,0.07706652,2.468498,1.322806,0.11579160000000002,0.0263015,2.622147,2.9505640000000004e-05,0.0,3.042713669730296
3.32911,0.24593850000000003,0.04129535,0.13422979999999998,0.1606395,1.474925,5.1856230000000005,0.12196300000000002,3.5187449999999996,2.3981689999999997e-05,30.0,2.7634199776820214
3.32911,0.46749769999999996,0.06581159,0.02711071,-1.941925,3.643811,0.7073893,0.31963379999999997,5.173413,2.248431e-05,37.0,2.821625992252843
3.32911,0.7607292,0.08740074,0.08590603,2.7775119999999998,2.323112,2.267014,0.6634755999999999,3.401617,7.622591e-06,58.0,1.3777338869890596
3.32911,1.09156,0.06992594,0.03946363,-2.0857240000000004,5.470434,3.9215720000000003,1.1403889999999999,0.6140982,9.265757e-06,45.0,1.6007144188982196
3.32911,1.949841,0.17362360000000002,0.1348676,-2.401767,1.6704169999999998,1.085435,2.7225650000000003,2.131415,1.2667700000000001e-06,64.0,0.796748213294467
3.3943199999999996,0.05160957,0.1288246,0.07976291,-1.90872,4.852767,1.600906,0.01172448,4.682481,8.027466e-06,0.0,1.4029567236495257
3.3943199999999996,0.08927657,0.07927102,0.0221065,-0.3799902,6.229577,4.381985,0.02667481,4.656929,1.4862349999999998e-05,11.0,2.1743984104273038
3.3943199999999996,0.1649839,0.03229566,0.02503231,1.4278600000000001,4.178514,4.923851,0.0670121,5.558619,1.813449e-05,30.0,2.2824062728845718
3.3943199999999996,0.28504320000000005,0.11430139999999998,0.08798745,-0.923657,5.559426,1.864497,0.1521789,3.439004,1.3296529999999998e-05,43.0,1.9035015306809258
3.3943199999999996,0.45097309999999996,0.0396228,0.05720572,2.7946869999999997,2.183598,4.276429,0.30283899999999997,5.528182,1.106755e-05,54.0,1.7520163785298233
3.3943199999999996,0.7093401,0.05465194,0.02657949,-1.693559,3.93655,3.945582,0.597399,1.809777,1.4534749999999998e-05,60.0,2.0023613792941948
3.3943199999999996,1.2012610000000001,0.09209313,0.09096531,1.5758290000000001,6.097375,1.6706130000000001,1.316549,0.33787459999999997,6.68331e-06,89.0,1.3339693097385739
3.46081,0.06171138,0.08505103,0.02075967,0.611692,3.8057819999999998,0.14885120000000002,0.015330100000000001,2.16095,1.314497e-05,0.0,1.8855241768367343
3.46081,0.1078725,0.07103069,0.02976658,0.06199173,3.9752730000000005,2.1439,0.03542918,4.25915,1.05593e-05,16.0,1.68672333674659
3.46081,0.1527682,0.09631159,0.06193258,1.521151,0.8460380999999999,2.051313,0.05970939,5.899837000000001,8.36476e-06,27.0,1.4991843129765439
3.46081,0.23042379999999998,0.01850578,0.05512218,-1.955344,3.995282,5.875329,0.1106063,3.8121389999999997,1.848491e-05,35.0,2.2115439537142265
3.46081,0.4096317,0.05909741,0.06564824,0.5751170999999999,2.9400180000000002,0.5863972,0.26216350000000005,3.3311660000000005,1.284434e-05,45.0,1.768711067677934
3.46081,0.7098315,0.08591479,0.04881549,2.480275,5.689369999999999,2.932424,0.5980228,1.202458,1.939945e-05,44.0,2.4621579946514545
3.46081,1.490964,0.1480268,0.10857060000000002,-1.25094,2.190423,2.006417,1.8204619999999998,1.347744,4.620319e-06,64.0,1.137805990336663
3.5286,0.05286222,0.07322336,0.07907108,0.3274695,2.400696,2.000705,0.01215391,5.45141,1.000529e-05,0.0,1.651768616723714
3.5286,0.08010506,0.02378561,0.11308679999999999,3.0516959999999997,1.8071560000000002,4.330801,0.02267182,5.730537,6.79166e-06,14.0,1.3324679859834254
3.5286,0.1172653,0.030931900000000002,0.03337438,0.1478082,2.484713,0.5918445999999999,0.04015583,4.188326,8.715681e-06,23.0,1.5284343715009858
3.5286,0.1463384,0.0689785,0.04521204,2.1506849999999997,1.217616,4.757073,0.05597973,1.526165,5.8527269999999996e-06,33.0,1.2199588963350698
3.5286,0.21564070000000002,0.01289267,0.02784934,-2.255916,0.6192151,0.8561622,0.1001352,2.5082430000000002,1.216991e-05,38.0,1.9718358948985988
3.5286,0.2957364,0.0752911,0.04115494,-0.1952636,5.978028,6.133616,0.16082249999999998,0.40757109999999996,4.551165e-06,54.0,1.1458941218433125
3.5286,0.36808609999999997,0.06342044,0.04262423,-1.0916649999999999,1.510424,1.941959,0.22331199999999998,1.650036,7.704676e-06,60.0,1.4136107844137475
3.5286,0.5128865,0.0274223,0.03457036,-1.6595669999999998,5.0220910000000005,3.202548,0.3672964,6.114167,1.1051e-05,64.0,1.8374344540080854
3.5286,0.7255441,0.04297404,0.02855368,2.792568,4.696864,4.823857,0.6179855,3.5800330000000002,1.041278e-05,65.0,1.5938505957854296
3.5286,1.104625,0.03808671,0.08571295,1.594065,6.063809,5.349519,1.1609399999999999,3.920231,3.12477e-06,63.0,1.0256802238243377
3.5286,1.642854,0.09432485,0.07507660000000001,0.4888157,5.254612,1.7331459999999999,2.1056220000000003,2.406325,2.181605e-06,88.0,0.9120938298620072
3.5977099999999997,0.05722299,0.004230282,0.0030091740000000003,-1.26489,3.9059839999999997,0.2998583,0.01368846,3.9359,6.026224e-06,0.0,1.2056050491788577
3.5977099999999997,0.07150641,0.003862687,0.006651939,1.38271,4.454364,0.6865604000000001,0.01912123,1.1396819999999999,1.761745e-06,7.0,0.8474324782755589
3.5977099999999997,0.08387141,0.002175093,0.001602462,-2.6930400000000003,0.730544,2.5190099999999997,0.02428946,4.477273,6.311172e-06,9.0,1.2983737342809685
3.5977099999999997,0.10521860000000001,0.003083363,0.004763945,1.266481,0.42743559999999997,5.699667,0.03412988,4.001072,4.670641e-06,16.0,1.1626651091043034
3.5977099999999997,0.12221680000000001,0.007453006999999999,0.002700303,-1.354177,4.377073,1.076084,0.04272591,4.322556,3.78935e-06,20.0,1.0914672430986199
3.5977099999999997,0.1483963,0.0054810069999999995,0.0021871029999999997,-2.000932,2.196401,4.691804,0.05716471,4.485644000000001,6.895735e-06,25.0,1.3275886122789833
3.5977099999999997,0.1899165,0.0070713009999999995,0.003198182,0.9453832,3.4736510000000003,1.727597,0.08276269,3.585643,5.106970999999999e-06,31.0,1.208712304523869
3.5977099999999997,0.23773809999999998,0.0022266210000000002,0.0006012548999999999,-1.951114,4.058228,1.489108,0.11591510000000001,5.662593,8.312448e-06,30.0,1.4744980186051833
3.5977099999999997,0.28989309999999996,0.002207004,0.00251479,2.296575,1.582008,3.7130589999999994,0.1560798,6.116932,4.334209e-06,45.0,1.0986208216087041
3.5977099999999997,0.3518705,0.003387248,0.0005936519,-0.6029946999999999,5.928446,0.4267407999999999,0.20871900000000002,1.391137,9.098158e-06,49.0,1.494967309542906
3.5977099999999997,0.4476893,0.004028886,8.497107e-05,1.7400330000000002,1.9365430000000001,4.962043,0.2995372,1.29321,9.301754e-06,54.0,1.5804361956702078
3.5977099999999997,0.6314042,0.001660559,0.0001916542,1.3212959999999998,2.860163,1.576586,0.5017020999999999,3.676617,4.917867e-06,59.0,1.1349408098769316
3.5977099999999997,0.8825921999999998,0.001086364,0.0002139718,2.7076130000000003,5.904406,4.132837,0.8291315999999999,1.8061169999999998,6.313589e-06,67.0,1.3048306143128583
3.5977099999999997,0.9606288000000001,0.0035576320000000002,3.916215e-05,0.3619687,4.543082,3.319121,0.9414893,4.690141000000001,6.21799e-06,68.0,1.257792764359747
3.5977099999999997,1.31892,0.002852367,9.939931000000001e-05,-2.770156,5.709788,0.05312621,1.514638,3.3952440000000004,2.560231e-06,73.0,0.9579431507348659
3.66819,0.05723021,0.0005340861000000001,2.391596e-05,1.076028,2.989446,3.9280019999999998,0.01369107,6.145567,2.747604e-06,0.0,1.00439650203238
3.66819,0.07008142,0.00014840479999999999,2.35883e-05,1.086147,4.709746,3.894133,0.0185525,4.381145,5.628595e-06,3.0,1.2453013322679731
3.66819,0.08649608,0.0001382645,2.306259e-05,1.089537,0.8247658000000001,6.263946,0.02543853,4.349385,3.854289e-06,9.0,1.1086746118845285
3.66819,0.1056787,0.0001245547,2.227525e-05,1.10881,4.021624,3.342492,0.03435399,4.495,5.940219e-06,13.0,1.2308745105373529
3.66819,0.1312385,0.00022559740000000002,2.10833e-05,1.1379489999999999,0.8068563,5.659427,0.04754299,3.714378,6.172861000000001e-06,19.0,1.2720051949527433
3.66819,0.163354,0.00024344,1.914092e-05,1.201325,3.5312,2.6033,0.06602189,4.153548000000001,6.3519830000000005e-06,23.0,1.2877010600839256
3.66819,0.2158362,0.0005373201,1.5935720000000002e-05,1.393917,1.557975,1.403316,0.1002715,4.733535,9.944479e-06,25.0,1.5771760716709666
3.66819,0.2665525,0.001837146,1.1813119999999998e-05,1.7469990000000002,4.947962,3.884958,0.1376142,3.4719879999999996,3.475677e-06,40.0,1.053013154969126
3.66819,0.32423520000000006,0.0007950783000000001,1.0844449999999999e-05,2.7467610000000002,0.2441942,1.402829,0.1846205,4.693469,6.9971220000000005e-06,39.0,1.2885597706776957
3.66819,0.4073104,0.00041456779999999996,1.9373229999999998e-05,-2.736391,5.254265,6.047706,0.259941,3.529519,7.335934999999999e-06,50.0,1.408822070597099
3.66819,0.5016129,0.000315014,3.640702e-05,-2.099154,1.995023,3.5720160000000005,0.3552538,3.675825,3.792757e-06,53.0,1.0612959684623506
3.66819,0.6209385000000001,0.001113122,8.550527e-05,-1.326969,0.5155572,5.256386,0.4892767,6.067322,5.2646529999999995e-06,63.0,1.2105847079887697
3.66819,0.8179098000000001,0.0005477055000000001,1.1952539999999999e-05,2.9651009999999998,4.845276,5.235685,0.739675,3.707906,1.3234200000000001e-05,57.0,1.8234678438445433
3.66819,1.035666,0.0005555649,0.004319233,-1.528418,0.01848361,0.9389678,1.0539450000000001,2.449611,2.565869e-06,47.0,0.9665844137083113
3.66819,1.038878,0.001130348,0.009500116,1.60398,2.3003549999999997,5.766821,1.058851,1.86465,1.1944750000000001e-06,49.0,0.7854100647435713
3.66819,1.192999,0.0005376978,3.665462e-05,-1.19156,2.886797,0.9377518,1.302991,5.524961,1.376728e-06,73.0,0.8091720216722935
3.74004,0.05809708,0.1634319,0.07548192,2.231146,3.162327,5.330836,0.01400327,6.19492,8.890744e-06,0.0,1.4811083309690027
3.74004,0.09226857,0.1772852,0.11456600000000002,0.8719068000000001,3.819405,5.963653,0.02802696,1.627139,1.298099e-05,11.0,1.940371421483635
3.74004,0.1933308,0.03577088,0.07848273,0.1115359,0.2151524,3.8393629999999996,0.08500469,3.4877730000000002,1.816099e-05,26.0,2.380047157713647
3.74004,0.2994134,0.11783210000000001,0.1122262,-1.95395,1.265099,1.3253190000000001,0.1638309,2.213062,1.0334000000000001e-05,40.0,1.7393381618397632
3.74004,0.4535972,0.07161008,0.10799890000000001,-1.8198349999999999,3.850047,0.2730959,0.3054841,4.388064,1.567717e-05,54.0,2.1728479364929862
3.74004,0.9784799999999999,0.1051454,0.06186492,1.425614,1.12937,4.7949459999999995,0.9678643,2.391855,1.1660219999999999e-05,46.0,1.764642845389673
3.74004,1.3682,0.03372872,0.15482020000000002,2.2908880000000003,5.240794,1.317493,1.6003209999999999,0.07385014,3.3271690000000003e-06,62.0,1.0291016227438254
3.8133,0.05796041,0.004478963,4.9421559999999996e-08,-0.1933703,1.823321,3.5684620000000002,0.01395393,1.946854,2.699332e-06,0.0,0.9721065271758481
3.8133,0.06559837,0.006340391999999999,2.1073419999999994e-08,1.120608,3.715489,1.938452,0.01680113,3.3825,2.744145e-06,3.0,0.9738191589815416
3.8133,0.07526612,0.0014099689999999998,3.332001e-08,-2.015886,3.7907629999999997,3.104927,0.02064893,1.33279,2.7899509999999997e-06,6.0,0.9862584068955516
3.8133,0.09317848,0.00112592,4.470348000000001e-08,0.40339559999999997,5.7186650000000006,0.5171598,0.02844266,0.6796986,6.693809e-06,9.0,1.328681350059922
3.8133,0.1143636,0.0033461579999999997,4.9421559999999996e-08,0.8127699,5.998881,1.099146,0.03867477,0.5743083000000001,2.9501729999999996e-06,16.0,1.009521254750693
3.8133,0.12715610000000002,0.0019867920000000002,2.1073419999999994e-08,-1.515664,0.4560321,3.624855,0.04534203,4.680514,4.012226e-06,19.0,1.1105445250118247
3.8133,0.1675063,0.0012752780000000001,3.332001e-08,0.30560129999999996,0.36466020000000005,1.52578,0.06855513,0.8574465,8.322832e-06,23.0,1.378701574855991
3.8133,0.2103096,0.0006451193,1.490116e-08,-0.5728569,1.246428,0.03653899,0.0964453,5.645385,4.279861e-06,28.0,1.0934646431321449
3.8133,0.25557240000000003,0.0007617680999999999,1.490116e-08,0.06555009,2.9538740000000003,2.025569,0.1291998,5.288053,7.860019999999999e-06,35.0,1.3940290930197756
3.8133,0.3466073,0.001631385,0.0,-1.305772,4.804444999999999,6.23514,0.2040531,2.737751,1.0606480000000001e-05,37.0,1.7527340869681134
3.8133,0.4569527,0.001312075,0.0,-0.7154789,1.8115400000000002,3.090734,0.3088843,1.997063,8.440354e-06,36.0,1.5046139211259266
3.8133,0.5744674,0.001414246,2.1073419999999994e-08,-1.6737060000000001,5.102041000000001,6.032488,0.43539209999999995,2.605598,3.974892e-06,63.0,1.1066382288666832
3.8133,0.7355953000000001,0.002568044,5.1619140000000005e-08,-1.718407,2.649308,3.3894230000000003,0.6308756,2.461755,6.331267e-06,56.0,1.2794678935334036
3.8133,0.9905497999999999,0.0005049905,1.0215719999999999e-07,-2.3801360000000003,0.221511,4.8036389999999995,0.9858203000000001,0.6797129,9.175587e-06,59.0,1.607726266779018
3.8133,1.232442,0.00142378,3.9872790000000003e-07,1.241975,4.6313629999999995,4.649615,1.3681450000000002,5.0567839999999995,1.354993e-06,71.0,0.8124156702158603
3.8879900000000003,0.060283,0.0001231657,7.74287e-08,1.8785470000000002,4.944634,4.131591,0.01480099,3.5914879999999996,6.199122999999999e-06,0.0,1.248296975230362
3.8879900000000003,0.07355328,0.0002498316,7.146346e-08,1.873303,3.212272,2.4457,0.01994808,3.643071,2.731684e-06,7.0,0.99943455064223
3.8879900000000003,0.09693826,0.0001846066,6.143905999999999e-08,1.9367400000000001,1.7273349999999998,5.122047,0.03018139,1.45834,7.591262000000001e-06,10.0,1.4651674346351287
3.8879900000000003,0.1138943,0.0003607187,4.9421559999999996e-08,1.921776,0.6947886,0.08740559,0.03843692,3.7536120000000004,2.907106e-06,18.0,1.0027354536545992
3.8879900000000003,0.15524749999999998,0.0002862053,2.1073419999999994e-08,-2.856622,1.498378,4.42667,0.0611689,5.7846400000000004,7.0625670000000005e-06,23.0,1.359479452515398
3.8879900000000003,0.1974682,0.0003927989,3.942477e-08,-2.060639,3.187627,5.661796,0.08774812,4.534035,8.497421e-06,30.0,1.4103361385035624
3.8879900000000003,0.2419154,0.0003592929,5.37269e-08,-1.785289,6.0809940000000005,1.405127,0.11898339999999999,3.392429,4.363186e-06,36.0,1.1271994248296942
3.8879900000000003,0.2876579,0.0005897381,6.322026999999999e-08,-1.536311,3.524455,1.489831,0.15428029999999998,5.7843089999999995,1.8890400000000003e-06,14.0,0.8918447476171627
3.8879900000000003,0.32950690000000005,0.0006666439,5.5755040000000005e-08,-1.387817,3.985035,2.233539,0.1891414,5.919032,5.563004e-06,39.0,1.1806080951451188
3.8879900000000003,0.40064,0.0013519920000000002,2.5809570000000003e-08,-0.7078549,6.004976999999999,5.440479,0.2535831,0.14374379999999998,4.6390969999999995e-06,45.0,1.1611837091411825
3.8879900000000003,0.48847240000000003,0.0002910524,2.980232e-08,1.431529,1.780864,4.156969999999999,0.3413839,0.9450484,2.543572e-06,63.0,0.9739167079327395
3.8879900000000003,0.48898279999999994,0.0004104092,2.980232e-08,1.608791,5.515455,5.145857,0.34192209999999995,4.304043,9.645434e-06,48.0,1.559019383930762
3.8879900000000003,0.6274141,0.00019765189999999998,4.462892e-07,2.816279,4.687167,0.20290379999999997,0.49695559999999994,5.265492,2.4204089999999998e-06,56.0,0.9451440605811392
3.8879900000000003,0.7058873,0.00046183080000000004,5.179090999999999e-07,-0.2906547,4.3380529999999995,0.8531056,0.5930422,3.088941,1.324783e-06,71.0,0.7966496488518247
3.8879900000000003,0.8921879,0.00019172700000000002,5.37269e-08,-0.6321507,6.036837,1.297923,0.8426901,2.1767369999999997,9.045848e-06,61.0,1.4720873927933658
3.8879900000000003,1.155042,0.0005664405,1.084821e-07,2.571011,4.768587999999999,3.440086,1.241316,2.384451,3.807303e-06,59.0,1.0546821327860285
3.96415,0.05585087,0.01988176,0.00527435,-0.7134574,5.5197,5.62909,0.013199100000000002,0.8524938,2.793381e-06,0.0,0.9922632311456265
3.96415,0.06787278,0.02463307,0.003921536,-0.7677954,5.321783,4.275123000000001,0.01768244,5.990347,3.802898e-06,2.0,1.0802601240178937
3.96415,0.07926647,0.02009271,0.004555068,-0.7498741999999999,5.415822,2.255186,0.02231673,3.8460959999999997,3.880356e-06,7.0,1.0910897432124345
3.96415,0.0934298,0.02453313,0.004798146,-0.7298066,5.4351650000000005,3.411807,0.02855774,4.94206,2.983454e-06,12.0,0.9956685763988116
3.96415,0.1141914,0.01848064,0.0033427179999999997,-0.8373638000000001,5.773465,0.6156305000000001,0.03858754,1.9965680000000001,6.0404420000000005e-06,5.0,1.2279067460324855
3.96415,0.1435191,0.01541016,0.001379525,-0.9321931,5.916024,0.1268897,0.05436997,1.456823,6.313056e-06,20.0,1.2408275823744148
3.96415,0.190885,0.01068388,0.0018753429999999998,1.9836479999999999,4.0589830000000005,3.6227410000000004,0.08339689,3.8493190000000004,9.922507000000001e-06,26.0,1.5897626881804516
3.96415,0.2658432,0.013609799999999998,0.008878585,2.0223720000000003,3.409368,3.53379,0.1370657,4.359602,8.282827e-06,34.0,1.3659948553814905
3.96415,0.3823841,0.001405955,0.0046445720000000005,-1.9206459999999999,0.4892641,4.958138,0.2364494,0.1066336,8.636889e-06,37.0,1.4314408706740553
3.96415,0.4790009,0.01032271,0.001702236,-0.6308477,0.25886020000000004,4.304392,0.33150599999999997,4.655759,7.372233e-06,40.0,1.3986045403068772
3.96415,0.6282769,0.01446561,0.02033571,1.9289479999999999,2.071469,5.8214440000000005,0.4979777,1.848929,2.75375e-06,63.0,0.9827779710322324
3.96415,0.7636477,0.001115554,0.006861248,-0.942535,1.18812,2.3675889999999997,0.6673034999999999,2.123903,9.310103e-06,56.0,1.4323143420719875
3.96415,0.9644287,0.01455552,0.01843927,1.923698,1.497004,6.069069,0.9470831000000001,2.661932,1.390215e-06,67.0,0.8016816279552719
3.96415,1.109219,0.01576858,0.0011127280000000001,-1.2934370000000002,2.704496,1.039209,1.168185,5.899662999999999,3.882466e-06,44.0,1.1030257901337817
3.96415,1.279742,0.02534853,0.0075691709999999995,1.9726240000000002,2.996873,4.838066,1.44767,6.144895,1.238206e-06,49.0,0.7859311699979982
3.96415,1.4917559999999999,0.01699912,0.00500691,-1.121465,0.6748556,5.05739,1.8219189999999998,5.479744999999999,1.408604e-06,69.0,0.7995008654180465
4.0418,0.05606202,0.1053751,0.02170303,-0.6979555000000001,4.86417,0.6145919,0.013274000000000001,2.806419,6.437249000000001e-06,0.0,1.2357624637382487
4.0418,0.0777993,0.07350786,0.04040725,2.78498,0.1880901,3.2660259999999997,0.02170007,0.3394723,5.014685e-06,6.0,1.1874668604150882
4.0418,0.10128150000000001,0.007873829,0.05157468,-2.684671,6.010972,5.767651,0.03223229,2.451422,7.861455e-06,12.0,1.365191325177486
4.0418,0.16823829999999998,0.01446666,0.02460193,0.7615951,1.675862,4.207189,0.06900502,1.7979889999999998,1.117468e-05,21.0,1.6729555837055476
4.0418,0.23618240000000001,0.04633599,0.02081694,-1.2847540000000002,1.1027049999999998,2.874879,0.11477899999999999,3.064337,9.940141e-06,33.0,1.584412584090284
4.0418,0.32279220000000003,0.01860416,0.0390235,-0.650818,0.3455679,1.776607,0.1833894,2.113941,6.169081e-06,40.0,1.2842428490023887
4.0418,0.49432,0.01819114,0.01204489,2.260238,4.676174,1.3044229999999999,0.3475357,0.6736523,1.216121e-05,46.0,1.9080333222047616
4.0418,0.6307670999999999,0.03298927,0.0221265,-0.3353737,2.165612,3.918599,0.5009445,2.144521,5.7091859999999995e-06,57.0,1.2152337715304782
4.0418,0.8536246,0.02200465,0.03064171,2.271344,5.465542,0.04062409,0.7886514,4.826471,5.85073e-06,63.0,1.2332610742521928
4.0418,1.0686799999999999,0.03290477,0.005857409,-2.9421939999999998,3.081327,1.3035649999999999,1.1047280000000002,1.225841,3.581513e-06,68.0,1.0636934244486167
4.0418,1.422428,0.05348876,0.01711651,-0.3790946,1.437592,0.655284,1.696404,5.835269,1.232514e-06,75.0,0.7959688773658181
4.12097,0.06038421,0.02356249,0.10948440000000001,-2.949351,3.5216220000000003,5.76694,0.01483827,5.152354,8.396495999999999e-06,0.0,1.4545583727881382
4.12097,0.10304400000000001,0.11442619999999999,0.11354739999999999,1.981975,0.8541462,1.440691,0.03307727,4.658677,1.2611079999999999e-05,10.0,1.8487231336287655
4.12097,0.19684300000000002,0.051568899999999994,0.0834067,-1.7661,4.668677,3.522982,0.08733169,0.6836350999999999,1.577776e-05,24.0,2.2848410256836216
4.12097,0.3275935,0.05973345,0.06377341,2.2602990000000003,1.114472,2.483007,0.187496,5.294045,1.081261e-05,41.0,1.7058660707068989
4.12097,0.49836179999999997,0.04032545,0.08168763,-0.9398460999999999,6.200065,5.620692,0.3518063,0.3903204,1.259201e-05,46.0,2.0244626969739743
4.12097,0.6989396,0.08056247,0.1445985,0.7983286,1.888543,3.171971,0.5843116999999999,0.5674529,6.1110559999999994e-06,60.0,1.2851314619404817
4.12097,1.022433,0.03456692,0.01913164,2.125237,5.924264,1.9216380000000002,1.033799,0.1664935,6.171601000000001e-06,65.0,1.2265396713307952
4.12097,1.746314,0.3223063,0.0649062,-2.207137,2.914414,3.068351,2.3076779999999997,2.706588,2.28044e-06,39.0,0.9165064017008079
4.20169,0.06560938,0.06377066,0.01562685,0.20808600000000002,3.7216730000000005,5.232387999999999,0.01680531,1.427934,1.131907e-05,0.0,1.701024332405101
4.20169,0.1024385,0.08136111,0.01852719,2.36357,5.476297,2.994397,0.03278622,1.600482,4.6409e-06,13.0,1.1479941205996855
4.20169,0.1506882,0.01677752,0.01893938,-0.8797687,3.90325,5.718683,0.05849418,2.709419,1.3591749999999999e-05,17.0,1.946124053293636
4.20169,0.22249499999999997,0.05171294,0.01886396,-1.680045,4.997814,5.169455999999999,0.1049471,1.949155,5.199153e-06,33.0,1.213366547516623
4.20169,0.30523249999999996,0.03271529,0.009466067,2.721087,3.6852739999999997,0.06312743,0.1686309,6.219043,1.105575e-05,32.0,1.7881642603559922
4.20169,0.45061140000000005,0.04434879,0.0157132,2.953913,2.430648,3.72919,0.30247609999999997,4.53996,9.242486e-06,44.0,1.6055204987093863
4.20169,0.5878187,0.05315641,0.03165928,1.138152,2.0343709999999997,1.689873,0.4506633,4.6942129999999995,3.5023289999999997e-06,52.0,1.069609878701856
4.20169,0.7895483,0.01583711,0.005592201999999999,-0.6633838000000001,0.1739473,1.792675,0.7015408000000001,2.305796,9.936599e-06,55.0,1.6345713091462253
4.20169,1.157969,0.05064683,0.002114908,2.9242150000000002,1.7409150000000002,2.865062,1.246033,4.386026,3.7677190000000003e-06,62.0,1.0842188035558327
4.20169,1.538662,0.02148201,0.003363665,1.496458,4.885903,1.51739,1.908554,1.46084,1.087102e-06,42.0,0.764157709519707
4.28399,0.05137685,0.0334473,0.02619739,-0.3127365,1.1139940000000002,2.3307990000000003,0.01164526,1.5964450000000001,9.306156e-06,0.0,1.547590742542324
4.28399,0.09006641,0.03821983,0.03654796,-2.342184,4.2198139999999995,3.9454279999999997,0.02702965,2.133445,8.606606e-06,14.0,1.4629752140076753
4.28399,0.14487579999999997,0.07365239,0.024075599999999996,-0.1266087,5.62372,3.905729,0.05514266,4.545332,9.169292e-06,23.0,1.502062817569873
4.28399,0.2113995,0.05307493,0.06371011,0.9890728999999999,5.5841,0.0930178,0.09719619,6.064003,4.045955e-06,38.0,1.0939431055147228
4.28399,0.27331120000000003,0.0005528584,0.02176975,0.9226738999999999,4.2196620000000005,0.8615371,0.1428819,2.003391,1.0153939999999999e-05,42.0,1.5444765275153531
4.28399,0.41260159999999996,0.01349126,0.007891785,-1.185287,3.613749,2.6600189999999997,0.2650239,0.2378533,1.100259e-05,54.0,1.7031895239021417
4.28399,0.7885123,0.03935869,0.02889749,-3.020675,4.767935,4.9636629999999995,0.7001625,3.210795,1.172098e-05,57.0,1.8048430435323006
4.28399,1.233465,0.06864483,0.0211893,-0.12718759999999998,5.358289,4.8090019999999996,1.369858,5.800122,3.090611e-06,79.0,1.0235523947248197
4.36791,0.05180519,0.1014111,0.1047653,0.4838403,3.077025,2.539461,0.01179121,5.077637,6.535172e-06,0.0,1.2786037958235925
4.36791,0.08773877,0.07089156,0.09934005,-0.9553459000000001,5.313717,1.2196790000000002,0.02598864,3.144116,1.094121e-05,9.0,1.8099683489479683
4.36791,0.16681429999999997,0.1329164,0.07731866,2.463996,0.5570276,3.4043769999999998,0.06813073,0.5004618,1.4473199999999999e-05,21.0,1.9177611548453286
4.36791,0.2916053,0.08333791,0.07284188,1.413801,0.5652632,3.3078190000000003,0.1574651,1.493955,9.343928e-06,37.0,1.6174224407263065
4.36791,0.4326603,0.0649775,0.01589199,-2.326289,3.80303,4.949788,0.2845836,3.4337910000000003,7.953387e-06,48.0,1.4515587559332848
4.36791,0.5724789,0.04856483,0.04356575,-1.118136,0.1900531,5.742516,0.43313640000000003,0.4262791,8.439190999999999e-06,56.0,1.4930125931195466
4.36791,0.9407622,0.07061639,0.02082603,-2.191539,3.591446,2.204126,0.9124457,0.9123509,9.588591e-06,54.0,1.6090568866053376
4.36791,1.698953,0.09183591,0.01611592,0.5314339,0.7814121999999999,5.041997,2.2144049999999997,3.636374,1.088117e-06,69.0,0.7719714272339684
4.45346,0.05581799999999999,0.0009397166,3.959205e-05,-2.3530159999999998,3.3685680000000002,1.251096,0.01318744,0.23598229999999998,4.8707420000000005e-06,0.0,1.1720262776291834
4.45346,0.08177753,0.0004732564,3.728997e-05,-2.3466169999999997,3.451422,5.264505000000001,0.02338557,4.158894,9.416045e-06,6.0,1.6203245276907143
4.45346,0.12332449999999999,0.0005824766,2.976095e-05,-2.375539,3.859228,2.5492220000000003,0.04330817,1.066553,5.430563e-06,17.0,1.1894677436672718
4.45346,0.1473444,0.00023521169999999998,2.737844e-05,-2.352347,2.700885,5.062868,0.05655801,4.7138599999999995,3.8923090000000004e-06,26.0,1.05834331908039
4.45346,0.18091379999999999,0.001347414,1.9775989999999998e-05,-2.363484,2.914755,3.405644,0.07694848,2.8551349999999998,5.805278e-06,27.0,1.2296660713977132
4.45346,0.23855820000000003,0.0010157439999999998,1.109611e-06,-1.6248479999999998,5.543398000000001,0.3736664,0.11651610000000001,2.739098,5.853065e-06,21.0,1.225752393728854
4.45346,0.3180781,0.0002375489,3.520987e-05,0.9217626,0.8601435,1.9859419999999999,0.17938729999999997,0.2041322,6.317462e-06,36.0,1.2614459039512256
4.45346,0.3937339,0.000224573,5.192104e-05,0.9164564000000001,0.5947467,3.776244,0.2470552,2.265386,5.4285199999999995e-06,41.0,1.1957447324984007
4.45346,0.4877805,0.00124433,5.382464e-05,0.8809385000000001,3.5110980000000005,0.4419791,0.340661,2.334925,2.293407e-06,55.0,0.9349569841148548
4.45346,0.5425369000000001,0.000225721,4.704314e-05,0.9203256,2.145121,5.5155199999999995,0.399607,2.4503619999999997,3.253406e-06,46.0,1.0251800853846937
4.45346,0.6922661999999999,0.0001728159,4.026652e-05,-2.731979,0.5649155,3.5275730000000003,0.5759648,5.694444,8.292736999999999e-06,54.0,1.4555369120080586
4.45346,0.8729188,0.001118888,0.0001014465,-0.6192709,0.8192381999999999,1.684294,0.8155414000000001,1.486556,2.476629e-06,66.0,0.9436746271804942
4.45346,1.006909,0.00153423,0.00018461830000000002,2.226828,0.35630359999999994,1.6936939999999998,1.010346,5.391362,1.25154e-06,68.0,0.7963028474804579
4.45346,1.17085,0.00020591990000000003,2.2639389999999998e-05,-1.315426,6.0559389999999995,3.3607139999999998,1.266893,4.902981,4.655805e-06,48.0,1.1421834214727162
4.5407,0.04597295,0.01665765,0.003958585,-0.8271958,2.935394,3.1985799999999998,0.00985717,1.120208,5.650926e-06,0.0,1.217891740541544
4.5407,0.06441043,0.06454111,0.03310909,-2.514996,1.9908099999999997,1.658453,0.01634678,2.2834470000000002,3.2694729999999997e-06,9.0,1.0403148150853527
4.5407,0.07947661,0.03785574,0.04282843,-2.001912,2.073816,2.386628,0.02240558,2.368675,4.052502e-06,14.0,1.0911616062184826
4.5407,0.1103214,0.02800511,0.0412734,0.45511759999999996,0.4726455,1.252999,0.03664251,0.3437449,7.16641e-06,20.0,1.3594628002778095
4.5407,0.15963329999999998,0.01258757,0.02027842,-2.856102,0.2856194,5.366366,0.06377924,1.6787169999999998,6.687528999999999e-06,27.0,1.3023272677927347
4.5407,0.2100389,0.01476929,0.02145442,-0.06409834,1.1540290000000002,0.12242639999999999,0.09625942,5.2911019999999995,3.109864e-06,38.0,1.0147778433102288
4.5407,0.26778559999999996,0.02431692,0.009167084,1.841684,4.312138,4.415326,0.138571,4.4969980000000005,8.285002e-06,43.0,1.4730501895148658
4.5407,0.3537545,0.03147405,0.03901113,2.011695,2.930593,2.364402,0.2103991,3.6727540000000003,3.3834109999999997e-06,47.0,1.0457891593882906
4.5407,0.4553643,0.03002488,0.0219168,-1.026939,4.526441999999999,0.2920447,0.3072756,3.079536,5.257623e-06,54.0,1.1909929664028849
4.5407,0.5546460999999999,0.05502786,0.01164245,0.2951487,3.15604,0.47000119999999995,0.41306149999999997,3.2855410000000003,8.395102e-07,52.0,0.7039868648349106
4.5407,0.6642365,0.01119348,0.009964591,-3.045831,1.016367,3.666405,0.5413425000000001,5.683317,7.498851e-06,63.0,1.4067687465831291
4.5407,0.7449749,0.01173301,0.02099392,-1.669412,0.7866913000000001,0.6377828000000001,0.6429841,1.543955,9.128075e-07,65.0,0.7291105978876848
4.5407,0.9184376,0.008406455,0.007984503,0.3030888,4.320264,5.306279,0.8801597,0.6936228,3.849768e-06,68.0,1.0778022121243633
4.5407,1.068441,0.01335891,0.003878188,0.6048255,4.4153459999999995,2.3977630000000003,1.104365,3.64771,1.983037e-06,77.0,0.8964484727812789
4.5407,1.292417,0.01613521,0.003333439,2.3956150000000003,0.7946576999999999,2.952475,1.4692319999999999,6.037634,1.001553e-06,79.0,0.7324370736603099
4.62964,0.05586436,0.05255273,0.02410914,-1.239032,3.087939,5.641526,0.01320385,3.73213,7.451978000000001e-06,0.0,1.3720419105575616
4.62964,0.08020499,0.06085285,0.09646887,2.216268,5.455878,3.056447,0.02271431,1.787452,3.904880000000001e-06,10.0,1.0985466042321097
4.62964,0.1045587,0.0326715,0.05079787,2.110842,2.726055,5.170331,0.03380932,0.3556761,5.67986e-06,15.0,1.210922506408625
4.62964,0.1566328,0.05558368,0.02051638,2.538482,2.082109,5.276549,0.06198957,0.7276406,8.57894e-06,22.0,1.4583196332832276
4.62964,0.2160353,0.09446584,0.02663563,-3.027282,0.08218809,5.057732,0.10040980000000001,1.902248,6.412863e-06,33.0,1.2929732428939587
4.62964,0.377564,0.03317827,0.04274736,0.5553111999999999,5.7335650000000005,1.45056,0.23199389999999998,1.510997,1.771767e-05,31.0,2.2371964940468576
4.62964,0.7697647,0.0202947,0.04929753,-1.6555939999999998,0.0892898,0.743474,0.6753416999999999,2.3392720000000002,1.2093210000000002e-05,55.0,1.7368273528019271
4.62964,1.482197,0.21375929999999999,0.06538593,2.34302,3.319265,5.249191000000001,1.80445,5.645763,2.157745e-06,59.0,0.9192296178350767
4.72032,0.05715665,0.0002133796,1.044406e-05,1.105493,2.8576029999999997,5.315071,0.01366469,1.352391,1.8683179999999998e-06,0.0,0.8787774250408167
4.72032,0.06760968,0.00022079400000000001,1.026463e-05,1.133133,3.05293,0.6274233,0.01757973,2.724724,3.7556389999999997e-06,1.0,1.0502982976779758
4.72032,0.08310152,0.0003721579,9.233467e-06,1.190407,3.3683400000000003,0.6856528000000001,0.02395585,2.410588,2.913602e-06,6.0,0.9948583153074751
4.72032,0.0972298,0.0002584477,8.293176e-06,1.2595290000000001,0.8799075000000001,3.991975,0.03031772,1.8530360000000001,2.961446e-06,7.0,0.9982096686893214
4.72032,0.1161255,0.0003506464,6.8569960000000005e-06,1.39767,5.785635,0.02807659,0.039572,5.410605,4.032004e-06,10.0,1.1325650021323823
4.72032,0.1389556,0.0005851637,5.119996e-06,1.6960950000000001,5.70487,0.07618823,0.05179763,5.240583999999999,3.117466e-06,16.0,1.0045249373216638
4.72032,0.1588942,0.0003726029,4.160627e-06,1.9913830000000001,1.893517,4.445029,0.06333699,0.5605244,3.20051e-06,18.0,1.0390814082848563
4.72032,0.18755379999999996,0.0001338421,3.1052030000000002e-06,2.73286,3.6213629999999997,3.2630310000000002,0.08122375,3.19198,4.312253e-06,21.0,1.119229538564409
4.72032,0.2220038,0.0005568855000000001,4.180752e-06,-2.620347,3.7118510000000002,0.8272659,0.1046006,6.018657,4.486939e-06,26.0,1.140002843228801
4.72032,0.2696412,0.001217285,8.345715e-06,-1.9494169999999997,5.426740000000001,2.464155,0.1400142,5.267949,3.465883e-06,29.0,1.0547647708686487
4.72032,0.32743920000000004,0.001042445,1.546866e-05,-1.489865,0.9791035,0.9392891,0.18736470000000002,1.452121,3.701853e-06,32.0,1.0699619614951175
4.72032,0.406486,0.0001355595,1.278272e-05,-1.119907,3.9847940000000004,1.91365,0.2591541,5.331727,9.73529e-06,34.0,1.5067342897640876
4.72032,0.565128,0.0001771177,0.0001236724,1.7101669999999998,4.357727,4.233224,0.42482380000000003,4.448173000000001,5.030984e-06,42.0,1.179445305954324
4.72032,0.6909962,0.00046532910000000004,0.001359014,-1.3841780000000001,5.080247,5.912416,0.5743794,2.2170900000000002,1.405535e-06,58.0,0.8070171565262977
4.72032,0.7953023,8.875060999999999e-05,0.0001787329,1.7913259999999998,0.6347694,3.643082,0.709227,1.2171530000000002,7.879121999999999e-06,46.0,1.401296652985783
4.72032,1.000167,0.0006354666,2.2177600000000003e-05,-0.9334724,0.8263661,0.3992653,1.000218,0.5069885000000001,4.130292e-06,54.0,1.0973636122531079
4.72032,1.131238,0.001589428,8.522383e-06,-3.070933,6.004828,5.55149,1.203143,2.619184,1.3417019999999998e-06,52.0,0.8134513393246592
4.812790000000001,0.05547391,0.04463861,0.03568899,-1.017212,2.058563,1.12132,0.013065700000000001,0.08751859,1.805419e-06,0.0,0.876009523444736
4.812790000000001,0.06742266,0.01026043,0.03492358,-2.8458650000000003,0.5796600000000001,0.8648582,0.01750684,3.1312759999999997,3.6865800000000003e-06,2.0,1.0563159495028231
4.812790000000001,0.08195352,0.02281458,0.01479934,-2.879747,4.851271,2.218283,0.02346115,0.25822080000000003,4.755132e-06,6.0,1.1543566743856126
4.812790000000001,0.11631369999999999,0.01547008,0.004971064,-0.9846944999999999,3.25275,5.539723,0.03966823,3.26773,5.946252e-06,11.0,1.2288388515135602
4.812790000000001,0.1444415,0.01074127,0.02769444,0.07183723,3.392621,1.472564,0.05489514,4.271794,3.048067e-06,15.0,1.0365736192202932
4.812790000000001,0.1791259,0.01587672,0.002539278,2.022748,6.011953,1.579185,0.07581089999999999,6.105301,7.40882e-06,20.0,1.4561780428427922
4.812790000000001,0.23027489999999998,0.008956205,0.008215972,2.2446509999999997,0.3055472,2.70627,0.1105003,0.158887,3.2927910000000004e-06,27.0,1.0136024712143372
4.812790000000001,0.2692091,0.008626162,0.001097256,0.5552053000000001,2.4283799999999998,3.8895089999999994,0.13967770000000002,0.9195909999999999,4.505209e-06,30.0,1.1417518783368874
4.812790000000001,0.3540731,0.02049234,0.0028381020000000003,1.1541219999999999,5.592647,0.7518909,0.2106835,0.30025300000000005,7.059267e-06,34.0,1.312927678417071
4.812790000000001,0.47647920000000005,0.00921281,0.01047428,1.254019,0.05234207,0.7146318,0.3288929,5.681080000000001,8.846437e-06,42.0,1.595377392421071
4.812790000000001,0.5995545,0.01030425,0.0036677520000000003,-2.551573,4.337255,0.2610245,0.46422520000000006,4.737931,1.368442e-06,57.0,0.8009548527505325
4.812790000000001,0.6966600000000001,0.007230654,0.008796159,-1.6443830000000002,3.0653580000000002,2.147262,0.5814585999999999,0.7359564000000001,5.12486e-06,44.0,1.1852844099723843
4.812790000000001,0.7803074000000001,0.006567747,0.0105603,-1.533182,6.15116,5.751930000000001,0.6892695,1.145894,2.364768e-06,36.0,0.942857675317568
4.812790000000001,0.9733783000000001,0.004663389,0.03595833,2.534722,3.6604410000000005,0.3770027,0.9603035,0.4692295,1.3470840000000002e-06,55.0,0.8018147154415827
4.812790000000001,1.093451,0.005498736999999999,0.01243692,-0.7035376999999999,4.20896,1.428741,1.1433659999999999,4.196917,4.073567e-06,54.0,1.105150867769156
4.812790000000001,1.318875,0.00468925,0.01055291,1.8784919999999998,0.9920924000000001,0.28745390000000004,1.5145819999999999,3.6951099999999997,1.2856e-06,49.0,0.7947175079870052
4.9070599999999995,0.07099032,0.1875724,0.06941196,-2.000184,1.199147,2.844411,0.01891459,3.4958690000000003,8.612388999999999e-06,0.0,1.4804088621542548
4.9070599999999995,0.1234509,0.15380439999999998,0.05010748,2.431298,3.4082160000000004,0.626694,0.04337474,1.363265,1.2508e-05,9.0,1.7534416533938424
4.9070599999999995,0.24679339999999997,0.09483206,0.06458229,1.224589,4.766393,5.130423,0.12260050000000002,5.267452,1.586127e-05,19.0,2.0539254595839536
4.9070599999999995,0.4238763,0.04289657,0.07540249,2.986716,5.570266,1.24387,0.27596149999999997,5.177699,9.936891e-06,30.0,1.658081701015947
4.9070599999999995,0.7106259,0.09769596,0.03475427,-0.2086064,2.1200799999999997,2.124847,0.5990299,0.2603042,1.3347479999999997e-05,41.0,1.7976131401321864
4.9070599999999995,1.285914,0.1920557,0.1379535,-0.5916861,1.997436,3.0644080000000002,1.458157,2.025051,1.399295e-06,54.0,0.817241767091871
4.9070599999999995,1.4258629999999999,0.23205229999999996,0.1142694,-1.625841,3.960695,3.452377,1.702562,1.5779889999999999,2.656352e-06,47.0,0.9830667299781225
5.00318,0.04692441,0.04594638,0.005042585,-1.60713,0.8937742000000001,3.454757,0.01016476,4.091846,5.2650739999999995e-06,0.0,1.1781516568304065
5.00318,0.06774371,0.09974746,0.03442302,2.305218,4.199861,1.208939,0.01763199,1.1648,4.132339e-06,8.0,1.134341993076423
5.00318,0.09333592,0.0274833,0.03394695,1.787555,0.39426669999999997,4.187978,0.02851477,2.055263,5.780489e-06,14.0,1.2353718677173378
5.00318,0.1425514,0.02901546,0.01923699,-1.311796,1.538231,0.08004524,0.05382105,6.128016000000001,7.653334999999999e-06,20.0,1.4009628953229303
5.00318,0.200735,0.03690762,0.04245683,-0.26388779999999995,3.651725,3.922658,0.08993495,0.5739865,4.8672100000000004e-06,32.0,1.1659456573326241
5.00318,0.262169,0.03382252,0.07173729,1.0150219999999999,3.7616050000000003,2.745942,0.1342348,4.193036,4.19249e-06,36.0,1.0784836799876856
5.00318,0.3459107,0.059879499999999995,0.009361109,2.043567,0.3613866,5.245888,0.2034405,2.8740229999999998,7.0549270000000005e-06,43.0,1.3216200979220556
5.00318,0.4739932,0.06223842,0.04741275,-2.268799,4.558725,6.112883999999999,0.3263236,3.7490989999999997,5.652077e-06,49.0,1.263206649722794
5.00318,0.5816781,0.03519075,0.02853377,1.417786,4.361256,1.6647049999999999,0.44362229999999997,2.2255759999999998,4.824507e-06,54.0,1.1546074473935186
5.00318,0.8694255,0.08880567,0.02901262,-1.617681,1.275698,3.2170490000000003,0.8106561999999999,3.493724,4.9412650000000005e-06,56.0,1.170859483317662
5.00318,1.182523,0.04020847,0.004679957,3.0026080000000004,2.4087520000000002,0.7488545,1.285884,1.70071,4.064037e-06,63.0,1.1226603167128304
5.10118,0.04426961,0.004525288,0.0005993961,2.640834,1.282027,2.341698,0.009314471999999999,4.6929739999999995,1.419427e-06,0.0,0.8327873612363089
5.10118,0.05540654,0.001107085,0.001136178,2.666202,0.16994179999999998,4.762872,0.01304189,1.9288029999999998,3.633788e-06,2.0,1.0389874987059855
5.10118,0.07220178,0.0002073546,0.001954584,-2.769401,2.061658,5.305282,0.01940081,6.0129150000000005,3.765301e-06,7.0,1.086170530072084
5.10118,0.0898965,0.0030004859999999997,0.002982641,0.4705799,1.4140780000000002,4.563584,0.02695327,2.681596,3.886848e-06,11.0,1.071081598923355
5.10118,0.1184559,0.001772815,0.001209604,1.480356,0.3378152,0.9958101999999999,0.040769099999999996,5.458222,4.030472e-06,17.0,1.069887555713171
5.10118,0.1442993,0.002539809,0.0007151258999999999,-1.702286,2.595657,2.7405180000000002,0.05481404,1.8520299999999998,3.340385e-06,22.0,1.0212821417218187
5.10118,0.1654118,0.0008724578,0.0006935097,3.098187,3.678035,4.3012690000000005,0.06727362,3.8071550000000003,2.547327e-06,24.0,0.9556757459511176
5.10118,0.19635429999999998,0.0005605981,0.0018074170000000002,-1.020422,2.160155,1.236976,0.08700717,0.09735197,2.615044e-06,29.0,0.976317702984536
5.10118,0.2371012,0.002264364,0.0007703686,1.9510040000000002,0.43442359999999997,5.736162,0.11545,3.349796,4.513449e-06,32.0,1.1434166298644313
5.10118,0.3017284,0.0004834857,0.0006691345,-1.522445,2.219092,5.945069999999999,0.1657359,5.247591000000001,5.600241e-06,35.0,1.2077314303577942
5.10118,0.40853690000000004,0.001792225,0.0003953206,-1.327475,2.28955,0.6153596,0.2611187,5.935249,5.876296999999999e-06,42.0,1.203442481822922
5.10118,0.5281708,0.001442781,0.0001283273,2.107965,2.683025,1.9737770000000001,0.38384120000000005,3.4650540000000003,5.109662e-06,44.0,1.2151021796705885
5.10118,0.6620144,0.0013999289999999998,0.0003389868,2.409238,3.9517019999999996,1.996572,0.5386295999999999,1.9214470000000001,4.182682e-06,52.0,1.1105676032747451
5.10118,0.748354,0.002497551,0.0005793546,1.354516,1.469899,3.867236,0.6473631999999999,1.047143,1.1252549999999999e-06,64.0,0.7582675346301722
5.10118,0.8299926,0.0052706359999999996,0.001208787,-0.5591841999999999,5.487431,6.246186,0.7561346999999999,1.328162,1.1078109999999999e-06,62.0,0.7664471809337419
5.10118,0.9107385,0.0016597439999999999,0.0003077283,-0.7253459,0.031686900000000004,1.346797,0.8691169,2.043413,1.116488e-06,63.0,0.7556594562773924
5.10118,1.042921,0.0027128440000000003,0.01110103,1.8451650000000002,0.6315956,5.438739,1.06504,2.962945,2.140229e-06,55.0,0.911515750179525
5.10118,1.043734,0.002666047,0.02198976,-1.329499,4.449632,3.999371,1.066284,0.8833540999999999,1.08231e-06,59.0,0.7644765170585544
5.10118,1.28555,0.003366092,0.0005388370999999999,0.2360312,0.8675874,0.7209321999999999,1.457543,5.897975,1.099223e-06,61.0,0.7742560627664852
5.2011,0.05620055,0.01531404,0.0001109441,-1.875641,4.239527,0.6951864000000001,0.01332326,4.584066,1.77554e-06,0.0,0.8740185869155228
5.2011,0.0644033,0.006306994000000001,0.0001123175,-1.874308,5.626513,3.922126,0.01634411,0.1720711,1.802037e-06,2.0,0.8649873184511363
5.2011,0.07495443,0.003776416,0.00011171549999999999,-1.899568,1.624218,2.087945,0.0205208,2.36858,3.685686e-06,4.0,1.0681185905717512
5.2011,0.0910886,0.005756794,0.0001056572,-1.875566,1.3382180000000001,0.04367679,0.02749122,0.5873824000000001,1.884742e-06,8.0,0.8728660073026714
5.2011,0.101687,0.0040339090000000005,0.0001049708,-1.860618,5.031301,0.9308329,0.03242619,4.037026,1.913427e-06,10.0,0.8799506822018524
5.2011,0.11507239999999999,0.01025506,0.0001017464,-1.8591419999999999,2.459245,1.7201099999999998,0.03903497,1.138571,2.9478250000000004e-06,12.0,0.9849292713839337
5.2011,0.1400674,0.003472356,9.165559999999999e-05,-1.8732229999999999,1.15573,2.438803,0.05242058,3.156195,4.0236869999999995e-06,13.0,1.0874050936952095
5.2011,0.1636838,0.004502072,8.508548000000001e-05,-1.8738810000000001,6.171313,1.263634,0.06622224,3.248424,3.0710789999999998e-06,18.0,1.005196273214847
5.2011,0.21531,0.00114643,5.536946999999999e-05,-1.9089040000000002,4.261648,1.397208,0.09990571,5.325775,6.370481e-06,20.0,1.2887623576976197
5.2011,0.2648743,0.0018248829999999998,3.064061e-05,-1.884204,1.7501220000000002,4.751405,0.136318,4.88189,2.199631e-06,28.0,0.9360045150025395
5.2011,0.2999405,0.0007908977000000001,1.619666e-05,-1.840946,3.123878,2.759477,0.1642651,1.478119,4.561695e-06,30.0,1.1591835141436209
5.2011,0.3812157,0.001733247,4.247340999999999e-05,1.3534760000000001,0.29814250000000003,1.066992,0.235368,5.696642,5.821697000000001e-06,32.0,1.2500450729831636
5.2011,0.4717489,0.0017711410000000002,0.0001025089,1.332442,3.181787,5.196263,0.3240088,0.6842714,3.581074e-06,35.0,1.0540668785044636
5.2011,0.5606097,0.0033782459999999997,0.0001428224,1.307976,3.5396129999999997,5.446025,0.4197392,0.6022562,2.556492e-06,45.0,0.9885854686469415
5.2011,0.5646069,0.008341062,0.0001167081,1.349464,6.254725,0.5152346999999999,0.42423599999999995,5.465294999999999,1.278012e-06,47.0,0.7935707951255755
5.2011,0.6647732,0.0008027585,0.00013982209999999998,1.295773,2.76332,0.4065384,0.5420009,2.631415,3.784184e-06,42.0,1.0932903235348386
5.2011,0.8074386,0.0008254616000000001,0.0001063041,1.034532,5.916799,1.32454,0.7255234,0.6574036,4.009811e-06,50.0,1.0706791492334595
5.2011,0.9223478999999999,0.0014651879999999999,7.639536999999999e-05,0.24353000000000002,1.327051,4.3389,0.885791,2.7693849999999998,2.514075e-06,44.0,0.9634554973352762
5.2011,1.1206209999999999,0.0007582307000000001,0.0007072512,-2.2573060000000003,0.3954264,1.7324990000000002,1.18625,3.593716,1.288702e-06,48.0,0.7896012601289932
5.2011,1.257947,7.571057e-05,0.00039742440000000004,0.9641610999999999,0.1022373,1.585831,1.4108479999999999,0.5195082000000001,1.332669e-06,52.0,0.8316006380153012
5.302980000000001,0.05057988,0.01564296,0.006234819,-0.2803673,1.518866,5.585066,0.01137538,4.317558999999999,3.0253840000000003e-06,0.0,1.0356632565431174
5.302980000000001,0.0630414,0.03212911,0.008762596999999999,-2.8923360000000002,3.457493,5.373639,0.01582842,4.744317,3.1135400000000006e-06,4.0,1.0268318772868485
5.302980000000001,0.08202012,0.02292468,0.008665957,-0.8965859,0.9807796999999999,1.6969999999999998,0.02348975,1.6585439999999998,4.027157e-06,8.0,1.1074765630324035
5.302980000000001,0.1054838,0.01821384,0.007134864,2.29507,2.571895,5.213152,0.03425905,0.358817,4.165361e-06,12.0,1.0986748656600087
5.302980000000001,0.1307771,0.02574099,0.003311674,-1.3899139999999999,5.401718,5.350795,0.04729254,1.389448,2.5973450000000003e-06,19.0,0.9933841289257959
5.302980000000001,0.1667862,0.0043655759999999995,0.003748207,1.278324,0.9432214,5.283228,0.06811391,3.062376,6.247567e-06,18.0,1.2853843417663728
5.302980000000001,0.22280879999999997,0.004868748,0.001182488,-2.6277630000000003,3.783295,1.0177969999999998,0.1051701,6.144106,5.679502e-06,26.0,1.2452872023798545
5.302980000000001,0.2958635,0.006238761999999999,0.001450099,0.4740636,0.5950135999999999,3.889478,0.1609274,2.8243110000000002,3.8828680000000005e-06,32.0,1.1085108902765017
5.302980000000001,0.3659949,0.004880736,0.002072568,-0.9008571,4.160074,6.131111,0.2214134,2.87448,3.037049e-06,37.0,1.0032225801174457
5.302980000000001,0.4490605,0.002949003,0.0006816982000000001,3.092436,2.568805,3.113865,0.3009172,3.7325180000000002,7.454314000000001e-06,42.0,1.3581226413841896
5.302980000000001,0.6185621,0.003012566,0.0001399355,0.8577442,4.758633000000001,3.071166,0.48648220000000003,3.7346,4.1390350000000004e-06,34.0,1.1070004481234905
5.302980000000001,0.6923179,0.009358768,0.000598916,-0.5027545,3.133679,1.910147,0.5760335999999999,5.549945,1.0837919999999999e-06,49.0,0.7555213025857531
5.302980000000001,0.7761129,0.00598352,8.598645e-05,2.802222,6.176261,1.232171,0.6837146,4.808152,2.313178e-06,56.0,0.9376741227497698
5.302980000000001,0.8991054,0.003318437,8.173846e-05,2.43945,3.73492,1.45764,0.8525187,1.573093,2.2571400000000002e-06,53.0,0.9522189639270842
5.302980000000001,1.095344,0.0002305561,1.4978670000000002e-05,1.543771,1.161391,1.458867,1.1463430000000001,5.036453,4.62809e-06,52.0,1.1407631374594738
5.40685,0.05101254,0.01678879,0.0126762,3.088567,1.790128,2.4942450000000003,0.01152166,3.8760209999999997,1.614099e-06,0.0,0.8553575046797498
5.40685,0.06148247,0.008735359,0.006826998000000001,2.692262,3.916291,6.200391000000001,0.01524495,5.868018,2.466778e-06,2.0,0.9530093730239608
5.40685,0.07184493,0.008328788,0.01361406,-1.005168,1.413449,1.1197489999999999,0.01925718,0.7224305,2.529443e-06,5.0,0.9590795080243859
5.40685,0.08550508,0.0007908849,0.00247417,1.7709110000000001,4.8745199999999995,2.235423,0.02500264,1.874686,2.5745060000000002e-06,7.0,0.9912152627310065
5.40685,0.10103250000000001,0.00313904,0.006603205,0.7518844,0.7848721,3.8016160000000006,0.03211359,2.269673,2.640659e-06,11.0,0.9560982013479111
5.40685,0.1183934,0.009952676,0.0035946999999999997,-3.1042810000000003,1.309291,0.1111434,0.04073692,1.924852,2.70222e-06,14.0,0.9767887770500365
5.40685,0.13871529999999999,0.005734116,0.004256424,1.325668,1.500875,0.6344652,0.05166335,4.081821,2.765698e-06,17.0,0.9811383448198048
5.40685,0.1644376,0.010851799999999998,0.003618257,0.1835018,0.8703139999999999,5.57629,0.06668025,4.501217,3.7897949999999998e-06,20.0,1.0710295529629548
5.40685,0.2000922,0.002771151,0.002123812,-1.167081,0.7940656999999999,4.737830000000001,0.08950343,5.10573,3.919042e-06,24.0,1.0706973619404927
5.40685,0.2430462,0.007371254,0.00924436,-2.9435439999999997,5.202147,3.825623,0.1198193,1.581763,2.043243e-06,30.0,0.898759411792672
5.40685,0.2753738,0.00950621,0.0028066140000000002,1.090856,4.337194,4.720352,0.14450339999999998,5.563015,1.994777e-06,27.0,0.8946514026423542
5.40685,0.3361458,0.001100609,0.0008543661999999999,-0.7850372,5.05652,3.004784,0.19488740000000002,5.014385,6.315306e-06,31.0,1.2707800107119438
5.40685,0.4103259,0.004115614,0.0010418439999999999,-0.07564607,1.956621,4.200537000000001,0.2628362,2.325571,2.153661e-06,37.0,0.9265057916864563
5.40685,0.48325740000000006,0.005717196999999999,0.00047613150000000003,-2.265965,4.275698,5.56714,0.33593740000000005,3.552818,5.626149e-06,40.0,1.2275202994354792
5.40685,0.6282495,0.003410352,6.376108000000001e-05,1.272665,4.861756,2.345909,0.4979522,2.49877,5.8377859999999994e-06,44.0,1.2445049928723908
5.40685,0.7561180999999999,0.004119513,0.0002684762,1.114619,1.812703,2.789772,0.6574653,6.1445,2.399549e-06,50.0,0.9489704441577886
5.40685,0.8504464,0.003526923,0.001083215,1.421322,5.417599,3.985269,0.7842562,3.4275379999999998,1.246634e-06,55.0,0.804962721677688
5.40685,1.0117180000000001,0.0011708410000000002,0.00034857569999999997,-1.738578,4.27457,0.721598,1.0176020000000001,4.466519,2.4420339999999998e-06,49.0,0.9683413088789338
5.40685,1.179913,0.00298326,7.979850999999999e-05,1.374581,3.175813,2.931896,1.2816299999999998,4.658728,2.440629e-06,52.0,0.9270012874992146
5.51276,0.04799209,6.768895999999999e-05,1.794816e-05,1.872225,5.03758,4.968306,0.01051366,4.341558999999999,2.181818e-06,0.0,0.9236421441375111
5.51276,0.05954178,0.0002499017,1.683914e-05,1.86022,2.080306,0.5905479,0.01452887,2.9333099999999996,2.208581e-06,2.0,0.9217444589922945
5.51276,0.06801293,0.00019479490000000001,1.633562e-05,1.8542619999999999,5.315983999999999,4.368195,0.01773722,3.481004,3.0602620000000004e-06,6.0,1.0105816353822439
5.51276,0.08707602,0.0001412776,1.3196070000000002e-05,1.808386,1.526383,4.29362,0.02569482,0.9590825000000001,3.105625e-06,9.0,1.0145203939457987
5.51276,0.1171146,0.0001508866,6.999248e-06,1.595558,4.2483699999999995,5.956448,0.04007865,0.1125539,5.727985999999999e-06,14.0,1.2380297898328574
5.51276,0.15845520000000002,0.0003576772,5.012641e-06,-0.4555329000000001,3.03248,3.862564,0.0630747,1.286303,4.263404e-06,19.0,1.1256608327208686
5.51276,0.20557020000000004,0.00011965100000000001,1.47524e-05,-0.8726951,6.238594,2.256484,0.09320402,3.173762,4.468813e-06,24.0,1.1381827526690549
5.51276,0.2602539,5.472255e-05,1.87417e-05,-0.9058501,0.14793470000000003,3.699442,0.13276670000000002,4.457251,5.5181769999999995e-06,30.0,1.2108866014686201
5.51276,0.3375515,0.0001274711,8.567779e-06,1.7766509999999998,6.068574,5.006958,0.1961105,3.444842,9.922869e-07,42.0,0.7353748075017927
5.51276,0.3835843,0.0003370447,1.322537e-05,1.947487,5.373744,4.867628,0.2375656,3.829155,4.8991860000000005e-06,37.0,1.1562284450409004
5.51276,0.42638869999999995,0.001076888,1.175788e-05,2.060306,2.955018,3.524936,0.2784176,4.790651,1.132949e-06,58.0,0.7795220851955165
5.51276,0.5241707999999999,0.0002666231,1.8164579999999997e-05,-1.535544,4.535737,3.71573,0.37949,0.7158866999999999,6.070607999999999e-06,39.0,1.1990102791661459
5.51276,0.6314621,0.0006105125,1.4518389999999999e-05,-0.381152,6.156289,2.603556,0.5017762,3.111641,3.2863780000000002e-06,53.0,1.0331501543553383
5.51276,0.8521040999999999,0.0003178713,0.0002196384,-0.459401,1.10765,4.728468,0.786552,4.079707,3.379982e-06,56.0,1.0453311761372714
5.51276,1.054109,0.001311131,0.006512776999999999,2.678833,1.026316,0.5578954,1.082228,3.1359470000000003,2.110333e-06,49.0,0.9124400803341189
5.51276,1.12824,0.001000342,0.005856044,-0.4616843,0.5890232,1.30409,1.198373,1.1786,2.1456370000000002e-06,51.0,0.9276826453790047
5.6207400000000005,0.05030783,0.003605658,0.01190098,0.1916111,0.6214022,1.7193759999999998,0.01128373,0.9120554,3.6600699999999995e-06,0.0,1.068642084535183
5.6207400000000005,0.06347038,0.02396006,0.02200291,-2.154783,2.648237,1.32748,0.01599026,0.8702379000000001,1.502961e-06,5.0,0.8269181313302817
5.6207400000000005,0.07409614,0.02659855,0.01151058,-3.118362,4.164766999999999,1.512078,0.02016934,0.4902875,3.075154e-06,7.0,1.0050715581209904
5.6207400000000005,0.09246981,0.02902248,0.01108933,-1.099153,2.9341150000000003,5.553047,0.02811885,3.687385,3.1706299999999997e-06,11.0,1.005038061317507
5.6207400000000005,0.1135904,0.02037154,0.005656103000000001,2.977348,1.771268,5.026967,0.0382833,0.28982600000000003,2.443009e-06,15.0,0.9552837956032092
5.6207400000000005,0.1368209,0.005802964,0.01075332,2.846663,4.271433,5.5654900000000005,0.05060868,4.718975,3.3473900000000005e-06,18.0,1.036167999524336
5.6207400000000005,0.16282439999999998,0.01002808,0.0048013940000000005,1.4995049999999999,4.5694300000000005,5.554053,0.06570146,5.758318,2.5804489999999998e-06,22.0,0.9756344164722228
5.6207400000000005,0.19175970000000003,0.02027929,0.008870765,-0.08893095,2.945907,5.837532,0.08397129,2.986899,3.537452e-06,25.0,1.059395014222737
5.6207400000000005,0.2429294,0.02065231,0.01056872,1.8306099999999998,4.277829,3.4316190000000004,0.11973310000000001,3.5882709999999998,4.584201e-06,29.0,1.1488487669272989
5.6207400000000005,0.2981802,0.01832291,0.014922999999999999,-0.5020739000000001,4.871879,3.642844,0.1628214,5.531448,2.8408999999999998e-06,34.0,0.9897731946650091
5.6207400000000005,0.3446768,0.01384212,0.0051260559999999995,-2.482509,2.6572270000000002,5.523032,0.2023537,5.325813,1.932963e-06,37.0,0.9023732109412007
5.6207400000000005,0.4007274,0.01166823,0.001347758,-2.129884,3.7279459999999998,4.782275,0.2536678,3.183233,4.98252e-06,39.0,1.1940127072181985
5.6207400000000005,0.49961059999999996,0.0018511810000000001,0.004638592,1.271773,3.0668729999999997,5.243623,0.35313190000000005,0.9078927999999999,3.146301e-06,46.0,1.0233320066878064
5.6207400000000005,0.6029359999999999,0.01207156,0.002071843,-1.760502,5.582475,1.231962,0.4681629,3.680683,3.2196429999999998e-06,45.0,1.0465386370345175
5.6207400000000005,0.72837,0.004679583,0.008165631999999999,-3.095739,2.5357819999999998,6.013481,0.6216088000000001,0.29294699999999996,2.1933920000000002e-06,48.0,0.9378810062843711
5.6207400000000005,0.863459,0.01267213,0.003769633,-0.6088084,2.793843,1.074177,0.8023308000000001,5.149458,4.294662e-06,43.0,1.1232561372668812
5.6207400000000005,1.049523,0.0248408,0.003129598,-3.013951,5.380831,6.19097,1.0751680000000001,3.793497,1.148696e-06,58.0,0.7776965195323722
5.6207400000000005,1.1927459999999999,0.004207036,0.002703074,1.514242,5.497506,2.812425,1.302599,2.091175,2.229107e-06,54.0,0.8995732133799196
5.73084,0.04687986,0.13809870000000002,0.09693699,0.1543109,3.102247,1.8107659999999999,0.01015029,4.560903,4.004803e-06,0.0,1.0811807372387272
5.73084,0.06626408,0.04702799,0.04632191,-1.139646,3.169909,0.0636946,0.0170575,4.231858,4.188052e-06,6.0,1.1134709525119368
5.73084,0.1006309,0.11827750000000001,0.04729041,2.816585,4.491949,4.12634,0.03192225,3.109352,6.650594e-06,12.0,1.2836160885354067
5.73084,0.1610293,0.05823242,0.04586949,-1.098532,5.087196,2.876158,0.06461785,5.062972,7.136877e-06,21.0,1.306794254712124
5.73084,0.23330370000000003,0.03566586,0.05087229,2.828072,0.7969909000000001,2.545786,0.1126877,5.139715,5.0366039999999995e-06,29.0,1.1798729666344816
5.73084,0.323175,0.02493057,0.01511805,-0.4574898,6.041309,3.246521,0.1837171,3.910738,6.2522270000000006e-06,36.0,1.2988135580902953
5.73084,0.46617759999999997,0.04871139,0.03493933,0.2484719,5.097445,0.04313271,0.31828690000000004,1.0640690000000002,4.717298e-06,40.0,1.1466394337374841
5.73084,0.6357701,0.01583728,0.03636776,1.880457,4.77179,2.958564,0.5069204,2.605839,4.851732e-06,46.0,1.1870870002447644
5.73084,0.7884283000000001,0.09190977,0.03590202,-2.602668,4.334967,4.14696,0.700058,2.5269060000000003,5.064760999999999e-06,43.0,1.2019866477591679
5.73084,1.108651,0.04403680000000001,0.02414879,0.3206535,0.7388491999999999,4.551128,1.167297,3.462914,3.0080990000000002e-06,53.0,0.9938884521439939
5.84309,0.04396205,0.06136882,0.02480184,2.723207,3.568371,1.878208,0.009217572,1.984262,2.065444e-06,0.0,0.908728186885801
5.84309,0.06011533,0.003000622,0.001990012,2.7670220000000003,1.7862799999999999,3.9513599999999998,0.01473928,5.677834,5.008404e-06,3.0,1.1960893784303095
5.84309,0.08864016,0.02172869,0.02873796,-0.9790504999999999,0.02915758,1.415736,0.02639023,2.395483,4.515424e-06,10.0,1.1371915901195748
5.84309,0.1159902,0.05313042,0.02757634,-1.274541,3.7328099999999997,5.202363,0.0395029,2.782841,2.339099e-06,16.0,0.9464738066421395
5.84309,0.1454844,0.04029052,0.04863253,1.744764,4.436630999999999,5.076937,0.05549072,5.105151,4.849763e-06,19.0,1.188066292119673
5.84309,0.1792106,0.03058179,0.02673679,-0.5362226,1.341759,1.661195,0.07586489,0.9030054,2.5143940000000003e-06,25.0,0.9658983156548631
5.84309,0.2169116,0.04302122,0.007026271,-1.8888049999999998,2.82472,0.07901616,0.10102269999999999,5.358935,3.589823e-06,28.0,1.0613746722079727
5.84309,0.28864809999999996,0.008317899,0.0133659,-2.216899,2.334738,2.4620189999999997,0.1550764,2.355998,5.493288e-06,32.0,1.2268374932505015
5.84309,0.3584162,0.02121462,0.01402393,2.239575,0.2053303,5.779491999999999,0.21457310000000002,3.326656,2.918097e-06,29.0,0.9964823109708111
5.84309,0.48227120000000007,0.005700246999999999,0.007929196,-0.02517409,2.749562,0.5154907999999999,0.33491,4.065169999999999,7.569036e-06,34.0,1.3597323120932856
5.84309,0.6560593000000001,0.005426105,0.01584591,-3.036473,5.510199,0.48389709999999997,0.5313799,4.2834699999999994,3.033011e-06,44.0,1.0143037286880174
5.84309,0.8571193000000001,0.02981903,0.0033210859999999996,0.2130574,4.9400379999999995,3.8442819999999998,0.7935088,4.916241,3.1143849999999996e-06,45.0,1.0289821917388922
5.84309,1.055217,0.01813431,0.001276723,-1.493199,3.42202,0.42840600000000006,1.083931,4.746541000000001,2.170365e-06,56.0,0.931952250837665
5.84309,1.3194219999999999,0.01318478,0.001743865,1.395176,4.073218,5.630078,1.5155299999999998,0.16599979999999998,2.151964e-06,53.0,0.906443674755271
5.95755,0.0527428,0.0002740064,0.00038196480000000005,-2.406441,5.546407,1.358657,0.01211279,4.501341,1.685263e-06,0.0,0.8482673026632555
5.95755,0.06514431,0.0003458311,0.0003251845,-2.428313,2.540984,5.807288,0.01662699,5.6942330000000005,3.4559550000000003e-06,2.0,1.054523862463461
5.95755,0.07764897,0.0013411520000000002,0.000222634,-2.532906,2.375115,1.089872,0.02163723,1.250208,8.897211e-07,7.0,0.7190915499523116
5.95755,0.08849903,0.0002374267,0.0001449992,-2.682173,2.197104,0.0009831871,0.02632728,0.4862734,2.6844389999999997e-06,6.0,0.9800731788471131
5.95755,0.1030192,0.0013230879999999998,6.640626999999999e-05,2.838979,0.6274819,3.8456059999999996,0.03306549,0.3801259,1.833088e-06,10.0,0.8781677789848024
5.95755,0.11982229999999999,0.001176894,7.717771999999999e-05,1.5065600000000001,3.6645410000000003,2.167451,0.04147664,3.2792120000000002,3.761721e-06,12.0,1.089458482594761
5.95755,0.15799770000000002,0.001659251,0.0002323868,0.5380578,1.331832,5.008722,0.0628018,3.1388409999999998,3.90272e-06,16.0,1.1057196528670614
5.95755,0.17356359999999998,0.003174417,0.00021054380000000002,0.3979443,4.6566410000000005,0.7235274,0.07230758,1.9580110000000002,9.862569999999999e-07,19.0,0.7398258983939454
5.95755,0.21305929999999998,0.0004836975,0.00045064650000000003,-1.341693,3.37955,5.226697,0.09834344,3.1887939999999997,5.172759e-06,21.0,1.1911574037311006
5.95755,0.28040490000000007,0.0009906028,0.0004768809,1.123624,1.767184,1.300673,0.14848150000000002,4.691069000000001,4.188316e-06,22.0,1.1009926393186344
5.95755,0.3406347,0.0006871603,0.0005766667,3.013857,2.361145,4.5533150000000004,0.1988044,5.460491,3.342111e-06,31.0,1.0451668235812765
5.95755,0.396845,0.0017659589999999999,0.0008407402,0.6316495,3.7252739999999998,0.11849639999999999,0.2499913,2.047898,1.087315e-06,30.0,0.7559110449064116
5.95755,0.45366530000000005,0.0001568314,0.000112435,-2.774886,2.689567,4.4390540000000005,0.3055589,4.524065,5.721396999999999e-06,33.0,1.210453440171093
5.95755,0.5713064999999999,0.00026142200000000003,0.000127001,-0.6612932,4.394975,3.530965,0.43181179999999997,6.080362999999999,3.6203269999999996e-06,39.0,1.0814673799221106
5.95755,0.6839119,0.001326591,0.000316369,1.362214,1.332703,1.123816,0.5655754,4.709432,2.439324e-06,41.0,0.9441698276494235
5.95755,0.8238014000000001,0.0007251963,0.001403446,-2.599121,5.185586,1.365514,0.7476914000000001,5.060872,1.296714e-06,49.0,0.812785974051679
5.95755,0.9180685,0.0008573878,0.0017350760000000001,0.4761303,5.098669,3.3527169999999997,0.8796335999999999,4.059740000000001,2.485521e-06,43.0,0.9370909077596364
5.95755,1.013763,0.00024552819999999997,0.001010499,-2.5363849999999997,4.575357,0.49378359999999993,1.020691,4.737506,2.4982409999999997e-06,42.0,0.9271350854675452
5.95755,1.1568,0.0007069875,0.0001488719,-2.3034209999999997,3.482196,1.779237,1.24416,0.6012609999999999,1.2722839999999999e-06,47.0,0.7921242405790287
6.0742400000000005,0.055541499999999994,0.0004930545,8.422089e-05,-1.209498,5.806058,1.1034549999999999,0.01308957,2.790421,4.0414e-06,0.0,1.1087965019242048
6.0742400000000005,0.07360167,0.000392386,7.301772e-05,-1.180087,4.602419,1.283528,0.0199678,4.143719,2.507388e-06,5.0,0.9549487146896519
6.0742400000000005,0.08712807,0.0004930973000000001,6.558071999999999e-05,-1.141514,5.11262,1.330196,0.02571788,3.6418019999999998,2.5718799999999998e-06,8.0,0.9330897431227372
6.0742400000000005,0.1147366,0.0001684248,4.3492700000000005e-05,-0.8594599,3.63614,5.07282,0.03886423,2.296392,4.435843e-06,11.0,1.132635878999691
6.0742400000000005,0.13991489999999998,0.0017036070000000002,3.105535e-05,-0.3864538,3.5919410000000003,0.5577324,0.05233502,3.6338190000000004,2.796517e-06,16.0,0.9923828199502247
6.0742400000000005,0.15677660000000002,0.00321588,2.51477e-05,-0.02088849,2.754804,3.14732,0.062074800000000006,0.41599780000000003,9.940098000000001e-07,26.0,0.7515495051734188
6.0742400000000005,0.19016429999999998,0.001765909,4.773407999999999e-05,1.241156,2.222808,4.451223000000001,0.08292567,0.9902098,3.754365e-06,18.0,1.1077954160208303
6.0742400000000005,0.2394779,0.001510985,7.297054e-05,1.640264,2.107428,6.1495809999999995,0.1171903,2.403923,5.035283e-06,24.0,1.2020754470817376
6.0742400000000005,0.28386740000000005,0.0005563707,7.603396e-05,1.851751,1.120806,6.01839,0.15123989999999998,3.0459389999999997,2.051406e-06,29.0,0.9175106165638128
6.0742400000000005,0.36208640000000003,0.0008157732000000001,7.760175999999999e-05,2.785376,3.6354519999999995,1.176203,0.21787779999999998,1.039967,4.194891e-06,22.0,1.1153520804767814
6.0742400000000005,0.4607241,0.001145266,0.0001025323,1.8040939999999999,5.134062,0.6914174,0.31271750000000004,0.03653013,5.607895999999999e-06,34.0,1.2329351378906843
6.0742400000000005,0.5531638000000001,0.003327865,0.0006523385,-1.613903,6.0251660000000005,3.183728,0.4114057,5.049375,1.194495e-06,46.0,0.7799360313080004
6.0742400000000005,0.6358515,0.001256227,0.001186131,1.6894200000000001,1.989296,6.129327,0.5070182,2.452211,1.172162e-06,44.0,0.7804092168230783
6.0742400000000005,0.7115227,0.001138385,0.0003476525,-1.251225,2.459158,5.922389,0.6001711,4.71218,4.568652e-06,31.0,1.134986312056093
6.0742400000000005,0.8406530000000001,0.0025831639999999998,0.00194511,2.210413,3.7795910000000004,0.22123420000000002,0.7707539000000001,0.5169655,1.078229e-06,35.0,0.7706998378109914
6.0742400000000005,1.020909,0.0005298454000000001,0.00345961,-0.9364533000000002,4.8660120000000004,0.2648433,1.0315,2.618999,3.6758139999999996e-06,47.0,1.081494138572213
6.0742400000000005,1.120478,0.00035173199999999995,0.009400606,2.203924,3.738051,4.450529,1.186029,4.7910379999999995,1.139688e-06,41.0,0.7708599503595376
6.193230000000001,0.05246516,0.005518569,6.402087e-05,1.0769950000000001,6.248155000000001,4.082919,0.01201728,3.042055,8.439324000000001e-07,0.0,0.7121932628822845
6.193230000000001,0.05971825,0.002574542,8.479382e-05,1.051564,0.8091795,2.441278,0.01459352,0.5833668000000001,1.709894e-06,1.0,0.8458217685235202
6.193230000000001,0.06645467,0.005164659,6.914418e-05,1.091802,5.193398999999999,2.5141009999999997,0.01713118,2.518135,1.7398330000000001e-06,3.0,0.857007409681843
6.193230000000001,0.07736133,0.0029857140000000004,9.040548e-05,1.013332,2.446752,3.754716,0.02151714,0.29637290000000005,1.77047e-06,5.0,0.8604700123847397
6.193230000000001,0.0903681,0.0033559379999999997,9.673087e-05,1.038812,2.708416,5.469488,0.02716569,1.72889,2.7147289999999998e-06,7.0,0.9890843905149481
6.193230000000001,0.10720339999999999,0.003348533,0.0001046412,0.9587126,3.520064,5.179182,0.03510026,0.7047361,2.787801e-06,10.0,0.9843799396110041
6.193230000000001,0.1293222,0.002538424,9.022429e-05,0.9762646999999999,6.087841,3.8354980000000003,0.04650578,3.055017,1.900423e-06,13.0,0.907870322324215
6.193230000000001,0.14762229999999998,0.003192007,9.123552e-05,1.0175889999999999,4.277874,5.513569,0.05671841,0.21949210000000002,1.952408e-06,16.0,0.8694384384619858
6.193230000000001,0.1671445,0.002904963,8.872436e-05,1.1129,4.653183,5.209585,0.06833367,5.723609,2.969592e-06,15.0,1.0074139321698279
6.193230000000001,0.1958272,0.002378164,5.881204000000001e-05,2.005376,1.6015840000000001,5.275442,0.08665734,1.673214,9.985746e-07,19.0,0.7551148504183165
6.193230000000001,0.2274567,0.001426838,4.9422579999999995e-05,2.8257369999999997,3.345968,3.5955790000000003,0.1084782,3.705533,5.170446e-06,20.0,1.1554604064810752
6.193230000000001,0.3119804,0.001587162,0.0002160175,-1.757477,2.649839,4.030414,0.1742539,3.1380630000000003,7.805537000000001e-06,27.0,1.39992707721087
6.193230000000001,0.43861140000000004,0.0027244120000000003,0.0006056472,1.275464,2.907483,4.781468,0.2904764,0.6015997,2.3863149999999997e-06,37.0,0.9427368422730891
6.193230000000001,0.5686074999999999,0.002476612,0.0001424594,-2.079984,5.347421,4.356517,0.42875779999999997,1.0934760000000001,6.923565e-06,26.0,1.323897293403086
6.193230000000001,0.7253056,0.001314539,6.609871e-05,0.833901,6.193397,3.2997769999999997,0.617692,2.557115,2.444654e-06,40.0,0.9682551904439025
6.193230000000001,0.9512356,0.002028414,9.117415999999999e-06,0.37210370000000004,2.631437,0.1489589,0.9277296999999999,3.427458,5.072496e-06,42.0,1.184242133486689
6.193230000000001,1.207181,0.003319008,2.1641300000000002e-05,2.536869,4.346063,3.267753,1.326317,2.671023,1.302859e-06,47.0,0.7998560857338304
6.31454,0.05575935,0.038514,0.009657956,0.6693376999999999,4.221356,5.92585,0.01316668,1.10301,1.7622799999999997e-06,0.0,0.8698154234056443
6.31454,0.07695896,0.02328131,0.02007316,-0.6798286,1.490333,6.053484,0.02134948,5.20223,5.480502e-06,2.0,1.2334650163689624
6.31454,0.1093556,0.02044086,0.03075506,-2.200872,3.196238,5.800788,0.03616255,4.764632,4.800832e-06,8.0,1.1543645925015895
6.31454,0.1438076,0.03089904,0.01011578,-3.119584,3.104207,3.0902220000000002,0.05453424,3.10774,2.9884050000000004e-06,13.0,1.0067871631122487
6.31454,0.1720801,0.03010514,0.02776419,-2.819701,3.3029260000000003,4.170338,0.07138235,3.656853,3.101965e-06,17.0,1.0284380027208204
6.31454,0.2275341,0.009484228,0.005442056999999999,2.129378,2.441146,5.936947,0.10853389999999999,1.385041,5.289687e-06,16.0,1.2229907111514788
6.31454,0.286905,0.02304029,0.01216497,1.825235,2.0481580000000004,3.9581769999999996,0.15367429999999999,0.08880178,3.314834e-06,24.0,1.0603310860819428
6.31454,0.3478935,0.03676556,0.004119592,2.381965,6.050496,0.9875235000000001,0.20519320000000002,5.052767,3.4119889999999996e-06,27.0,1.054074268701542
6.31454,0.42632250000000005,0.01997231,0.01592896,-1.374752,5.826558,1.643405,0.2783555,3.462022,4.718864e-06,30.0,1.1464790378866532
6.31454,0.536621,0.01082106,0.02082944,1.099507,2.816348,0.33281259999999996,0.39309099999999997,2.709278,3.666404e-06,33.0,1.064936629367593
6.31454,0.6439059,0.0060175969999999995,0.01646555,0.5893052,2.151606,0.6864569,0.5166833,4.218114,3.752763e-06,35.0,1.071456162609151
6.31454,0.777432,0.02076571,0.005621963000000001,0.08363785,4.634396,2.693889,0.685461,4.222132,3.945986e-06,41.0,1.0971022743098264
6.31454,1.039334,0.06041135,0.007461277,-3.091385,3.163039,5.362958,1.059553,5.186014,3.919888e-06,39.0,1.0777716370393486
6.43823,0.058147000000000004,0.07721364,0.01263577,-2.0802240000000003,5.403825,3.215545,0.01402137,6.156716,1.822919e-06,0.0,0.8793087648946228
6.43823,0.07238609,0.01741167,0.03410954,1.4012360000000001,2.601857,5.056422,0.01947518,1.083917,3.7482729999999996e-06,2.0,1.0798763904896933
6.43823,0.1024555,0.05401363,0.01094586,2.471876,2.358464,5.825471,0.03279446,1.089061,5.8914620000000005e-06,6.0,1.2428204696594538
6.43823,0.145431,0.02366582,0.0149202,-2.538176,5.52764,0.5435045000000001,0.05546034,3.8075699999999997,3.073502e-06,12.0,1.0302732182449783
6.43823,0.1753277,0.02075934,0.01851949,-2.98585,6.08272,3.103387,0.07341282,0.006794933,4.237926e-06,15.0,1.091633805148673
6.43823,0.25083249999999996,0.001036805,0.01719956,-1.067683,1.585992,3.7268809999999997,0.1256232,3.2084330000000003,7.824937e-06,19.0,1.3952299657472638
6.43823,0.3855564,0.017430599999999997,0.00238707,-0.9419805,4.772798000000001,1.516879,0.2394002,3.943953,7.1526689999999995e-06,26.0,1.368258752004107
6.43823,0.5087755,0.01866802,0.003919886,-1.8587360000000002,2.379179,3.813105,0.36289509999999997,3.2871699999999997,3.754703e-06,32.0,1.0931608489428264
6.43823,0.6408953000000001,0.03178354,0.003818222,1.9243569999999999,1.3100399999999999,3.6994230000000003,0.5130638,0.4945759,5.212527e-06,34.0,1.1877444368494805
6.43823,0.7929020999999999,0.02502292,0.02306886,0.5635785,4.440654,1.54908,0.7060246,2.843022,1.299264e-06,37.0,0.8022952239381902
6.43823,0.9193650999999999,0.01750788,0.006411669,2.0342740000000004,4.988988,0.5166574,0.8814991,6.051839,2.6811919999999996e-06,38.0,0.9611689059794244
6.43823,1.0813,0.03085975,0.01984244,-0.30310690000000007,4.207694,3.542797,1.124368,5.898735,1.3542410000000002e-06,41.0,0.8195539547658768
6.43823,1.219524,0.01168885,0.01279056,2.243416,5.346815,2.637189,1.3467120000000001,1.352925,1.382886e-06,43.0,0.8142973992994906
6.56434,0.06469436,0.13336489999999998,0.07780439,-0.2510257,1.7619080000000003,0.29606409999999994,0.01645504,4.806042,3.769858e-06,0.0,1.0834468599344995
6.56434,0.08457104,0.1287112,0.01446798,-2.495412,3.350943,0.2349229,0.02459409,5.491347,3.916046e-06,4.0,1.0700361480119627
6.56434,0.13635279999999997,0.01865971,0.01326339,-2.20337,2.347254,0.37974159999999996,0.05034922,0.24478060000000001,8.301554e-06,8.0,1.473534316997211
6.56434,0.21575529999999998,0.03462571,0.07618713,-0.8409796,1.968531,2.620184,0.1002161,1.561851,6.693377000000001e-06,16.0,1.2866940127328679
6.56434,0.32680149999999997,0.06143521,0.03613673,0.5875130000000001,5.916999,3.7061559999999996,0.1868184,3.4462839999999995,7.062374e-06,21.0,1.3707050311056412
6.56434,0.46297479999999996,0.11755850000000001,0.04066321,1.805893,4.148747,3.006238,0.3150128,3.2953650000000003,6.247107e-06,28.0,1.3223182828857274
6.56434,0.6305735,0.05369349999999999,0.03204247,-0.9062646000000001,1.485424,5.384818,0.5007193,4.698273,6.66872e-06,33.0,1.329297618215973
6.56434,1.009522,0.09222034,0.05799169999999999,2.8268459999999997,0.8633263000000001,2.666298,1.014291,5.092537999999999,6.854268e-06,36.0,1.327405887000693
6.69292,0.05968225,0.02253966,0.007686508000000001,2.21805,0.3180664,3.9223559999999997,0.01458033,1.430769,1.872788e-06,0.0,0.876830230009296
6.69292,0.07415345,0.01830431,0.005360637,2.6473720000000003,0.1623547,1.8899,0.02019278,5.333831,2.877853e-06,2.0,0.9925612904775518
6.69292,0.0952554,0.001900231,0.0021992179999999997,-2.765152,4.620872,4.498096,0.029399,2.644192,3.970368e-06,5.0,1.1050310568820176
6.69292,0.12124000000000001,0.01009107,0.007947412,-0.6098998999999999,0.6410267,6.036557,0.04221498,5.999829,3.082113e-06,9.0,1.0094156696244199
6.69292,0.1482474,0.02274178,0.01319598,-0.5709672,1.7854580000000002,4.252719,0.05707919,3.042793,2.106412e-06,12.0,0.914183087169878
6.69292,0.1725794,0.02431747,0.014421999999999999,-0.8154613000000001,2.200777,4.667959,0.07169347,3.276006,3.2509930000000003e-06,14.0,1.0304115212080327
6.69292,0.2068333,0.02334925,0.01925609,-1.204866,1.0119719999999999,4.807016,0.09406468,4.95477,2.204057e-06,16.0,0.9219923203005941
6.69292,0.2484757,0.05646074,0.009989704,-0.9080568000000001,0.30258959999999996,0.8257859000000001,0.123857,1.5439459999999998,4.628417e-06,19.0,1.1404359785428915
6.69292,0.3502795,0.05327695,0.01069837,0.8001826,4.976233000000001,0.1432029,0.2073077,0.7180038000000001,7.156552000000001e-06,20.0,1.4191625995656265
6.69292,0.5050784,0.02344573,0.03454092,2.344761,1.764675,4.438002,0.3589458,0.3441284,5.221231e-06,31.0,1.1578391303583697
6.69292,0.6089701999999999,0.02206097,0.01798726,-1.743196,4.792456,2.9573139999999998,0.4752085,6.187074,2.717984e-06,36.0,0.9691948431931862
6.69292,0.8165728,0.03016696,0.01341399,-0.9458638,3.081953,3.9116,0.7378774,1.8341020000000001,6.6195910000000005e-06,29.0,1.3145235456291398
6.69292,1.115192,0.07612012,0.02471178,-0.730132,0.5796793,4.418237,1.177643,4.420587,1.3887790000000002e-06,39.0,0.8061317674392068
6.69292,1.1185399999999999,0.0777753,0.05508588,2.280405,3.613721,4.53008,1.182952,4.764425,1.358886e-06,37.0,0.8018829936823965
6.82402,0.04634774,0.01506971,0.07629994,2.600074,3.128539,3.487221,0.009977976,4.018455,2.052449e-06,0.0,0.9107704408544759
6.82402,0.06085142,0.02910496,0.05670464,2.869393,5.697455000000001,4.766830000000001,0.01501084,2.5177810000000003,3.5449599999999997e-06,3.0,1.0485874557027357
6.82402,0.08816638,0.02173351,0.01125458,2.926593,1.4577959999999999,3.028577,0.02617896,4.884672,4.4776510000000005e-06,8.0,1.1579402301672856
6.82402,0.13256010000000001,0.02487531,0.03309315,1.4675120000000001,2.091359,3.847228,0.04826318,0.3029383,5.529924e-06,13.0,1.2337926681800235
6.82402,0.18335179999999998,0.02889367,0.06047798,-0.06300531,2.271356,5.442079,0.07850978,3.228596,3.330442e-06,21.0,1.0330536103102457
6.82402,0.2292516,0.0618381,0.02997405,2.758438,0.30054250000000005,0.2048788,0.10976500000000002,3.396447,2.5988420000000003e-06,25.0,0.9725168479614936
6.82402,0.3295307,0.03631243,0.01769474,1.097372,3.73078,0.6417324000000001,0.1891636,2.1581349999999997,7.253732e-06,27.0,1.3858983868891186
6.82402,0.48950920000000003,0.05893469,0.01236388,-0.5747833999999999,0.2986179,3.7790550000000005,0.3424792,3.966043,3.849811e-06,35.0,1.0859928448040157
6.82402,0.6123066,0.04631683,0.02127958,3.02665,1.4692889999999998,2.139884,0.479121,3.8642410000000003,5.054281e-06,39.0,1.1692416818578735
6.82402,0.8095611,0.04109921,0.03526155,-1.814295,3.88314,0.3277943,0.7283930999999999,4.46191,2.063993e-06,44.0,0.9304066694804229
6.82402,1.009419,0.01198741,0.02883125,-0.9662042,2.799696,3.7206379999999997,1.014139,1.909825,4.289039e-06,46.0,1.117527146381422
6.9576899999999995,0.04668373,0.01429023,0.01027075,2.866237,1.878712,5.362907,0.01008667,0.6347593,1.46271e-06,0.0,0.8294475944195099
6.9576899999999995,0.05686773,0.01580019,0.0028247090000000003,-2.016912,3.5035559999999997,5.330879,0.013561199999999999,3.824118,2.245438e-06,2.0,0.9402933811721024
6.9576899999999995,0.0703211,0.01118261,0.007469999000000001,1.183766,0.3585238,0.647458,0.01864778,5.370754,2.309144e-06,5.0,0.9386339289148116
6.9576899999999995,0.08744784,0.0034284640000000004,0.002181453,-1.892122,5.550632,2.2226150000000002,0.0258596,4.840491,2.375266e-06,8.0,0.9291498118771457
6.9576899999999995,0.10536689999999999,0.008578038,0.006651832,-1.559425,4.173891,1.9496630000000001,0.03420218,5.607709,2.443917e-06,11.0,0.956759458278315
6.9576899999999995,0.1263643,0.009639016,0.008866117,0.122831,2.617809,4.782285,0.04491938,2.0587299999999997,1.668721e-06,14.0,0.8568679490234671
6.9576899999999995,0.1434941,0.004212447,0.004568162,2.125866,4.92855,3.7128160000000006,0.05435606,2.943251,1.701226e-06,16.0,0.8552188434493909
6.9576899999999995,0.1625852,0.007794606999999999,0.001163819,-2.64026,1.522538,2.7488099999999998,0.06555686,3.85627,1.734574e-06,18.0,0.8374248393060382
6.9576899999999995,0.1846404,0.0030871059999999996,0.004327770999999999,2.9119919999999997,5.451386,5.524378,0.07933891,3.4423519999999996,1.768792e-06,20.0,0.8894862599089137
6.9576899999999995,0.216572,0.003430533,0.003855994,-0.7335389,1.5841690000000002,1.495895,0.10078569999999999,0.6494052,2.7377050000000004e-06,22.0,0.9818427398915077
6.9576899999999995,0.2696287,0.008030386,0.001183046,0.6443897,3.605486,3.05261,0.14000510000000002,5.070912,3.735792e-06,24.0,1.080013560082949
6.9576899999999995,0.3282642,0.003130065,0.0014497879999999998,-0.22844160000000002,1.244793,3.8794800000000005,0.1880744,2.864843,1.934341e-06,29.0,0.9267429602224022
6.9576899999999995,0.3825356,0.005133871,0.003010492,2.949688,1.534155,3.936064,0.23659270000000002,5.730029,3.017174e-06,31.0,1.0059226164968713
6.9576899999999995,0.4692847,0.004017466,0.0013930429999999998,-1.523232,2.79271,0.7904062,0.3214754,5.800393,1.994064e-06,32.0,0.9003198066064781
6.9576899999999995,0.5212386999999999,0.005037661,0.00041900190000000004,0.7510128,2.462088,1.6348850000000001,0.37631129999999996,4.694895,4.301519e-06,36.0,1.129732720120496
6.9576899999999995,0.6587606,0.006881396999999999,0.000774834,1.527517,0.08483343,4.674371,0.5346656999999999,3.0631049999999997,2.177208e-06,40.0,0.9009616203410051
6.9576899999999995,0.8126552,0.007788218,0.0004634752,-0.06299771,2.877374,1.337418,0.7325712,4.790705,2.3075030000000002e-06,46.0,0.9352732394358141
6.9576899999999995,0.9762648000000002,0.008559631,0.0017939120000000002,-3.132936,6.176919,5.136326,0.9645916999999999,2.107107,1.055005e-06,38.0,0.7419015986474011
6.9576899999999995,1.162042,0.001429272,0.0003267845,-0.3598827,5.141756,0.07841142,1.252634,1.582582,3.301151e-06,39.0,1.060699819826544
7.09397,0.04985351,0.0014515079999999998,0.0014227979999999999,-2.061789,2.250079,3.485274,0.01113123,3.296535,1.551437e-06,0.0,0.8357005774183797
7.09397,0.06166522,0.005373866999999999,0.00043658620000000005,2.773863,5.791028,5.8507739999999995,0.01531297,3.564639,2.3837870000000002e-06,2.0,0.9431687361031988
7.09397,0.0738117,0.004790878,0.0002268286,2.8058509999999997,2.554414,2.177022,0.02005334,3.100339,1.628088e-06,5.0,0.8473848106186963
7.09397,0.08444019999999999,0.006766073,0.001424355,0.5592887,2.33632,2.2846919999999997,0.02453705,5.664452,1.660152e-06,7.0,0.8542792548469637
7.09397,0.0982972,0.002437808,0.0008880111999999999,-1.7004810000000001,1.139019,1.178017,0.03081838,1.7442830000000002,1.7014990000000001e-06,9.0,0.8596357599544239
7.09397,0.1113444,0.003872193,0.0004773148,0.2995291,3.887745,1.519336,0.03715355,3.61173,1.7183869999999998e-06,10.0,0.850234441126317
7.09397,0.1321487,0.006735008000000001,0.0001740301,-2.961817,3.3062519999999997,4.5892230000000005,0.04803874,4.23281,2.664559e-06,13.0,0.9903414126144396
7.09397,0.1657931,0.002037637,0.0002913954,0.8907193000000001,3.250396,5.716175,0.06750658,1.579135,2.727696e-06,15.0,0.9730838427001314
7.09397,0.1931816,0.0015557939999999999,0.00042812510000000005,2.40442,6.208436,4.020688,0.08490724,1.6941060000000001,1.8712029999999998e-06,19.0,0.877668482028223
7.09397,0.21610429999999997,0.0011014710000000001,0.0003982058,-2.746978,4.6384,6.185941000000001,0.10045950000000001,4.2925059999999995,9.500001000000001e-07,21.0,0.7320548396941712
7.09397,0.2384502,0.0005827531,0.00012050030000000001,-1.398234,5.789818,0.8093913,0.11643730000000001,2.70149,1.929454e-06,22.0,0.8828216350285423
7.09397,0.27415320000000004,0.0021476489999999997,0.00022739419999999997,0.3899121,6.052452,1.113893,0.14354389999999997,0.9582254000000001,2.980317e-06,24.0,1.0058561398753487
7.09397,0.3149808,0.0030867359999999996,0.00029973310000000003,-2.0187779999999997,3.3130580000000003,0.9977054,0.17677400000000001,5.9848,1.099851e-06,35.0,0.7489255691445238
7.09397,0.37150229999999995,0.0007456151,0.0001114323,2.358955,5.422467,5.544313,0.2264313,4.044905,3.120433e-06,26.0,1.014644499502485
7.09397,0.41418320000000003,0.002030976,0.0001870045,2.418387,0.787489,4.8404419999999995,0.26655159999999994,1.6386189999999998,1.054024e-06,31.0,0.7502206550377849
7.09397,0.5544558,0.0005222926,8.261351999999999e-05,-0.8326733000000001,3.996201,2.166877,0.41285079999999996,5.285657,6.465839e-06,28.0,1.3079134122892855
7.09397,0.7215424,0.001019761,0.000169961,2.2350529999999997,2.771521,5.509633,0.6128925000000001,0.5040431,3.4466680000000004e-06,36.0,1.0481559466815287
7.09397,0.9040071,0.0012524460000000002,0.000662905,-1.016108,2.857681,2.928872,0.8595058000000001,1.089518,2.3606370000000003e-06,40.0,0.9354863053030402
7.09397,1.0025879999999998,0.0022598460000000003,0.001237118,2.1177580000000003,2.6821080000000004,5.499633,1.003863,0.7026836999999999,1.213036e-06,44.0,0.7950831294032019
7.09397,1.118802,0.0007791727000000001,0.00024388169999999999,-1.037874,1.37469,6.180432,1.18337,5.8429519999999995,1.173664e-06,41.0,0.7844984421487019
7.2329300000000005,0.07155857,0.1642814,0.1164067,1.182774,4.048253,3.457613,0.01914216,4.205455000000001,7.3357759999999995e-06,0.0,1.3677665923573703
7.2329300000000005,0.12110230000000001,0.1313011,0.06357655,0.39239270000000004,0.1560196,4.106974,0.04214299,3.466272,6.940218e-06,8.0,1.3499677072577092
7.2329300000000005,0.2912953,0.06959929,0.016580599999999997,-1.8564439999999998,4.946707,2.157684,0.1572148,5.232984,1.676025e-05,15.0,2.1881323445972356
7.2329300000000005,0.7514213000000001,0.10913060000000001,0.03994652,2.843044,1.032912,2.285324,0.6513523,4.4766129999999995,1.159788e-05,30.0,1.7381802324939786
7.2329300000000005,1.570349,0.1202318,0.2018968,-0.880344,5.348637,4.978039,1.967817,0.6442591999999999,1.247483e-06,32.0,0.7912596829842138
7.3746,0.05043577,0.11885760000000001,0.02786328,2.425191,4.400888,5.803474,0.01132681,5.042492,2.221739e-06,0.0,0.911909012581333
7.3746,0.07230042,0.02136699,0.08414651,2.605425,5.55598,5.579294,0.0194406,3.678897,5.44744e-06,3.0,1.2045548138960012
7.3746,0.1296256,0.05543531,0.06848154,2.7412,4.386451,0.38760290000000003,0.04666948,5.774204,7.593357e-06,10.0,1.394337634992262
7.3746,0.2264239,0.04375552,0.02910164,-2.771856,2.727373,3.303068,0.1077405,3.330566,6.41451e-06,19.0,1.3009594193257086
7.3746,0.3703979,0.09366938,0.02450715,-0.40372729999999996,0.04754058,3.95221,0.22542199999999998,4.144464,8.019752e-06,26.0,1.4540108675069423
7.3746,0.7326925,0.14883729999999998,0.03447985,0.5024097,6.197468,1.8612830000000002,0.6271536999999999,1.742493,9.931186e-06,32.0,1.6221698888877507
7.3746,1.185794,0.07030489,0.09002987,-1.534327,6.080554,3.625039,1.291234,5.244031,2.1064349999999998e-06,34.0,0.917863582993109
7.5190600000000005,0.04859444,0.21882849999999998,0.06475245,0.5219507000000001,1.5252620000000001,4.869068,0.01071221,2.930708,3.3767430000000003e-06,0.0,1.0485593618751907
7.5190600000000005,0.07979959,0.03422979,0.01957863,-0.8881385,0.3542796,1.9702099999999998,0.02254234,2.54345,5.758703e-06,5.0,1.2361516678348758
7.5190600000000005,0.1224354,0.03700944,0.06518701,0.08619645,5.637003,0.003581382,0.04284082,0.6047031999999999,3.839803e-06,13.0,1.0649946687358862
7.5190600000000005,0.1878444,0.12118119999999999,0.03088589,1.685898,4.559248,5.885886,0.0814129,5.824912,5.715582000000001e-06,18.0,1.2381165274506691
7.5190600000000005,0.28085340000000003,0.04436546,0.1032068,-0.8326484000000001,5.710891,1.7449970000000001,0.14883829999999998,3.149238,4.373552e-06,25.0,1.135597274602091
7.5190600000000005,0.43072040000000006,0.07507507,0.01422431,-2.734342,4.388945,3.632779,0.2826744,2.110702,7.475428e-06,29.0,1.3818028447222312
7.5190600000000005,0.6795358,0.04038535,0.02906872,1.91622,1.624674,2.04474,0.5601584,4.70627,4.953688e-06,36.0,1.1319968976817316
7.5190600000000005,1.052853,0.08343967,0.045772900000000005,3.087079,5.51835,0.8025458000000001,1.080296,4.59671,4.189461e-06,42.0,1.1028093003212323
7.666339999999999,0.06573221,0.1608393,0.1079239,0.35227959999999997,2.806536,6.068454,0.01685257,2.971389,5.2188310000000006e-06,0.0,1.1706944648920876
7.666339999999999,0.12148099999999999,0.05184978,0.0387552,-0.9556633,3.55639,1.387255,0.04234081,4.970477,9.491467e-06,6.0,1.5642555044105753
7.666339999999999,0.22181729999999997,0.1115585,0.03787125,0.39615959999999995,6.025962,1.844745,0.10446939999999999,1.9211479999999999,4.150206e-06,16.0,1.1178395470717026
7.666339999999999,0.31557090000000004,0.04587479,0.01344084,0.8634154,3.573511,0.21030610000000002,0.1772719,2.1355020000000002,6.467736e-06,18.0,1.3240565572908682
7.666339999999999,0.4863786,0.05197609,0.01311744,-1.822411,4.8140410000000005,1.974647,0.3391989,5.174793,8.344884e-06,26.0,1.5094023440783961
7.666339999999999,0.7528895,0.07244604,0.01121856,-2.6020209999999997,0.1602237,1.910666,0.6532640000000001,4.221426,3.7639249999999997e-06,29.0,1.052622307747763
7.666339999999999,1.0182,0.03348549,0.05762794,1.7586279999999999,4.984858999999999,4.271814,1.027403,3.771263,2.500493e-06,34.0,0.9621298882702295
7.666339999999999,1.4074280000000001,0.14035050000000002,0.1712072,-2.88481,2.540125,2.006027,1.669672,2.527381,1.184867e-06,30.0,0.7738424637936909
7.816510000000001,0.05463612,0.03645908,0.07270955,-1.090152,5.913284,3.202659,0.01277081,4.590112,6.518427000000001e-06,0.0,1.3121768861272876
7.816510000000001,0.110826,0.02250751,0.03886392,-0.8349409,3.4499230000000005,1.8948909999999999,0.03689435,5.532773000000001,6.456414e-06,10.0,1.3256827546650627
7.816510000000001,0.1741375,0.09378895,0.04736767,2.328924,1.535091,4.666532,0.07266664,0.9487943999999999,3.068307e-06,19.0,1.0217480338430325
7.816510000000001,0.2376324,0.07737781,0.04079522,-2.844218,5.840118,3.8479,0.11583869999999999,0.9760466999999998,4.852753e-06,23.0,1.175205992059444
7.816510000000001,0.34982640000000004,0.01989868,0.02594515,-2.016898,0.7727778000000001,0.3943902,0.20690619999999998,1.678139,3.4609980000000004e-06,29.0,1.0471522220325826
7.816510000000001,0.5313746,0.03933417,0.0422577,1.455139,2.114981,0.6634831,0.3873417,3.3590730000000004,7.245447e-06,30.0,1.328752132171598
7.816510000000001,0.8733388000000001,0.02124534,0.01143979,-2.5744540000000002,0.9756741,1.575464,0.8161428000000001,3.172893,4.9012880000000005e-06,41.0,1.1694312386369408
7.816510000000001,1.180762,0.05596668,0.06158155,-0.0148422,0.5307061,5.402303,1.283025,4.775077,1.01419e-06,46.0,0.7515509010773219
7.96961,0.06959560000000001,0.002935048,0.1168999,-0.4378834,0.41367020000000004,4.551327,0.01835993,4.569726999999999,7.531987e-06,0.0,1.324516794605953
7.96961,0.1275348,0.1300803,0.1778539,-0.7565506,5.3112580000000005,2.730165,0.04554497,4.219003,5.500608e-06,9.0,1.2338030853478774
7.96961,0.21180589999999996,0.10790630000000001,0.12347129999999999,1.487558,0.46638950000000007,1.9540369999999998,0.09747716,0.0001119509,6.998623e-06,14.0,1.3181532230728104
7.96961,0.33149209999999996,0.06002235,0.05108344,-2.237733,6.103586,3.5588910000000005,0.19085529999999998,5.937176,5.321522e-06,21.0,1.2310622916447889
7.96961,0.522605,0.06494472,0.05198419,0.3981107,0.1045638,1.837263,0.37779320000000005,1.462961,3.2279950000000003e-06,24.0,1.0245868373048455
7.96961,0.705426,0.03134299,0.05333368,-2.915367,5.533582,5.058968,0.5924739,2.479991,8.01778e-06,26.0,1.3448228199335666
7.96961,1.13733,0.06271143,0.07088963,2.587683,4.370297,2.25062,1.2128889999999999,1.700871,2.474312e-06,37.0,0.9380391909082026
8.12572,0.06308478,0.04843986,0.05896436,-1.776875,3.448743,0.07657046,0.01584477,4.591330999999999,4.369991e-06,0.0,1.0930648361302082
8.12572,0.0984549,0.09985234,0.03518129,-2.533346,3.5289980000000005,2.659296,0.03089259,1.8589650000000002,3.680423e-06,5.0,1.0655826545638214
8.12572,0.14117079999999999,0.07261834,0.0756388,2.856521,3.352156,1.864373,0.05304132,2.0697259999999997,5.900468e-06,9.0,1.2685062940527776
8.12572,0.21723739999999997,0.08727123,0.06716986,-2.2277,5.749249,5.480536,0.1012507,2.113513,4.0914069999999995e-06,13.0,1.1243286655675742
8.12572,0.3267638,0.05397705,0.04913386,-0.8452476000000001,5.710874,5.691724,0.1867865,0.9091754999999999,7.759260000000001e-06,19.0,1.376487686411954
8.12572,0.5919799,0.07104409,0.05275704,1.065029,4.780494999999999,5.746822,0.4554629,6.16913,8.466029e-06,25.0,1.4594668662174777
8.12572,0.8944946,0.0403554,0.006632093,3.022836,1.939153,3.623245,0.8459766,4.865056,3.874258e-06,32.0,1.0786749944591998
8.12572,1.383542,0.11506589999999998,0.001023206,2.8276529999999998,5.876793,3.900746,1.627346,1.7096490000000002,1.269127e-06,33.0,0.7987121986479362
8.284889999999999,0.05523347,0.004048424,0.04737639,-1.390807,3.0881540000000003,0.06760538,0.01298084,4.645363,3.086741e-06,0.0,1.0157364507405662
8.284889999999999,0.07684807,0.08383556,0.02637076,0.7914876999999999,3.1436319999999998,5.617036,0.02130336,1.8459009999999998,3.2279790000000003e-06,4.0,1.0412828932763971
8.284889999999999,0.1203038,0.01675578,0.033951199999999994,-3.114964,5.069087000000001,0.2840304,0.04172693,4.579821,6.015276999999999e-06,8.0,1.2542131153296898
8.284889999999999,0.1687055,0.12605360000000002,0.08253859,1.8836970000000002,3.854633,3.7354190000000003,0.06929325,4.067153,1.82083e-06,15.0,0.8748690598807252
8.284889999999999,0.25948119999999997,0.01023311,0.02169431,0.2480447,1.843376,0.09456534,0.1321764,4.267793,7.68545e-06,16.0,1.3730552207852036
8.284889999999999,0.40056390000000003,0.06548228,0.03428166,1.464302,5.387676,0.1110002,0.2535138,5.762980000000001,3.115224e-06,26.0,1.0064848778752857
8.284889999999999,0.5088959,0.07712065,0.03631947,-2.6353470000000003,0.5045334,0.05055353,0.3630244,2.300826,3.369453e-06,32.0,1.0485484114463635
8.284889999999999,0.6176170999999999,0.01319971,0.02203329,-1.3860190000000001,1.8730229999999999,2.312368,0.48537070000000004,1.8508040000000001,3.142649e-06,24.0,1.0247738235160837
8.284889999999999,0.7985104000000001,0.01023212,0.01242329,1.943913,5.918806,5.259407,0.7135329,3.669496,3.384496e-06,31.0,1.0349925321246098
8.284889999999999,1.046239,0.05393679,0.03629144,-0.8591271999999999,5.368336,5.761527,1.070135,1.356784,2.367405e-06,37.0,0.9558616596088729
8.44717,0.05725015,0.08495277,0.06304513,-2.870219,4.191998,0.6323287,0.01369821,5.4763209999999996,5.053313e-06,0.0,1.1840590475556143
8.44717,0.09049504,0.01221493,0.06086131,2.204432,2.0722169999999998,2.036692,0.02722296,4.024248,3.07012e-06,7.0,1.0132201517244068
8.44717,0.12129660000000002,0.04927132,0.05478724,-0.1534401,0.28715009999999996,1.1715959999999999,0.04224456,1.12539,2.3959299999999998e-06,11.0,0.9603835948095967
8.44717,0.1613221,0.05104238,0.01272866,1.305817,2.045736,6.099723,0.06479441,2.785113,4.2329059999999995e-06,14.0,1.103005862766412
8.44717,0.2173185,0.05363047,0.008156428,1.8392669999999998,5.425841999999999,0.5129657999999999,0.10130739999999999,5.762698,2.578399e-06,17.0,0.9786923583579382
8.44717,0.322973,0.08295437,0.01992769,-1.275028,4.4371529999999995,1.5205629999999999,0.1835456,4.478067,6.6687260000000005e-06,22.0,1.2929426818006582
8.44717,0.5881844,0.02197899,0.02057423,-1.0239260000000001,0.32917090000000004,5.210856,0.4510903,5.888982,7.0043759999999996e-06,24.0,1.305456559318315
8.44717,0.8657773000000001,0.022273599999999998,0.0289663,1.793549,3.968153,4.68877,0.8055674,5.170598,3.194545e-06,34.0,1.032317346566574
8.44717,1.066192,0.03456317,0.01508442,1.633512,1.875919,4.93035,1.1008930000000001,1.48966,2.197827e-06,37.0,0.948280188906175
8.612630000000001,0.05692799,0.08538606,0.112075,-2.402835,1.420469,3.7754830000000004,0.01358275,4.587254,4.50166e-06,0.0,1.1511733520214715
8.612630000000001,0.08721829,0.1106503,0.06317392,0.9057856,2.5374470000000002,4.404637999999999,0.02575787,1.157144,2.370128e-06,6.0,0.9322859978114408
8.612630000000001,0.1234752,0.04181489,0.03294222,2.520476,3.938586,4.967983,0.04338775,4.70849,4.997897e-06,9.0,1.1510518402894032
8.612630000000001,0.20662399999999997,0.05179824,0.01631537,1.652432,5.843337,0.7801354,0.09392192,5.804633,7.390272e-06,15.0,1.3766042556993092
8.612630000000001,0.41759309999999994,0.1684868,0.03464375,0.2190299,0.03129462,1.580961,0.269851,1.668575,7.858006e-06,19.0,1.4532062204904117
8.612630000000001,0.7274955,0.15588429999999998,0.03667104,2.1298150000000002,2.774368,3.207164,0.6204951,4.288719,5.442875e-06,31.0,1.2176432804145465
8.612630000000001,1.118722,0.06775964,0.06240591,-1.424084,4.0295760000000005,0.3426166,1.183247,3.9214919999999998,3.415367e-06,35.0,1.0520120921743081
8.78133,0.06931667,0.01146812,0.08703519,0.9755295,2.114334,2.212352,0.01824965,5.3878699999999995,9.227940999999999e-06,0.0,1.513627111762891
8.78133,0.1581184,0.1088232,0.06467561,-2.659622,5.794453,2.229692,0.06287394,5.1923129999999995,5.154602e-06,12.0,1.1788518438391449
8.78133,0.272545,0.123623,0.08287773,-2.400439,2.6981759999999997,6.023016999999999,0.1422829,5.575349,6.646089999999999e-06,16.0,1.2735318618333795
8.78133,0.4152482,0.09549857,0.1263178,2.345202,5.195415000000001,2.239398,0.2675814,1.1512229999999999,4.871780000000001e-06,23.0,1.1546598194140087
8.78133,0.6889976,0.02753611,0.1036473,0.2475324,1.9760389999999999,4.9355839999999995,0.5718991999999999,2.734251,6.428307999999999e-06,29.0,1.285089031493009
8.78133,1.1953639999999999,0.08268604,0.09900738,-1.130034,3.047955,4.808504,1.306901,2.927899,2.247636e-06,34.0,0.9164289151805441
8.78133,1.532917,0.07668302,0.14104260000000002,-2.485575,5.151763,2.4080209999999997,1.897886,5.981896,1.123297e-06,36.0,0.7725864392223887
8.953339999999999,0.05409221,0.13117939999999997,0.1768854,-2.71503,2.386973,3.949503,0.01258061,4.056814,1.61557e-06,0.0,0.8470850356053515
8.953339999999999,0.07088842,0.02232637,0.04722492,1.498289,4.745512000000001,4.779986,0.01887391,4.774854,3.3520990000000002e-06,2.0,1.030175255998318
8.953339999999999,0.1111626,0.09402543,0.04270918,-2.861968,0.39945579999999997,0.1557385,0.03706257,2.703421,5.35104e-06,6.0,1.1779528354246729
8.953339999999999,0.1814438,0.07238587,0.04679985,3.101057,2.185828,3.7169760000000003,0.07728763,4.568995,4.780807e-06,12.0,1.1711373289826055
8.953339999999999,0.2547812,0.08658489999999999,0.02817161,-2.6024,5.280933999999999,5.353922,0.1286011,2.746286,2.315882e-06,28.0,0.9139264858411325
8.953339999999999,0.33080040000000005,0.04107316,0.035991,-1.372468,4.9201120000000005,3.189021,0.19025870000000003,5.894280999999999,5.100749e-06,17.0,1.1944747723300622
8.953339999999999,0.47584970000000004,0.01942881,0.04510884,-0.01599007,0.5659192,1.263874,0.3282461,0.7398617,3.2555630000000003e-06,22.0,1.0388179806409248
8.953339999999999,0.5756715,0.05851079,0.04355512,-0.2572353,5.096614,0.8423438,0.4367735,2.370336,3.328559e-06,24.0,1.0491331112889664
8.953339999999999,0.8579537,0.01217072,0.03914951,1.6982869999999999,1.187078,2.872161,0.7946729,6.269655,4.844307e-06,30.0,1.1511924954236732
8.953339999999999,1.123928,0.07258367,0.03978918,-0.4414268,5.665241,0.8300818000000001,1.191516,2.023101,1.231909e-06,33.0,0.7842415527428946
9.12872,0.04284991,0.12092349999999999,0.05244327,-2.409744,3.52244,4.6419239999999995,0.008870016,3.44916,1.845678e-06,0.0,0.8514697908359807
9.12872,0.05809246,0.1294788,0.06176451,-2.094107,3.808038,2.285437,0.01400163,0.7327714,2.561304e-06,3.0,0.9558064671952587
9.12872,0.08215587,0.03772248,0.04579067,0.9470765999999999,1.509706,6.090164,0.02354813,3.599186,2.68263e-06,7.0,0.9806190510890371
9.12872,0.1119154,0.06937251,0.00899752,-0.2103018,5.1977,3.237209,0.03743971,4.398961,3.535713e-06,11.0,1.0606892842570486
9.12872,0.19053670000000003,0.02119155,0.04381976,1.3776030000000001,2.563507,4.022948,0.0831696,0.08539702,5.320425e-06,16.0,1.1679286493404202
9.12872,0.3029632,0.03181789,0.04374853,-2.089959,3.1675,3.743671,0.1667556,2.69426,4.153088000000001e-06,23.0,1.0867130269042815
9.12872,0.4609601,0.02609212,0.01319229,-0.09018589999999999,1.606875,5.430791999999999,0.3129604,3.878521,5.208438e-06,25.0,1.1938990229832656
9.12872,0.791321,0.03462009,0.01146023,-1.9003310000000002,4.807727,6.168487,0.7039184,3.2531779999999997,5.670046999999999e-06,33.0,1.2373899985239194
9.12872,1.078087,0.008628883,0.0639118,1.49318,5.723413,3.24034,1.119371,2.31963,9.911226999999999e-07,40.0,0.7496589654655241
9.30753,0.0515649,0.00348581,0.004017454,-3.019456,2.0501669999999996,2.671081,0.011709299999999999,3.6370480000000005,2.223178e-06,0.0,0.9318410119286997
9.30753,0.06905122,0.008624478,0.001123349,2.286326,5.84115,3.646412,0.01814496,1.818868,2.307003e-06,3.0,0.9408756685507808
9.30753,0.09098161,0.004635792,0.001924816,2.206195,4.718701,2.479893,0.02744283,1.8471099999999998,2.395055e-06,6.0,0.9667115056371275
9.30753,0.11342650000000001,0.02341105,0.003429668,1.550941,1.759009,4.939147,0.03820057,1.675843,1.647828e-06,9.0,0.8476523669365685
9.30753,0.14023570000000002,0.02036599,0.002538064,-2.586284,0.01714509,5.387117,0.05251528,1.713473,2.551935e-06,11.0,0.9734791094172435
9.30753,0.17496040000000002,0.02376588,0.0020152079999999997,-2.443732,3.0707259999999996,6.085554,0.07318241,5.422947,1.7569059999999998e-06,14.0,0.856527411736871
9.30753,0.20723670000000002,0.01803194,0.0017230639999999998,-0.6820341999999999,0.01672439,2.567239,0.09434021,3.229345,1.8032060000000001e-06,16.0,0.8683575384719623
9.30753,0.2579875,0.005518734,0.0020682070000000003,-0.27650759999999996,5.444921,3.390789,0.13103710000000002,4.494774,2.795195e-06,18.0,0.9828940433442996
9.30753,0.3197598,0.012593700000000001,0.002792675,0.3980068,4.792764,4.454093,0.1808138,5.529387,1.926221e-06,21.0,0.8937920295722397
9.30753,0.3722409,0.02171248,0.001538546,-0.3417131,3.042106,2.425817,0.2271075,5.996519999999999,1.978528e-06,23.0,0.8850926998380837
9.30753,0.4529224,0.01681961,0.0001092599,2.554711,3.035622,5.323529,0.304811,6.007329,2.032726e-06,25.0,0.9028533329415547
9.30753,0.5456853,0.01722274,0.002165341,3.093125,2.408232,0.3449497,0.4030954,1.158169,2.088902e-06,27.0,0.9137316566468764
9.30753,0.6253604,0.01323421,0.0005172773999999999,-0.6608850000000001,6.100679,4.799696,0.49452650000000004,5.627066,2.147144e-06,29.0,0.9101403698855295
9.30753,0.7271764000000001,0.007450991999999999,0.002126244,-1.314378,1.838359,0.8827252,0.6200880999999999,0.3640223,1.096085e-06,31.0,0.767814204199798
9.30753,0.8580146000000001,0.009379134,0.0015733989999999998,1.326015,4.0259540000000005,5.447862000000001,0.7947582,0.09770954,3.38168e-06,32.0,1.0610443132630136
9.30753,1.04955,0.01833313,0.002239904,-1.947511,1.204517,2.8660240000000003,1.07522,3.592829,1.159344e-06,35.0,0.7762429554102316
9.48985,0.04960534,0.05104854,0.1194848,-1.320833,1.902737,6.047785,0.01104821,5.388107,3.284212e-06,0.0,1.0646456199804963
9.48985,0.07710104,0.12282380000000001,0.04918367,-0.9901783000000002,1.74048,3.911022,0.02140863,3.15665,3.4897160000000003e-06,5.0,1.047304435751533
9.48985,0.1242952,0.02247424,0.07934089,2.989168,2.908583,0.6281545999999999,0.04382068,1.0523040000000001,4.4834609999999995e-06,10.0,1.1451760149201133
9.48985,0.17636529999999997,0.168713,0.1177065,0.3309934,1.324241,4.2317860000000005,0.07406566,2.7292099999999997,2.372411e-06,16.0,0.9614876706468896
9.48985,0.2733828,0.07950608,0.04339644,0.006738053000000001,4.635144,0.55312,0.1429396,2.3161110000000003,5.064183e-06,19.0,1.1867174706858714
9.48985,0.3977799,0.05251414,0.021218200000000003,-1.159382,2.7269419999999998,0.31581329999999996,0.2508762,4.929791000000001,3.5934800000000003e-06,24.0,1.0599100269436088
9.48985,0.5714588,0.06888956,0.003220635,1.132593,3.8744690000000004,0.6435466999999999,0.4319879,2.045114,4.759776e-06,26.0,1.1408546490065747
9.48985,0.9956122,0.0438982,0.039576,2.613035,5.842797,4.221613,0.9934095,2.124921,5.034535000000001e-06,33.0,1.1724499905703794
9.67573,0.07272322,0.1379167,0.07017895,0.4655619000000001,5.074631,1.6050440000000001,0.01961139,2.522507,5.5517449999999995e-06,0.0,1.2216451459259066
9.67573,0.12226089999999999,0.1591464,0.05800132,-0.2218114,0.20723629999999998,2.689148,0.04274934,2.817745,3.965147e-06,6.0,1.0871073518701024
9.67573,0.18225940000000002,0.01813916,0.09048131,-0.7841338000000001,2.17568,1.232997,0.07780939999999999,6.118777,4.195212e-06,10.0,1.1010684778981459
9.67573,0.2537499,0.06833587,0.02840616,1.2979459999999998,0.2111138,1.133543,0.12782169999999998,5.853261,4.544552e-06,14.0,1.159892350850343
9.67573,0.4539936,0.02093148,0.02352199,2.663246,4.634894999999999,0.7057764,0.3058925,5.9609440000000005,8.370219e-06,16.0,1.5630566745399879
9.67573,0.7386365,0.1335679,0.16776960000000002,-1.871198,6.209884,4.748889,0.6348024999999999,0.5354925,1.3180219999999999e-06,27.0,0.7978175284771112
9.67573,0.9639171000000001,0.07402385,0.02948036,2.31334,0.39099029999999996,5.881645,0.9463511,3.1724759999999996,6.615775e-06,24.0,1.3278126803204757
9.865260000000001,0.06884676,0.02538855,0.05753200000000001,1.968161,5.681223999999999,5.6399610000000004,0.01806443,4.228419000000001,5.271809e-06,0.0,1.1840766825064422
9.865260000000001,0.1175393,0.03071504,0.02633157,1.841618,1.1596959999999998,5.415957,0.04029701,2.454319,3.765753e-06,6.0,1.0766746523145145
9.865260000000001,0.16732170000000002,0.11476680000000002,0.08246584,-0.7097713000000001,2.441162,6.070204,0.06844248,4.1371269999999996,2.967109e-06,10.0,1.0059372086415732
9.865260000000001,0.2184823,0.03786046,0.01822109,-2.036829,5.273408,1.601715,0.10212239999999999,4.573055,3.097383e-06,13.0,1.0243122319993094
9.865260000000001,0.30560040000000005,0.05861013,0.03021184,1.397349,0.406522,4.834997,0.1689378,3.043169,4.3785879999999996e-06,16.0,1.11016936034608
9.865260000000001,0.4385505,0.05870384,0.06776374,-0.20485810000000002,5.882983,2.575927,0.29041859999999997,3.1766799999999997,3.434087e-06,18.0,1.048519261943055
9.865260000000001,0.5547165,0.05436674,0.07215749,-2.1796849999999997,2.187251,0.6178304,0.4131434,0.6761957,3.555397e-06,21.0,1.0625044690347536
9.865260000000001,0.8119404,0.09558972,0.02286023,2.091528,4.060286,4.913233999999999,0.7316096,4.857663,5.069930000000001e-06,26.0,1.181869106769868
9.865260000000001,1.338622,0.122912,0.018309799999999998,2.851099,2.459819,3.936639,1.5487440000000001,4.662881,1.2917410000000001e-06,29.0,0.8063940185618329
