SIID,simvar,transMult
4.0,1.0,2.0
27.0,1.0,2.0
29.0,1.0,1.0
32.0,1.0,2.0
36.0,1.0,3.0
40.0,1.0,2.0
63.0,1.0,1.0
64.0,1.0,2.0
70.0,1.0,2.0
80.0,1.0,2.0
103.0,1.0,1.0
107.0,1.0,2.0
109.0,1.0,2.0
120.0,1.0,3.0
123.0,1.0,2.0
126.0,1.0,1.0
199.0,1.0,2.0
207.0,1.0,1.0
217.0,1.0,1.0
235.0,1.0,2.0
244.0,1.0,3.0
250.0,1.0,2.0
291.0,1.0,3.0
307.0,1.0,2.0
327.0,1.0,1.0
328.0,1.0,2.0
334.0,1.0,2.0
346.0,1.0,2.0
373.0,1.0,2.0
383.0,1.0,2.0
388.0,1.0,1.0
389.0,1.0,3.0
392.0,1.0,1.0
402.0,1.0,2.0
410.0,1.0,2.0
422.0,1.0,1.0
424.0,1.0,1.0
425.0,1.0,2.0
442.0,1.0,1.0
461.0,1.0,2.0
474.0,1.0,2.0
487.0,1.0,1.0
490.0,1.0,1.0
505.0,1.0,2.0
508.0,1.0,1.0
515.0,1.0,1.0
525.0,1.0,2.0
551.0,1.0,3.0
554.0,1.0,2.0
568.0,1.0,1.0
592.0,1.0,2.0
620.0,1.0,3.0
634.0,1.0,2.0
642.0,1.0,2.0
680.0,1.0,2.0
681.0,1.0,2.0
683.0,1.0,2.0
687.0,1.0,2.0
725.0,1.0,2.0
730.0,1.0,2.0
737.0,1.0,2.0
741.0,1.0,2.0
754.0,1.0,1.0
760.0,1.0,1.0
790.0,1.0,3.0
796.0,1.0,2.0
800.0,1.0,1.0
821.0,1.0,1.0
837.0,1.0,2.0
839.0,1.0,1.0
841.0,1.0,2.0
846.0,1.0,4.0
862.0,1.0,1.0
870.0,1.0,2.0
884.0,1.0,3.0
896.0,1.0,1.0
899.0,1.0,1.0
908.0,1.0,1.0
912.0,1.0,1.0
913.0,1.0,2.0
914.0,1.0,3.0
973.0,1.0,4.0
976.0,1.0,2.0
997.0,1.0,1.0
998.0,1.0,2.0
1000.0,1.0,2.0
1019.0,1.0,1.0
1021.0,1.0,1.0
1023.0,1.0,1.0
1041.0,1.0,1.0
1046.0,1.0,2.0
1048.0,1.0,2.0
1051.0,1.0,1.0
1066.0,1.0,2.0
1078.0,1.0,1.0
1104.0,1.0,1.0
1106.0,1.0,2.0
1108.0,1.0,1.0
1124.0,1.0,1.0
1132.0,1.0,1.0
1138.0,1.0,1.0
1139.0,1.0,1.0
1147.0,1.0,2.0
1156.0,1.0,1.0
1158.0,1.0,2.0
1161.0,1.0,1.0
1170.0,1.0,1.0
1192.0,1.0,1.0
1200.0,1.0,2.0
1202.0,1.0,2.0
1203.0,1.0,2.0
1212.0,1.0,3.0
1256.0,1.0,1.0
1266.0,1.0,2.0
1282.0,1.0,2.0
1285.0,1.0,1.0
1286.0,1.0,2.0
1290.0,1.0,2.0
1298.0,1.0,1.0
1299.0,1.0,1.0
1308.0,1.0,1.0
1341.0,1.0,1.0
1350.0,1.0,3.0
1352.0,1.0,1.0
1354.0,1.0,1.0
1381.0,1.0,1.0
1390.0,1.0,2.0
1396.0,1.0,3.0
1403.0,1.0,1.0
1406.0,1.0,1.0
1427.0,1.0,2.0
1436.0,1.0,3.0
1439.0,1.0,2.0
1449.0,1.0,2.0
1454.0,1.0,1.0
1458.0,1.0,2.0
1479.0,1.0,2.0
1494.0,1.0,1.0
1503.0,1.0,1.0
1512.0,1.0,3.0
1536.0,1.0,1.0
1537.0,1.0,2.0
1545.0,1.0,1.0
1546.0,1.0,1.0
1562.0,1.0,1.0
1563.0,1.0,1.0
1576.0,1.0,2.0
1585.0,1.0,1.0
1589.0,1.0,2.0
1600.0,1.0,2.0
1602.0,1.0,1.0
1603.0,1.0,4.0
1629.0,1.0,2.0
1645.0,1.0,3.0
1666.0,1.0,1.0
1677.0,1.0,1.0
1679.0,1.0,3.0
1683.0,1.0,1.0
1684.0,1.0,2.0
1687.0,1.0,2.0
1695.0,1.0,2.0
1713.0,1.0,2.0
1730.0,1.0,2.0
1781.0,1.0,3.0
1790.0,1.0,2.0
1816.0,1.0,2.0
1820.0,1.0,1.0
1848.0,1.0,1.0
1867.0,1.0,1.0
1875.0,1.0,2.0
1907.0,1.0,2.0
1921.0,1.0,2.0
1936.0,1.0,1.0
1938.0,1.0,2.0
1964.0,1.0,4.0
1972.0,1.0,2.0
1983.0,1.0,2.0
1986.0,1.0,2.0
2026.0,1.0,2.0
2031.0,1.0,1.0
2043.0,1.0,2.0
2044.0,1.0,1.0
2047.0,1.0,1.0
2071.0,1.0,1.0
2087.0,1.0,2.0
2150.0,1.0,1.0
2173.0,1.0,1.0
2177.0,1.0,2.0
2187.0,1.0,1.0
2210.0,1.0,2.0
2216.0,1.0,2.0
2239.0,1.0,2.0
2243.0,1.0,1.0
2255.0,1.0,1.0
2264.0,1.0,2.0
2271.0,1.0,2.0
2273.0,1.0,2.0
2283.0,1.0,1.0
2299.0,1.0,1.0
2303.0,1.0,2.0
2313.0,1.0,1.0
2324.0,1.0,2.0
2331.0,1.0,2.0
2332.0,1.0,1.0
2337.0,1.0,1.0
2340.0,1.0,2.0
2343.0,1.0,1.0
2352.0,1.0,2.0
2354.0,1.0,2.0
2358.0,1.0,2.0
2368.0,1.0,1.0
2393.0,1.0,2.0
2397.0,1.0,2.0
2404.0,1.0,2.0
2424.0,1.0,2.0
2430.0,1.0,1.0
2438.0,1.0,3.0
2461.0,1.0,4.0
2514.0,1.0,1.0
2542.0,1.0,1.0
2564.0,1.0,1.0
2568.0,1.0,2.0
2576.0,1.0,1.0
2601.0,1.0,1.0
2629.0,1.0,1.0
2633.0,1.0,2.0
2634.0,1.0,3.0
2702.0,1.0,1.0
2711.0,1.0,2.0
2716.0,1.0,2.0
2719.0,1.0,1.0
2725.0,1.0,2.0
2736.0,1.0,2.0
2752.0,1.0,1.0
2760.0,1.0,2.0
2764.0,1.0,5.0
2766.0,1.0,2.0
2772.0,1.0,2.0
2775.0,1.0,2.0
2777.0,1.0,2.0
2787.0,1.0,1.0
2818.0,1.0,2.0
2819.0,1.0,2.0
2834.0,1.0,1.0
2837.0,1.0,1.0
2841.0,1.0,1.0
2861.0,1.0,2.0
2862.0,1.0,1.0
2872.0,1.0,2.0
2875.0,1.0,1.0
2886.0,1.0,2.0
2888.0,1.0,1.0
2890.0,1.0,1.0
2892.0,1.0,2.0
2915.0,1.0,3.0
2959.0,1.0,1.0
2978.0,1.0,3.0
2989.0,1.0,2.0
2997.0,1.0,1.0
3019.0,1.0,2.0
3055.0,1.0,2.0
3056.0,1.0,1.0
3071.0,1.0,3.0
3088.0,1.0,1.0
3089.0,1.0,2.0
3093.0,1.0,2.0
3110.0,1.0,3.0
3124.0,1.0,1.0
3135.0,1.0,1.0
3142.0,1.0,2.0
3145.0,1.0,2.0
3187.0,1.0,1.0
3197.0,1.0,2.0
3205.0,1.0,2.0
3213.0,1.0,2.0
3218.0,1.0,2.0
3250.0,1.0,1.0
3251.0,1.0,3.0
3252.0,1.0,2.0
3254.0,1.0,1.0
3271.0,1.0,2.0
3275.0,1.0,1.0
3297.0,1.0,1.0
3303.0,1.0,2.0
3305.0,1.0,1.0
3314.0,1.0,1.0
3319.0,1.0,1.0
3341.0,1.0,4.0
3345.0,1.0,2.0
3363.0,1.0,1.0
3372.0,1.0,1.0
3376.0,1.0,1.0
3381.0,1.0,2.0
3401.0,1.0,2.0
3410.0,1.0,1.0
3411.0,1.0,2.0
3414.0,1.0,2.0
3423.0,1.0,1.0
3426.0,1.0,1.0
3454.0,1.0,2.0
3461.0,1.0,1.0
3474.0,1.0,2.0
3492.0,1.0,2.0
3495.0,1.0,4.0
3501.0,1.0,1.0
3512.0,1.0,3.0
3514.0,1.0,2.0
3527.0,1.0,1.0
3530.0,1.0,3.0
3538.0,1.0,1.0
3544.0,1.0,2.0
3550.0,1.0,4.0
3568.0,1.0,3.0
3577.0,1.0,1.0
3588.0,1.0,2.0
3615.0,1.0,2.0
3619.0,1.0,2.0
3629.0,1.0,1.0
3642.0,1.0,1.0
3644.0,1.0,2.0
3655.0,1.0,1.0
3658.0,1.0,1.0
3682.0,1.0,2.0
3711.0,1.0,2.0
3712.0,1.0,1.0
3717.0,1.0,2.0
3731.0,1.0,1.0
3736.0,1.0,2.0
3767.0,1.0,1.0
3771.0,1.0,2.0
3777.0,1.0,2.0
3813.0,1.0,2.0
3818.0,1.0,3.0
3827.0,1.0,2.0
3850.0,1.0,1.0
3851.0,1.0,2.0
3859.0,1.0,1.0
3936.0,1.0,2.0
3937.0,1.0,2.0
3944.0,1.0,1.0
3977.0,1.0,1.0
3982.0,1.0,1.0
3984.0,1.0,2.0
3994.0,1.0,1.0
3995.0,1.0,1.0
3996.0,1.0,1.0
4004.0,1.0,1.0
4015.0,1.0,2.0
4025.0,1.0,2.0
4028.0,1.0,2.0
4034.0,1.0,2.0
4038.0,1.0,2.0
4043.0,1.0,2.0
4045.0,1.0,2.0
4054.0,1.0,3.0
4059.0,1.0,3.0
4080.0,1.0,1.0
4096.0,1.0,2.0
4103.0,1.0,2.0
4130.0,1.0,2.0
4135.0,1.0,3.0
4165.0,1.0,1.0
4171.0,1.0,1.0
4187.0,1.0,2.0
4203.0,1.0,2.0
4211.0,1.0,3.0
4234.0,1.0,1.0
4237.0,1.0,1.0
4253.0,1.0,3.0
4262.0,1.0,1.0
4264.0,1.0,3.0
4274.0,1.0,2.0
4281.0,1.0,2.0
4288.0,1.0,2.0
4294.0,1.0,2.0
4308.0,1.0,3.0
4344.0,1.0,2.0
4348.0,1.0,2.0
4349.0,1.0,1.0
4350.0,1.0,1.0
4352.0,1.0,3.0
4358.0,1.0,2.0
4362.0,1.0,3.0
4364.0,1.0,2.0
4407.0,1.0,2.0
4408.0,1.0,2.0
4417.0,1.0,1.0
4430.0,1.0,3.0
4431.0,1.0,2.0
4432.0,1.0,3.0
4450.0,1.0,2.0
4455.0,1.0,1.0
4484.0,1.0,1.0
4487.0,1.0,1.0
4499.0,1.0,2.0
4505.0,1.0,1.0
4518.0,1.0,3.0
4520.0,1.0,1.0
4522.0,1.0,1.0
4546.0,1.0,2.0
4547.0,1.0,1.0
4549.0,1.0,2.0
4554.0,1.0,2.0
4572.0,1.0,2.0
4579.0,1.0,2.0
4600.0,1.0,1.0
4603.0,1.0,2.0
4614.0,1.0,2.0
4616.0,1.0,1.0
4637.0,1.0,1.0
4640.0,1.0,4.0
4701.0,1.0,3.0
4702.0,1.0,2.0
4704.0,1.0,2.0
4721.0,1.0,2.0
4726.0,1.0,1.0
4727.0,1.0,2.0
4735.0,1.0,1.0
4737.0,1.0,2.0
4739.0,1.0,1.0
4741.0,1.0,2.0
4765.0,1.0,1.0
4780.0,1.0,1.0
4787.0,1.0,1.0
4802.0,1.0,1.0
4811.0,1.0,2.0
4822.0,1.0,2.0
4831.0,1.0,1.0
4833.0,1.0,1.0
4834.0,1.0,2.0
4853.0,1.0,1.0
4866.0,1.0,2.0
4867.0,1.0,1.0
4870.0,1.0,1.0
4876.0,1.0,2.0
4890.0,1.0,2.0
4903.0,1.0,1.0
4906.0,1.0,1.0
4909.0,1.0,2.0
4917.0,1.0,2.0
4927.0,1.0,1.0
4928.0,1.0,1.0
4936.0,1.0,1.0
4943.0,1.0,1.0
4966.0,1.0,2.0
4975.0,1.0,3.0
4976.0,1.0,1.0
4977.0,1.0,1.0
4990.0,1.0,2.0
5005.0,1.0,2.0
5030.0,1.0,2.0
5051.0,1.0,3.0
5059.0,1.0,2.0
5074.0,1.0,3.0
5121.0,1.0,1.0
5122.0,1.0,1.0
5146.0,1.0,3.0
5155.0,1.0,1.0
5157.0,1.0,1.0
5160.0,1.0,2.0
5170.0,1.0,1.0
5181.0,1.0,1.0
5191.0,1.0,2.0
5212.0,1.0,1.0
5223.0,1.0,3.0
5226.0,1.0,1.0
5249.0,1.0,1.0
5254.0,1.0,1.0
5260.0,1.0,1.0
5278.0,1.0,2.0
5281.0,1.0,1.0
5304.0,1.0,1.0
5305.0,1.0,1.0
5318.0,1.0,2.0
5319.0,1.0,1.0
5353.0,1.0,2.0
5354.0,1.0,2.0
5390.0,1.0,2.0
5401.0,1.0,4.0
5407.0,1.0,1.0
5417.0,1.0,2.0
5429.0,1.0,2.0
5450.0,1.0,1.0
5451.0,1.0,2.0
5456.0,1.0,3.0
5468.0,1.0,1.0
5470.0,1.0,1.0
5482.0,1.0,2.0
5488.0,1.0,1.0
5521.0,1.0,2.0
5532.0,1.0,1.0
5540.0,1.0,1.0
5543.0,1.0,2.0
5548.0,1.0,3.0
5549.0,1.0,1.0
5584.0,1.0,1.0
5596.0,1.0,1.0
5615.0,1.0,2.0
5626.0,1.0,2.0
5627.0,1.0,1.0
5629.0,1.0,1.0
5642.0,1.0,1.0
5648.0,1.0,1.0
5652.0,1.0,1.0
5660.0,1.0,2.0
5663.0,1.0,1.0
5672.0,1.0,1.0
5708.0,1.0,1.0
5728.0,1.0,3.0
5729.0,1.0,1.0
5747.0,1.0,3.0
5756.0,1.0,2.0
5758.0,1.0,1.0
5767.0,1.0,1.0
5772.0,1.0,1.0
5785.0,1.0,1.0
5807.0,1.0,1.0
5815.0,1.0,3.0
5844.0,1.0,2.0
5856.0,1.0,2.0
5874.0,1.0,3.0
5881.0,1.0,1.0
5895.0,1.0,2.0
5918.0,1.0,1.0
5936.0,1.0,3.0
5941.0,1.0,1.0
5945.0,1.0,3.0
5950.0,1.0,2.0
5951.0,1.0,1.0
5965.0,1.0,2.0
5969.0,1.0,3.0
5986.0,1.0,1.0
5987.0,1.0,1.0
5989.0,1.0,2.0
5997.0,1.0,1.0
5999.0,1.0,3.0
6012.0,1.0,2.0
6046.0,1.0,1.0
6059.0,1.0,1.0
6071.0,1.0,1.0
6072.0,1.0,1.0
6095.0,1.0,3.0
6113.0,1.0,1.0
6118.0,1.0,1.0
6125.0,1.0,2.0
6166.0,1.0,1.0
6172.0,1.0,2.0
6180.0,1.0,4.0
6184.0,1.0,1.0
6199.0,1.0,3.0
6224.0,1.0,3.0
6241.0,1.0,2.0
6248.0,1.0,3.0
6266.0,1.0,2.0
6270.0,1.0,1.0
6276.0,1.0,3.0
6290.0,1.0,1.0
6295.0,1.0,2.0
6308.0,1.0,1.0
6322.0,1.0,3.0
6333.0,1.0,1.0
6337.0,1.0,1.0
6344.0,1.0,3.0
6347.0,1.0,1.0
6410.0,1.0,2.0
6432.0,1.0,2.0
6436.0,1.0,2.0
6450.0,1.0,2.0
6456.0,1.0,2.0
6463.0,1.0,1.0
6483.0,1.0,2.0
6485.0,1.0,1.0
6519.0,1.0,1.0
6520.0,1.0,1.0
6539.0,1.0,1.0
6573.0,1.0,2.0
6574.0,1.0,1.0
6584.0,1.0,1.0
6590.0,1.0,1.0
6602.0,1.0,2.0
6636.0,1.0,3.0
6648.0,1.0,1.0
6650.0,1.0,1.0
6657.0,1.0,1.0
6686.0,1.0,1.0
6707.0,1.0,1.0
6757.0,1.0,1.0
6767.0,1.0,1.0
6805.0,1.0,1.0
6814.0,1.0,1.0
6818.0,1.0,1.0
6820.0,1.0,2.0
6837.0,1.0,1.0
6840.0,1.0,2.0
6850.0,1.0,1.0
6859.0,1.0,2.0
6909.0,1.0,1.0
6913.0,1.0,2.0
6923.0,1.0,1.0
6924.0,1.0,1.0
6928.0,1.0,1.0
6949.0,1.0,2.0
6967.0,1.0,2.0
6969.0,1.0,2.0
6973.0,1.0,2.0
6986.0,1.0,1.0
7022.0,1.0,1.0
7025.0,1.0,1.0
7049.0,1.0,1.0
7050.0,1.0,2.0
7080.0,1.0,2.0
7086.0,1.0,1.0
7126.0,1.0,3.0
7134.0,1.0,1.0
7145.0,1.0,2.0
7150.0,1.0,2.0
7170.0,1.0,2.0
7177.0,1.0,2.0
7187.0,1.0,2.0
7197.0,1.0,3.0
7199.0,1.0,2.0
7226.0,1.0,3.0
7238.0,1.0,1.0
7244.0,1.0,1.0
7270.0,1.0,1.0
7273.0,1.0,1.0
7276.0,1.0,2.0
7279.0,1.0,1.0
7286.0,1.0,3.0
7298.0,1.0,2.0
7300.0,1.0,2.0
7305.0,1.0,1.0
7308.0,1.0,2.0
7322.0,1.0,2.0
7334.0,1.0,1.0
7341.0,1.0,2.0
7342.0,1.0,1.0
7356.0,1.0,4.0
7357.0,1.0,1.0
7358.0,1.0,1.0
7363.0,1.0,1.0
7364.0,1.0,1.0
7366.0,1.0,2.0
7369.0,1.0,2.0
7370.0,1.0,1.0
7378.0,1.0,1.0
7406.0,1.0,2.0
7415.0,1.0,3.0
7427.0,1.0,2.0
7428.0,1.0,1.0
7429.0,1.0,1.0
7437.0,1.0,3.0
7471.0,1.0,2.0
7487.0,1.0,2.0
7514.0,1.0,1.0
7519.0,1.0,1.0
7520.0,1.0,2.0
7525.0,1.0,2.0
7536.0,1.0,2.0
7537.0,1.0,1.0
7543.0,1.0,1.0
7558.0,1.0,1.0
7563.0,1.0,1.0
7566.0,1.0,1.0
7616.0,1.0,3.0
7620.0,1.0,2.0
7622.0,1.0,3.0
7624.0,1.0,2.0
7626.0,1.0,1.0
7642.0,1.0,2.0
7659.0,1.0,2.0
7673.0,1.0,1.0
7681.0,1.0,1.0
7682.0,1.0,1.0
7694.0,1.0,2.0
7699.0,1.0,3.0
7701.0,1.0,1.0
7706.0,1.0,2.0
7711.0,1.0,2.0
7714.0,1.0,2.0
7721.0,1.0,1.0
7728.0,1.0,2.0
7752.0,1.0,2.0
7765.0,1.0,2.0
7778.0,1.0,1.0
7797.0,1.0,1.0
7817.0,1.0,2.0
7829.0,1.0,2.0
7834.0,1.0,2.0
7852.0,1.0,2.0
7859.0,1.0,2.0
7866.0,1.0,1.0
7870.0,1.0,1.0
7877.0,1.0,1.0
7878.0,1.0,1.0
7917.0,1.0,2.0
7923.0,1.0,1.0
7966.0,1.0,2.0
7991.0,1.0,3.0
8008.0,1.0,1.0
8014.0,1.0,1.0
8026.0,1.0,2.0
8031.0,1.0,2.0
8041.0,1.0,2.0
8050.0,1.0,2.0
8053.0,1.0,1.0
8055.0,1.0,2.0
8058.0,1.0,2.0
8076.0,1.0,2.0
8080.0,1.0,1.0
8082.0,1.0,2.0
8086.0,1.0,1.0
8088.0,1.0,1.0
8105.0,1.0,2.0
8113.0,1.0,3.0
8117.0,1.0,2.0
8146.0,1.0,2.0
8161.0,1.0,1.0
8163.0,1.0,2.0
8171.0,1.0,2.0
8177.0,1.0,2.0
8188.0,1.0,2.0
8189.0,1.0,1.0
8205.0,1.0,2.0
8234.0,1.0,1.0
8276.0,1.0,2.0
8282.0,1.0,1.0
8304.0,1.0,1.0
8305.0,1.0,2.0
8307.0,1.0,2.0
8322.0,1.0,1.0
8352.0,1.0,2.0
8356.0,1.0,1.0
8359.0,1.0,1.0
8405.0,1.0,1.0
8413.0,1.0,2.0
8436.0,1.0,2.0
8453.0,1.0,3.0
8462.0,1.0,2.0
8468.0,1.0,1.0
8485.0,1.0,1.0
8493.0,1.0,1.0
8498.0,1.0,1.0
8513.0,1.0,2.0
8519.0,1.0,1.0
8524.0,1.0,1.0
8535.0,1.0,2.0
8537.0,1.0,1.0
8541.0,1.0,1.0
8546.0,1.0,2.0
8553.0,1.0,1.0
8565.0,1.0,2.0
8570.0,1.0,1.0
8580.0,1.0,1.0
8621.0,1.0,2.0
8622.0,1.0,1.0
8678.0,1.0,3.0
8679.0,1.0,2.0
8691.0,1.0,1.0
8700.0,1.0,1.0
8703.0,1.0,2.0
8718.0,1.0,2.0
8732.0,1.0,2.0
8769.0,1.0,3.0
8783.0,1.0,3.0
8787.0,1.0,1.0
8788.0,1.0,2.0
8795.0,1.0,2.0
8796.0,1.0,2.0
8805.0,1.0,2.0
8814.0,1.0,2.0
8818.0,1.0,1.0
8829.0,1.0,2.0
8833.0,1.0,1.0
8835.0,1.0,2.0
8841.0,1.0,2.0
8846.0,1.0,1.0
8857.0,1.0,2.0
8869.0,1.0,1.0
8872.0,1.0,3.0
8879.0,1.0,1.0
8897.0,1.0,1.0
8904.0,1.0,1.0
8906.0,1.0,1.0
8921.0,1.0,1.0
8930.0,1.0,2.0
8933.0,1.0,1.0
8972.0,1.0,4.0
8986.0,1.0,2.0
8998.0,1.0,1.0
9009.0,1.0,2.0
9015.0,1.0,2.0
9020.0,1.0,2.0
9026.0,1.0,2.0
9031.0,1.0,1.0
9039.0,1.0,2.0
9043.0,1.0,2.0
9047.0,1.0,1.0
9050.0,1.0,2.0
9054.0,1.0,2.0
9059.0,1.0,2.0
9068.0,1.0,2.0
9086.0,1.0,1.0
9092.0,1.0,1.0
9120.0,1.0,2.0
9154.0,1.0,1.0
9160.0,1.0,1.0
9185.0,1.0,1.0
9202.0,1.0,2.0
9206.0,1.0,3.0
9215.0,1.0,1.0
9217.0,1.0,1.0
9220.0,1.0,2.0
9234.0,1.0,1.0
9250.0,1.0,1.0
9253.0,1.0,1.0
9270.0,1.0,2.0
9295.0,1.0,2.0
9298.0,1.0,3.0
9320.0,1.0,1.0
9321.0,1.0,2.0
9353.0,1.0,2.0
9356.0,1.0,1.0
9363.0,1.0,1.0
9385.0,1.0,2.0
9387.0,1.0,3.0
9389.0,1.0,1.0
9405.0,1.0,1.0
9406.0,1.0,1.0
9408.0,1.0,2.0
9421.0,1.0,1.0
9440.0,1.0,2.0
9447.0,1.0,2.0
9477.0,1.0,2.0
9494.0,1.0,2.0
9499.0,1.0,1.0
9515.0,1.0,2.0
9527.0,1.0,3.0
9533.0,1.0,1.0
9547.0,1.0,1.0
9549.0,1.0,2.0
9550.0,1.0,1.0
9556.0,1.0,3.0
9565.0,1.0,1.0
9566.0,1.0,3.0
9586.0,1.0,2.0
9591.0,1.0,2.0
9622.0,1.0,1.0
9626.0,1.0,2.0
9628.0,1.0,2.0
9661.0,1.0,3.0
9682.0,1.0,3.0
9684.0,1.0,2.0
9693.0,1.0,3.0
9707.0,1.0,1.0
9749.0,1.0,1.0
9824.0,1.0,2.0
9826.0,1.0,1.0
9828.0,1.0,2.0
9829.0,1.0,2.0
9842.0,1.0,1.0
9847.0,1.0,1.0
9857.0,1.0,1.0
9858.0,1.0,1.0
9891.0,1.0,1.0
9917.0,1.0,2.0
9919.0,1.0,2.0
9932.0,1.0,1.0
9944.0,1.0,3.0
9961.0,1.0,2.0
24.0,1.0,2.0
38.0,1.0,1.0
53.0,1.0,1.0
62.0,1.0,1.0
104.0,1.0,1.0
136.0,1.0,1.0
204.0,1.0,1.0
209.0,1.0,1.0
238.0,1.0,2.0
269.0,1.0,1.0
277.0,1.0,1.0
353.0,1.0,1.0
381.0,1.0,2.0
441.0,1.0,1.0
452.0,1.0,1.0
531.0,1.0,1.0
561.0,1.0,1.0
583.0,1.0,1.0
628.0,1.0,1.0
653.0,1.0,1.0
659.0,1.0,1.0
673.0,1.0,1.0
677.0,1.0,1.0
705.0,1.0,1.0
718.0,1.0,1.0
756.0,1.0,2.0
783.0,1.0,2.0
788.0,1.0,3.0
836.0,1.0,1.0
885.0,1.0,1.0
999.0,1.0,1.0
1030.0,1.0,1.0
1031.0,1.0,1.0
1063.0,1.0,1.0
1109.0,1.0,1.0
1118.0,1.0,3.0
1122.0,1.0,1.0
1145.0,1.0,1.0
1179.0,1.0,2.0
1186.0,1.0,1.0
1216.0,1.0,1.0
1238.0,1.0,3.0
1247.0,1.0,1.0
1288.0,1.0,1.0
1316.0,1.0,1.0
1317.0,1.0,1.0
1320.0,1.0,1.0
1325.0,1.0,1.0
1336.0,1.0,1.0
1432.0,1.0,1.0
1453.0,1.0,1.0
1460.0,1.0,1.0
1486.0,1.0,1.0
1534.0,1.0,1.0
1535.0,1.0,1.0
1581.0,1.0,1.0
1609.0,1.0,1.0
1619.0,1.0,1.0
1715.0,1.0,1.0
1721.0,1.0,1.0
1759.0,1.0,1.0
1788.0,1.0,1.0
1800.0,1.0,1.0
1824.0,1.0,2.0
1837.0,1.0,1.0
1906.0,1.0,2.0
1976.0,1.0,1.0
1982.0,1.0,1.0
2062.0,1.0,1.0
2094.0,1.0,1.0
2188.0,1.0,1.0
2192.0,1.0,1.0
2202.0,1.0,1.0
2206.0,1.0,1.0
2364.0,1.0,1.0
2372.0,1.0,1.0
2403.0,1.0,1.0
2409.0,1.0,1.0
2414.0,1.0,2.0
2427.0,1.0,1.0
2453.0,1.0,1.0
2483.0,1.0,1.0
2503.0,1.0,2.0
2511.0,1.0,2.0
2646.0,1.0,1.0
2738.0,1.0,1.0
2753.0,1.0,1.0
2761.0,1.0,1.0
2807.0,1.0,1.0
2812.0,1.0,1.0
2816.0,1.0,1.0
2820.0,1.0,1.0
2829.0,1.0,1.0
2830.0,1.0,1.0
2887.0,1.0,1.0
2901.0,1.0,1.0
2949.0,1.0,2.0
3048.0,1.0,1.0
3147.0,1.0,1.0
3162.0,1.0,3.0
3170.0,1.0,1.0
3198.0,1.0,1.0
3203.0,1.0,1.0
3246.0,1.0,2.0
3290.0,1.0,2.0
3300.0,1.0,1.0
3302.0,1.0,2.0
3329.0,1.0,1.0
3332.0,1.0,1.0
3340.0,1.0,1.0
3399.0,1.0,1.0
3457.0,1.0,1.0
3473.0,1.0,1.0
3517.0,1.0,1.0
3518.0,1.0,1.0
3523.0,1.0,1.0
3552.0,1.0,1.0
3566.0,1.0,2.0
3649.0,1.0,1.0
3681.0,1.0,1.0
3696.0,1.0,1.0
3780.0,1.0,1.0
3782.0,1.0,1.0
3793.0,1.0,1.0
3800.0,1.0,1.0
3847.0,1.0,1.0
3886.0,1.0,1.0
3889.0,1.0,2.0
3941.0,1.0,1.0
4005.0,1.0,1.0
4046.0,1.0,1.0
4050.0,1.0,1.0
4085.0,1.0,1.0
4138.0,1.0,2.0
4179.0,1.0,1.0
4184.0,1.0,3.0
4233.0,1.0,1.0
4255.0,1.0,2.0
4285.0,1.0,1.0
4343.0,1.0,2.0
4345.0,1.0,1.0
4426.0,1.0,1.0
4433.0,1.0,1.0
4437.0,1.0,1.0
4461.0,1.0,1.0
4463.0,1.0,1.0
4508.0,1.0,1.0
4521.0,1.0,1.0
4528.0,1.0,1.0
4543.0,1.0,1.0
4570.0,1.0,1.0
4642.0,1.0,1.0
4784.0,1.0,1.0
4839.0,1.0,1.0
4841.0,1.0,1.0
4929.0,1.0,1.0
5022.0,1.0,3.0
5043.0,1.0,2.0
5053.0,1.0,1.0
5060.0,1.0,1.0
5068.0,1.0,1.0
5069.0,1.0,1.0
5105.0,1.0,2.0
5114.0,1.0,1.0
5287.0,1.0,1.0
5291.0,1.0,1.0
5306.0,1.0,1.0
5314.0,1.0,2.0
5338.0,1.0,1.0
5419.0,1.0,1.0
5437.0,1.0,1.0
5465.0,1.0,3.0
5564.0,1.0,1.0
5593.0,1.0,1.0
5610.0,1.0,3.0
5636.0,1.0,2.0
5639.0,1.0,2.0
5698.0,1.0,1.0
5733.0,1.0,1.0
5749.0,1.0,2.0
5773.0,1.0,1.0
5814.0,1.0,2.0
5848.0,1.0,1.0
5867.0,1.0,1.0
5974.0,1.0,1.0
6009.0,1.0,2.0
6013.0,1.0,1.0
6030.0,1.0,1.0
6062.0,1.0,2.0
6076.0,1.0,1.0
6101.0,1.0,2.0
6131.0,1.0,1.0
6138.0,1.0,1.0
6177.0,1.0,1.0
6179.0,1.0,1.0
6205.0,1.0,1.0
6215.0,1.0,1.0
6249.0,1.0,1.0
6334.0,1.0,2.0
6392.0,1.0,1.0
6437.0,1.0,1.0
6446.0,1.0,2.0
6506.0,1.0,1.0
6517.0,1.0,1.0
6536.0,1.0,1.0
6546.0,1.0,1.0
6592.0,1.0,2.0
6604.0,1.0,1.0
6632.0,1.0,1.0
6644.0,1.0,1.0
6748.0,1.0,1.0
6761.0,1.0,1.0
6790.0,1.0,2.0
6794.0,1.0,1.0
6813.0,1.0,1.0
6911.0,1.0,1.0
6974.0,1.0,1.0
6987.0,1.0,1.0
6994.0,1.0,1.0
7014.0,1.0,1.0
7031.0,1.0,1.0
7089.0,1.0,2.0
7189.0,1.0,1.0
7210.0,1.0,2.0
7221.0,1.0,1.0
7253.0,1.0,1.0
7264.0,1.0,1.0
7324.0,1.0,1.0
7335.0,1.0,1.0
7349.0,1.0,1.0
7390.0,1.0,1.0
7461.0,1.0,1.0
7469.0,1.0,1.0
7517.0,1.0,1.0
7538.0,1.0,1.0
7590.0,1.0,2.0
7623.0,1.0,1.0
7636.0,1.0,2.0
7667.0,1.0,1.0
7710.0,1.0,2.0
7773.0,1.0,1.0
7819.0,1.0,2.0
7820.0,1.0,1.0
7892.0,1.0,1.0
7903.0,1.0,1.0
7907.0,1.0,1.0
7927.0,1.0,1.0
7943.0,1.0,1.0
7944.0,1.0,1.0
7974.0,1.0,1.0
7990.0,1.0,2.0
8144.0,1.0,1.0
8196.0,1.0,1.0
8207.0,1.0,2.0
8223.0,1.0,1.0
8230.0,1.0,2.0
8233.0,1.0,1.0
8245.0,1.0,2.0
8247.0,1.0,1.0
8254.0,1.0,1.0
8265.0,1.0,1.0
8388.0,1.0,1.0
8430.0,1.0,1.0
8473.0,1.0,2.0
8523.0,1.0,1.0
8623.0,1.0,1.0
8666.0,1.0,1.0
8734.0,1.0,1.0
8885.0,1.0,1.0
8936.0,1.0,1.0
8957.0,1.0,1.0
8964.0,1.0,1.0
9014.0,1.0,1.0
9017.0,1.0,2.0
9029.0,1.0,1.0
9108.0,1.0,1.0
9130.0,1.0,1.0
9169.0,1.0,1.0
9189.0,1.0,1.0
9190.0,1.0,1.0
9224.0,1.0,1.0
9233.0,1.0,2.0
9238.0,1.0,1.0
9341.0,1.0,1.0
9358.0,1.0,1.0
9376.0,1.0,1.0
9404.0,1.0,1.0
9516.0,1.0,1.0
9553.0,1.0,1.0
9558.0,1.0,1.0
9597.0,1.0,1.0
9664.0,1.0,1.0
9681.0,1.0,2.0
9727.0,1.0,1.0
9747.0,1.0,1.0
9775.0,1.0,1.0
9806.0,1.0,1.0
9884.0,1.0,1.0
9909.0,1.0,1.0
9929.0,1.0,1.0
9981.0,1.0,3.0
5.0,1.0,1.0
278.0,1.0,1.0
543.0,1.0,1.0
1756.0,1.0,1.0
1811.0,1.0,1.0
2029.0,1.0,1.0
2401.0,1.0,1.0
3310.0,1.0,1.0
3660.0,1.0,2.0
3686.0,1.0,1.0
4001.0,1.0,2.0
5204.0,1.0,2.0
5866.0,1.0,1.0
6714.0,1.0,1.0
6935.0,1.0,1.0
7268.0,1.0,1.0
7348.0,1.0,1.0
7888.0,1.0,1.0
8228.0,1.0,1.0
8742.0,1.0,1.0
8993.0,1.0,1.0
9082.0,1.0,2.0
9133.0,1.0,2.0
9177.0,1.0,2.0
9200.0,1.0,1.0
9218.0,1.0,2.0
9338.0,1.0,1.0
9381.0,1.0,2.0
9754.0,1.0,2.0
9924.0,1.0,1.0
9937.0,1.0,1.0
7434.0,1.0,1.0
8725.0,1.0,1.0
10005.0,1.04040003,2.0
10024.0,1.04040003,4.0
10027.0,1.04040003,2.0
10029.0,1.04040003,1.0
10032.0,1.04040003,2.0
10036.0,1.04040003,2.0
10063.0,1.04040003,2.0
10064.0,1.04040003,2.0
10070.0,1.04040003,2.0
10080.0,1.04040003,2.0
10085.0,1.04040003,2.0
10103.0,1.04040003,1.0
10106.0,1.04040003,2.0
10126.0,1.04040003,1.0
10144.0,1.04040003,1.0
10207.0,1.04040003,1.0
10210.0,1.04040003,4.0
10217.0,1.04040003,1.0
10235.0,1.04040003,2.0
10250.0,1.04040003,3.0
10278.0,1.04040003,2.0
10291.0,1.04040003,3.0
10316.0,1.04040003,2.0
10327.0,1.04040003,2.0
10334.0,1.04040003,3.0
10366.0,1.04040003,1.0
10373.0,1.04040003,3.0
10383.0,1.04040003,3.0
10400.0,1.04040003,2.0
10438.0,1.04040003,1.0
10439.0,1.04040003,1.0
10461.0,1.04040003,3.0
10487.0,1.04040003,1.0
10505.0,1.04040003,1.0
10508.0,1.04040003,3.0
10515.0,1.04040003,2.0
10525.0,1.04040003,1.0
10543.0,1.04040003,2.0
10554.0,1.04040003,4.0
10592.0,1.04040003,2.0
10604.0,1.04040003,1.0
10634.0,1.04040003,1.0
10642.0,1.04040003,3.0
10665.0,1.04040003,2.0
10680.0,1.04040003,1.0
10681.0,1.04040003,3.0
10683.0,1.04040003,3.0
10687.0,1.04040003,2.0
10690.0,1.04040003,2.0
10730.0,1.04040003,1.0
10737.0,1.04040003,3.0
10754.0,1.04040003,3.0
10760.0,1.04040003,1.0
10788.0,1.04040003,2.0
10821.0,1.04040003,1.0
10841.0,1.04040003,2.0
10846.0,1.04040003,4.0
10858.0,1.04040003,1.0
10862.0,1.04040003,1.0
10870.0,1.04040003,3.0
10871.0,1.04040003,1.0
10889.0,1.04040003,2.0
10899.0,1.04040003,1.0
10913.0,1.04040003,2.0
10914.0,1.04040003,3.0
10973.0,1.04040003,3.0
10976.0,1.04040003,2.0
10982.0,1.04040003,3.0
11008.0,1.04040003,1.0
11021.0,1.04040003,1.0
11023.0,1.04040003,1.0
11041.0,1.04040003,2.0
11046.0,1.04040003,2.0
11048.0,1.04040003,3.0
11064.0,1.04040003,1.0
11078.0,1.04040003,3.0
11099.0,1.04040003,2.0
11103.0,1.04040003,2.0
11106.0,1.04040003,1.0
11108.0,1.04040003,3.0
11124.0,1.04040003,2.0
11138.0,1.04040003,1.0
11139.0,1.04040003,1.0
11147.0,1.04040003,3.0
11158.0,1.04040003,3.0
11161.0,1.04040003,1.0
11170.0,1.04040003,1.0
11179.0,1.04040003,2.0
11200.0,1.04040003,3.0
11203.0,1.04040003,3.0
11206.0,1.04040003,2.0
11238.0,1.04040003,2.0
11256.0,1.04040003,2.0
11285.0,1.04040003,1.0
11286.0,1.04040003,1.0
11289.0,1.04040003,1.0
11308.0,1.04040003,2.0
11318.0,1.04040003,1.0
11338.0,1.04040003,1.0
11341.0,1.04040003,5.0
11350.0,1.04040003,1.0
11390.0,1.04040003,1.0
11396.0,1.04040003,3.0
11403.0,1.04040003,1.0
11406.0,1.04040003,1.0
11416.0,1.04040003,2.0
11448.0,1.04040003,1.0
11454.0,1.04040003,1.0
11479.0,1.04040003,3.0
11536.0,1.04040003,1.0
11537.0,1.04040003,3.0
11546.0,1.04040003,1.0
11572.0,1.04040003,4.0
11576.0,1.04040003,4.0
11580.0,1.04040003,2.0
11585.0,1.04040003,3.0
11600.0,1.04040003,2.0
11602.0,1.04040003,1.0
11629.0,1.04040003,2.0
11645.0,1.04040003,3.0
11666.0,1.04040003,1.0
11677.0,1.04040003,1.0
11679.0,1.04040003,2.0
11683.0,1.04040003,1.0
11687.0,1.04040003,2.0
11695.0,1.04040003,3.0
11720.0,1.04040003,1.0
11730.0,1.04040003,4.0
11754.0,1.04040003,1.0
11756.0,1.04040003,2.0
11777.0,1.04040003,3.0
11811.0,1.04040003,2.0
11817.0,1.04040003,1.0
11820.0,1.04040003,1.0
11826.0,1.04040003,2.0
11846.0,1.04040003,1.0
11848.0,1.04040003,1.0
11867.0,1.04040003,1.0
11874.0,1.04040003,1.0
11906.0,1.04040003,2.0
11908.0,1.04040003,1.0
11921.0,1.04040003,3.0
11936.0,1.04040003,1.0
11938.0,1.04040003,2.0
11957.0,1.04040003,1.0
11964.0,1.04040003,3.0
11983.0,1.04040003,3.0
11986.0,1.04040003,2.0
11997.0,1.04040003,3.0
12026.0,1.04040003,2.0
12029.0,1.04040003,2.0
12031.0,1.04040003,1.0
12043.0,1.04040003,3.0
12047.0,1.04040003,3.0
12087.0,1.04040003,2.0
12111.0,1.04040003,1.0
12123.0,1.04040003,1.0
12150.0,1.04040003,3.0
12177.0,1.04040003,2.0
12187.0,1.04040003,1.0
12216.0,1.04040003,2.0
12264.0,1.04040003,2.0
12299.0,1.04040003,1.0
12303.0,1.04040003,3.0
12312.0,1.04040003,1.0
12313.0,1.04040003,1.0
12318.0,1.04040003,2.0
12331.0,1.04040003,2.0
12339.0,1.04040003,2.0
12340.0,1.04040003,2.0
12343.0,1.04040003,1.0
12345.0,1.04040003,1.0
12352.0,1.04040003,1.0
12368.0,1.04040003,3.0
12389.0,1.04040003,2.0
12397.0,1.04040003,1.0
12401.0,1.04040003,2.0
12404.0,1.04040003,2.0
12413.0,1.04040003,4.0
12424.0,1.04040003,2.0
12461.0,1.04040003,3.0
12511.0,1.04040003,3.0
12514.0,1.04040003,1.0
12542.0,1.04040003,1.0
12557.0,1.04040003,3.0
12568.0,1.04040003,1.0
12576.0,1.04040003,1.0
12585.0,1.04040003,1.0
12597.0,1.04040003,1.0
12629.0,1.04040003,1.0
12631.0,1.04040003,1.0
12686.0,1.04040003,1.0
12702.0,1.04040003,1.0
12725.0,1.04040003,3.0
12726.0,1.04040003,1.0
12736.0,1.04040003,1.0
12760.0,1.04040003,4.0
12764.0,1.04040003,3.0
12766.0,1.04040003,2.0
12777.0,1.04040003,2.0
12786.0,1.04040003,2.0
12818.0,1.04040003,3.0
12819.0,1.04040003,1.0
12825.0,1.04040003,2.0
12839.0,1.04040003,1.0
12861.0,1.04040003,3.0
12871.0,1.04040003,2.0
12872.0,1.04040003,3.0
12875.0,1.04040003,1.0
12878.0,1.04040003,1.0
12886.0,1.04040003,2.0
12892.0,1.04040003,2.0
12894.0,1.04040003,2.0
12959.0,1.04040003,1.0
12978.0,1.04040003,3.0
13005.0,1.04040003,2.0
13027.0,1.04040003,2.0
13048.0,1.04040003,2.0
13055.0,1.04040003,2.0
13056.0,1.04040003,1.0
13071.0,1.04040003,2.0
13088.0,1.04040003,3.0
13089.0,1.04040003,3.0
13108.0,1.04040003,2.0
13110.0,1.04040003,2.0
13120.0,1.04040003,1.0
13124.0,1.04040003,1.0
13135.0,1.04040003,1.0
13142.0,1.04040003,4.0
13145.0,1.04040003,2.0
13205.0,1.04040003,2.0
13213.0,1.04040003,4.0
13218.0,1.04040003,3.0
13240.0,1.04040003,1.0
13246.0,1.04040003,3.0
13252.0,1.04040003,3.0
13254.0,1.04040003,3.0
13271.0,1.04040003,3.0
13276.0,1.04040003,1.0
13287.0,1.04040003,1.0
13297.0,1.04040003,1.0
13303.0,1.04040003,2.0
13310.0,1.04040003,2.0
13314.0,1.04040003,1.0
13319.0,1.04040003,1.0
13341.0,1.04040003,3.0
13363.0,1.04040003,3.0
13388.0,1.04040003,1.0
13392.0,1.04040003,2.0
13410.0,1.04040003,1.0
13426.0,1.04040003,1.0
13436.0,1.04040003,1.0
13454.0,1.04040003,3.0
13459.0,1.04040003,1.0
13461.0,1.04040003,1.0
13474.0,1.04040003,3.0
13492.0,1.04040003,2.0
13495.0,1.04040003,3.0
13501.0,1.04040003,1.0
13512.0,1.04040003,2.0
13513.0,1.04040003,1.0
13514.0,1.04040003,4.0
13527.0,1.04040003,1.0
13530.0,1.04040003,2.0
13544.0,1.04040003,2.0
13566.0,1.04040003,2.0
13568.0,1.04040003,2.0
13577.0,1.04040003,3.0
13588.0,1.04040003,2.0
13626.0,1.04040003,1.0
13642.0,1.04040003,1.0
13644.0,1.04040003,3.0
13655.0,1.04040003,2.0
13660.0,1.04040003,2.0
13671.0,1.04040003,1.0
13672.0,1.04040003,1.0
13682.0,1.04040003,4.0
13686.0,1.04040003,1.0
13697.0,1.04040003,1.0
13711.0,1.04040003,5.0
13717.0,1.04040003,2.0
13745.0,1.04040003,1.0
13771.0,1.04040003,1.0
13777.0,1.04040003,3.0
13809.0,1.04040003,2.0
13813.0,1.04040003,2.0
13818.0,1.04040003,3.0
13827.0,1.04040003,2.0
13850.0,1.04040003,1.0
13881.0,1.04040003,1.0
13936.0,1.04040003,2.0
13937.0,1.04040003,1.0
13944.0,1.04040003,1.0
13972.0,1.04040003,6.0
13984.0,1.04040003,2.0
13985.0,1.04040003,2.0
13994.0,1.04040003,1.0
13995.0,1.04040003,1.0
13996.0,1.04040003,2.0
14001.0,1.04040003,2.0
14004.0,1.04040003,2.0
14010.0,1.04040003,1.0
14015.0,1.04040003,1.0
14025.0,1.04040003,2.0
14028.0,1.04040003,7.0
14043.0,1.04040003,1.0
14045.0,1.04040003,3.0
14047.0,1.04040003,1.0
14059.0,1.04040003,2.0
14096.0,1.04040003,2.0
14100.0,1.04040003,1.0
14102.0,1.04040003,1.0
14103.0,1.04040003,5.0
14130.0,1.04040003,2.0
14135.0,1.04040003,2.0
14139.0,1.04040003,1.0
14165.0,1.04040003,3.0
14171.0,1.04040003,5.0
14173.0,1.04040003,1.0
14187.0,1.04040003,1.0
14203.0,1.04040003,3.0
14232.0,1.04040003,2.0
14237.0,1.04040003,3.0
14251.0,1.04040003,2.0
14255.0,1.04040003,2.0
14261.0,1.04040003,1.0
14262.0,1.04040003,2.0
14264.0,1.04040003,2.0
14268.0,1.04040003,1.0
14274.0,1.04040003,2.0
14281.0,1.04040003,2.0
14285.0,1.04040003,4.0
14288.0,1.04040003,1.0
14308.0,1.04040003,2.0
14312.0,1.04040003,1.0
14337.0,1.04040003,2.0
14343.0,1.04040003,3.0
14344.0,1.04040003,3.0
14348.0,1.04040003,3.0
14352.0,1.04040003,3.0
14362.0,1.04040003,3.0
14364.0,1.04040003,2.0
14407.0,1.04040003,2.0
14408.0,1.04040003,3.0
14412.0,1.04040003,1.0
14417.0,1.04040003,1.0
14421.0,1.04040003,1.0
14430.0,1.04040003,2.0
14431.0,1.04040003,2.0
14432.0,1.04040003,1.0
14455.0,1.04040003,3.0
14472.0,1.04040003,1.0
14487.0,1.04040003,1.0
14505.0,1.04040003,1.0
14509.0,1.04040003,1.0
14522.0,1.04040003,1.0
14523.0,1.04040003,1.0
14547.0,1.04040003,1.0
14561.0,1.04040003,1.0
14567.0,1.04040003,1.0
14572.0,1.04040003,2.0
14579.0,1.04040003,2.0
14590.0,1.04040003,1.0
14600.0,1.04040003,1.0
14603.0,1.04040003,2.0
14615.0,1.04040003,3.0
14616.0,1.04040003,2.0
14654.0,1.04040003,4.0
14675.0,1.04040003,1.0
14691.0,1.04040003,2.0
14704.0,1.04040003,2.0
14721.0,1.04040003,2.0
14727.0,1.04040003,1.0
14739.0,1.04040003,2.0
14741.0,1.04040003,2.0
14758.0,1.04040003,1.0
14780.0,1.04040003,3.0
14802.0,1.04040003,2.0
14811.0,1.04040003,1.0
14822.0,1.04040003,1.0
14831.0,1.04040003,1.0
14833.0,1.04040003,1.0
14835.0,1.04040003,1.0
14853.0,1.04040003,1.0
14858.0,1.04040003,1.0
14866.0,1.04040003,5.0
14890.0,1.04040003,2.0
14906.0,1.04040003,1.0
14917.0,1.04040003,3.0
14928.0,1.04040003,2.0
14943.0,1.04040003,1.0
14966.0,1.04040003,2.0
14975.0,1.04040003,3.0
14976.0,1.04040003,2.0
14977.0,1.04040003,2.0
14990.0,1.04040003,1.0
15022.0,1.04040003,2.0
15030.0,1.04040003,3.0
15044.0,1.04040003,2.0
15050.0,1.04040003,4.0
15051.0,1.04040003,3.0
15059.0,1.04040003,2.0
15088.0,1.04040003,2.0
15101.0,1.04040003,1.0
15105.0,1.04040003,2.0
15121.0,1.04040003,1.0
15146.0,1.04040003,2.0
15160.0,1.04040003,2.0
15170.0,1.04040003,1.0
15181.0,1.04040003,1.0
15191.0,1.04040003,2.0
15200.0,1.04040003,2.0
15204.0,1.04040003,2.0
15212.0,1.04040003,2.0
15223.0,1.04040003,1.0
15253.0,1.04040003,2.0
15260.0,1.04040003,1.0
15281.0,1.04040003,1.0
15304.0,1.04040003,1.0
15305.0,1.04040003,1.0
15314.0,1.04040003,2.0
15319.0,1.04040003,1.0
15328.0,1.04040003,2.0
15353.0,1.04040003,2.0
15354.0,1.04040003,3.0
15357.0,1.04040003,2.0
15358.0,1.04040003,1.0
15379.0,1.04040003,1.0
15390.0,1.04040003,2.0
15401.0,1.04040003,3.0
15407.0,1.04040003,3.0
15419.0,1.04040003,2.0
15422.0,1.04040003,1.0
15435.0,1.04040003,1.0
15438.0,1.04040003,1.0
15446.0,1.04040003,2.0
15450.0,1.04040003,1.0
15456.0,1.04040003,1.0
15465.0,1.04040003,3.0
15470.0,1.04040003,1.0
15474.0,1.04040003,4.0
15532.0,1.04040003,1.0
15534.0,1.04040003,3.0
15540.0,1.04040003,2.0
15542.0,1.04040003,2.0
15548.0,1.04040003,3.0
15549.0,1.04040003,3.0
15555.0,1.04040003,3.0
15608.0,1.04040003,2.0
15627.0,1.04040003,1.0
15652.0,1.04040003,3.0
15660.0,1.04040003,2.0
15663.0,1.04040003,1.0
15686.0,1.04040003,1.0
15747.0,1.04040003,2.0
15749.0,1.04040003,2.0
15756.0,1.04040003,2.0
15767.0,1.04040003,1.0
15773.0,1.04040003,3.0
15785.0,1.04040003,1.0
15803.0,1.04040003,3.0
15807.0,1.04040003,1.0
15814.0,1.04040003,2.0
15815.0,1.04040003,3.0
15818.0,1.04040003,3.0
15835.0,1.04040003,1.0
15844.0,1.04040003,2.0
15866.0,1.04040003,2.0
15886.0,1.04040003,1.0
15893.0,1.04040003,1.0
15895.0,1.04040003,3.0
15936.0,1.04040003,2.0
15944.0,1.04040003,1.0
15945.0,1.04040003,3.0
15950.0,1.04040003,2.0
15951.0,1.04040003,1.0
15973.0,1.04040003,2.0
15987.0,1.04040003,1.0
15989.0,1.04040003,2.0
16046.0,1.04040003,4.0
16048.0,1.04040003,3.0
16059.0,1.04040003,2.0
16062.0,1.04040003,3.0
16071.0,1.04040003,1.0
16095.0,1.04040003,3.0
16113.0,1.04040003,2.0
16118.0,1.04040003,1.0
16123.0,1.04040003,1.0
16125.0,1.04040003,2.0
16140.0,1.04040003,1.0
16162.0,1.04040003,2.0
16166.0,1.04040003,2.0
16180.0,1.04040003,3.0
16199.0,1.04040003,1.0
16227.0,1.04040003,2.0
16266.0,1.04040003,1.0
16270.0,1.04040003,2.0
16276.0,1.04040003,2.0
16295.0,1.04040003,4.0
16326.0,1.04040003,2.0
16337.0,1.04040003,4.0
16344.0,1.04040003,2.0
16347.0,1.04040003,1.0
16410.0,1.04040003,3.0
16432.0,1.04040003,2.0
16436.0,1.04040003,2.0
16463.0,1.04040003,1.0
16464.0,1.04040003,1.0
16465.0,1.04040003,2.0
16480.0,1.04040003,1.0
16483.0,1.04040003,3.0
16519.0,1.04040003,1.0
16539.0,1.04040003,2.0
16556.0,1.04040003,2.0
16573.0,1.04040003,3.0
16574.0,1.04040003,1.0
16587.0,1.04040003,1.0
16590.0,1.04040003,2.0
16592.0,1.04040003,2.0
16609.0,1.04040003,1.0
16613.0,1.04040003,1.0
16634.0,1.04040003,2.0
16648.0,1.04040003,3.0
16650.0,1.04040003,1.0
16660.0,1.04040003,1.0
16686.0,1.04040003,1.0
16707.0,1.04040003,2.0
16714.0,1.04040003,1.0
16767.0,1.04040003,2.0
16790.0,1.04040003,3.0
16793.0,1.04040003,1.0
16805.0,1.04040003,1.0
16814.0,1.04040003,2.0
16818.0,1.04040003,1.0
16820.0,1.04040003,1.0
16840.0,1.04040003,3.0
16847.0,1.04040003,1.0
16850.0,1.04040003,1.0
16859.0,1.04040003,3.0
16882.0,1.04040003,1.0
16909.0,1.04040003,1.0
16913.0,1.04040003,3.0
16923.0,1.04040003,1.0
16928.0,1.04040003,1.0
16965.0,1.04040003,1.0
16967.0,1.04040003,1.0
16969.0,1.04040003,2.0
16970.0,1.04040003,1.0
16973.0,1.04040003,2.0
16986.0,1.04040003,4.0
17025.0,1.04040003,1.0
17080.0,1.04040003,2.0
17126.0,1.04040003,2.0
17148.0,1.04040003,2.0
17170.0,1.04040003,2.0
17187.0,1.04040003,3.0
17199.0,1.04040003,1.0
17210.0,1.04040003,3.0
17226.0,1.04040003,3.0
17238.0,1.04040003,2.0
17255.0,1.04040003,2.0
17268.0,1.04040003,2.0
17273.0,1.04040003,2.0
17286.0,1.04040003,3.0
17305.0,1.04040003,1.0
17308.0,1.04040003,4.0
17309.0,1.04040003,2.0
17322.0,1.04040003,2.0
17341.0,1.04040003,2.0
17348.0,1.04040003,2.0
17356.0,1.04040003,2.0
17357.0,1.04040003,2.0
17358.0,1.04040003,1.0
17363.0,1.04040003,1.0
17364.0,1.04040003,1.0
17385.0,1.04040003,1.0
17406.0,1.04040003,3.0
17427.0,1.04040003,1.0
17434.0,1.04040003,2.0
17449.0,1.04040003,1.0
17453.0,1.04040003,3.0
17463.0,1.04040003,1.0
17471.0,1.04040003,3.0
17482.0,1.04040003,2.0
17525.0,1.04040003,1.0
17535.0,1.04040003,4.0
17537.0,1.04040003,1.0
17549.0,1.04040003,1.0
17558.0,1.04040003,2.0
17612.0,1.04040003,2.0
17620.0,1.04040003,2.0
17626.0,1.04040003,1.0
17636.0,1.04040003,2.0
17642.0,1.04040003,1.0
17681.0,1.04040003,1.0
17699.0,1.04040003,3.0
17701.0,1.04040003,3.0
17706.0,1.04040003,2.0
17711.0,1.04040003,3.0
17712.0,1.04040003,1.0
17721.0,1.04040003,3.0
17728.0,1.04040003,2.0
17752.0,1.04040003,2.0
17761.0,1.04040003,3.0
17765.0,1.04040003,1.0
17778.0,1.04040003,2.0
17817.0,1.04040003,2.0
17819.0,1.04040003,2.0
17829.0,1.04040003,3.0
17840.0,1.04040003,2.0
17847.0,1.04040003,3.0
17852.0,1.04040003,2.0
17870.0,1.04040003,1.0
17877.0,1.04040003,2.0
17878.0,1.04040003,1.0
17879.0,1.04040003,2.0
17888.0,1.04040003,1.0
17917.0,1.04040003,2.0
17923.0,1.04040003,1.0
17991.0,1.04040003,2.0
17994.0,1.04040003,1.0
18008.0,1.04040003,1.0
18025.0,1.04040003,1.0
18026.0,1.04040003,3.0
18031.0,1.04040003,3.0
18050.0,1.04040003,2.0
18053.0,1.04040003,1.0
18055.0,1.04040003,2.0
18080.0,1.04040003,2.0
18086.0,1.04040003,3.0
18088.0,1.04040003,3.0
18105.0,1.04040003,2.0
18123.0,1.04040003,2.0
18146.0,1.04040003,4.0
18161.0,1.04040003,1.0
18171.0,1.04040003,2.0
18177.0,1.04040003,1.0
18187.0,1.04040003,1.0
18188.0,1.04040003,2.0
18207.0,1.04040003,3.0
18228.0,1.04040003,2.0
18233.0,1.04040003,2.0
18276.0,1.04040003,2.0
18277.0,1.04040003,1.0
18304.0,1.04040003,1.0
18305.0,1.04040003,2.0
18307.0,1.04040003,4.0
18322.0,1.04040003,1.0
18333.0,1.04040003,2.0
18352.0,1.04040003,3.0
18356.0,1.04040003,4.0
18392.0,1.04040003,1.0
18431.0,1.04040003,1.0
18453.0,1.04040003,2.0
18461.0,1.04040003,1.0
18468.0,1.04040003,1.0
18469.0,1.04040003,3.0
18473.0,1.04040003,3.0
18485.0,1.04040003,1.0
18493.0,1.04040003,2.0
18513.0,1.04040003,3.0
18519.0,1.04040003,1.0
18535.0,1.04040003,3.0
18553.0,1.04040003,1.0
18570.0,1.04040003,2.0
18580.0,1.04040003,1.0
18647.0,1.04040003,1.0
18678.0,1.04040003,2.0
18679.0,1.04040003,2.0
18686.0,1.04040003,2.0
18700.0,1.04040003,1.0
18703.0,1.04040003,1.0
18718.0,1.04040003,1.0
18725.0,1.04040003,2.0
18732.0,1.04040003,2.0
18788.0,1.04040003,2.0
18794.0,1.04040003,2.0
18795.0,1.04040003,3.0
18796.0,1.04040003,3.0
18802.0,1.04040003,1.0
18805.0,1.04040003,1.0
18814.0,1.04040003,3.0
18829.0,1.04040003,2.0
18833.0,1.04040003,1.0
18841.0,1.04040003,2.0
18857.0,1.04040003,2.0
18868.0,1.04040003,1.0
18869.0,1.04040003,3.0
18879.0,1.04040003,1.0
18898.0,1.04040003,2.0
18912.0,1.04040003,2.0
18917.0,1.04040003,1.0
18921.0,1.04040003,2.0
18933.0,1.04040003,1.0
18934.0,1.04040003,1.0
18936.0,1.04040003,3.0
18972.0,1.04040003,2.0
18994.0,1.04040003,2.0
19009.0,1.04040003,2.0
19015.0,1.04040003,2.0
19026.0,1.04040003,2.0
19043.0,1.04040003,1.0
19050.0,1.04040003,2.0
19054.0,1.04040003,1.0
19059.0,1.04040003,2.0
19080.0,1.04040003,1.0
19082.0,1.04040003,2.0
19085.0,1.04040003,1.0
19086.0,1.04040003,1.0
19096.0,1.04040003,3.0
19133.0,1.04040003,2.0
19137.0,1.04040003,1.0
19151.0,1.04040003,3.0
19154.0,1.04040003,1.0
19160.0,1.04040003,1.0
19177.0,1.04040003,2.0
19185.0,1.04040003,2.0
19200.0,1.04040003,2.0
19202.0,1.04040003,1.0
19218.0,1.04040003,2.0
19233.0,1.04040003,2.0
19234.0,1.04040003,1.0
19241.0,1.04040003,2.0
19253.0,1.04040003,1.0
19267.0,1.04040003,1.0
19270.0,1.04040003,3.0
19295.0,1.04040003,3.0
19298.0,1.04040003,2.0
19308.0,1.04040003,1.0
19320.0,1.04040003,4.0
19321.0,1.04040003,2.0
19353.0,1.04040003,2.0
19371.0,1.04040003,2.0
19381.0,1.04040003,2.0
19389.0,1.04040003,1.0
19406.0,1.04040003,2.0
19408.0,1.04040003,2.0
19421.0,1.04040003,1.0
19434.0,1.04040003,2.0
19440.0,1.04040003,3.0
19477.0,1.04040003,2.0
19482.0,1.04040003,1.0
19533.0,1.04040003,1.0
19547.0,1.04040003,1.0
19550.0,1.04040003,1.0
19565.0,1.04040003,1.0
19585.0,1.04040003,1.0
19586.0,1.04040003,3.0
19591.0,1.04040003,1.0
19622.0,1.04040003,5.0
19626.0,1.04040003,3.0
19658.0,1.04040003,4.0
19681.0,1.04040003,3.0
19682.0,1.04040003,2.0
19723.0,1.04040003,2.0
19730.0,1.04040003,2.0
19754.0,1.04040003,2.0
19824.0,1.04040003,1.0
19826.0,1.04040003,1.0
19828.0,1.04040003,2.0
19829.0,1.04040003,1.0
19841.0,1.04040003,3.0
19842.0,1.04040003,1.0
19847.0,1.04040003,1.0
19857.0,1.04040003,3.0
19891.0,1.04040003,3.0
19919.0,1.04040003,2.0
19924.0,1.04040003,2.0
19929.0,1.04040003,3.0
19932.0,1.04040003,1.0
19937.0,1.04040003,2.0
19944.0,1.04040003,4.0
19981.0,1.04040003,4.0
10551.0,1.04040003,3.0
10585.0,1.04040003,1.0
11494.0,1.04040003,1.0
11563.0,1.04040003,1.0
11824.0,1.04040003,2.0
12273.0,1.04040003,1.0
12503.0,1.04040003,2.0
13019.0,1.04040003,3.0
13529.0,1.04040003,1.0
13775.0,1.04040003,1.0
15596.0,1.04040003,1.0
15626.0,1.04040003,3.0
15805.0,1.04040003,2.0
16446.0,1.04040003,1.0
17089.0,1.04040003,1.0
18062.0,1.04040003,2.0
18769.0,1.04040003,1.0
19684.0,1.04040003,2.0
11282.0,1.04040003,1.0
12239.0,1.04040003,1.0
13376.0,1.04040003,2.0
14936.0,1.04040003,2.0
15318.0,1.04040003,1.0
15429.0,1.04040003,1.0
10040.0,1.04040003,1.0
10725.0,1.04040003,1.0
11156.0,1.04040003,1.0
11790.0,1.04040003,1.0
12571.0,1.04040003,1.0
12624.0,1.04040003,1.0
12915.0,1.04040003,1.0
13197.0,1.04040003,1.0
13302.0,1.04040003,1.0
13653.0,1.04040003,1.0
13889.0,1.04040003,1.0
14909.0,1.04040003,1.0
15278.0,1.04040003,1.0
16009.0,1.04040003,1.0
16388.0,1.04040003,1.0
17083.0,1.04040003,1.0
17563.0,1.04040003,1.0
17859.0,1.04040003,1.0
17957.0,1.04040003,1.0
18189.0,1.04040003,1.0
19693.0,1.04040003,1.0
19747.0,1.04040003,1.0
20004.0,1.08080995,2.0
20024.0,1.08080995,3.0
20027.0,1.08080995,2.0
20029.0,1.08080995,1.0
20032.0,1.08080995,3.0
20036.0,1.08080995,2.0
20070.0,1.08080995,3.0
20085.0,1.08080995,5.0
20107.0,1.08080995,3.0
20109.0,1.08080995,3.0
20126.0,1.08080995,2.0
20209.0,1.08080995,1.0
20210.0,1.08080995,2.0
20250.0,1.08080995,4.0
20307.0,1.08080995,2.0
20334.0,1.08080995,2.0
20344.0,1.08080995,3.0
20346.0,1.08080995,2.0
20383.0,1.08080995,3.0
20388.0,1.08080995,3.0
20410.0,1.08080995,1.0
20425.0,1.08080995,2.0
20441.0,1.08080995,2.0
20474.0,1.08080995,4.0
20505.0,1.08080995,2.0
20508.0,1.08080995,3.0
20525.0,1.08080995,1.0
20551.0,1.08080995,3.0
20554.0,1.08080995,4.0
20566.0,1.08080995,1.0
20568.0,1.08080995,2.0
20592.0,1.08080995,5.0
20620.0,1.08080995,2.0
20634.0,1.08080995,1.0
20642.0,1.08080995,3.0
20665.0,1.08080995,2.0
20680.0,1.08080995,2.0
20681.0,1.08080995,3.0
20683.0,1.08080995,3.0
20687.0,1.08080995,2.0
20690.0,1.08080995,1.0
20730.0,1.08080995,1.0
20737.0,1.08080995,2.0
20741.0,1.08080995,1.0
20754.0,1.08080995,3.0
20760.0,1.08080995,1.0
20790.0,1.08080995,2.0
20837.0,1.08080995,5.0
20841.0,1.08080995,2.0
20846.0,1.08080995,2.0
20849.0,1.08080995,2.0
20899.0,1.08080995,1.0
20913.0,1.08080995,3.0
20914.0,1.08080995,2.0
20973.0,1.08080995,3.0
20976.0,1.08080995,1.0
21000.0,1.08080995,3.0
21008.0,1.08080995,3.0
21016.0,1.08080995,1.0
21019.0,1.08080995,2.0
21041.0,1.08080995,3.0
21046.0,1.08080995,3.0
21048.0,1.08080995,3.0
21051.0,1.08080995,2.0
21066.0,1.08080995,1.0
21078.0,1.08080995,3.0
21099.0,1.08080995,4.0
21124.0,1.08080995,4.0
21132.0,1.08080995,2.0
21138.0,1.08080995,2.0
21139.0,1.08080995,2.0
21156.0,1.08080995,3.0
21161.0,1.08080995,1.0
21170.0,1.08080995,1.0
21192.0,1.08080995,2.0
21200.0,1.08080995,3.0
21203.0,1.08080995,2.0
21212.0,1.08080995,3.0
21256.0,1.08080995,2.0
21286.0,1.08080995,1.0
21288.0,1.08080995,1.0
21308.0,1.08080995,2.0
21316.0,1.08080995,3.0
21341.0,1.08080995,4.0
21352.0,1.08080995,1.0
21354.0,1.08080995,2.0
21396.0,1.08080995,1.0
21403.0,1.08080995,2.0
21436.0,1.08080995,2.0
21439.0,1.08080995,2.0
21449.0,1.08080995,2.0
21454.0,1.08080995,2.0
21458.0,1.08080995,2.0
21494.0,1.08080995,2.0
21536.0,1.08080995,1.0
21537.0,1.08080995,3.0
21545.0,1.08080995,1.0
21563.0,1.08080995,2.0
21576.0,1.08080995,2.0
21589.0,1.08080995,3.0
21602.0,1.08080995,1.0
21611.0,1.08080995,2.0
21629.0,1.08080995,1.0
21645.0,1.08080995,4.0
21677.0,1.08080995,2.0
21684.0,1.08080995,2.0
21695.0,1.08080995,4.0
21713.0,1.08080995,2.0
21730.0,1.08080995,3.0
21754.0,1.08080995,1.0
21777.0,1.08080995,2.0
21781.0,1.08080995,3.0
21790.0,1.08080995,4.0
21816.0,1.08080995,2.0
21820.0,1.08080995,2.0
21824.0,1.08080995,2.0
21826.0,1.08080995,2.0
21848.0,1.08080995,2.0
21874.0,1.08080995,1.0
21875.0,1.08080995,2.0
21907.0,1.08080995,2.0
21908.0,1.08080995,1.0
21921.0,1.08080995,3.0
21938.0,1.08080995,5.0
21964.0,1.08080995,3.0
21972.0,1.08080995,3.0
21976.0,1.08080995,1.0
21977.0,1.08080995,1.0
21983.0,1.08080995,3.0
22026.0,1.08080995,5.0
22031.0,1.08080995,1.0
22043.0,1.08080995,3.0
22047.0,1.08080995,3.0
22078.0,1.08080995,3.0
22087.0,1.08080995,3.0
22150.0,1.08080995,2.0
22156.0,1.08080995,3.0
22161.0,1.08080995,1.0
22173.0,1.08080995,3.0
22210.0,1.08080995,3.0
22216.0,1.08080995,1.0
22239.0,1.08080995,3.0
22264.0,1.08080995,2.0
22271.0,1.08080995,3.0
22273.0,1.08080995,2.0
22283.0,1.08080995,1.0
22299.0,1.08080995,2.0
22303.0,1.08080995,4.0
22340.0,1.08080995,2.0
22352.0,1.08080995,2.0
22354.0,1.08080995,4.0
22358.0,1.08080995,3.0
22368.0,1.08080995,3.0
22389.0,1.08080995,3.0
22393.0,1.08080995,2.0
22397.0,1.08080995,3.0
22404.0,1.08080995,2.0
22409.0,1.08080995,1.0
22413.0,1.08080995,2.0
22430.0,1.08080995,1.0
22438.0,1.08080995,3.0
22461.0,1.08080995,2.0
22511.0,1.08080995,2.0
22514.0,1.08080995,1.0
22571.0,1.08080995,3.0
22624.0,1.08080995,3.0
22633.0,1.08080995,3.0
22702.0,1.08080995,2.0
22711.0,1.08080995,2.0
22716.0,1.08080995,3.0
22719.0,1.08080995,1.0
22736.0,1.08080995,3.0
22760.0,1.08080995,2.0
22772.0,1.08080995,2.0
22775.0,1.08080995,3.0
22818.0,1.08080995,4.0
22819.0,1.08080995,3.0
22825.0,1.08080995,3.0
22826.0,1.08080995,3.0
22862.0,1.08080995,2.0
22871.0,1.08080995,3.0
22886.0,1.08080995,3.0
22887.0,1.08080995,3.0
22888.0,1.08080995,1.0
22890.0,1.08080995,1.0
22915.0,1.08080995,3.0
22945.0,1.08080995,2.0
22978.0,1.08080995,3.0
22989.0,1.08080995,2.0
22997.0,1.08080995,1.0
23055.0,1.08080995,2.0
23071.0,1.08080995,3.0
23088.0,1.08080995,3.0
23089.0,1.08080995,3.0
23093.0,1.08080995,2.0
23120.0,1.08080995,3.0
23135.0,1.08080995,1.0
23145.0,1.08080995,3.0
23197.0,1.08080995,4.0
23205.0,1.08080995,3.0
23213.0,1.08080995,2.0
23218.0,1.08080995,3.0
23246.0,1.08080995,2.0
23250.0,1.08080995,2.0
23251.0,1.08080995,2.0
23254.0,1.08080995,4.0
23271.0,1.08080995,4.0
23290.0,1.08080995,3.0
23305.0,1.08080995,2.0
23319.0,1.08080995,2.0
23345.0,1.08080995,2.0
23381.0,1.08080995,3.0
23401.0,1.08080995,2.0
23411.0,1.08080995,3.0
23414.0,1.08080995,2.0
23457.0,1.08080995,1.0
23459.0,1.08080995,2.0
23461.0,1.08080995,3.0
23474.0,1.08080995,3.0
23493.0,1.08080995,2.0
23495.0,1.08080995,2.0
23501.0,1.08080995,2.0
23512.0,1.08080995,1.0
23514.0,1.08080995,3.0
23517.0,1.08080995,5.0
23527.0,1.08080995,1.0
23529.0,1.08080995,3.0
23544.0,1.08080995,2.0
23577.0,1.08080995,3.0
23615.0,1.08080995,2.0
23619.0,1.08080995,3.0
23642.0,1.08080995,1.0
23644.0,1.08080995,5.0
23653.0,1.08080995,3.0
23655.0,1.08080995,1.0
23658.0,1.08080995,1.0
23671.0,1.08080995,2.0
23682.0,1.08080995,2.0
23717.0,1.08080995,3.0
23736.0,1.08080995,2.0
23745.0,1.08080995,2.0
23767.0,1.08080995,1.0
23771.0,1.08080995,3.0
23775.0,1.08080995,4.0
23809.0,1.08080995,2.0
23818.0,1.08080995,3.0
23850.0,1.08080995,1.0
23851.0,1.08080995,2.0
23853.0,1.08080995,2.0
23857.0,1.08080995,3.0
23859.0,1.08080995,1.0
23889.0,1.08080995,3.0
23944.0,1.08080995,2.0
23977.0,1.08080995,4.0
23982.0,1.08080995,2.0
23995.0,1.08080995,2.0
24004.0,1.08080995,2.0
24025.0,1.08080995,3.0
24028.0,1.08080995,3.0
24034.0,1.08080995,3.0
24038.0,1.08080995,2.0
24043.0,1.08080995,2.0
24059.0,1.08080995,2.0
24096.0,1.08080995,3.0
24135.0,1.08080995,3.0
24165.0,1.08080995,3.0
24171.0,1.08080995,3.0
24192.0,1.08080995,2.0
24203.0,1.08080995,4.0
24234.0,1.08080995,2.0
24235.0,1.08080995,2.0
24251.0,1.08080995,4.0
24264.0,1.08080995,2.0
24274.0,1.08080995,5.0
24281.0,1.08080995,2.0
24294.0,1.08080995,3.0
24343.0,1.08080995,2.0
24344.0,1.08080995,3.0
24348.0,1.08080995,4.0
24349.0,1.08080995,1.0
24352.0,1.08080995,4.0
24362.0,1.08080995,3.0
24364.0,1.08080995,3.0
24432.0,1.08080995,2.0
24455.0,1.08080995,2.0
24476.0,1.08080995,3.0
24480.0,1.08080995,3.0
24499.0,1.08080995,2.0
24522.0,1.08080995,2.0
24546.0,1.08080995,3.0
24547.0,1.08080995,1.0
24549.0,1.08080995,3.0
24554.0,1.08080995,1.0
24575.0,1.08080995,1.0
24615.0,1.08080995,3.0
24616.0,1.08080995,3.0
24640.0,1.08080995,3.0
24702.0,1.08080995,2.0
24704.0,1.08080995,1.0
24721.0,1.08080995,2.0
24737.0,1.08080995,3.0
24739.0,1.08080995,4.0
24781.0,1.08080995,1.0
24787.0,1.08080995,1.0
24802.0,1.08080995,4.0
24831.0,1.08080995,2.0
24834.0,1.08080995,2.0
24866.0,1.08080995,2.0
24867.0,1.08080995,1.0
24876.0,1.08080995,2.0
24890.0,1.08080995,3.0
24909.0,1.08080995,3.0
24917.0,1.08080995,2.0
24936.0,1.08080995,2.0
24966.0,1.08080995,2.0
24975.0,1.08080995,2.0
24977.0,1.08080995,1.0
24981.0,1.08080995,1.0
24990.0,1.08080995,3.0
24996.0,1.08080995,1.0
25022.0,1.08080995,2.0
25030.0,1.08080995,3.0
25044.0,1.08080995,3.0
25051.0,1.08080995,2.0
25059.0,1.08080995,3.0
25068.0,1.08080995,1.0
25101.0,1.08080995,2.0
25121.0,1.08080995,2.0
25122.0,1.08080995,2.0
25157.0,1.08080995,1.0
25160.0,1.08080995,3.0
25181.0,1.08080995,1.0
25191.0,1.08080995,2.0
25253.0,1.08080995,5.0
25260.0,1.08080995,2.0
25278.0,1.08080995,3.0
25281.0,1.08080995,1.0
25304.0,1.08080995,2.0
25305.0,1.08080995,2.0
25318.0,1.08080995,3.0
25319.0,1.08080995,1.0
25338.0,1.08080995,1.0
25344.0,1.08080995,2.0
25353.0,1.08080995,1.0
25390.0,1.08080995,2.0
25407.0,1.08080995,2.0
25417.0,1.08080995,2.0
25429.0,1.08080995,3.0
25437.0,1.08080995,1.0
25446.0,1.08080995,2.0
25448.0,1.08080995,2.0
25470.0,1.08080995,1.0
25503.0,1.08080995,4.0
25521.0,1.08080995,3.0
25532.0,1.08080995,1.0
25540.0,1.08080995,3.0
25549.0,1.08080995,3.0
25555.0,1.08080995,4.0
25596.0,1.08080995,4.0
25615.0,1.08080995,3.0
25626.0,1.08080995,3.0
25627.0,1.08080995,1.0
25629.0,1.08080995,2.0
25660.0,1.08080995,3.0
25672.0,1.08080995,2.0
25708.0,1.08080995,2.0
25728.0,1.08080995,4.0
25747.0,1.08080995,4.0
25767.0,1.08080995,2.0
25803.0,1.08080995,2.0
25805.0,1.08080995,3.0
25818.0,1.08080995,5.0
25844.0,1.08080995,2.0
25874.0,1.08080995,3.0
25941.0,1.08080995,1.0
25987.0,1.08080995,1.0
25989.0,1.08080995,4.0
25999.0,1.08080995,3.0
26012.0,1.08080995,2.0
26046.0,1.08080995,2.0
26048.0,1.08080995,3.0
26101.0,1.08080995,2.0
26123.0,1.08080995,1.0
26125.0,1.08080995,3.0
26131.0,1.08080995,3.0
26162.0,1.08080995,2.0
26166.0,1.08080995,2.0
26172.0,1.08080995,3.0
26180.0,1.08080995,1.0
26199.0,1.08080995,2.0
26227.0,1.08080995,3.0
26241.0,1.08080995,3.0
26248.0,1.08080995,3.0
26263.0,1.08080995,1.0
26295.0,1.08080995,3.0
26308.0,1.08080995,1.0
26333.0,1.08080995,2.0
26398.0,1.08080995,2.0
26410.0,1.08080995,4.0
26432.0,1.08080995,2.0
26436.0,1.08080995,4.0
26483.0,1.08080995,3.0
26520.0,1.08080995,3.0
26525.0,1.08080995,3.0
26540.0,1.08080995,3.0
26556.0,1.08080995,2.0
26573.0,1.08080995,3.0
26584.0,1.08080995,1.0
26590.0,1.08080995,2.0
26634.0,1.08080995,4.0
26657.0,1.08080995,1.0
26686.0,1.08080995,2.0
26793.0,1.08080995,2.0
26814.0,1.08080995,3.0
26818.0,1.08080995,2.0
26820.0,1.08080995,3.0
26834.0,1.08080995,2.0
26850.0,1.08080995,1.0
26860.0,1.08080995,4.0
26909.0,1.08080995,2.0
26923.0,1.08080995,1.0
26949.0,1.08080995,2.0
26953.0,1.08080995,1.0
26970.0,1.08080995,1.0
26986.0,1.08080995,3.0
27049.0,1.08080995,1.0
27050.0,1.08080995,2.0
27080.0,1.08080995,1.0
27083.0,1.08080995,4.0
27086.0,1.08080995,1.0
27121.0,1.08080995,1.0
27126.0,1.08080995,2.0
27145.0,1.08080995,3.0
27148.0,1.08080995,1.0
27150.0,1.08080995,3.0
27160.0,1.08080995,1.0
27177.0,1.08080995,4.0
27197.0,1.08080995,2.0
27219.0,1.08080995,2.0
27226.0,1.08080995,3.0
27238.0,1.08080995,3.0
27270.0,1.08080995,1.0
27276.0,1.08080995,2.0
27286.0,1.08080995,4.0
27298.0,1.08080995,4.0
27300.0,1.08080995,2.0
27322.0,1.08080995,3.0
27341.0,1.08080995,4.0
27356.0,1.08080995,3.0
27357.0,1.08080995,1.0
27358.0,1.08080995,1.0
27363.0,1.08080995,1.0
27415.0,1.08080995,4.0
27437.0,1.08080995,3.0
27466.0,1.08080995,2.0
27471.0,1.08080995,3.0
27482.0,1.08080995,2.0
27514.0,1.08080995,2.0
27525.0,1.08080995,4.0
27536.0,1.08080995,2.0
27543.0,1.08080995,1.0
27565.0,1.08080995,3.0
27612.0,1.08080995,3.0
27622.0,1.08080995,3.0
27642.0,1.08080995,2.0
27659.0,1.08080995,3.0
27682.0,1.08080995,1.0
27699.0,1.08080995,2.0
27706.0,1.08080995,2.0
27711.0,1.08080995,2.0
27728.0,1.08080995,3.0
27752.0,1.08080995,2.0
27755.0,1.08080995,2.0
27765.0,1.08080995,5.0
27817.0,1.08080995,4.0
27820.0,1.08080995,3.0
27829.0,1.08080995,3.0
27847.0,1.08080995,4.0
27878.0,1.08080995,2.0
27879.0,1.08080995,2.0
27917.0,1.08080995,3.0
27941.0,1.08080995,2.0
27947.0,1.08080995,2.0
28026.0,1.08080995,4.0
28031.0,1.08080995,4.0
28053.0,1.08080995,1.0
28055.0,1.08080995,3.0
28076.0,1.08080995,1.0
28082.0,1.08080995,2.0
28086.0,1.08080995,3.0
28105.0,1.08080995,4.0
28113.0,1.08080995,5.0
28117.0,1.08080995,3.0
28171.0,1.08080995,2.0
28188.0,1.08080995,4.0
28189.0,1.08080995,3.0
28196.0,1.08080995,1.0
28205.0,1.08080995,3.0
28207.0,1.08080995,2.0
28247.0,1.08080995,3.0
28276.0,1.08080995,3.0
28307.0,1.08080995,4.0
28322.0,1.08080995,2.0
28356.0,1.08080995,3.0
28366.0,1.08080995,2.0
28413.0,1.08080995,1.0
28436.0,1.08080995,2.0
28462.0,1.08080995,3.0
28468.0,1.08080995,1.0
28469.0,1.08080995,3.0
28475.0,1.08080995,1.0
28493.0,1.08080995,1.0
28498.0,1.08080995,1.0
28499.0,1.08080995,2.0
28535.0,1.08080995,3.0
28546.0,1.08080995,2.0
28570.0,1.08080995,2.0
28580.0,1.08080995,1.0
28621.0,1.08080995,3.0
28622.0,1.08080995,1.0
28636.0,1.08080995,2.0
28678.0,1.08080995,3.0
28732.0,1.08080995,2.0
28752.0,1.08080995,4.0
28769.0,1.08080995,5.0
28777.0,1.08080995,2.0
28783.0,1.08080995,2.0
28787.0,1.08080995,1.0
28788.0,1.08080995,2.0
28796.0,1.08080995,5.0
28805.0,1.08080995,3.0
28820.0,1.08080995,3.0
28833.0,1.08080995,2.0
28835.0,1.08080995,2.0
28857.0,1.08080995,3.0
28868.0,1.08080995,1.0
28869.0,1.08080995,3.0
28872.0,1.08080995,2.0
28879.0,1.08080995,2.0
28897.0,1.08080995,4.0
28930.0,1.08080995,5.0
28936.0,1.08080995,2.0
28986.0,1.08080995,3.0
29009.0,1.08080995,2.0
29020.0,1.08080995,2.0
29026.0,1.08080995,2.0
29029.0,1.08080995,3.0
29039.0,1.08080995,1.0
29047.0,1.08080995,1.0
29050.0,1.08080995,4.0
29059.0,1.08080995,3.0
29085.0,1.08080995,5.0
29160.0,1.08080995,2.0
29185.0,1.08080995,3.0
29202.0,1.08080995,1.0
29206.0,1.08080995,3.0
29220.0,1.08080995,3.0
29270.0,1.08080995,4.0
29295.0,1.08080995,4.0
29298.0,1.08080995,2.0
29318.0,1.08080995,3.0
29321.0,1.08080995,3.0
29385.0,1.08080995,2.0
29494.0,1.08080995,2.0
29510.0,1.08080995,3.0
29533.0,1.08080995,2.0
29566.0,1.08080995,2.0
29591.0,1.08080995,3.0
29628.0,1.08080995,3.0
29658.0,1.08080995,2.0
29682.0,1.08080995,2.0
29707.0,1.08080995,1.0
29723.0,1.08080995,3.0
29749.0,1.08080995,1.0
29824.0,1.08080995,1.0
29841.0,1.08080995,4.0
29847.0,1.08080995,1.0
29857.0,1.08080995,3.0
29858.0,1.08080995,2.0
29891.0,1.08080995,4.0
29917.0,1.08080995,3.0
29919.0,1.08080995,3.0
29932.0,1.08080995,2.0
29981.0,1.08080995,2.0
20040.0,1.08080995,1.0
20103.0,1.08080995,1.0
20106.0,1.08080995,1.0
20244.0,1.08080995,1.0
20291.0,1.08080995,1.0
20328.0,1.08080995,1.0
20461.0,1.08080995,1.0
20725.0,1.08080995,1.0
20800.0,1.08080995,1.0
20870.0,1.08080995,1.0
20998.0,1.08080995,1.0
21151.0,1.08080995,1.0
21158.0,1.08080995,1.0
21479.0,1.08080995,1.0
21572.0,1.08080995,1.0
21585.0,1.08080995,2.0
21986.0,1.08080995,1.0
21997.0,1.08080995,2.0
22339.0,1.08080995,2.0
22424.0,1.08080995,1.0
22576.0,1.08080995,1.0
22752.0,1.08080995,1.0
22766.0,1.08080995,1.0
22837.0,1.08080995,1.0
22861.0,1.08080995,2.0
23019.0,1.08080995,1.0
23063.0,1.08080995,2.0
23302.0,1.08080995,1.0
23314.0,1.08080995,2.0
23492.0,1.08080995,1.0
23711.0,1.08080995,1.0
23777.0,1.08080995,2.0
23972.0,1.08080995,1.0
23984.0,1.08080995,1.0
24045.0,1.08080995,1.0
24407.0,1.08080995,1.0
24408.0,1.08080995,1.0
24431.0,1.08080995,2.0
24437.0,1.08080995,1.0
24484.0,1.08080995,1.0
24603.0,1.08080995,1.0
24654.0,1.08080995,1.0
24691.0,1.08080995,1.0
24701.0,1.08080995,1.0
24741.0,1.08080995,1.0
24780.0,1.08080995,2.0
25074.0,1.08080995,1.0
25354.0,1.08080995,1.0
25456.0,1.08080995,1.0
25482.0,1.08080995,1.0
25488.0,1.08080995,1.0
25642.0,1.08080995,2.0
25652.0,1.08080995,2.0
25856.0,1.08080995,1.0
25893.0,1.08080995,1.0
25895.0,1.08080995,2.0
25969.0,1.08080995,2.0
26113.0,1.08080995,1.0
26118.0,1.08080995,2.0
26266.0,1.08080995,1.0
26322.0,1.08080995,1.0
26347.0,1.08080995,1.0
26388.0,1.08080995,1.0
26450.0,1.08080995,1.0
26602.0,1.08080995,1.0
26648.0,1.08080995,2.0
26840.0,1.08080995,2.0
26888.0,1.08080995,1.0
26913.0,1.08080995,2.0
27187.0,1.08080995,1.0
27189.0,1.08080995,1.0
27369.0,1.08080995,1.0
27406.0,1.08080995,2.0
27453.0,1.08080995,1.0
27487.0,1.08080995,1.0
27535.0,1.08080995,1.0
27563.0,1.08080995,1.0
27626.0,1.08080995,1.0
27714.0,1.08080995,1.0
27721.0,1.08080995,2.0
27761.0,1.08080995,1.0
27834.0,1.08080995,1.0
27859.0,1.08080995,1.0
27881.0,1.08080995,1.0
27966.0,1.08080995,1.0
28041.0,1.08080995,1.0
28058.0,1.08080995,1.0
28163.0,1.08080995,1.0
28234.0,1.08080995,1.0
28259.0,1.08080995,2.0
28359.0,1.08080995,1.0
28513.0,1.08080995,1.0
28565.0,1.08080995,1.0
28691.0,1.08080995,2.0
28795.0,1.08080995,1.0
29043.0,1.08080995,1.0
29068.0,1.08080995,1.0
29120.0,1.08080995,1.0
29215.0,1.08080995,1.0
29363.0,1.08080995,1.0
29408.0,1.08080995,2.0
29515.0,1.08080995,1.0
29586.0,1.08080995,2.0
29642.0,1.08080995,1.0
29684.0,1.08080995,1.0
29693.0,1.08080995,2.0
29826.0,1.08080995,1.0
29829.0,1.08080995,1.0
29944.0,1.08080995,1.0
20783.0,1.08080995,1.0
22503.0,1.08080995,1.0
25050.0,1.08080995,1.0
26813.0,1.08080995,1.0
28388.0,1.08080995,1.0
28473.0,1.08080995,2.0
20235.0,1.08080995,1.0
21108.0,1.08080995,1.0
21147.0,1.08080995,1.0
21600.0,1.08080995,1.0
22892.0,1.08080995,1.0
23142.0,1.08080995,1.0
25474.0,1.08080995,1.0
25548.0,1.08080995,1.0
25756.0,1.08080995,1.0
25945.0,1.08080995,1.0
26859.0,1.08080995,1.0
27520.0,1.08080995,1.0
28088.0,1.08080995,1.0
28814.0,1.08080995,1.0
29015.0,1.08080995,1.0
29320.0,1.08080995,1.0
29434.0,1.08080995,1.0
29549.0,1.08080995,1.0
30005.0,1.12120998,2.0
30024.0,1.12120998,1.0
30027.0,1.12120998,2.0
30032.0,1.12120998,2.0
30040.0,1.12120998,1.0
30063.0,1.12120998,1.0
30070.0,1.12120998,1.0
30085.0,1.12120998,1.0
30120.0,1.12120998,2.0
30136.0,1.12120998,1.0
30199.0,1.12120998,1.0
30210.0,1.12120998,1.0
30238.0,1.12120998,1.0
30268.0,1.12120998,1.0
30277.0,1.12120998,1.0
30278.0,1.12120998,2.0
30316.0,1.12120998,3.0
30327.0,1.12120998,1.0
30344.0,1.12120998,2.0
30373.0,1.12120998,1.0
30381.0,1.12120998,1.0
30383.0,1.12120998,3.0
30389.0,1.12120998,2.0
30441.0,1.12120998,1.0
30461.0,1.12120998,3.0
30474.0,1.12120998,3.0
30505.0,1.12120998,2.0
30515.0,1.12120998,3.0
30543.0,1.12120998,1.0
30551.0,1.12120998,1.0
30554.0,1.12120998,3.0
30585.0,1.12120998,1.0
30592.0,1.12120998,2.0
30628.0,1.12120998,1.0
30634.0,1.12120998,1.0
30642.0,1.12120998,3.0
30653.0,1.12120998,1.0
30665.0,1.12120998,1.0
30680.0,1.12120998,2.0
30690.0,1.12120998,2.0
30702.0,1.12120998,1.0
30725.0,1.12120998,2.0
30754.0,1.12120998,2.0
30756.0,1.12120998,1.0
30783.0,1.12120998,1.0
30788.0,1.12120998,2.0
30821.0,1.12120998,2.0
30837.0,1.12120998,3.0
30841.0,1.12120998,2.0
30846.0,1.12120998,2.0
30849.0,1.12120998,1.0
30870.0,1.12120998,2.0
30876.0,1.12120998,1.0
30884.0,1.12120998,2.0
30889.0,1.12120998,2.0
30906.0,1.12120998,1.0
30913.0,1.12120998,2.0
30914.0,1.12120998,1.0
30973.0,1.12120998,1.0
30997.0,1.12120998,4.0
31000.0,1.12120998,2.0
31008.0,1.12120998,2.0
31041.0,1.12120998,2.0
31046.0,1.12120998,5.0
31078.0,1.12120998,2.0
31103.0,1.12120998,2.0
31108.0,1.12120998,2.0
31118.0,1.12120998,1.0
31124.0,1.12120998,4.0
31147.0,1.12120998,1.0
31151.0,1.12120998,2.0
31156.0,1.12120998,2.0
31179.0,1.12120998,1.0
31200.0,1.12120998,2.0
31202.0,1.12120998,1.0
31203.0,1.12120998,2.0
31238.0,1.12120998,3.0
31247.0,1.12120998,1.0
31266.0,1.12120998,1.0
31290.0,1.12120998,2.0
31350.0,1.12120998,2.0
31354.0,1.12120998,2.0
31390.0,1.12120998,1.0
31403.0,1.12120998,2.0
31453.0,1.12120998,1.0
31458.0,1.12120998,2.0
31479.0,1.12120998,2.0
31486.0,1.12120998,1.0
31494.0,1.12120998,2.0
31535.0,1.12120998,1.0
31563.0,1.12120998,4.0
31568.0,1.12120998,1.0
31572.0,1.12120998,2.0
31576.0,1.12120998,2.0
31580.0,1.12120998,1.0
31585.0,1.12120998,2.0
31589.0,1.12120998,2.0
31600.0,1.12120998,3.0
31603.0,1.12120998,1.0
31629.0,1.12120998,2.0
31645.0,1.12120998,1.0
31679.0,1.12120998,2.0
31684.0,1.12120998,1.0
31687.0,1.12120998,1.0
31695.0,1.12120998,2.0
31713.0,1.12120998,1.0
31720.0,1.12120998,1.0
31730.0,1.12120998,3.0
31741.0,1.12120998,2.0
31756.0,1.12120998,1.0
31811.0,1.12120998,2.0
31824.0,1.12120998,1.0
31905.0,1.12120998,1.0
31906.0,1.12120998,2.0
31908.0,1.12120998,1.0
31938.0,1.12120998,4.0
31957.0,1.12120998,1.0
31964.0,1.12120998,1.0
31982.0,1.12120998,1.0
31986.0,1.12120998,2.0
31997.0,1.12120998,2.0
32015.0,1.12120998,2.0
32043.0,1.12120998,1.0
32087.0,1.12120998,3.0
32089.0,1.12120998,1.0
32094.0,1.12120998,1.0
32150.0,1.12120998,2.0
32173.0,1.12120998,2.0
32177.0,1.12120998,3.0
32192.0,1.12120998,1.0
32210.0,1.12120998,2.0
32216.0,1.12120998,1.0
32239.0,1.12120998,2.0
32264.0,1.12120998,2.0
32271.0,1.12120998,2.0
32273.0,1.12120998,2.0
32318.0,1.12120998,4.0
32324.0,1.12120998,1.0
32340.0,1.12120998,2.0
32358.0,1.12120998,2.0
32368.0,1.12120998,2.0
32376.0,1.12120998,2.0
32389.0,1.12120998,2.0
32397.0,1.12120998,2.0
32401.0,1.12120998,1.0
32403.0,1.12120998,1.0
32404.0,1.12120998,3.0
32413.0,1.12120998,2.0
32414.0,1.12120998,1.0
32424.0,1.12120998,3.0
32461.0,1.12120998,1.0
32503.0,1.12120998,1.0
32511.0,1.12120998,3.0
32557.0,1.12120998,2.0
32568.0,1.12120998,2.0
32646.0,1.12120998,1.0
32702.0,1.12120998,2.0
32716.0,1.12120998,2.0
32725.0,1.12120998,2.0
32753.0,1.12120998,1.0
32760.0,1.12120998,2.0
32764.0,1.12120998,1.0
32775.0,1.12120998,2.0
32777.0,1.12120998,3.0
32812.0,1.12120998,1.0
32818.0,1.12120998,1.0
32819.0,1.12120998,3.0
32820.0,1.12120998,1.0
32825.0,1.12120998,2.0
32829.0,1.12120998,1.0
32830.0,1.12120998,1.0
32837.0,1.12120998,2.0
32861.0,1.12120998,2.0
32862.0,1.12120998,2.0
32871.0,1.12120998,5.0
32872.0,1.12120998,1.0
32878.0,1.12120998,1.0
32886.0,1.12120998,2.0
32887.0,1.12120998,1.0
32892.0,1.12120998,1.0
32894.0,1.12120998,4.0
32915.0,1.12120998,1.0
32945.0,1.12120998,2.0
32978.0,1.12120998,1.0
33019.0,1.12120998,1.0
33048.0,1.12120998,1.0
33055.0,1.12120998,2.0
33063.0,1.12120998,1.0
33088.0,1.12120998,3.0
33089.0,1.12120998,2.0
33093.0,1.12120998,1.0
33108.0,1.12120998,1.0
33110.0,1.12120998,2.0
33142.0,1.12120998,2.0
33145.0,1.12120998,2.0
33147.0,1.12120998,1.0
33162.0,1.12120998,1.0
33197.0,1.12120998,2.0
33203.0,1.12120998,1.0
33205.0,1.12120998,2.0
33218.0,1.12120998,5.0
33246.0,1.12120998,3.0
33251.0,1.12120998,1.0
33252.0,1.12120998,3.0
33271.0,1.12120998,2.0
33302.0,1.12120998,1.0
33310.0,1.12120998,1.0
33314.0,1.12120998,2.0
33340.0,1.12120998,1.0
33341.0,1.12120998,2.0
33363.0,1.12120998,1.0
33376.0,1.12120998,2.0
33392.0,1.12120998,1.0
33411.0,1.12120998,2.0
33414.0,1.12120998,1.0
33454.0,1.12120998,3.0
33457.0,1.12120998,1.0
33459.0,1.12120998,2.0
33493.0,1.12120998,2.0
33495.0,1.12120998,1.0
33512.0,1.12120998,2.0
33514.0,1.12120998,2.0
33530.0,1.12120998,2.0
33550.0,1.12120998,1.0
33577.0,1.12120998,3.0
33653.0,1.12120998,1.0
33655.0,1.12120998,1.0
33660.0,1.12120998,3.0
33696.0,1.12120998,1.0
33711.0,1.12120998,2.0
33745.0,1.12120998,2.0
33771.0,1.12120998,3.0
33775.0,1.12120998,3.0
33777.0,1.12120998,3.0
33813.0,1.12120998,3.0
33847.0,1.12120998,1.0
33886.0,1.12120998,1.0
33889.0,1.12120998,1.0
33937.0,1.12120998,2.0
33972.0,1.12120998,2.0
33984.0,1.12120998,2.0
33985.0,1.12120998,2.0
33995.0,1.12120998,2.0
33996.0,1.12120998,2.0
34001.0,1.12120998,1.0
34004.0,1.12120998,2.0
34034.0,1.12120998,2.0
34043.0,1.12120998,2.0
34045.0,1.12120998,2.0
34059.0,1.12120998,2.0
34103.0,1.12120998,3.0
34107.0,1.12120998,1.0
34130.0,1.12120998,2.0
34135.0,1.12120998,4.0
34165.0,1.12120998,2.0
34171.0,1.12120998,2.0
34173.0,1.12120998,1.0
34184.0,1.12120998,1.0
34211.0,1.12120998,2.0
34253.0,1.12120998,1.0
34255.0,1.12120998,2.0
34274.0,1.12120998,2.0
34281.0,1.12120998,2.0
34308.0,1.12120998,1.0
34337.0,1.12120998,2.0
34344.0,1.12120998,2.0
34345.0,1.12120998,1.0
34348.0,1.12120998,2.0
34349.0,1.12120998,1.0
34362.0,1.12120998,2.0
34364.0,1.12120998,2.0
34407.0,1.12120998,2.0
34408.0,1.12120998,2.0
34424.0,1.12120998,1.0
34426.0,1.12120998,1.0
34431.0,1.12120998,2.0
34432.0,1.12120998,2.0
34437.0,1.12120998,2.0
34455.0,1.12120998,3.0
34476.0,1.12120998,2.0
34480.0,1.12120998,1.0
34518.0,1.12120998,2.0
34521.0,1.12120998,1.0
34528.0,1.12120998,1.0
34543.0,1.12120998,1.0
34546.0,1.12120998,2.0
34549.0,1.12120998,2.0
34572.0,1.12120998,1.0
34616.0,1.12120998,3.0
34640.0,1.12120998,1.0
34654.0,1.12120998,1.0
34691.0,1.12120998,2.0
34701.0,1.12120998,2.0
34737.0,1.12120998,2.0
34739.0,1.12120998,3.0
34758.0,1.12120998,1.0
34802.0,1.12120998,1.0
34822.0,1.12120998,2.0
34823.0,1.12120998,1.0
34839.0,1.12120998,1.0
34917.0,1.12120998,1.0
34929.0,1.12120998,1.0
34936.0,1.12120998,3.0
34975.0,1.12120998,1.0
34990.0,1.12120998,4.0
35005.0,1.12120998,1.0
35022.0,1.12120998,1.0
35030.0,1.12120998,2.0
35043.0,1.12120998,2.0
35044.0,1.12120998,2.0
35050.0,1.12120998,2.0
35051.0,1.12120998,1.0
35059.0,1.12120998,2.0
35060.0,1.12120998,1.0
35068.0,1.12120998,1.0
35101.0,1.12120998,2.0
35146.0,1.12120998,1.0
35159.0,1.12120998,2.0
35160.0,1.12120998,2.0
35212.0,1.12120998,3.0
35239.0,1.12120998,1.0
35287.0,1.12120998,1.0
35314.0,1.12120998,2.0
35318.0,1.12120998,2.0
35354.0,1.12120998,3.0
35357.0,1.12120998,3.0
35401.0,1.12120998,1.0
35407.0,1.12120998,2.0
35437.0,1.12120998,1.0
35446.0,1.12120998,3.0
35451.0,1.12120998,1.0
35465.0,1.12120998,2.0
35474.0,1.12120998,1.0
35488.0,1.12120998,3.0
35521.0,1.12120998,2.0
35540.0,1.12120998,2.0
35542.0,1.12120998,2.0
35543.0,1.12120998,2.0
35548.0,1.12120998,3.0
35574.0,1.12120998,1.0
35596.0,1.12120998,2.0
35615.0,1.12120998,2.0
35626.0,1.12120998,1.0
35642.0,1.12120998,2.0
35652.0,1.12120998,2.0
35660.0,1.12120998,2.0
35728.0,1.12120998,1.0
35749.0,1.12120998,1.0
35756.0,1.12120998,4.0
35773.0,1.12120998,1.0
35803.0,1.12120998,1.0
35805.0,1.12120998,1.0
35815.0,1.12120998,1.0
35818.0,1.12120998,1.0
35856.0,1.12120998,2.0
35893.0,1.12120998,2.0
35895.0,1.12120998,2.0
35965.0,1.12120998,2.0
35969.0,1.12120998,2.0
35973.0,1.12120998,2.0
35989.0,1.12120998,2.0
35999.0,1.12120998,2.0
36009.0,1.12120998,1.0
36013.0,1.12120998,1.0
36048.0,1.12120998,2.0
36057.0,1.12120998,1.0
36062.0,1.12120998,1.0
36101.0,1.12120998,1.0
36113.0,1.12120998,3.0
36131.0,1.12120998,1.0
36162.0,1.12120998,2.0
36166.0,1.12120998,3.0
36172.0,1.12120998,2.0
36199.0,1.12120998,2.0
36205.0,1.12120998,1.0
36224.0,1.12120998,1.0
36227.0,1.12120998,3.0
36241.0,1.12120998,3.0
36248.0,1.12120998,2.0
36266.0,1.12120998,2.0
36295.0,1.12120998,2.0
36322.0,1.12120998,2.0
36326.0,1.12120998,4.0
36334.0,1.12120998,1.0
36337.0,1.12120998,2.0
36347.0,1.12120998,2.0
36388.0,1.12120998,1.0
36392.0,1.12120998,1.0
36410.0,1.12120998,2.0
36450.0,1.12120998,1.0
36483.0,1.12120998,4.0
36506.0,1.12120998,1.0
36517.0,1.12120998,1.0
36540.0,1.12120998,1.0
36556.0,1.12120998,2.0
36573.0,1.12120998,2.0
36590.0,1.12120998,1.0
36602.0,1.12120998,2.0
36604.0,1.12120998,1.0
36747.0,1.12120998,2.0
36761.0,1.12120998,1.0
36767.0,1.12120998,3.0
36790.0,1.12120998,2.0
36794.0,1.12120998,1.0
36840.0,1.12120998,3.0
36860.0,1.12120998,1.0
36913.0,1.12120998,3.0
36949.0,1.12120998,2.0
36953.0,1.12120998,1.0
36969.0,1.12120998,2.0
36986.0,1.12120998,2.0
37050.0,1.12120998,2.0
37080.0,1.12120998,1.0
37089.0,1.12120998,1.0
37145.0,1.12120998,1.0
37148.0,1.12120998,1.0
37170.0,1.12120998,1.0
37187.0,1.12120998,4.0
37210.0,1.12120998,1.0
37226.0,1.12120998,3.0
37238.0,1.12120998,2.0
37268.0,1.12120998,1.0
37273.0,1.12120998,2.0
37286.0,1.12120998,2.0
37298.0,1.12120998,2.0
37308.0,1.12120998,1.0
37322.0,1.12120998,2.0
37324.0,1.12120998,1.0
37341.0,1.12120998,2.0
37356.0,1.12120998,1.0
37357.0,1.12120998,1.0
37366.0,1.12120998,1.0
37369.0,1.12120998,2.0
37385.0,1.12120998,1.0
37406.0,1.12120998,4.0
37426.0,1.12120998,1.0
37434.0,1.12120998,2.0
37437.0,1.12120998,1.0
37453.0,1.12120998,2.0
37471.0,1.12120998,2.0
37487.0,1.12120998,1.0
37514.0,1.12120998,2.0
37525.0,1.12120998,2.0
37535.0,1.12120998,2.0
37558.0,1.12120998,2.0
37565.0,1.12120998,1.0
37590.0,1.12120998,1.0
37620.0,1.12120998,1.0
37622.0,1.12120998,2.0
37636.0,1.12120998,2.0
37659.0,1.12120998,3.0
37694.0,1.12120998,1.0
37699.0,1.12120998,2.0
37701.0,1.12120998,2.0
37706.0,1.12120998,2.0
37752.0,1.12120998,3.0
37761.0,1.12120998,2.0
37765.0,1.12120998,4.0
37773.0,1.12120998,1.0
37820.0,1.12120998,1.0
37829.0,1.12120998,5.0
37834.0,1.12120998,2.0
37852.0,1.12120998,2.0
37859.0,1.12120998,2.0
37877.0,1.12120998,1.0
37881.0,1.12120998,2.0
37903.0,1.12120998,1.0
37941.0,1.12120998,2.0
37957.0,1.12120998,1.0
37966.0,1.12120998,2.0
37990.0,1.12120998,1.0
37991.0,1.12120998,3.0
38005.0,1.12120998,1.0
38026.0,1.12120998,2.0
38050.0,1.12120998,1.0
38088.0,1.12120998,5.0
38105.0,1.12120998,2.0
38113.0,1.12120998,2.0
38117.0,1.12120998,2.0
38171.0,1.12120998,1.0
38188.0,1.12120998,2.0
38205.0,1.12120998,2.0
38233.0,1.12120998,1.0
38245.0,1.12120998,1.0
38304.0,1.12120998,2.0
38305.0,1.12120998,2.0
38307.0,1.12120998,2.0
38333.0,1.12120998,2.0
38388.0,1.12120998,1.0
38462.0,1.12120998,2.0
38469.0,1.12120998,2.0
38493.0,1.12120998,1.0
38540.0,1.12120998,1.0
38565.0,1.12120998,2.0
38678.0,1.12120998,2.0
38679.0,1.12120998,1.0
38686.0,1.12120998,1.0
38691.0,1.12120998,4.0
38703.0,1.12120998,3.0
38718.0,1.12120998,2.0
38725.0,1.12120998,2.0
38734.0,1.12120998,1.0
38769.0,1.12120998,1.0
38788.0,1.12120998,2.0
38794.0,1.12120998,1.0
38795.0,1.12120998,2.0
38796.0,1.12120998,4.0
38805.0,1.12120998,2.0
38820.0,1.12120998,2.0
38869.0,1.12120998,2.0
38897.0,1.12120998,3.0
38912.0,1.12120998,1.0
38930.0,1.12120998,3.0
38936.0,1.12120998,3.0
38972.0,1.12120998,2.0
38986.0,1.12120998,2.0
39009.0,1.12120998,1.0
39017.0,1.12120998,1.0
39026.0,1.12120998,4.0
39029.0,1.12120998,1.0
39050.0,1.12120998,2.0
39054.0,1.12120998,2.0
39068.0,1.12120998,2.0
39082.0,1.12120998,1.0
39096.0,1.12120998,1.0
39130.0,1.12120998,1.0
39169.0,1.12120998,1.0
39189.0,1.12120998,1.0
39200.0,1.12120998,2.0
39206.0,1.12120998,3.0
39218.0,1.12120998,2.0
39233.0,1.12120998,2.0
39241.0,1.12120998,1.0
39270.0,1.12120998,1.0
39295.0,1.12120998,3.0
39318.0,1.12120998,2.0
39363.0,1.12120998,2.0
39381.0,1.12120998,1.0
39387.0,1.12120998,2.0
39406.0,1.12120998,2.0
39434.0,1.12120998,2.0
39440.0,1.12120998,3.0
39447.0,1.12120998,1.0
39533.0,1.12120998,2.0
39550.0,1.12120998,1.0
39556.0,1.12120998,2.0
39585.0,1.12120998,1.0
39586.0,1.12120998,3.0
39591.0,1.12120998,2.0
39622.0,1.12120998,2.0
39626.0,1.12120998,1.0
39658.0,1.12120998,3.0
39661.0,1.12120998,3.0
39681.0,1.12120998,1.0
39682.0,1.12120998,1.0
39684.0,1.12120998,3.0
39723.0,1.12120998,2.0
39754.0,1.12120998,2.0
39828.0,1.12120998,1.0
39829.0,1.12120998,2.0
39841.0,1.12120998,1.0
39891.0,1.12120998,2.0
39919.0,1.12120998,2.0
39924.0,1.12120998,2.0
39929.0,1.12120998,1.0
39937.0,1.12120998,1.0
39944.0,1.12120998,1.0
30004.0,1.12120998,1.0
30080.0,1.12120998,1.0
30103.0,1.12120998,1.0
30107.0,1.12120998,1.0
30126.0,1.12120998,1.0
30250.0,1.12120998,1.0
30291.0,1.12120998,1.0
30307.0,1.12120998,1.0
30334.0,1.12120998,1.0
30388.0,1.12120998,1.0
30402.0,1.12120998,1.0
30490.0,1.12120998,1.0
30508.0,1.12120998,1.0
30525.0,1.12120998,1.0
30681.0,1.12120998,1.0
30683.0,1.12120998,1.0
30687.0,1.12120998,1.0
30760.0,1.12120998,1.0
30790.0,1.12120998,1.0
30976.0,1.12120998,1.0
30982.0,1.12120998,1.0
30998.0,1.12120998,1.0
31051.0,1.12120998,1.0
31106.0,1.12120998,1.0
31132.0,1.12120998,1.0
31139.0,1.12120998,1.0
31158.0,1.12120998,1.0
31256.0,1.12120998,1.0
31282.0,1.12120998,1.0
31308.0,1.12120998,1.0
31341.0,1.12120998,1.0
31427.0,1.12120998,1.0
31454.0,1.12120998,1.0
31602.0,1.12120998,1.0
31611.0,1.12120998,1.0
31677.0,1.12120998,1.0
31754.0,1.12120998,1.0
31777.0,1.12120998,1.0
31781.0,1.12120998,1.0
31790.0,1.12120998,1.0
31816.0,1.12120998,1.0
31820.0,1.12120998,1.0
31826.0,1.12120998,1.0
31848.0,1.12120998,1.0
31983.0,1.12120998,1.0
32047.0,1.12120998,1.0
32299.0,1.12120998,1.0
32352.0,1.12120998,1.0
32438.0,1.12120998,1.0
32576.0,1.12120998,1.0
32736.0,1.12120998,1.0
32826.0,1.12120998,1.0
32875.0,1.12120998,1.0
33120.0,1.12120998,1.0
33305.0,1.12120998,1.0
33319.0,1.12120998,1.0
33345.0,1.12120998,1.0
33381.0,1.12120998,1.0
33461.0,1.12120998,1.0
33474.0,1.12120998,1.0
33492.0,1.12120998,1.0
33501.0,1.12120998,1.0
33544.0,1.12120998,1.0
33615.0,1.12120998,1.0
33671.0,1.12120998,1.0
33682.0,1.12120998,1.0
33809.0,1.12120998,1.0
33818.0,1.12120998,1.0
33850.0,1.12120998,1.0
33853.0,1.12120998,1.0
33977.0,1.12120998,1.0
33982.0,1.12120998,1.0
34015.0,1.12120998,1.0
34025.0,1.12120998,1.0
34028.0,1.12120998,1.0
34038.0,1.12120998,1.0
34054.0,1.12120998,1.0
34096.0,1.12120998,1.0
34192.0,1.12120998,1.0
34234.0,1.12120998,1.0
34237.0,1.12120998,1.0
34251.0,1.12120998,1.0
34262.0,1.12120998,1.0
34264.0,1.12120998,1.0
34294.0,1.12120998,1.0
34352.0,1.12120998,1.0
34484.0,1.12120998,1.0
34499.0,1.12120998,1.0
34575.0,1.12120998,1.0
34721.0,1.12120998,1.0
34741.0,1.12120998,1.0
34780.0,1.12120998,1.0
34831.0,1.12120998,1.0
34890.0,1.12120998,1.0
35074.0,1.12120998,1.0
35088.0,1.12120998,1.0
35121.0,1.12120998,1.0
35223.0,1.12120998,1.0
35260.0,1.12120998,1.0
35281.0,1.12120998,1.0
35304.0,1.12120998,1.0
35305.0,1.12120998,1.0
35390.0,1.12120998,1.0
35429.0,1.12120998,1.0
35448.0,1.12120998,1.0
35456.0,1.12120998,1.0
35470.0,1.12120998,1.0
35503.0,1.12120998,1.0
35549.0,1.12120998,1.0
35555.0,1.12120998,1.0
35663.0,1.12120998,1.0
35672.0,1.12120998,1.0
35708.0,1.12120998,1.0
35767.0,1.12120998,1.0
35844.0,1.12120998,1.0
35874.0,1.12120998,1.0
36046.0,1.12120998,1.0
36118.0,1.12120998,1.0
36125.0,1.12120998,1.0
36270.0,1.12120998,1.0
36333.0,1.12120998,1.0
36432.0,1.12120998,1.0
36436.0,1.12120998,1.0
36525.0,1.12120998,1.0
36636.0,1.12120998,1.0
36648.0,1.12120998,1.0
36686.0,1.12120998,1.0
36707.0,1.12120998,1.0
36793.0,1.12120998,1.0
36814.0,1.12120998,1.0
36818.0,1.12120998,1.0
36820.0,1.12120998,1.0
36834.0,1.12120998,1.0
36909.0,1.12120998,1.0
36928.0,1.12120998,1.0
36967.0,1.12120998,1.0
37083.0,1.12120998,1.0
37177.0,1.12120998,1.0
37197.0,1.12120998,1.0
37276.0,1.12120998,1.0
37300.0,1.12120998,1.0
37305.0,1.12120998,1.0
37415.0,1.12120998,1.0
37466.0,1.12120998,1.0
37612.0,1.12120998,1.0
37626.0,1.12120998,1.0
37642.0,1.12120998,1.0
37711.0,1.12120998,1.0
37728.0,1.12120998,1.0
37755.0,1.12120998,1.0
37778.0,1.12120998,1.0
37817.0,1.12120998,1.0
37847.0,1.12120998,1.0
37878.0,1.12120998,1.0
38031.0,1.12120998,1.0
38082.0,1.12120998,1.0
38086.0,1.12120998,1.0
38259.0,1.12120998,1.0
38276.0,1.12120998,1.0
38352.0,1.12120998,1.0
38356.0,1.12120998,1.0
38366.0,1.12120998,1.0
38513.0,1.12120998,1.0
38519.0,1.12120998,1.0
38535.0,1.12120998,1.0
38570.0,1.12120998,1.0
38777.0,1.12120998,1.0
38833.0,1.12120998,1.0
38841.0,1.12120998,1.0
38872.0,1.12120998,1.0
38879.0,1.12120998,1.0
39015.0,1.12120998,1.0
39043.0,1.12120998,1.0
39059.0,1.12120998,1.0
39085.0,1.12120998,1.0
39092.0,1.12120998,1.0
39154.0,1.12120998,1.0
39160.0,1.12120998,1.0
39185.0,1.12120998,1.0
39215.0,1.12120998,1.0
39220.0,1.12120998,1.0
39253.0,1.12120998,1.0
39385.0,1.12120998,1.0
39510.0,1.12120998,1.0
39527.0,1.12120998,1.0
39549.0,1.12120998,1.0
39566.0,1.12120998,1.0
39628.0,1.12120998,1.0
39826.0,1.12120998,1.0
39857.0,1.12120998,1.0
39858.0,1.12120998,1.0
39932.0,1.12120998,1.0
40024.0,1.16162002,1.0
40027.0,1.16162002,2.0
40032.0,1.16162002,2.0
40036.0,1.16162002,1.0
40063.0,1.16162002,1.0
40064.0,1.16162002,1.0
40070.0,1.16162002,1.0
40080.0,1.16162002,1.0
40085.0,1.16162002,1.0
40106.0,1.16162002,1.0
40107.0,1.16162002,1.0
40109.0,1.16162002,1.0
40120.0,1.16162002,2.0
40123.0,1.16162002,1.0
40199.0,1.16162002,1.0
40207.0,1.16162002,1.0
40210.0,1.16162002,1.0
40235.0,1.16162002,1.0
40250.0,1.16162002,1.0
40291.0,1.16162002,1.0
40316.0,1.16162002,1.0
40327.0,1.16162002,1.0
40334.0,1.16162002,2.0
40346.0,1.16162002,3.0
40373.0,1.16162002,1.0
40383.0,1.16162002,1.0
40388.0,1.16162002,1.0
40389.0,1.16162002,2.0
40402.0,1.16162002,1.0
40461.0,1.16162002,1.0
40474.0,1.16162002,1.0
40490.0,1.16162002,1.0
40505.0,1.16162002,1.0
40508.0,1.16162002,2.0
40515.0,1.16162002,1.0
40525.0,1.16162002,2.0
40551.0,1.16162002,1.0
40554.0,1.16162002,2.0
40592.0,1.16162002,2.0
40620.0,1.16162002,3.0
40634.0,1.16162002,1.0
40642.0,1.16162002,1.0
40665.0,1.16162002,2.0
40680.0,1.16162002,3.0
40681.0,1.16162002,2.0
40683.0,1.16162002,2.0
40687.0,1.16162002,2.0
40690.0,1.16162002,2.0
40725.0,1.16162002,3.0
40730.0,1.16162002,1.0
40737.0,1.16162002,2.0
40754.0,1.16162002,2.0
40760.0,1.16162002,2.0
40788.0,1.16162002,2.0
40800.0,1.16162002,2.0
40837.0,1.16162002,1.0
40841.0,1.16162002,1.0
40846.0,1.16162002,4.0
40870.0,1.16162002,2.0
40884.0,1.16162002,1.0
40913.0,1.16162002,2.0
40914.0,1.16162002,2.0
40973.0,1.16162002,1.0
40976.0,1.16162002,1.0
40997.0,1.16162002,1.0
40998.0,1.16162002,2.0
41000.0,1.16162002,2.0
41008.0,1.16162002,2.0
41041.0,1.16162002,2.0
41046.0,1.16162002,2.0
41048.0,1.16162002,2.0
41078.0,1.16162002,2.0
41099.0,1.16162002,1.0
41106.0,1.16162002,2.0
41108.0,1.16162002,2.0
41118.0,1.16162002,1.0
41124.0,1.16162002,1.0
41139.0,1.16162002,2.0
41147.0,1.16162002,1.0
41156.0,1.16162002,2.0
41158.0,1.16162002,2.0
41170.0,1.16162002,1.0
41200.0,1.16162002,1.0
41202.0,1.16162002,3.0
41203.0,1.16162002,2.0
41212.0,1.16162002,2.0
41256.0,1.16162002,3.0
41282.0,1.16162002,2.0
41286.0,1.16162002,1.0
41290.0,1.16162002,2.0
41316.0,1.16162002,1.0
41341.0,1.16162002,3.0
41350.0,1.16162002,2.0
41354.0,1.16162002,2.0
41390.0,1.16162002,1.0
41396.0,1.16162002,1.0
41403.0,1.16162002,2.0
41427.0,1.16162002,1.0
41458.0,1.16162002,2.0
41479.0,1.16162002,3.0
41494.0,1.16162002,1.0
41512.0,1.16162002,2.0
41537.0,1.16162002,1.0
41546.0,1.16162002,1.0
41563.0,1.16162002,1.0
41572.0,1.16162002,2.0
41580.0,1.16162002,1.0
41585.0,1.16162002,2.0
41589.0,1.16162002,2.0
41600.0,1.16162002,2.0
41602.0,1.16162002,1.0
41603.0,1.16162002,3.0
41629.0,1.16162002,1.0
41645.0,1.16162002,1.0
41666.0,1.16162002,1.0
41687.0,1.16162002,2.0
41695.0,1.16162002,3.0
41730.0,1.16162002,1.0
41741.0,1.16162002,1.0
41754.0,1.16162002,1.0
41777.0,1.16162002,2.0
41781.0,1.16162002,2.0
41790.0,1.16162002,1.0
41820.0,1.16162002,2.0
41826.0,1.16162002,1.0
41848.0,1.16162002,2.0
41874.0,1.16162002,1.0
41908.0,1.16162002,1.0
41921.0,1.16162002,2.0
41938.0,1.16162002,2.0
41964.0,1.16162002,2.0
41983.0,1.16162002,2.0
41986.0,1.16162002,2.0
41997.0,1.16162002,2.0
42015.0,1.16162002,1.0
42026.0,1.16162002,1.0
42043.0,1.16162002,2.0
42047.0,1.16162002,3.0
42087.0,1.16162002,2.0
42150.0,1.16162002,2.0
42173.0,1.16162002,2.0
42177.0,1.16162002,2.0
42210.0,1.16162002,1.0
42216.0,1.16162002,1.0
42239.0,1.16162002,3.0
42264.0,1.16162002,1.0
42271.0,1.16162002,2.0
42273.0,1.16162002,2.0
42299.0,1.16162002,3.0
42303.0,1.16162002,1.0
42339.0,1.16162002,1.0
42340.0,1.16162002,2.0
42345.0,1.16162002,1.0
42352.0,1.16162002,2.0
42354.0,1.16162002,1.0
42358.0,1.16162002,2.0
42389.0,1.16162002,1.0
42397.0,1.16162002,3.0
42401.0,1.16162002,1.0
42404.0,1.16162002,1.0
42413.0,1.16162002,1.0
42424.0,1.16162002,2.0
42461.0,1.16162002,1.0
42511.0,1.16162002,1.0
42514.0,1.16162002,1.0
42568.0,1.16162002,2.0
42633.0,1.16162002,1.0
42634.0,1.16162002,1.0
42702.0,1.16162002,2.0
42716.0,1.16162002,2.0
42725.0,1.16162002,3.0
42760.0,1.16162002,2.0
42764.0,1.16162002,1.0
42766.0,1.16162002,2.0
42777.0,1.16162002,1.0
42786.0,1.16162002,1.0
42818.0,1.16162002,1.0
42819.0,1.16162002,2.0
42825.0,1.16162002,2.0
42826.0,1.16162002,2.0
42837.0,1.16162002,1.0
42861.0,1.16162002,1.0
42862.0,1.16162002,1.0
42871.0,1.16162002,2.0
42872.0,1.16162002,1.0
42892.0,1.16162002,2.0
42894.0,1.16162002,1.0
42915.0,1.16162002,1.0
42945.0,1.16162002,1.0
42949.0,1.16162002,2.0
42959.0,1.16162002,1.0
42978.0,1.16162002,1.0
43019.0,1.16162002,2.0
43055.0,1.16162002,2.0
43063.0,1.16162002,1.0
43071.0,1.16162002,2.0
43088.0,1.16162002,3.0
43089.0,1.16162002,2.0
43093.0,1.16162002,1.0
43108.0,1.16162002,1.0
43120.0,1.16162002,2.0
43142.0,1.16162002,1.0
43145.0,1.16162002,2.0
43162.0,1.16162002,2.0
43205.0,1.16162002,2.0
43213.0,1.16162002,2.0
43218.0,1.16162002,2.0
43246.0,1.16162002,2.0
43251.0,1.16162002,1.0
43252.0,1.16162002,2.0
43254.0,1.16162002,1.0
43297.0,1.16162002,1.0
43300.0,1.16162002,2.0
43303.0,1.16162002,1.0
43305.0,1.16162002,2.0
43341.0,1.16162002,2.0
43345.0,1.16162002,2.0
43363.0,1.16162002,1.0
43376.0,1.16162002,3.0
43392.0,1.16162002,1.0
43410.0,1.16162002,2.0
43411.0,1.16162002,2.0
43414.0,1.16162002,1.0
43426.0,1.16162002,1.0
43454.0,1.16162002,3.0
43459.0,1.16162002,2.0
43461.0,1.16162002,2.0
43474.0,1.16162002,2.0
43493.0,1.16162002,1.0
43495.0,1.16162002,1.0
43501.0,1.16162002,1.0
43512.0,1.16162002,1.0
43517.0,1.16162002,1.0
43529.0,1.16162002,1.0
43530.0,1.16162002,3.0
43544.0,1.16162002,3.0
43550.0,1.16162002,1.0
43568.0,1.16162002,1.0
43577.0,1.16162002,2.0
43588.0,1.16162002,2.0
43644.0,1.16162002,1.0
43655.0,1.16162002,2.0
43660.0,1.16162002,1.0
43671.0,1.16162002,2.0
43682.0,1.16162002,2.0
43711.0,1.16162002,2.0
43717.0,1.16162002,2.0
43745.0,1.16162002,1.0
43771.0,1.16162002,2.0
43775.0,1.16162002,1.0
43777.0,1.16162002,2.0
43809.0,1.16162002,1.0
43813.0,1.16162002,1.0
43850.0,1.16162002,1.0
43857.0,1.16162002,1.0
43936.0,1.16162002,3.0
43944.0,1.16162002,2.0
43972.0,1.16162002,2.0
43977.0,1.16162002,2.0
43984.0,1.16162002,3.0
43994.0,1.16162002,1.0
43995.0,1.16162002,2.0
43996.0,1.16162002,1.0
44004.0,1.16162002,3.0
44025.0,1.16162002,3.0
44028.0,1.16162002,5.0
44034.0,1.16162002,3.0
44038.0,1.16162002,2.0
44043.0,1.16162002,2.0
44045.0,1.16162002,1.0
44059.0,1.16162002,1.0
44096.0,1.16162002,2.0
44103.0,1.16162002,3.0
44130.0,1.16162002,1.0
44135.0,1.16162002,1.0
44165.0,1.16162002,3.0
44171.0,1.16162002,4.0
44184.0,1.16162002,2.0
44192.0,1.16162002,2.0
44203.0,1.16162002,2.0
44211.0,1.16162002,2.0
44237.0,1.16162002,2.0
44251.0,1.16162002,1.0
44262.0,1.16162002,2.0
44264.0,1.16162002,1.0
44281.0,1.16162002,3.0
44285.0,1.16162002,2.0
44294.0,1.16162002,2.0
44308.0,1.16162002,1.0
44312.0,1.16162002,2.0
44337.0,1.16162002,1.0
44344.0,1.16162002,2.0
44348.0,1.16162002,1.0
44349.0,1.16162002,1.0
44352.0,1.16162002,1.0
44362.0,1.16162002,2.0
44364.0,1.16162002,2.0
44407.0,1.16162002,1.0
44408.0,1.16162002,1.0
44424.0,1.16162002,1.0
44430.0,1.16162002,2.0
44431.0,1.16162002,1.0
44432.0,1.16162002,1.0
44437.0,1.16162002,1.0
44455.0,1.16162002,2.0
44476.0,1.16162002,2.0
44518.0,1.16162002,1.0
44522.0,1.16162002,2.0
44546.0,1.16162002,1.0
44549.0,1.16162002,2.0
44572.0,1.16162002,2.0
44579.0,1.16162002,1.0
44614.0,1.16162002,2.0
44615.0,1.16162002,1.0
44616.0,1.16162002,1.0
44640.0,1.16162002,2.0
44654.0,1.16162002,1.0
44691.0,1.16162002,2.0
44701.0,1.16162002,2.0
44704.0,1.16162002,1.0
44721.0,1.16162002,2.0
44727.0,1.16162002,2.0
44737.0,1.16162002,3.0
44739.0,1.16162002,1.0
44741.0,1.16162002,2.0
44780.0,1.16162002,2.0
44802.0,1.16162002,1.0
44822.0,1.16162002,1.0
44831.0,1.16162002,2.0
44866.0,1.16162002,3.0
44890.0,1.16162002,2.0
44906.0,1.16162002,1.0
44909.0,1.16162002,2.0
44917.0,1.16162002,2.0
44928.0,1.16162002,1.0
44966.0,1.16162002,1.0
44975.0,1.16162002,2.0
44977.0,1.16162002,1.0
44990.0,1.16162002,1.0
45005.0,1.16162002,1.0
45030.0,1.16162002,1.0
45043.0,1.16162002,2.0
45044.0,1.16162002,2.0
45050.0,1.16162002,1.0
45051.0,1.16162002,1.0
45059.0,1.16162002,3.0
45088.0,1.16162002,1.0
45101.0,1.16162002,2.0
45121.0,1.16162002,3.0
45146.0,1.16162002,1.0
45157.0,1.16162002,1.0
45159.0,1.16162002,1.0
45191.0,1.16162002,1.0
45204.0,1.16162002,1.0
45212.0,1.16162002,2.0
45223.0,1.16162002,2.0
45253.0,1.16162002,2.0
45278.0,1.16162002,2.0
45304.0,1.16162002,2.0
45318.0,1.16162002,2.0
45328.0,1.16162002,1.0
45344.0,1.16162002,2.0
45353.0,1.16162002,1.0
45354.0,1.16162002,2.0
45357.0,1.16162002,2.0
45390.0,1.16162002,1.0
45401.0,1.16162002,2.0
45429.0,1.16162002,2.0
45446.0,1.16162002,2.0
45450.0,1.16162002,1.0
45451.0,1.16162002,1.0
45465.0,1.16162002,1.0
45470.0,1.16162002,2.0
45474.0,1.16162002,1.0
45488.0,1.16162002,3.0
45503.0,1.16162002,1.0
45534.0,1.16162002,1.0
45540.0,1.16162002,2.0
45543.0,1.16162002,1.0
45548.0,1.16162002,1.0
45549.0,1.16162002,1.0
45555.0,1.16162002,1.0
45596.0,1.16162002,1.0
45608.0,1.16162002,1.0
45621.0,1.16162002,1.0
45626.0,1.16162002,2.0
45639.0,1.16162002,1.0
45642.0,1.16162002,2.0
45652.0,1.16162002,2.0
45672.0,1.16162002,2.0
45728.0,1.16162002,1.0
45747.0,1.16162002,1.0
45756.0,1.16162002,2.0
45767.0,1.16162002,2.0
45773.0,1.16162002,1.0
45803.0,1.16162002,1.0
45805.0,1.16162002,2.0
45815.0,1.16162002,1.0
45818.0,1.16162002,1.0
45844.0,1.16162002,2.0
45856.0,1.16162002,1.0
45866.0,1.16162002,2.0
45893.0,1.16162002,2.0
45895.0,1.16162002,2.0
45936.0,1.16162002,1.0
45945.0,1.16162002,1.0
45950.0,1.16162002,2.0
45965.0,1.16162002,2.0
45969.0,1.16162002,2.0
45989.0,1.16162002,1.0
46046.0,1.16162002,1.0
46048.0,1.16162002,2.0
46059.0,1.16162002,1.0
46113.0,1.16162002,1.0
46118.0,1.16162002,2.0
46125.0,1.16162002,2.0
46162.0,1.16162002,3.0
46180.0,1.16162002,1.0
46199.0,1.16162002,3.0
46227.0,1.16162002,3.0
46241.0,1.16162002,2.0
46248.0,1.16162002,1.0
46266.0,1.16162002,2.0
46270.0,1.16162002,1.0
46276.0,1.16162002,3.0
46295.0,1.16162002,2.0
46308.0,1.16162002,1.0
46322.0,1.16162002,1.0
46326.0,1.16162002,1.0
46337.0,1.16162002,3.0
46347.0,1.16162002,2.0
46410.0,1.16162002,1.0
46436.0,1.16162002,3.0
46483.0,1.16162002,2.0
46519.0,1.16162002,2.0
46520.0,1.16162002,2.0
46539.0,1.16162002,1.0
46540.0,1.16162002,1.0
46556.0,1.16162002,2.0
46573.0,1.16162002,2.0
46574.0,1.16162002,1.0
46590.0,1.16162002,1.0
46602.0,1.16162002,1.0
46634.0,1.16162002,1.0
46636.0,1.16162002,2.0
46648.0,1.16162002,1.0
46650.0,1.16162002,1.0
46686.0,1.16162002,1.0
46707.0,1.16162002,1.0
46747.0,1.16162002,2.0
46767.0,1.16162002,1.0
46793.0,1.16162002,2.0
46818.0,1.16162002,2.0
46820.0,1.16162002,2.0
46840.0,1.16162002,1.0
46888.0,1.16162002,2.0
46909.0,1.16162002,2.0
46913.0,1.16162002,2.0
46928.0,1.16162002,2.0
46949.0,1.16162002,2.0
46967.0,1.16162002,1.0
46969.0,1.16162002,3.0
46970.0,1.16162002,1.0
46973.0,1.16162002,1.0
46986.0,1.16162002,3.0
47050.0,1.16162002,1.0
47080.0,1.16162002,1.0
47083.0,1.16162002,1.0
47126.0,1.16162002,1.0
47148.0,1.16162002,2.0
47170.0,1.16162002,1.0
47177.0,1.16162002,1.0
47187.0,1.16162002,1.0
47197.0,1.16162002,2.0
47226.0,1.16162002,2.0
47255.0,1.16162002,1.0
47273.0,1.16162002,2.0
47276.0,1.16162002,3.0
47286.0,1.16162002,1.0
47298.0,1.16162002,2.0
47300.0,1.16162002,2.0
47305.0,1.16162002,2.0
47308.0,1.16162002,1.0
47322.0,1.16162002,1.0
47341.0,1.16162002,2.0
47357.0,1.16162002,1.0
47364.0,1.16162002,1.0
47369.0,1.16162002,2.0
47406.0,1.16162002,1.0
47427.0,1.16162002,1.0
47434.0,1.16162002,1.0
47453.0,1.16162002,1.0
47466.0,1.16162002,3.0
47471.0,1.16162002,1.0
47482.0,1.16162002,1.0
47514.0,1.16162002,3.0
47520.0,1.16162002,3.0
47525.0,1.16162002,2.0
47537.0,1.16162002,1.0
47558.0,1.16162002,1.0
47563.0,1.16162002,2.0
47612.0,1.16162002,1.0
47616.0,1.16162002,2.0
47620.0,1.16162002,1.0
47624.0,1.16162002,1.0
47626.0,1.16162002,2.0
47636.0,1.16162002,2.0
47642.0,1.16162002,2.0
47659.0,1.16162002,1.0
47694.0,1.16162002,2.0
47699.0,1.16162002,1.0
47701.0,1.16162002,1.0
47706.0,1.16162002,2.0
47711.0,1.16162002,2.0
47721.0,1.16162002,2.0
47728.0,1.16162002,1.0
47761.0,1.16162002,1.0
47765.0,1.16162002,2.0
47817.0,1.16162002,1.0
47829.0,1.16162002,2.0
47834.0,1.16162002,1.0
47847.0,1.16162002,4.0
47852.0,1.16162002,2.0
47877.0,1.16162002,1.0
47878.0,1.16162002,2.0
47879.0,1.16162002,2.0
47917.0,1.16162002,2.0
47941.0,1.16162002,3.0
47948.0,1.16162002,1.0
47991.0,1.16162002,1.0
48008.0,1.16162002,1.0
48026.0,1.16162002,1.0
48031.0,1.16162002,2.0
48041.0,1.16162002,2.0
48050.0,1.16162002,2.0
48055.0,1.16162002,3.0
48080.0,1.16162002,1.0
48082.0,1.16162002,2.0
48086.0,1.16162002,1.0
48117.0,1.16162002,2.0
48146.0,1.16162002,2.0
48171.0,1.16162002,3.0
48177.0,1.16162002,2.0
48188.0,1.16162002,1.0
48189.0,1.16162002,2.0
48205.0,1.16162002,1.0
48207.0,1.16162002,1.0
48233.0,1.16162002,3.0
48234.0,1.16162002,2.0
48259.0,1.16162002,2.0
48276.0,1.16162002,2.0
48304.0,1.16162002,2.0
48307.0,1.16162002,2.0
48322.0,1.16162002,2.0
48333.0,1.16162002,2.0
48356.0,1.16162002,4.0
48366.0,1.16162002,2.0
48405.0,1.16162002,2.0
48453.0,1.16162002,2.0
48462.0,1.16162002,1.0
48469.0,1.16162002,2.0
48493.0,1.16162002,1.0
48499.0,1.16162002,1.0
48513.0,1.16162002,2.0
48519.0,1.16162002,2.0
48678.0,1.16162002,2.0
48679.0,1.16162002,1.0
48686.0,1.16162002,1.0
48691.0,1.16162002,1.0
48703.0,1.16162002,2.0
48718.0,1.16162002,2.0
48725.0,1.16162002,2.0
48732.0,1.16162002,1.0
48752.0,1.16162002,1.0
48777.0,1.16162002,2.0
48783.0,1.16162002,1.0
48795.0,1.16162002,2.0
48805.0,1.16162002,2.0
48814.0,1.16162002,1.0
48820.0,1.16162002,1.0
48829.0,1.16162002,1.0
48833.0,1.16162002,2.0
48841.0,1.16162002,1.0
48857.0,1.16162002,2.0
48869.0,1.16162002,2.0
48872.0,1.16162002,2.0
48879.0,1.16162002,2.0
48921.0,1.16162002,2.0
48936.0,1.16162002,1.0
48972.0,1.16162002,1.0
49015.0,1.16162002,1.0
49026.0,1.16162002,1.0
49039.0,1.16162002,1.0
49043.0,1.16162002,3.0
49050.0,1.16162002,1.0
49054.0,1.16162002,2.0
49059.0,1.16162002,2.0
49068.0,1.16162002,3.0
49092.0,1.16162002,1.0
49096.0,1.16162002,3.0
49133.0,1.16162002,1.0
49151.0,1.16162002,3.0
49154.0,1.16162002,1.0
49160.0,1.16162002,3.0
49185.0,1.16162002,2.0
49202.0,1.16162002,1.0
49215.0,1.16162002,3.0
49220.0,1.16162002,1.0
49253.0,1.16162002,2.0
49270.0,1.16162002,1.0
49295.0,1.16162002,3.0
49298.0,1.16162002,1.0
49320.0,1.16162002,2.0
49321.0,1.16162002,2.0
49353.0,1.16162002,1.0
49381.0,1.16162002,2.0
49387.0,1.16162002,2.0
49406.0,1.16162002,2.0
49434.0,1.16162002,2.0
49440.0,1.16162002,1.0
49447.0,1.16162002,1.0
49477.0,1.16162002,1.0
49510.0,1.16162002,3.0
49533.0,1.16162002,2.0
49547.0,1.16162002,1.0
49549.0,1.16162002,1.0
49550.0,1.16162002,1.0
49556.0,1.16162002,2.0
49586.0,1.16162002,2.0
49591.0,1.16162002,2.0
49622.0,1.16162002,1.0
49626.0,1.16162002,1.0
49628.0,1.16162002,1.0
49658.0,1.16162002,2.0
49661.0,1.16162002,2.0
49682.0,1.16162002,1.0
49684.0,1.16162002,1.0
49723.0,1.16162002,2.0
49754.0,1.16162002,1.0
49824.0,1.16162002,1.0
49826.0,1.16162002,3.0
49828.0,1.16162002,2.0
49829.0,1.16162002,2.0
49841.0,1.16162002,1.0
49847.0,1.16162002,1.0
49857.0,1.16162002,3.0
49891.0,1.16162002,3.0
49917.0,1.16162002,1.0
49919.0,1.16162002,2.0
49929.0,1.16162002,1.0
49932.0,1.16162002,2.0
49944.0,1.16162002,1.0
49981.0,1.16162002,1.0
40029.0,1.16162002,1.0
40103.0,1.16162002,1.0
40139.0,1.16162002,1.0
40424.0,1.16162002,1.0
40566.0,1.16162002,1.0
40568.0,1.16162002,1.0
40862.0,1.16162002,1.0
40912.0,1.16162002,1.0
40924.0,1.16162002,1.0
41023.0,1.16162002,1.0
41132.0,1.16162002,1.0
41381.0,1.16162002,1.0
41536.0,1.16162002,1.0
41677.0,1.16162002,1.0
41683.0,1.16162002,1.0
41817.0,1.16162002,1.0
41867.0,1.16162002,1.0
41936.0,1.16162002,1.0
42044.0,1.16162002,1.0
42071.0,1.16162002,1.0
42243.0,1.16162002,1.0
42597.0,1.16162002,1.0
42629.0,1.16162002,1.0
42890.0,1.16162002,1.0
43056.0,1.16162002,1.0
43124.0,1.16162002,1.0
43159.0,1.16162002,1.0
43319.0,1.16162002,1.0
43436.0,1.16162002,1.0
43490.0,1.16162002,1.0
43527.0,1.16162002,1.0
43753.0,1.16162002,1.0
43767.0,1.16162002,1.0
44010.0,1.16162002,1.0
44140.0,1.16162002,1.0
44187.0,1.16162002,1.0
44288.0,1.16162002,1.0
44412.0,1.16162002,1.0
44472.0,1.16162002,1.0
44561.0,1.16162002,1.0
44685.0,1.16162002,1.0
44833.0,1.16162002,1.0
44858.0,1.16162002,1.0
44903.0,1.16162002,1.0
44996.0,1.16162002,1.0
45122.0,1.16162002,1.0
45260.0,1.16162002,1.0
45327.0,1.16162002,1.0
45448.0,1.16162002,1.0
45532.0,1.16162002,1.0
45627.0,1.16162002,1.0
45785.0,1.16162002,1.0
45835.0,1.16162002,1.0
45951.0,1.16162002,1.0
45955.0,1.16162002,1.0
45986.0,1.16162002,1.0
46071.0,1.16162002,1.0
46109.0,1.16162002,1.0
46142.0,1.16162002,1.0
46197.0,1.16162002,1.0
46225.0,1.16162002,1.0
46333.0,1.16162002,1.0
46463.0,1.16162002,1.0
46485.0,1.16162002,1.0
46576.0,1.16162002,1.0
46837.0,1.16162002,1.0
46850.0,1.16162002,1.0
47358.0,1.16162002,1.0
47363.0,1.16162002,1.0
47428.0,1.16162002,1.0
47681.0,1.16162002,1.0
47682.0,1.16162002,1.0
47750.0,1.16162002,1.0
48053.0,1.16162002,1.0
48392.0,1.16162002,1.0
48431.0,1.16162002,1.0
48580.0,1.16162002,1.0
48591.0,1.16162002,1.0
48647.0,1.16162002,1.0
48846.0,1.16162002,1.0
49137.0,1.16162002,1.0
49234.0,1.16162002,1.0
49842.0,1.16162002,1.0
41816.0,1.16162002,1.0
43615.0,1.16162002,1.0
40040.0,1.16162002,1.0
40585.0,1.16162002,1.0
40756.0,1.16162002,1.0
40783.0,1.16162002,1.0
40849.0,1.16162002,1.0
41179.0,1.16162002,1.0
42372.0,1.16162002,1.0
42403.0,1.16162002,1.0
42414.0,1.16162002,1.0
42829.0,1.16162002,1.0
43027.0,1.16162002,1.0
43290.0,1.16162002,1.0
43302.0,1.16162002,1.0
43340.0,1.16162002,1.0
43653.0,1.16162002,1.0
44138.0,1.16162002,1.0
44345.0,1.16162002,1.0
44508.0,1.16162002,1.0
44543.0,1.16162002,1.0
45105.0,1.16162002,1.0
45314.0,1.16162002,1.0
45636.0,1.16162002,1.0
45698.0,1.16162002,1.0
45749.0,1.16162002,1.0
46009.0,1.16162002,1.0
46062.0,1.16162002,1.0
46101.0,1.16162002,1.0
46205.0,1.16162002,1.0
46388.0,1.16162002,1.0
46446.0,1.16162002,1.0
46450.0,1.16162002,1.0
46790.0,1.16162002,1.0
47089.0,1.16162002,1.0
47145.0,1.16162002,1.0
47150.0,1.16162002,1.0
47210.0,1.16162002,1.0
47773.0,1.16162002,1.0
47943.0,1.16162002,1.0
47990.0,1.16162002,1.0
48062.0,1.16162002,1.0
48230.0,1.16162002,1.0
48623.0,1.16162002,1.0
49681.0,1.16162002,1.0
50005.0,1.20202005,1.0
50024.0,1.20202005,3.0
50027.0,1.20202005,1.0
50036.0,1.20202005,1.0
50063.0,1.20202005,1.0
50064.0,1.20202005,1.0
50070.0,1.20202005,2.0
50080.0,1.20202005,1.0
50085.0,1.20202005,2.0
50106.0,1.20202005,1.0
50109.0,1.20202005,1.0
50123.0,1.20202005,3.0
50199.0,1.20202005,1.0
50207.0,1.20202005,1.0
50210.0,1.20202005,1.0
50235.0,1.20202005,1.0
50254.0,1.20202005,1.0
50268.0,1.20202005,1.0
50291.0,1.20202005,1.0
50316.0,1.20202005,1.0
50327.0,1.20202005,1.0
50334.0,1.20202005,1.0
50365.0,1.20202005,1.0
50366.0,1.20202005,1.0
50367.0,1.20202005,1.0
50373.0,1.20202005,1.0
50383.0,1.20202005,1.0
50389.0,1.20202005,1.0
50400.0,1.20202005,1.0
50438.0,1.20202005,1.0
50439.0,1.20202005,1.0
50461.0,1.20202005,1.0
50508.0,1.20202005,1.0
50515.0,1.20202005,1.0
50525.0,1.20202005,1.0
50543.0,1.20202005,1.0
50551.0,1.20202005,2.0
50585.0,1.20202005,2.0
50604.0,1.20202005,1.0
50620.0,1.20202005,3.0
50634.0,1.20202005,1.0
50642.0,1.20202005,2.0
50665.0,1.20202005,1.0
50681.0,1.20202005,1.0
50683.0,1.20202005,1.0
50690.0,1.20202005,1.0
50702.0,1.20202005,2.0
50727.0,1.20202005,1.0
50730.0,1.20202005,1.0
50737.0,1.20202005,2.0
50754.0,1.20202005,2.0
50756.0,1.20202005,1.0
50788.0,1.20202005,1.0
50841.0,1.20202005,3.0
50846.0,1.20202005,1.0
50866.0,1.20202005,1.0
50870.0,1.20202005,1.0
50871.0,1.20202005,1.0
50876.0,1.20202005,1.0
50889.0,1.20202005,1.0
50904.0,1.20202005,1.0
50906.0,1.20202005,1.0
50914.0,1.20202005,3.0
50973.0,1.20202005,2.0
50976.0,1.20202005,1.0
50997.0,1.20202005,1.0
51000.0,1.20202005,1.0
51008.0,1.20202005,1.0
51023.0,1.20202005,1.0
51041.0,1.20202005,2.0
51046.0,1.20202005,2.0
51048.0,1.20202005,1.0
51078.0,1.20202005,2.0
51103.0,1.20202005,1.0
51108.0,1.20202005,1.0
51118.0,1.20202005,1.0
51124.0,1.20202005,2.0
51147.0,1.20202005,1.0
51158.0,1.20202005,1.0
51179.0,1.20202005,1.0
51200.0,1.20202005,1.0
51203.0,1.20202005,1.0
51206.0,1.20202005,1.0
51238.0,1.20202005,1.0
51266.0,1.20202005,2.0
51285.0,1.20202005,1.0
51286.0,1.20202005,1.0
51316.0,1.20202005,2.0
51354.0,1.20202005,1.0
51390.0,1.20202005,1.0
51396.0,1.20202005,3.0
51416.0,1.20202005,1.0
51427.0,1.20202005,1.0
51448.0,1.20202005,1.0
51454.0,1.20202005,1.0
51479.0,1.20202005,2.0
51494.0,1.20202005,1.0
51512.0,1.20202005,1.0
51535.0,1.20202005,1.0
51537.0,1.20202005,2.0
51546.0,1.20202005,1.0
51563.0,1.20202005,2.0
51568.0,1.20202005,1.0
51580.0,1.20202005,2.0
51585.0,1.20202005,1.0
51600.0,1.20202005,1.0
51603.0,1.20202005,1.0
51629.0,1.20202005,1.0
51645.0,1.20202005,1.0
51687.0,1.20202005,1.0
51720.0,1.20202005,1.0
51730.0,1.20202005,2.0
51741.0,1.20202005,1.0
51756.0,1.20202005,1.0
51777.0,1.20202005,2.0
51811.0,1.20202005,1.0
51824.0,1.20202005,3.0
51826.0,1.20202005,1.0
51867.0,1.20202005,1.0
51906.0,1.20202005,1.0
51908.0,1.20202005,1.0
51921.0,1.20202005,1.0
51957.0,1.20202005,1.0
51964.0,1.20202005,1.0
51982.0,1.20202005,1.0
51983.0,1.20202005,1.0
51997.0,1.20202005,1.0
52029.0,1.20202005,1.0
52031.0,1.20202005,1.0
52043.0,1.20202005,1.0
52075.0,1.20202005,1.0
52089.0,1.20202005,2.0
52094.0,1.20202005,1.0
52111.0,1.20202005,1.0
52123.0,1.20202005,1.0
52150.0,1.20202005,2.0
52177.0,1.20202005,1.0
52187.0,1.20202005,1.0
52192.0,1.20202005,1.0
52216.0,1.20202005,1.0
52273.0,1.20202005,1.0
52303.0,1.20202005,2.0
52312.0,1.20202005,1.0
52318.0,1.20202005,1.0
52331.0,1.20202005,1.0
52339.0,1.20202005,2.0
52343.0,1.20202005,1.0
52352.0,1.20202005,2.0
52354.0,1.20202005,3.0
52355.0,1.20202005,1.0
52376.0,1.20202005,1.0
52389.0,1.20202005,2.0
52401.0,1.20202005,1.0
52403.0,1.20202005,1.0
52404.0,1.20202005,1.0
52414.0,1.20202005,1.0
52434.0,1.20202005,1.0
52461.0,1.20202005,3.0
52483.0,1.20202005,1.0
52503.0,1.20202005,1.0
52511.0,1.20202005,2.0
52557.0,1.20202005,1.0
52561.0,1.20202005,1.0
52633.0,1.20202005,2.0
52634.0,1.20202005,1.0
52702.0,1.20202005,1.0
52726.0,1.20202005,1.0
52764.0,1.20202005,2.0
52766.0,1.20202005,1.0
52786.0,1.20202005,1.0
52818.0,1.20202005,2.0
52819.0,1.20202005,1.0
52820.0,1.20202005,1.0
52830.0,1.20202005,1.0
52837.0,1.20202005,2.0
52861.0,1.20202005,1.0
52871.0,1.20202005,1.0
52872.0,1.20202005,2.0
52878.0,1.20202005,1.0
52892.0,1.20202005,1.0
52894.0,1.20202005,1.0
52949.0,1.20202005,2.0
52978.0,1.20202005,1.0
53005.0,1.20202005,1.0
53019.0,1.20202005,1.0
53027.0,1.20202005,1.0
53038.0,1.20202005,1.0
53048.0,1.20202005,1.0
53063.0,1.20202005,1.0
53071.0,1.20202005,1.0
53081.0,1.20202005,1.0
53088.0,1.20202005,1.0
53089.0,1.20202005,1.0
53093.0,1.20202005,1.0
53106.0,1.20202005,1.0
53108.0,1.20202005,1.0
53110.0,1.20202005,1.0
53147.0,1.20202005,2.0
53162.0,1.20202005,1.0
53203.0,1.20202005,1.0
53205.0,1.20202005,1.0
53213.0,1.20202005,1.0
53218.0,1.20202005,1.0
53240.0,1.20202005,1.0
53246.0,1.20202005,2.0
53251.0,1.20202005,3.0
53252.0,1.20202005,2.0
53254.0,1.20202005,1.0
53271.0,1.20202005,1.0
53287.0,1.20202005,1.0
53297.0,1.20202005,1.0
53300.0,1.20202005,1.0
53302.0,1.20202005,3.0
53303.0,1.20202005,1.0
53310.0,1.20202005,1.0
53314.0,1.20202005,1.0
53341.0,1.20202005,1.0
53363.0,1.20202005,2.0
53388.0,1.20202005,1.0
53392.0,1.20202005,1.0
53414.0,1.20202005,1.0
53426.0,1.20202005,1.0
53454.0,1.20202005,2.0
53459.0,1.20202005,1.0
53474.0,1.20202005,1.0
53493.0,1.20202005,1.0
53512.0,1.20202005,1.0
53514.0,1.20202005,2.0
53517.0,1.20202005,2.0
53529.0,1.20202005,2.0
53530.0,1.20202005,1.0
53550.0,1.20202005,2.0
53566.0,1.20202005,2.0
53568.0,1.20202005,2.0
53577.0,1.20202005,1.0
53626.0,1.20202005,1.0
53644.0,1.20202005,2.0
53655.0,1.20202005,1.0
53660.0,1.20202005,1.0
53672.0,1.20202005,1.0
53682.0,1.20202005,2.0
53686.0,1.20202005,1.0
53697.0,1.20202005,1.0
53711.0,1.20202005,2.0
53721.0,1.20202005,1.0
53745.0,1.20202005,1.0
53771.0,1.20202005,1.0
53775.0,1.20202005,1.0
53777.0,1.20202005,1.0
53813.0,1.20202005,2.0
53818.0,1.20202005,1.0
53827.0,1.20202005,1.0
53850.0,1.20202005,1.0
53857.0,1.20202005,2.0
53881.0,1.20202005,1.0
53889.0,1.20202005,2.0
53972.0,1.20202005,2.0
53984.0,1.20202005,1.0
53985.0,1.20202005,1.0
53987.0,1.20202005,1.0
53994.0,1.20202005,1.0
53996.0,1.20202005,2.0
54001.0,1.20202005,2.0
54045.0,1.20202005,2.0
54047.0,1.20202005,1.0
54100.0,1.20202005,1.0
54107.0,1.20202005,1.0
54130.0,1.20202005,1.0
54135.0,1.20202005,2.0
54138.0,1.20202005,1.0
54139.0,1.20202005,1.0
54173.0,1.20202005,1.0
54187.0,1.20202005,1.0
54192.0,1.20202005,1.0
54203.0,1.20202005,2.0
54232.0,1.20202005,1.0
54237.0,1.20202005,1.0
54255.0,1.20202005,2.0
54264.0,1.20202005,1.0
54281.0,1.20202005,3.0
54285.0,1.20202005,1.0
54288.0,1.20202005,1.0
54294.0,1.20202005,2.0
54312.0,1.20202005,1.0
54318.0,1.20202005,1.0
54337.0,1.20202005,1.0
54344.0,1.20202005,2.0
54349.0,1.20202005,1.0
54352.0,1.20202005,2.0
54362.0,1.20202005,2.0
54376.0,1.20202005,1.0
54408.0,1.20202005,2.0
54421.0,1.20202005,1.0
54424.0,1.20202005,1.0
54430.0,1.20202005,1.0
54455.0,1.20202005,1.0
54472.0,1.20202005,1.0
54509.0,1.20202005,1.0
54521.0,1.20202005,1.0
54522.0,1.20202005,1.0
54543.0,1.20202005,1.0
54572.0,1.20202005,1.0
54579.0,1.20202005,1.0
54614.0,1.20202005,1.0
54615.0,1.20202005,1.0
54616.0,1.20202005,1.0
54640.0,1.20202005,2.0
54654.0,1.20202005,2.0
54675.0,1.20202005,1.0
54691.0,1.20202005,1.0
54704.0,1.20202005,1.0
54727.0,1.20202005,1.0
54737.0,1.20202005,2.0
54739.0,1.20202005,2.0
54758.0,1.20202005,1.0
54780.0,1.20202005,1.0
54784.0,1.20202005,1.0
54802.0,1.20202005,1.0
54811.0,1.20202005,1.0
54866.0,1.20202005,1.0
54890.0,1.20202005,1.0
54904.0,1.20202005,1.0
54917.0,1.20202005,1.0
54927.0,1.20202005,1.0
54928.0,1.20202005,1.0
54966.0,1.20202005,2.0
54975.0,1.20202005,1.0
54977.0,1.20202005,1.0
54990.0,1.20202005,2.0
55005.0,1.20202005,1.0
55022.0,1.20202005,3.0
55030.0,1.20202005,1.0
55043.0,1.20202005,1.0
55044.0,1.20202005,1.0
55050.0,1.20202005,1.0
55051.0,1.20202005,3.0
55074.0,1.20202005,1.0
55088.0,1.20202005,1.0
55105.0,1.20202005,1.0
55146.0,1.20202005,2.0
55159.0,1.20202005,2.0
55160.0,1.20202005,1.0
55191.0,1.20202005,4.0
55200.0,1.20202005,1.0
55204.0,1.20202005,1.0
55212.0,1.20202005,2.0
55235.0,1.20202005,1.0
55239.0,1.20202005,1.0
55253.0,1.20202005,2.0
55281.0,1.20202005,1.0
55287.0,1.20202005,1.0
55314.0,1.20202005,1.0
55327.0,1.20202005,1.0
55328.0,1.20202005,1.0
55344.0,1.20202005,1.0
55354.0,1.20202005,1.0
55379.0,1.20202005,1.0
55390.0,1.20202005,1.0
55401.0,1.20202005,1.0
55407.0,1.20202005,2.0
55410.0,1.20202005,1.0
55419.0,1.20202005,1.0
55446.0,1.20202005,1.0
55450.0,1.20202005,1.0
55465.0,1.20202005,1.0
55470.0,1.20202005,1.0
55474.0,1.20202005,2.0
55503.0,1.20202005,2.0
55534.0,1.20202005,1.0
55540.0,1.20202005,1.0
55542.0,1.20202005,1.0
55548.0,1.20202005,1.0
55549.0,1.20202005,1.0
55596.0,1.20202005,2.0
55608.0,1.20202005,1.0
55610.0,1.20202005,1.0
55621.0,1.20202005,1.0
55626.0,1.20202005,2.0
55636.0,1.20202005,1.0
55642.0,1.20202005,1.0
55652.0,1.20202005,1.0
55686.0,1.20202005,1.0
55698.0,1.20202005,1.0
55728.0,1.20202005,1.0
55747.0,1.20202005,3.0
55749.0,1.20202005,1.0
55756.0,1.20202005,1.0
55785.0,1.20202005,1.0
55805.0,1.20202005,1.0
55814.0,1.20202005,2.0
55815.0,1.20202005,2.0
55818.0,1.20202005,1.0
55866.0,1.20202005,1.0
55886.0,1.20202005,1.0
55895.0,1.20202005,1.0
55936.0,1.20202005,1.0
55941.0,1.20202005,1.0
55945.0,1.20202005,2.0
55950.0,1.20202005,1.0
55969.0,1.20202005,1.0
55989.0,1.20202005,2.0
56009.0,1.20202005,3.0
56046.0,1.20202005,1.0
56048.0,1.20202005,1.0
56059.0,1.20202005,1.0
56062.0,1.20202005,1.0
56095.0,1.20202005,2.0
56101.0,1.20202005,2.0
56118.0,1.20202005,1.0
56132.0,1.20202005,1.0
56166.0,1.20202005,1.0
56180.0,1.20202005,1.0
56241.0,1.20202005,1.0
56276.0,1.20202005,1.0
56322.0,1.20202005,2.0
56326.0,1.20202005,1.0
56334.0,1.20202005,1.0
56337.0,1.20202005,2.0
56344.0,1.20202005,1.0
56432.0,1.20202005,1.0
56446.0,1.20202005,1.0
56464.0,1.20202005,1.0
56465.0,1.20202005,1.0
56483.0,1.20202005,1.0
56539.0,1.20202005,1.0
56540.0,1.20202005,2.0
56551.0,1.20202005,1.0
56556.0,1.20202005,1.0
56573.0,1.20202005,2.0
56587.0,1.20202005,1.0
56590.0,1.20202005,1.0
56592.0,1.20202005,1.0
56613.0,1.20202005,1.0
56634.0,1.20202005,1.0
56650.0,1.20202005,1.0
56714.0,1.20202005,1.0
56767.0,1.20202005,1.0
56790.0,1.20202005,1.0
56813.0,1.20202005,1.0
56814.0,1.20202005,1.0
56840.0,1.20202005,1.0
56859.0,1.20202005,2.0
56860.0,1.20202005,1.0
56913.0,1.20202005,1.0
56935.0,1.20202005,1.0
56967.0,1.20202005,1.0
56970.0,1.20202005,1.0
56973.0,1.20202005,1.0
57029.0,1.20202005,1.0
57050.0,1.20202005,1.0
57080.0,1.20202005,1.0
57170.0,1.20202005,1.0
57187.0,1.20202005,2.0
57199.0,1.20202005,1.0
57210.0,1.20202005,1.0
57214.0,1.20202005,1.0
57226.0,1.20202005,1.0
57238.0,1.20202005,1.0
57255.0,1.20202005,1.0
57268.0,1.20202005,1.0
57273.0,1.20202005,1.0
57286.0,1.20202005,1.0
57308.0,1.20202005,2.0
57309.0,1.20202005,1.0
57322.0,1.20202005,1.0
57348.0,1.20202005,1.0
57349.0,1.20202005,2.0
57356.0,1.20202005,2.0
57357.0,1.20202005,1.0
57364.0,1.20202005,1.0
57385.0,1.20202005,1.0
57415.0,1.20202005,2.0
57426.0,1.20202005,1.0
57427.0,1.20202005,1.0
57434.0,1.20202005,1.0
57453.0,1.20202005,1.0
57471.0,1.20202005,2.0
57477.0,1.20202005,1.0
57482.0,1.20202005,1.0
57520.0,1.20202005,2.0
57535.0,1.20202005,1.0
57537.0,1.20202005,1.0
57558.0,1.20202005,1.0
57590.0,1.20202005,1.0
57612.0,1.20202005,1.0
57616.0,1.20202005,1.0
57624.0,1.20202005,1.0
57626.0,1.20202005,1.0
57636.0,1.20202005,1.0
57659.0,1.20202005,2.0
57694.0,1.20202005,1.0
57701.0,1.20202005,1.0
57706.0,1.20202005,1.0
57710.0,1.20202005,1.0
57711.0,1.20202005,2.0
57721.0,1.20202005,1.0
57737.0,1.20202005,1.0
57752.0,1.20202005,1.0
57761.0,1.20202005,2.0
57778.0,1.20202005,1.0
57817.0,1.20202005,1.0
57819.0,1.20202005,1.0
57829.0,1.20202005,1.0
57852.0,1.20202005,1.0
57877.0,1.20202005,2.0
57888.0,1.20202005,1.0
57892.0,1.20202005,1.0
57917.0,1.20202005,1.0
57923.0,1.20202005,1.0
57941.0,1.20202005,1.0
57948.0,1.20202005,1.0
57990.0,1.20202005,2.0
57991.0,1.20202005,1.0
57994.0,1.20202005,1.0
58005.0,1.20202005,1.0
58008.0,1.20202005,1.0
58025.0,1.20202005,2.0
58062.0,1.20202005,1.0
58080.0,1.20202005,2.0
58082.0,1.20202005,1.0
58086.0,1.20202005,1.0
58088.0,1.20202005,1.0
58123.0,1.20202005,1.0
58171.0,1.20202005,1.0
58177.0,1.20202005,1.0
58207.0,1.20202005,1.0
58228.0,1.20202005,1.0
58230.0,1.20202005,1.0
58233.0,1.20202005,1.0
58245.0,1.20202005,1.0
58259.0,1.20202005,2.0
58276.0,1.20202005,1.0
58277.0,1.20202005,1.0
58305.0,1.20202005,2.0
58307.0,1.20202005,1.0
58333.0,1.20202005,1.0
58334.0,1.20202005,1.0
58453.0,1.20202005,1.0
58461.0,1.20202005,1.0
58462.0,1.20202005,1.0
58467.0,1.20202005,1.0
58469.0,1.20202005,2.0
58473.0,1.20202005,1.0
58493.0,1.20202005,1.0
58499.0,1.20202005,3.0
58513.0,1.20202005,1.0
58535.0,1.20202005,1.0
58678.0,1.20202005,1.0
58679.0,1.20202005,1.0
58686.0,1.20202005,1.0
58691.0,1.20202005,1.0
58703.0,1.20202005,1.0
58725.0,1.20202005,1.0
58742.0,1.20202005,1.0
58752.0,1.20202005,2.0
58769.0,1.20202005,2.0
58783.0,1.20202005,1.0
58788.0,1.20202005,1.0
58794.0,1.20202005,1.0
58795.0,1.20202005,1.0
58805.0,1.20202005,1.0
58814.0,1.20202005,2.0
58829.0,1.20202005,1.0
58869.0,1.20202005,1.0
58898.0,1.20202005,1.0
58912.0,1.20202005,1.0
58921.0,1.20202005,1.0
58930.0,1.20202005,2.0
58933.0,1.20202005,1.0
58936.0,1.20202005,1.0
58972.0,1.20202005,2.0
58993.0,1.20202005,1.0
58994.0,1.20202005,1.0
59009.0,1.20202005,2.0
59015.0,1.20202005,2.0
59017.0,1.20202005,1.0
59026.0,1.20202005,1.0
59039.0,1.20202005,1.0
59082.0,1.20202005,1.0
59096.0,1.20202005,2.0
59130.0,1.20202005,2.0
59133.0,1.20202005,1.0
59151.0,1.20202005,1.0
59177.0,1.20202005,1.0
59185.0,1.20202005,1.0
59189.0,1.20202005,1.0
59200.0,1.20202005,1.0
59202.0,1.20202005,1.0
59206.0,1.20202005,2.0
59233.0,1.20202005,1.0
59241.0,1.20202005,1.0
59267.0,1.20202005,1.0
59270.0,1.20202005,2.0
59298.0,1.20202005,1.0
59321.0,1.20202005,1.0
59338.0,1.20202005,1.0
59353.0,1.20202005,1.0
59371.0,1.20202005,1.0
59381.0,1.20202005,1.0
59406.0,1.20202005,1.0
59408.0,1.20202005,1.0
59434.0,1.20202005,1.0
59440.0,1.20202005,2.0
59447.0,1.20202005,2.0
59477.0,1.20202005,2.0
59482.0,1.20202005,1.0
59550.0,1.20202005,1.0
59585.0,1.20202005,1.0
59586.0,1.20202005,1.0
59622.0,1.20202005,2.0
59626.0,1.20202005,2.0
59681.0,1.20202005,1.0
59682.0,1.20202005,1.0
59723.0,1.20202005,2.0
59730.0,1.20202005,1.0
59754.0,1.20202005,1.0
59828.0,1.20202005,1.0
59841.0,1.20202005,3.0
59847.0,1.20202005,1.0
59857.0,1.20202005,1.0
59919.0,1.20202005,1.0
59929.0,1.20202005,1.0
59944.0,1.20202005,2.0
59970.0,1.20202005,1.0
59981.0,1.20202005,1.0
50032.0,1.20202005,1.0
50250.0,1.20202005,1.0
50554.0,1.20202005,2.0
50592.0,1.20202005,1.0
50913.0,1.20202005,1.0
51156.0,1.20202005,1.0
51458.0,1.20202005,1.0
51938.0,1.20202005,1.0
51986.0,1.20202005,1.0
52026.0,1.20202005,1.0
52047.0,1.20202005,1.0
52078.0,1.20202005,2.0
52087.0,1.20202005,1.0
52173.0,1.20202005,1.0
52210.0,1.20202005,2.0
52239.0,1.20202005,1.0
52264.0,1.20202005,1.0
52568.0,1.20202005,2.0
52571.0,1.20202005,1.0
52624.0,1.20202005,1.0
52716.0,1.20202005,1.0
52736.0,1.20202005,1.0
52777.0,1.20202005,1.0
52825.0,1.20202005,1.0
53376.0,1.20202005,1.0
53411.0,1.20202005,1.0
53492.0,1.20202005,1.0
53936.0,1.20202005,1.0
54004.0,1.20202005,1.0
54096.0,1.20202005,1.0
54165.0,1.20202005,2.0
54253.0,1.20202005,2.0
54274.0,1.20202005,1.0
54431.0,1.20202005,2.0
54546.0,1.20202005,1.0
54603.0,1.20202005,1.0
54909.0,1.20202005,1.0
54936.0,1.20202005,1.0
55059.0,1.20202005,1.0
55278.0,1.20202005,1.0
55306.0,1.20202005,2.0
55357.0,1.20202005,2.0
55488.0,1.20202005,1.0
55543.0,1.20202005,1.0
55615.0,1.20202005,1.0
55856.0,1.20202005,1.0
56125.0,1.20202005,1.0
56172.0,1.20202005,1.0
56227.0,1.20202005,1.0
56295.0,1.20202005,2.0
56520.0,1.20202005,1.0
56986.0,1.20202005,1.0
57083.0,1.20202005,1.0
57150.0,1.20202005,3.0
57177.0,1.20202005,1.0
57189.0,1.20202005,3.0
57298.0,1.20202005,1.0
57341.0,1.20202005,1.0
57366.0,1.20202005,2.0
57406.0,1.20202005,1.0
57487.0,1.20202005,3.0
57565.0,1.20202005,2.0
57847.0,1.20202005,1.0
57859.0,1.20202005,3.0
57943.0,1.20202005,2.0
58031.0,1.20202005,1.0
58105.0,1.20202005,1.0
58352.0,1.20202005,1.0
58820.0,1.20202005,1.0
58841.0,1.20202005,1.0
58857.0,1.20202005,2.0
58897.0,1.20202005,1.0
59085.0,1.20202005,1.0
59295.0,1.20202005,1.0
59320.0,1.20202005,1.0
59510.0,1.20202005,1.0
59515.0,1.20202005,1.0
59747.0,1.20202005,2.0
53847.0,1.20202005,1.0
54433.0,1.20202005,1.0
54823.0,1.20202005,1.0
54839.0,1.20202005,1.0
57773.0,1.20202005,1.0
58223.0,1.20202005,1.0
58388.0,1.20202005,1.0
58885.0,1.20202005,1.0
60024.0,1.24241996,2.0
60036.0,1.24241996,2.0
60040.0,1.24241996,2.0
60062.0,1.24241996,1.0
60080.0,1.24241996,2.0
60107.0,1.24241996,2.0
60136.0,1.24241996,1.0
60199.0,1.24241996,3.0
60238.0,1.24241996,1.0
60316.0,1.24241996,2.0
60327.0,1.24241996,3.0
60366.0,1.24241996,1.0
60367.0,1.24241996,1.0
60400.0,1.24241996,1.0
60438.0,1.24241996,1.0
60508.0,1.24241996,4.0
60515.0,1.24241996,3.0
60543.0,1.24241996,1.0
60551.0,1.24241996,2.0
60554.0,1.24241996,3.0
60583.0,1.24241996,1.0
60620.0,1.24241996,2.0
60628.0,1.24241996,1.0
60653.0,1.24241996,1.0
60665.0,1.24241996,3.0
60673.0,1.24241996,1.0
60681.0,1.24241996,3.0
60702.0,1.24241996,1.0
60705.0,1.24241996,1.0
60725.0,1.24241996,1.0
60737.0,1.24241996,3.0
60754.0,1.24241996,2.0
60756.0,1.24241996,1.0
60783.0,1.24241996,1.0
60788.0,1.24241996,2.0
60841.0,1.24241996,2.0
60846.0,1.24241996,2.0
60849.0,1.24241996,1.0
60853.0,1.24241996,1.0
60866.0,1.24241996,1.0
60906.0,1.24241996,1.0
60918.0,1.24241996,1.0
60982.0,1.24241996,2.0
60997.0,1.24241996,4.0
60999.0,1.24241996,1.0
61031.0,1.24241996,1.0
61046.0,1.24241996,2.0
61078.0,1.24241996,3.0
61103.0,1.24241996,1.0
61118.0,1.24241996,1.0
61122.0,1.24241996,1.0
61151.0,1.24241996,2.0
61179.0,1.24241996,1.0
61202.0,1.24241996,3.0
61206.0,1.24241996,1.0
61212.0,1.24241996,1.0
61238.0,1.24241996,1.0
61247.0,1.24241996,1.0
61341.0,1.24241996,2.0
61416.0,1.24241996,1.0
61448.0,1.24241996,1.0
61453.0,1.24241996,1.0
61512.0,1.24241996,3.0
61563.0,1.24241996,4.0
61568.0,1.24241996,1.0
61572.0,1.24241996,3.0
61600.0,1.24241996,2.0
61623.0,1.24241996,1.0
61687.0,1.24241996,3.0
61695.0,1.24241996,3.0
61730.0,1.24241996,2.0
61756.0,1.24241996,1.0
61777.0,1.24241996,3.0
61790.0,1.24241996,2.0
61811.0,1.24241996,1.0
61824.0,1.24241996,1.0
61826.0,1.24241996,3.0
61905.0,1.24241996,1.0
61906.0,1.24241996,1.0
61920.0,1.24241996,1.0
61957.0,1.24241996,1.0
61964.0,1.24241996,3.0
61982.0,1.24241996,1.0
62029.0,1.24241996,1.0
62043.0,1.24241996,3.0
62047.0,1.24241996,3.0
62062.0,1.24241996,1.0
62089.0,1.24241996,1.0
62094.0,1.24241996,1.0
62150.0,1.24241996,3.0
62156.0,1.24241996,1.0
62192.0,1.24241996,1.0
62195.0,1.24241996,1.0
62269.0,1.24241996,1.0
62400.0,1.24241996,1.0
62401.0,1.24241996,1.0
62403.0,1.24241996,1.0
62413.0,1.24241996,2.0
62414.0,1.24241996,1.0
62434.0,1.24241996,1.0
62438.0,1.24241996,1.0
62453.0,1.24241996,1.0
62483.0,1.24241996,1.0
62503.0,1.24241996,1.0
62511.0,1.24241996,2.0
62571.0,1.24241996,1.0
62624.0,1.24241996,1.0
62634.0,1.24241996,3.0
62646.0,1.24241996,1.0
62716.0,1.24241996,2.0
62725.0,1.24241996,2.0
62738.0,1.24241996,1.0
62760.0,1.24241996,3.0
62818.0,1.24241996,2.0
62820.0,1.24241996,1.0
62825.0,1.24241996,2.0
62871.0,1.24241996,3.0
62878.0,1.24241996,1.0
62887.0,1.24241996,1.0
62949.0,1.24241996,2.0
63027.0,1.24241996,1.0
63038.0,1.24241996,1.0
63081.0,1.24241996,1.0
63085.0,1.24241996,1.0
63088.0,1.24241996,3.0
63093.0,1.24241996,3.0
63108.0,1.24241996,1.0
63110.0,1.24241996,3.0
63147.0,1.24241996,1.0
63162.0,1.24241996,1.0
63203.0,1.24241996,1.0
63205.0,1.24241996,3.0
63213.0,1.24241996,2.0
63220.0,1.24241996,1.0
63254.0,1.24241996,2.0
63302.0,1.24241996,1.0
63310.0,1.24241996,1.0
63341.0,1.24241996,4.0
63376.0,1.24241996,2.0
63392.0,1.24241996,1.0
63414.0,1.24241996,4.0
63454.0,1.24241996,2.0
63471.0,1.24241996,1.0
63493.0,1.24241996,2.0
63502.0,1.24241996,1.0
63512.0,1.24241996,4.0
63514.0,1.24241996,3.0
63554.0,1.24241996,1.0
63566.0,1.24241996,1.0
63628.0,1.24241996,1.0
63649.0,1.24241996,1.0
63653.0,1.24241996,1.0
63660.0,1.24241996,1.0
63672.0,1.24241996,1.0
63682.0,1.24241996,1.0
63686.0,1.24241996,1.0
63696.0,1.24241996,1.0
63697.0,1.24241996,1.0
63800.0,1.24241996,1.0
63818.0,1.24241996,3.0
63886.0,1.24241996,1.0
63889.0,1.24241996,1.0
63987.0,1.24241996,1.0
64023.0,1.24241996,1.0
64029.0,1.24241996,1.0
64126.0,1.24241996,1.0
64138.0,1.24241996,1.0
64184.0,1.24241996,1.0
64192.0,1.24241996,3.0
64232.0,1.24241996,1.0
64255.0,1.24241996,1.0
64258.0,1.24241996,1.0
64262.0,1.24241996,2.0
64264.0,1.24241996,3.0
64281.0,1.24241996,2.0
64337.0,1.24241996,1.0
64345.0,1.24241996,1.0
64348.0,1.24241996,2.0
64352.0,1.24241996,4.0
64364.0,1.24241996,2.0
64376.0,1.24241996,1.0
64421.0,1.24241996,1.0
64423.0,1.24241996,1.0
64424.0,1.24241996,2.0
64426.0,1.24241996,1.0
64433.0,1.24241996,1.0
64455.0,1.24241996,2.0
64508.0,1.24241996,1.0
64509.0,1.24241996,1.0
64543.0,1.24241996,1.0
64579.0,1.24241996,2.0
64590.0,1.24241996,1.0
64640.0,1.24241996,5.0
64642.0,1.24241996,1.0
64661.0,1.24241996,1.0
64694.0,1.24241996,1.0
64737.0,1.24241996,2.0
64758.0,1.24241996,1.0
64784.0,1.24241996,1.0
64823.0,1.24241996,1.0
64839.0,1.24241996,1.0
64841.0,1.24241996,1.0
64866.0,1.24241996,2.0
64928.0,1.24241996,2.0
64936.0,1.24241996,2.0
64966.0,1.24241996,2.0
64975.0,1.24241996,2.0
64983.0,1.24241996,1.0
65050.0,1.24241996,2.0
65053.0,1.24241996,1.0
65060.0,1.24241996,1.0
65068.0,1.24241996,1.0
65069.0,1.24241996,1.0
65105.0,1.24241996,1.0
65135.0,1.24241996,1.0
65159.0,1.24241996,3.0
65191.0,1.24241996,3.0
65204.0,1.24241996,1.0
65234.0,1.24241996,1.0
65235.0,1.24241996,1.0
65239.0,1.24241996,1.0
65253.0,1.24241996,2.0
65306.0,1.24241996,1.0
65353.0,1.24241996,3.0
65407.0,1.24241996,4.0
65410.0,1.24241996,1.0
65438.0,1.24241996,1.0
65446.0,1.24241996,3.0
65451.0,1.24241996,3.0
65453.0,1.24241996,1.0
65465.0,1.24241996,1.0
65488.0,1.24241996,2.0
65534.0,1.24241996,2.0
65549.0,1.24241996,3.0
65574.0,1.24241996,1.0
65596.0,1.24241996,2.0
65610.0,1.24241996,1.0
65636.0,1.24241996,1.0
65728.0,1.24241996,4.0
65749.0,1.24241996,1.0
65867.0,1.24241996,1.0
65886.0,1.24241996,1.0
65936.0,1.24241996,3.0
65945.0,1.24241996,2.0
65965.0,1.24241996,1.0
65973.0,1.24241996,1.0
65974.0,1.24241996,1.0
66013.0,1.24241996,1.0
66046.0,1.24241996,2.0
66062.0,1.24241996,1.0
66131.0,1.24241996,1.0
66166.0,1.24241996,2.0
66205.0,1.24241996,1.0
66224.0,1.24241996,2.0
66270.0,1.24241996,3.0
66295.0,1.24241996,2.0
66334.0,1.24241996,1.0
66344.0,1.24241996,3.0
66432.0,1.24241996,2.0
66446.0,1.24241996,1.0
66450.0,1.24241996,2.0
66465.0,1.24241996,1.0
66483.0,1.24241996,3.0
66516.0,1.24241996,1.0
66520.0,1.24241996,3.0
66525.0,1.24241996,1.0
66556.0,1.24241996,3.0
66592.0,1.24241996,1.0
66604.0,1.24241996,1.0
66613.0,1.24241996,1.0
66660.0,1.24241996,1.0
66713.0,1.24241996,1.0
66714.0,1.24241996,1.0
66748.0,1.24241996,1.0
66761.0,1.24241996,1.0
66767.0,1.24241996,2.0
66790.0,1.24241996,1.0
66813.0,1.24241996,1.0
66820.0,1.24241996,3.0
66875.0,1.24241996,1.0
66953.0,1.24241996,1.0
66973.0,1.24241996,2.0
66974.0,1.24241996,1.0
66986.0,1.24241996,3.0
67138.0,1.24241996,1.0
67145.0,1.24241996,1.0
67150.0,1.24241996,1.0
67158.0,1.24241996,1.0
67187.0,1.24241996,2.0
67214.0,1.24241996,1.0
67255.0,1.24241996,3.0
67264.0,1.24241996,1.0
67268.0,1.24241996,2.0
67273.0,1.24241996,3.0
67298.0,1.24241996,2.0
67336.0,1.24241996,1.0
67349.0,1.24241996,1.0
67385.0,1.24241996,1.0
67471.0,1.24241996,3.0
67477.0,1.24241996,1.0
67479.0,1.24241996,1.0
67487.0,1.24241996,1.0
67558.0,1.24241996,3.0
67616.0,1.24241996,4.0
67663.0,1.24241996,1.0
67667.0,1.24241996,1.0
67710.0,1.24241996,1.0
67711.0,1.24241996,2.0
67734.0,1.24241996,1.0
67752.0,1.24241996,3.0
67761.0,1.24241996,2.0
67773.0,1.24241996,1.0
67803.0,1.24241996,1.0
67819.0,1.24241996,1.0
67829.0,1.24241996,4.0
67840.0,1.24241996,1.0
67852.0,1.24241996,2.0
67877.0,1.24241996,4.0
67892.0,1.24241996,1.0
67903.0,1.24241996,1.0
67941.0,1.24241996,3.0
67948.0,1.24241996,2.0
67957.0,1.24241996,1.0
67990.0,1.24241996,1.0
67991.0,1.24241996,3.0
68025.0,1.24241996,1.0
68026.0,1.24241996,2.0
68031.0,1.24241996,3.0
68041.0,1.24241996,2.0
68052.0,1.24241996,1.0
68062.0,1.24241996,1.0
68088.0,1.24241996,3.0
68144.0,1.24241996,1.0
68171.0,1.24241996,3.0
68230.0,1.24241996,1.0
68233.0,1.24241996,3.0
68247.0,1.24241996,1.0
68254.0,1.24241996,1.0
68333.0,1.24241996,3.0
68461.0,1.24241996,1.0
68467.0,1.24241996,1.0
68469.0,1.24241996,2.0
68475.0,1.24241996,1.0
68493.0,1.24241996,2.0
68540.0,1.24241996,1.0
68623.0,1.24241996,1.0
68678.0,1.24241996,3.0
68691.0,1.24241996,3.0
68742.0,1.24241996,1.0
68814.0,1.24241996,3.0
68885.0,1.24241996,1.0
68897.0,1.24241996,3.0
68898.0,1.24241996,1.0
68994.0,1.24241996,1.0
69026.0,1.24241996,2.0
69133.0,1.24241996,1.0
69169.0,1.24241996,1.0
69189.0,1.24241996,1.0
69190.0,1.24241996,1.0
69218.0,1.24241996,1.0
69270.0,1.24241996,2.0
69298.0,1.24241996,3.0
69321.0,1.24241996,3.0
69371.0,1.24241996,1.0
69381.0,1.24241996,2.0
69406.0,1.24241996,3.0
69434.0,1.24241996,3.0
69447.0,1.24241996,3.0
69560.0,1.24241996,1.0
69562.0,1.24241996,1.0
69622.0,1.24241996,4.0
69658.0,1.24241996,2.0
69681.0,1.24241996,1.0
69730.0,1.24241996,1.0
69747.0,1.24241996,1.0
69754.0,1.24241996,3.0
69775.0,1.24241996,1.0
69776.0,1.24241996,1.0
69828.0,1.24241996,3.0
69891.0,1.24241996,3.0
69917.0,1.24241996,2.0
69944.0,1.24241996,2.0
69981.0,1.24241996,2.0
60027.0,1.24241996,2.0
60064.0,1.24241996,1.0
60070.0,1.24241996,1.0
60085.0,1.24241996,1.0
60106.0,1.24241996,2.0
60123.0,1.24241996,2.0
60126.0,1.24241996,1.0
60207.0,1.24241996,1.0
60250.0,1.24241996,1.0
60291.0,1.24241996,1.0
60334.0,1.24241996,1.0
60383.0,1.24241996,1.0
60389.0,1.24241996,1.0
60402.0,1.24241996,1.0
60461.0,1.24241996,1.0
60474.0,1.24241996,2.0
60505.0,1.24241996,1.0
60525.0,1.24241996,2.0
60592.0,1.24241996,2.0
60634.0,1.24241996,1.0
60642.0,1.24241996,1.0
60680.0,1.24241996,1.0
60683.0,1.24241996,1.0
60687.0,1.24241996,2.0
60690.0,1.24241996,2.0
60870.0,1.24241996,1.0
60896.0,1.24241996,1.0
60913.0,1.24241996,1.0
60914.0,1.24241996,2.0
60973.0,1.24241996,4.0
60976.0,1.24241996,1.0
61008.0,1.24241996,1.0
61041.0,1.24241996,2.0
61048.0,1.24241996,1.0
61147.0,1.24241996,2.0
61158.0,1.24241996,1.0
61203.0,1.24241996,1.0
61266.0,1.24241996,2.0
61286.0,1.24241996,2.0
61354.0,1.24241996,1.0
61396.0,1.24241996,2.0
61454.0,1.24241996,1.0
61494.0,1.24241996,2.0
61537.0,1.24241996,2.0
61576.0,1.24241996,1.0
61580.0,1.24241996,2.0
61629.0,1.24241996,1.0
61645.0,1.24241996,1.0
61679.0,1.24241996,1.0
61754.0,1.24241996,2.0
61848.0,1.24241996,1.0
61908.0,1.24241996,1.0
61921.0,1.24241996,1.0
61938.0,1.24241996,2.0
61983.0,1.24241996,2.0
61997.0,1.24241996,2.0
62026.0,1.24241996,2.0
62177.0,1.24241996,1.0
62264.0,1.24241996,2.0
62271.0,1.24241996,2.0
62318.0,1.24241996,2.0
62331.0,1.24241996,1.0
62339.0,1.24241996,2.0
62352.0,1.24241996,1.0
62389.0,1.24241996,2.0
62397.0,1.24241996,1.0
62424.0,1.24241996,2.0
62557.0,1.24241996,2.0
62568.0,1.24241996,1.0
62702.0,1.24241996,1.0
62736.0,1.24241996,1.0
62764.0,1.24241996,2.0
62766.0,1.24241996,2.0
62777.0,1.24241996,1.0
62786.0,1.24241996,1.0
62819.0,1.24241996,1.0
62861.0,1.24241996,1.0
62862.0,1.24241996,1.0
62886.0,1.24241996,1.0
62892.0,1.24241996,2.0
62894.0,1.24241996,1.0
62978.0,1.24241996,1.0
63055.0,1.24241996,1.0
63063.0,1.24241996,2.0
63071.0,1.24241996,1.0
63089.0,1.24241996,2.0
63142.0,1.24241996,2.0
63240.0,1.24241996,2.0
63251.0,1.24241996,2.0
63271.0,1.24241996,1.0
63297.0,1.24241996,2.0
63300.0,1.24241996,2.0
63303.0,1.24241996,1.0
63305.0,1.24241996,1.0
63363.0,1.24241996,3.0
63459.0,1.24241996,1.0
63461.0,1.24241996,1.0
63474.0,1.24241996,1.0
63495.0,1.24241996,2.0
63530.0,1.24241996,1.0
63550.0,1.24241996,3.0
63568.0,1.24241996,2.0
63577.0,1.24241996,2.0
63655.0,1.24241996,1.0
63671.0,1.24241996,1.0
63771.0,1.24241996,2.0
63775.0,1.24241996,3.0
63777.0,1.24241996,1.0
63809.0,1.24241996,1.0
63813.0,1.24241996,2.0
63850.0,1.24241996,1.0
63944.0,1.24241996,2.0
63995.0,1.24241996,1.0
63996.0,1.24241996,1.0
64015.0,1.24241996,2.0
64028.0,1.24241996,1.0
64034.0,1.24241996,1.0
64043.0,1.24241996,2.0
64045.0,1.24241996,3.0
64130.0,1.24241996,1.0
64251.0,1.24241996,2.0
64274.0,1.24241996,2.0
64285.0,1.24241996,2.0
64294.0,1.24241996,1.0
64308.0,1.24241996,1.0
64349.0,1.24241996,2.0
64362.0,1.24241996,2.0
64407.0,1.24241996,2.0
64432.0,1.24241996,1.0
64522.0,1.24241996,1.0
64616.0,1.24241996,1.0
64704.0,1.24241996,2.0
64721.0,1.24241996,1.0
64741.0,1.24241996,1.0
64780.0,1.24241996,1.0
64802.0,1.24241996,3.0
64822.0,1.24241996,1.0
64890.0,1.24241996,1.0
64917.0,1.24241996,1.0
64976.0,1.24241996,1.0
64977.0,1.24241996,1.0
64990.0,1.24241996,2.0
65005.0,1.24241996,1.0
65044.0,1.24241996,1.0
65088.0,1.24241996,1.0
65101.0,1.24241996,1.0
65146.0,1.24241996,1.0
65212.0,1.24241996,1.0
65344.0,1.24241996,1.0
65354.0,1.24241996,1.0
65357.0,1.24241996,2.0
65390.0,1.24241996,1.0
65401.0,1.24241996,2.0
65437.0,1.24241996,2.0
65450.0,1.24241996,2.0
65474.0,1.24241996,1.0
65540.0,1.24241996,1.0
65548.0,1.24241996,1.0
65555.0,1.24241996,1.0
65621.0,1.24241996,1.0
65642.0,1.24241996,1.0
65660.0,1.24241996,2.0
65747.0,1.24241996,3.0
65756.0,1.24241996,1.0
65767.0,1.24241996,1.0
65773.0,1.24241996,2.0
65815.0,1.24241996,3.0
65818.0,1.24241996,1.0
65844.0,1.24241996,1.0
65856.0,1.24241996,1.0
65895.0,1.24241996,1.0
65969.0,1.24241996,2.0
65989.0,1.24241996,1.0
66048.0,1.24241996,1.0
66113.0,1.24241996,1.0
66118.0,1.24241996,1.0
66162.0,1.24241996,1.0
66227.0,1.24241996,1.0
66241.0,1.24241996,1.0
66266.0,1.24241996,2.0
66322.0,1.24241996,3.0
66337.0,1.24241996,1.0
66347.0,1.24241996,1.0
66410.0,1.24241996,2.0
66436.0,1.24241996,2.0
66539.0,1.24241996,1.0
66540.0,1.24241996,1.0
66573.0,1.24241996,2.0
66634.0,1.24241996,3.0
66648.0,1.24241996,3.0
66707.0,1.24241996,1.0
66814.0,1.24241996,1.0
66818.0,1.24241996,2.0
66840.0,1.24241996,2.0
66859.0,1.24241996,1.0
66913.0,1.24241996,1.0
66928.0,1.24241996,1.0
66967.0,1.24241996,1.0
66969.0,1.24241996,2.0
66970.0,1.24241996,2.0
67126.0,1.24241996,2.0
67148.0,1.24241996,1.0
67177.0,1.24241996,2.0
67226.0,1.24241996,1.0
67238.0,1.24241996,1.0
67286.0,1.24241996,1.0
67305.0,1.24241996,1.0
67308.0,1.24241996,1.0
67322.0,1.24241996,1.0
67341.0,1.24241996,2.0
67357.0,1.24241996,1.0
67369.0,1.24241996,1.0
67406.0,1.24241996,2.0
67415.0,1.24241996,3.0
67466.0,1.24241996,1.0
67482.0,1.24241996,1.0
67520.0,1.24241996,1.0
67525.0,1.24241996,1.0
67612.0,1.24241996,1.0
67626.0,1.24241996,1.0
67694.0,1.24241996,2.0
67699.0,1.24241996,2.0
67701.0,1.24241996,1.0
67728.0,1.24241996,1.0
67765.0,1.24241996,1.0
67817.0,1.24241996,2.0
67847.0,1.24241996,1.0
67879.0,1.24241996,1.0
67917.0,1.24241996,1.0
68055.0,1.24241996,2.0
68086.0,1.24241996,2.0
68113.0,1.24241996,1.0
68146.0,1.24241996,2.0
68188.0,1.24241996,2.0
68259.0,1.24241996,1.0
68304.0,1.24241996,1.0
68305.0,1.24241996,1.0
68322.0,1.24241996,2.0
68352.0,1.24241996,2.0
68453.0,1.24241996,3.0
68462.0,1.24241996,2.0
68513.0,1.24241996,1.0
68535.0,1.24241996,1.0
68679.0,1.24241996,2.0
68703.0,1.24241996,2.0
68725.0,1.24241996,1.0
68732.0,1.24241996,1.0
68752.0,1.24241996,3.0
68783.0,1.24241996,2.0
68796.0,1.24241996,2.0
68805.0,1.24241996,2.0
68829.0,1.24241996,1.0
68841.0,1.24241996,2.0
69009.0,1.24241996,1.0
69039.0,1.24241996,2.0
69043.0,1.24241996,1.0
69054.0,1.24241996,1.0
69059.0,1.24241996,1.0
69085.0,1.24241996,1.0
69202.0,1.24241996,1.0
69320.0,1.24241996,1.0
69408.0,1.24241996,2.0
69440.0,1.24241996,2.0
69510.0,1.24241996,2.0
69533.0,1.24241996,1.0
69550.0,1.24241996,2.0
69556.0,1.24241996,1.0
69586.0,1.24241996,1.0
69591.0,1.24241996,1.0
69682.0,1.24241996,2.0
69723.0,1.24241996,1.0
69824.0,1.24241996,2.0
69841.0,1.24241996,1.0
69919.0,1.24241996,1.0
69929.0,1.24241996,2.0
60032.0,1.24241996,1.0
61986.0,1.24241996,1.0
62210.0,1.24241996,1.0
62340.0,1.24241996,1.0
63145.0,1.24241996,2.0
63588.0,1.24241996,1.0
63644.0,1.24241996,2.0
64096.0,1.24241996,1.0
64603.0,1.24241996,1.0
65429.0,1.24241996,1.0
65521.0,1.24241996,1.0
65615.0,1.24241996,1.0
66125.0,1.24241996,1.0
68117.0,1.24241996,1.0
68820.0,1.24241996,1.0
64727.0,1.24241996,1.0
64811.0,1.24241996,1.0
67364.0,1.24241996,1.0
67427.0,1.24241996,1.0
70024.0,1.28283,4.0
70032.0,1.28283,2.0
70036.0,1.28283,4.0
70040.0,1.28283,2.0
70053.0,1.28283,1.0
70063.0,1.28283,2.0
70081.0,1.28283,1.0
70107.0,1.28283,2.0
70128.0,1.28283,1.0
70204.0,1.28283,1.0
70209.0,1.28283,1.0
70235.0,1.28283,3.0
70250.0,1.28283,3.0
70278.0,1.28283,2.0
70344.0,1.28283,1.0
70367.0,1.28283,1.0
70373.0,1.28283,4.0
70389.0,1.28283,4.0
70400.0,1.28283,2.0
70439.0,1.28283,1.0
70452.0,1.28283,1.0
70453.0,1.28283,1.0
70508.0,1.28283,4.0
70551.0,1.28283,2.0
70554.0,1.28283,4.0
70585.0,1.28283,3.0
70592.0,1.28283,4.0
70620.0,1.28283,4.0
70628.0,1.28283,1.0
70653.0,1.28283,1.0
70665.0,1.28283,4.0
70677.0,1.28283,1.0
70681.0,1.28283,4.0
70702.0,1.28283,1.0
70705.0,1.28283,1.0
70718.0,1.28283,1.0
70725.0,1.28283,4.0
70727.0,1.28283,1.0
70737.0,1.28283,4.0
70754.0,1.28283,5.0
70756.0,1.28283,3.0
70783.0,1.28283,3.0
70788.0,1.28283,4.0
70836.0,1.28283,1.0
70841.0,1.28283,3.0
70866.0,1.28283,1.0
70876.0,1.28283,2.0
70884.0,1.28283,3.0
70904.0,1.28283,1.0
70914.0,1.28283,4.0
70973.0,1.28283,3.0
70982.0,1.28283,5.0
70997.0,1.28283,5.0
70999.0,1.28283,1.0
71078.0,1.28283,4.0
71099.0,1.28283,4.0
71108.0,1.28283,4.0
71118.0,1.28283,4.0
71122.0,1.28283,1.0
71124.0,1.28283,3.0
71147.0,1.28283,3.0
71151.0,1.28283,2.0
71186.0,1.28283,1.0
71202.0,1.28283,3.0
71206.0,1.28283,1.0
71212.0,1.28283,3.0
71247.0,1.28283,1.0
71282.0,1.28283,2.0
71288.0,1.28283,1.0
71317.0,1.28283,1.0
71320.0,1.28283,1.0
71341.0,1.28283,2.0
71396.0,1.28283,3.0
71432.0,1.28283,1.0
71436.0,1.28283,1.0
71453.0,1.28283,1.0
71460.0,1.28283,1.0
71479.0,1.28283,4.0
71512.0,1.28283,2.0
71534.0,1.28283,1.0
71535.0,1.28283,1.0
71566.0,1.28283,1.0
71568.0,1.28283,1.0
71576.0,1.28283,4.0
71589.0,1.28283,1.0
71600.0,1.28283,4.0
71603.0,1.28283,3.0
71623.0,1.28283,1.0
71695.0,1.28283,5.0
71721.0,1.28283,1.0
71730.0,1.28283,4.0
71741.0,1.28283,3.0
71788.0,1.28283,1.0
71824.0,1.28283,3.0
71905.0,1.28283,1.0
71906.0,1.28283,2.0
71907.0,1.28283,1.0
71920.0,1.28283,1.0
71957.0,1.28283,1.0
71972.0,1.28283,1.0
71982.0,1.28283,1.0
71986.0,1.28283,1.0
72015.0,1.28283,1.0
72026.0,1.28283,3.0
72043.0,1.28283,4.0
72047.0,1.28283,4.0
72062.0,1.28283,1.0
72078.0,1.28283,2.0
72087.0,1.28283,2.0
72089.0,1.28283,1.0
72094.0,1.28283,1.0
72150.0,1.28283,4.0
72156.0,1.28283,1.0
72173.0,1.28283,2.0
72188.0,1.28283,1.0
72192.0,1.28283,1.0
72202.0,1.28283,1.0
72206.0,1.28283,1.0
72210.0,1.28283,2.0
72239.0,1.28283,2.0
72264.0,1.28283,1.0
72269.0,1.28283,1.0
72318.0,1.28283,5.0
72324.0,1.28283,1.0
72339.0,1.28283,4.0
72368.0,1.28283,3.0
72372.0,1.28283,2.0
72376.0,1.28283,2.0
72389.0,1.28283,4.0
72403.0,1.28283,3.0
72404.0,1.28283,3.0
72409.0,1.28283,1.0
72414.0,1.28283,1.0
72438.0,1.28283,1.0
72453.0,1.28283,1.0
72461.0,1.28283,3.0
72483.0,1.28283,1.0
72571.0,1.28283,2.0
72627.0,1.28283,1.0
72633.0,1.28283,4.0
72634.0,1.28283,2.0
72646.0,1.28283,1.0
72725.0,1.28283,3.0
72736.0,1.28283,2.0
72738.0,1.28283,1.0
72753.0,1.28283,1.0
72760.0,1.28283,4.0
72761.0,1.28283,1.0
72772.0,1.28283,1.0
72775.0,1.28283,1.0
72777.0,1.28283,2.0
72807.0,1.28283,1.0
72816.0,1.28283,1.0
72818.0,1.28283,4.0
72820.0,1.28283,1.0
72829.0,1.28283,1.0
72861.0,1.28283,3.0
72878.0,1.28283,1.0
72887.0,1.28283,1.0
72892.0,1.28283,4.0
72894.0,1.28283,2.0
72915.0,1.28283,2.0
72949.0,1.28283,3.0
73005.0,1.28283,1.0
73019.0,1.28283,2.0
73027.0,1.28283,3.0
73085.0,1.28283,1.0
73088.0,1.28283,4.0
73093.0,1.28283,3.0
73108.0,1.28283,3.0
73145.0,1.28283,2.0
73147.0,1.28283,1.0
73197.0,1.28283,2.0
73198.0,1.28283,1.0
73203.0,1.28283,1.0
73205.0,1.28283,4.0
73246.0,1.28283,4.0
73251.0,1.28283,4.0
73290.0,1.28283,2.0
73300.0,1.28283,4.0
73340.0,1.28283,2.0
73376.0,1.28283,2.0
73381.0,1.28283,1.0
73392.0,1.28283,2.0
73411.0,1.28283,2.0
73454.0,1.28283,4.0
73457.0,1.28283,1.0
73492.0,1.28283,2.0
73493.0,1.28283,4.0
73495.0,1.28283,4.0
73502.0,1.28283,1.0
73508.0,1.28283,1.0
73514.0,1.28283,4.0
73517.0,1.28283,3.0
73518.0,1.28283,1.0
73530.0,1.28283,4.0
73550.0,1.28283,3.0
73552.0,1.28283,1.0
73554.0,1.28283,1.0
73568.0,1.28283,4.0
73628.0,1.28283,1.0
73644.0,1.28283,3.0
73649.0,1.28283,1.0
73653.0,1.28283,2.0
73681.0,1.28283,1.0
73682.0,1.28283,4.0
73696.0,1.28283,1.0
73711.0,1.28283,4.0
73717.0,1.28283,2.0
73775.0,1.28283,5.0
73782.0,1.28283,1.0
73800.0,1.28283,1.0
73813.0,1.28283,4.0
73818.0,1.28283,3.0
73847.0,1.28283,1.0
73857.0,1.28283,4.0
73886.0,1.28283,1.0
73889.0,1.28283,3.0
73936.0,1.28283,1.0
73937.0,1.28283,1.0
73972.0,1.28283,4.0
73996.0,1.28283,5.0
74004.0,1.28283,3.0
74006.0,1.28283,1.0
74015.0,1.28283,1.0
74023.0,1.28283,2.0
74025.0,1.28283,2.0
74028.0,1.28283,4.0
74029.0,1.28283,1.0
74046.0,1.28283,1.0
74050.0,1.28283,1.0
74096.0,1.28283,1.0
74103.0,1.28283,5.0
74135.0,1.28283,5.0
74138.0,1.28283,3.0
74165.0,1.28283,4.0
74192.0,1.28283,4.0
74203.0,1.28283,4.0
74232.0,1.28283,1.0
74237.0,1.28283,4.0
74251.0,1.28283,3.0
74258.0,1.28283,1.0
74264.0,1.28283,4.0
74337.0,1.28283,2.0
74343.0,1.28283,3.0
74348.0,1.28283,3.0
74362.0,1.28283,6.0
74364.0,1.28283,3.0
74421.0,1.28283,1.0
74426.0,1.28283,1.0
74433.0,1.28283,1.0
74437.0,1.28283,1.0
74450.0,1.28283,1.0
74480.0,1.28283,1.0
74521.0,1.28283,2.0
74528.0,1.28283,1.0
74546.0,1.28283,1.0
74590.0,1.28283,1.0
74614.0,1.28283,3.0
74640.0,1.28283,3.0
74654.0,1.28283,4.0
74691.0,1.28283,5.0
74701.0,1.28283,1.0
74737.0,1.28283,5.0
74739.0,1.28283,4.0
74784.0,1.28283,1.0
74839.0,1.28283,1.0
74866.0,1.28283,3.0
74917.0,1.28283,4.0
74928.0,1.28283,2.0
74929.0,1.28283,1.0
74936.0,1.28283,2.0
74975.0,1.28283,4.0
75005.0,1.28283,4.0
75022.0,1.28283,4.0
75043.0,1.28283,4.0
75050.0,1.28283,3.0
75051.0,1.28283,4.0
75053.0,1.28283,1.0
75069.0,1.28283,1.0
75074.0,1.28283,3.0
75146.0,1.28283,4.0
75200.0,1.28283,2.0
75204.0,1.28283,3.0
75253.0,1.28283,3.0
75287.0,1.28283,1.0
75306.0,1.28283,2.0
75314.0,1.28283,2.0
75318.0,1.28283,2.0
75353.0,1.28283,2.0
75357.0,1.28283,3.0
75383.0,1.28283,1.0
75401.0,1.28283,4.0
75419.0,1.28283,3.0
75429.0,1.28283,2.0
75451.0,1.28283,2.0
75453.0,1.28283,1.0
75474.0,1.28283,4.0
75482.0,1.28283,1.0
75488.0,1.28283,2.0
75503.0,1.28283,4.0
75521.0,1.28283,1.0
75534.0,1.28283,4.0
75542.0,1.28283,1.0
75543.0,1.28283,2.0
75548.0,1.28283,4.0
75555.0,1.28283,4.0
75564.0,1.28283,1.0
75574.0,1.28283,3.0
75608.0,1.28283,2.0
75610.0,1.28283,3.0
75615.0,1.28283,1.0
75626.0,1.28283,3.0
75636.0,1.28283,3.0
75639.0,1.28283,4.0
75660.0,1.28283,1.0
75728.0,1.28283,3.0
75803.0,1.28283,4.0
75814.0,1.28283,2.0
75815.0,1.28283,3.0
75818.0,1.28283,4.0
75848.0,1.28283,1.0
75856.0,1.28283,3.0
75870.0,1.28283,1.0
75874.0,1.28283,1.0
75893.0,1.28283,1.0
75932.0,1.28283,1.0
75965.0,1.28283,2.0
75973.0,1.28283,1.0
75974.0,1.28283,1.0
75989.0,1.28283,4.0
75999.0,1.28283,1.0
76009.0,1.28283,2.0
76012.0,1.28283,1.0
76057.0,1.28283,1.0
76125.0,1.28283,2.0
76131.0,1.28283,1.0
76172.0,1.28283,2.0
76180.0,1.28283,4.0
76205.0,1.28283,1.0
76227.0,1.28283,1.0
76248.0,1.28283,1.0
76266.0,1.28283,2.0
76270.0,1.28283,3.0
76276.0,1.28283,4.0
76295.0,1.28283,3.0
76322.0,1.28283,4.0
76326.0,1.28283,5.0
76344.0,1.28283,3.0
76388.0,1.28283,2.0
76392.0,1.28283,1.0
76407.0,1.28283,1.0
76410.0,1.28283,3.0
76446.0,1.28283,3.0
76465.0,1.28283,2.0
76483.0,1.28283,3.0
76516.0,1.28283,1.0
76517.0,1.28283,1.0
76536.0,1.28283,1.0
76556.0,1.28283,4.0
76587.0,1.28283,1.0
76604.0,1.28283,1.0
76632.0,1.28283,1.0
76634.0,1.28283,4.0
76654.0,1.28283,1.0
76713.0,1.28283,1.0
76761.0,1.28283,1.0
76813.0,1.28283,2.0
76820.0,1.28283,2.0
76840.0,1.28283,4.0
76859.0,1.28283,4.0
76876.0,1.28283,1.0
76911.0,1.28283,1.0
76953.0,1.28283,1.0
76974.0,1.28283,1.0
76986.0,1.28283,4.0
76994.0,1.28283,1.0
77089.0,1.28283,3.0
77126.0,1.28283,3.0
77145.0,1.28283,2.0
77210.0,1.28283,2.0
77214.0,1.28283,1.0
77253.0,1.28283,1.0
77298.0,1.28283,3.0
77308.0,1.28283,3.0
77309.0,1.28283,1.0
77336.0,1.28283,1.0
77349.0,1.28283,1.0
77385.0,1.28283,1.0
77390.0,1.28283,1.0
77437.0,1.28283,2.0
77461.0,1.28283,1.0
77469.0,1.28283,1.0
77471.0,1.28283,5.0
77477.0,1.28283,1.0
77479.0,1.28283,1.0
77482.0,1.28283,2.0
77520.0,1.28283,4.0
77535.0,1.28283,3.0
77538.0,1.28283,1.0
77563.0,1.28283,2.0
77590.0,1.28283,2.0
77616.0,1.28283,3.0
77620.0,1.28283,3.0
77636.0,1.28283,3.0
77659.0,1.28283,4.0
77663.0,1.28283,1.0
77667.0,1.28283,1.0
77694.0,1.28283,4.0
77699.0,1.28283,3.0
77701.0,1.28283,5.0
77710.0,1.28283,3.0
77711.0,1.28283,5.0
77714.0,1.28283,1.0
77721.0,1.28283,4.0
77728.0,1.28283,1.0
77734.0,1.28283,1.0
77752.0,1.28283,3.0
77761.0,1.28283,3.0
77803.0,1.28283,1.0
77817.0,1.28283,4.0
77819.0,1.28283,3.0
77820.0,1.28283,1.0
77829.0,1.28283,4.0
77834.0,1.28283,1.0
77847.0,1.28283,5.0
77859.0,1.28283,2.0
77877.0,1.28283,5.0
77881.0,1.28283,1.0
77927.0,1.28283,1.0
77943.0,1.28283,2.0
77944.0,1.28283,1.0
77948.0,1.28283,2.0
77957.0,1.28283,2.0
77966.0,1.28283,2.0
78031.0,1.28283,2.0
78041.0,1.28283,2.0
78055.0,1.28283,2.0
78058.0,1.28283,1.0
78080.0,1.28283,2.0
78088.0,1.28283,4.0
78105.0,1.28283,2.0
78117.0,1.28283,1.0
78146.0,1.28283,4.0
78171.0,1.28283,3.0
78189.0,1.28283,2.0
78207.0,1.28283,5.0
78223.0,1.28283,1.0
78230.0,1.28283,3.0
78233.0,1.28283,3.0
78245.0,1.28283,2.0
78247.0,1.28283,1.0
78276.0,1.28283,4.0
78352.0,1.28283,2.0
78388.0,1.28283,2.0
78467.0,1.28283,1.0
78469.0,1.28283,4.0
78473.0,1.28283,3.0
78540.0,1.28283,1.0
78565.0,1.28283,1.0
78621.0,1.28283,1.0
78623.0,1.28283,1.0
78734.0,1.28283,1.0
78794.0,1.28283,2.0
78820.0,1.28283,2.0
78841.0,1.28283,4.0
78857.0,1.28283,1.0
78897.0,1.28283,4.0
78898.0,1.28283,1.0
78930.0,1.28283,4.0
78936.0,1.28283,3.0
78986.0,1.28283,1.0
78993.0,1.28283,1.0
79009.0,1.28283,4.0
79014.0,1.28283,1.0
79015.0,1.28283,3.0
79017.0,1.28283,2.0
79043.0,1.28283,1.0
79050.0,1.28283,2.0
79059.0,1.28283,1.0
79082.0,1.28283,3.0
79085.0,1.28283,4.0
79096.0,1.28283,4.0
79130.0,1.28283,1.0
79133.0,1.28283,2.0
79169.0,1.28283,1.0
79200.0,1.28283,1.0
79218.0,1.28283,2.0
79224.0,1.28283,1.0
79241.0,1.28283,1.0
79270.0,1.28283,3.0
79298.0,1.28283,4.0
79318.0,1.28283,1.0
79338.0,1.28283,1.0
79341.0,1.28283,1.0
79353.0,1.28283,3.0
79358.0,1.28283,1.0
79371.0,1.28283,1.0
79381.0,1.28283,3.0
79387.0,1.28283,1.0
79434.0,1.28283,3.0
79440.0,1.28283,3.0
79494.0,1.28283,1.0
79515.0,1.28283,1.0
79516.0,1.28283,1.0
79540.0,1.28283,1.0
79549.0,1.28283,3.0
79553.0,1.28283,1.0
79642.0,1.28283,1.0
79658.0,1.28283,3.0
79681.0,1.28283,2.0
79682.0,1.28283,2.0
79684.0,1.28283,4.0
79693.0,1.28283,3.0
79727.0,1.28283,1.0
79747.0,1.28283,2.0
79775.0,1.28283,1.0
79806.0,1.28283,1.0
79828.0,1.28283,3.0
79857.0,1.28283,5.0
79891.0,1.28283,4.0
79909.0,1.28283,1.0
79917.0,1.28283,1.0
79929.0,1.28283,4.0
79937.0,1.28283,2.0
79981.0,1.28283,4.0
70070.0,1.28283,3.0
70106.0,1.28283,2.0
70123.0,1.28283,2.0
70199.0,1.28283,1.0
70210.0,1.28283,1.0
70461.0,1.28283,1.0
70642.0,1.28283,1.0
70870.0,1.28283,1.0
71048.0,1.28283,1.0
71179.0,1.28283,1.0
71200.0,1.28283,1.0
71494.0,1.28283,1.0
71572.0,1.28283,3.0
71580.0,1.28283,3.0
71585.0,1.28283,1.0
71826.0,1.28283,1.0
71921.0,1.28283,3.0
72216.0,1.28283,1.0
72273.0,1.28283,3.0
72354.0,1.28283,3.0
72557.0,1.28283,3.0
72871.0,1.28283,2.0
72872.0,1.28283,2.0
73063.0,1.28283,3.0
73071.0,1.28283,1.0
73110.0,1.28283,1.0
73213.0,1.28283,2.0
73252.0,1.28283,3.0
73341.0,1.28283,1.0
73363.0,1.28283,3.0
73777.0,1.28283,1.0
73977.0,1.28283,1.0
74045.0,1.28283,3.0
74171.0,1.28283,3.0
74274.0,1.28283,2.0
74294.0,1.28283,1.0
74352.0,1.28283,3.0
74431.0,1.28283,2.0
74455.0,1.28283,2.0
74579.0,1.28283,1.0
74780.0,1.28283,1.0
74802.0,1.28283,2.0
74966.0,1.28283,2.0
75407.0,1.28283,3.0
75446.0,1.28283,2.0
75549.0,1.28283,2.0
75895.0,1.28283,1.0
75950.0,1.28283,2.0
76059.0,1.28283,1.0
76095.0,1.28283,2.0
76101.0,1.28283,1.0
76118.0,1.28283,1.0
76520.0,1.28283,1.0
76767.0,1.28283,1.0
76860.0,1.28283,3.0
77177.0,1.28283,2.0
77187.0,1.28283,1.0
77226.0,1.28283,4.0
77286.0,1.28283,3.0
77322.0,1.28283,1.0
77341.0,1.28283,1.0
77453.0,1.28283,1.0
77525.0,1.28283,1.0
77706.0,1.28283,2.0
77941.0,1.28283,1.0
78026.0,1.28283,1.0
78305.0,1.28283,3.0
78462.0,1.28283,3.0
78493.0,1.28283,1.0
78499.0,1.28283,1.0
78691.0,1.28283,1.0
78752.0,1.28283,2.0
78769.0,1.28283,2.0
78783.0,1.28283,1.0
79185.0,1.28283,1.0
79206.0,1.28283,3.0
79321.0,1.28283,3.0
79919.0,1.28283,1.0
71938.0,1.28283,1.0
78718.0,1.28283,1.0
80005.0,1.32323003,1.0
80024.0,1.32323003,2.0
80027.0,1.32323003,2.0
80036.0,1.32323003,2.0
80063.0,1.32323003,1.0
80064.0,1.32323003,1.0
80070.0,1.32323003,1.0
80080.0,1.32323003,1.0
80085.0,1.32323003,1.0
80106.0,1.32323003,1.0
80109.0,1.32323003,1.0
80207.0,1.32323003,1.0
80210.0,1.32323003,1.0
80235.0,1.32323003,2.0
80250.0,1.32323003,1.0
80278.0,1.32323003,1.0
80291.0,1.32323003,1.0
80316.0,1.32323003,1.0
80327.0,1.32323003,1.0
80334.0,1.32323003,1.0
80373.0,1.32323003,1.0
80383.0,1.32323003,3.0
80388.0,1.32323003,2.0
80389.0,1.32323003,1.0
80402.0,1.32323003,1.0
80461.0,1.32323003,1.0
80474.0,1.32323003,1.0
80505.0,1.32323003,1.0
80508.0,1.32323003,1.0
80515.0,1.32323003,1.0
80543.0,1.32323003,1.0
80551.0,1.32323003,1.0
80554.0,1.32323003,1.0
80585.0,1.32323003,2.0
80592.0,1.32323003,1.0
80620.0,1.32323003,4.0
80634.0,1.32323003,1.0
80642.0,1.32323003,2.0
80665.0,1.32323003,3.0
80681.0,1.32323003,1.0
80683.0,1.32323003,2.0
80687.0,1.32323003,1.0
80690.0,1.32323003,1.0
80725.0,1.32323003,1.0
80730.0,1.32323003,1.0
80737.0,1.32323003,2.0
80754.0,1.32323003,1.0
80783.0,1.32323003,2.0
80788.0,1.32323003,4.0
80821.0,1.32323003,1.0
80837.0,1.32323003,2.0
80846.0,1.32323003,2.0
80870.0,1.32323003,1.0
80884.0,1.32323003,1.0
80889.0,1.32323003,1.0
80896.0,1.32323003,1.0
80913.0,1.32323003,1.0
80973.0,1.32323003,3.0
80976.0,1.32323003,1.0
80982.0,1.32323003,2.0
80997.0,1.32323003,2.0
81000.0,1.32323003,1.0
81041.0,1.32323003,1.0
81046.0,1.32323003,1.0
81048.0,1.32323003,1.0
81078.0,1.32323003,1.0
81099.0,1.32323003,2.0
81103.0,1.32323003,1.0
81108.0,1.32323003,5.0
81118.0,1.32323003,2.0
81124.0,1.32323003,2.0
81147.0,1.32323003,2.0
81156.0,1.32323003,1.0
81158.0,1.32323003,1.0
81179.0,1.32323003,2.0
81200.0,1.32323003,1.0
81202.0,1.32323003,2.0
81203.0,1.32323003,2.0
81206.0,1.32323003,1.0
81238.0,1.32323003,1.0
81266.0,1.32323003,2.0
81286.0,1.32323003,1.0
81308.0,1.32323003,1.0
81316.0,1.32323003,2.0
81341.0,1.32323003,1.0
81354.0,1.32323003,1.0
81396.0,1.32323003,4.0
81416.0,1.32323003,1.0
81454.0,1.32323003,1.0
81494.0,1.32323003,1.0
81512.0,1.32323003,1.0
81537.0,1.32323003,2.0
81563.0,1.32323003,1.0
81572.0,1.32323003,2.0
81576.0,1.32323003,1.0
81580.0,1.32323003,1.0
81585.0,1.32323003,1.0
81589.0,1.32323003,1.0
81600.0,1.32323003,1.0
81629.0,1.32323003,1.0
81645.0,1.32323003,2.0
81687.0,1.32323003,1.0
81695.0,1.32323003,1.0
81730.0,1.32323003,2.0
81741.0,1.32323003,1.0
81756.0,1.32323003,1.0
81777.0,1.32323003,1.0
81790.0,1.32323003,1.0
81811.0,1.32323003,1.0
81826.0,1.32323003,1.0
81906.0,1.32323003,1.0
81908.0,1.32323003,1.0
81921.0,1.32323003,1.0
81938.0,1.32323003,2.0
81964.0,1.32323003,4.0
81983.0,1.32323003,1.0
82026.0,1.32323003,3.0
82029.0,1.32323003,1.0
82043.0,1.32323003,1.0
82047.0,1.32323003,2.0
82075.0,1.32323003,1.0
82087.0,1.32323003,1.0
82150.0,1.32323003,1.0
82173.0,1.32323003,1.0
82177.0,1.32323003,1.0
82216.0,1.32323003,1.0
82264.0,1.32323003,2.0
82271.0,1.32323003,1.0
82273.0,1.32323003,3.0
82303.0,1.32323003,2.0
82318.0,1.32323003,4.0
82331.0,1.32323003,2.0
82339.0,1.32323003,1.0
82340.0,1.32323003,2.0
82352.0,1.32323003,1.0
82354.0,1.32323003,1.0
82376.0,1.32323003,1.0
82389.0,1.32323003,2.0
82397.0,1.32323003,1.0
82401.0,1.32323003,1.0
82404.0,1.32323003,1.0
82413.0,1.32323003,2.0
82424.0,1.32323003,1.0
82461.0,1.32323003,4.0
82511.0,1.32323003,1.0
82557.0,1.32323003,1.0
82568.0,1.32323003,1.0
82633.0,1.32323003,1.0
82634.0,1.32323003,1.0
82716.0,1.32323003,1.0
82725.0,1.32323003,1.0
82736.0,1.32323003,1.0
82760.0,1.32323003,2.0
82764.0,1.32323003,2.0
82766.0,1.32323003,1.0
82777.0,1.32323003,2.0
82786.0,1.32323003,1.0
82818.0,1.32323003,2.0
82819.0,1.32323003,1.0
82825.0,1.32323003,1.0
82837.0,1.32323003,1.0
82861.0,1.32323003,1.0
82862.0,1.32323003,1.0
82886.0,1.32323003,1.0
82894.0,1.32323003,1.0
82915.0,1.32323003,1.0
82949.0,1.32323003,1.0
82978.0,1.32323003,1.0
83005.0,1.32323003,1.0
83019.0,1.32323003,1.0
83027.0,1.32323003,1.0
83048.0,1.32323003,2.0
83055.0,1.32323003,1.0
83071.0,1.32323003,2.0
83088.0,1.32323003,3.0
83089.0,1.32323003,1.0
83093.0,1.32323003,1.0
83108.0,1.32323003,1.0
83110.0,1.32323003,2.0
83142.0,1.32323003,1.0
83145.0,1.32323003,2.0
83162.0,1.32323003,1.0
83197.0,1.32323003,1.0
83205.0,1.32323003,1.0
83213.0,1.32323003,1.0
83218.0,1.32323003,1.0
83240.0,1.32323003,1.0
83252.0,1.32323003,3.0
83254.0,1.32323003,2.0
83271.0,1.32323003,2.0
83300.0,1.32323003,1.0
83303.0,1.32323003,1.0
83305.0,1.32323003,1.0
83310.0,1.32323003,1.0
83341.0,1.32323003,4.0
83363.0,1.32323003,2.0
83392.0,1.32323003,1.0
83414.0,1.32323003,2.0
83454.0,1.32323003,3.0
83459.0,1.32323003,1.0
83461.0,1.32323003,2.0
83492.0,1.32323003,1.0
83493.0,1.32323003,2.0
83495.0,1.32323003,1.0
83512.0,1.32323003,2.0
83514.0,1.32323003,3.0
83517.0,1.32323003,3.0
83529.0,1.32323003,2.0
83530.0,1.32323003,2.0
83566.0,1.32323003,1.0
83568.0,1.32323003,2.0
83644.0,1.32323003,2.0
83655.0,1.32323003,1.0
83660.0,1.32323003,1.0
83682.0,1.32323003,1.0
83686.0,1.32323003,1.0
83711.0,1.32323003,1.0
83717.0,1.32323003,1.0
83745.0,1.32323003,1.0
83777.0,1.32323003,3.0
83809.0,1.32323003,1.0
83813.0,1.32323003,1.0
83818.0,1.32323003,3.0
83850.0,1.32323003,1.0
83857.0,1.32323003,1.0
83889.0,1.32323003,1.0
83936.0,1.32323003,1.0
83944.0,1.32323003,1.0
83977.0,1.32323003,1.0
83984.0,1.32323003,2.0
83985.0,1.32323003,1.0
83995.0,1.32323003,1.0
83996.0,1.32323003,2.0
84004.0,1.32323003,1.0
84015.0,1.32323003,1.0
84028.0,1.32323003,2.0
84045.0,1.32323003,1.0
84096.0,1.32323003,2.0
84103.0,1.32323003,2.0
84107.0,1.32323003,1.0
84130.0,1.32323003,2.0
84135.0,1.32323003,2.0
84138.0,1.32323003,1.0
84165.0,1.32323003,1.0
84171.0,1.32323003,1.0
84184.0,1.32323003,1.0
84192.0,1.32323003,1.0
84203.0,1.32323003,2.0
84232.0,1.32323003,1.0
84237.0,1.32323003,3.0
84251.0,1.32323003,2.0
84255.0,1.32323003,1.0
84262.0,1.32323003,1.0
84264.0,1.32323003,1.0
84274.0,1.32323003,2.0
84281.0,1.32323003,2.0
84285.0,1.32323003,2.0
84288.0,1.32323003,1.0
84294.0,1.32323003,1.0
84308.0,1.32323003,2.0
84312.0,1.32323003,1.0
84344.0,1.32323003,1.0
84348.0,1.32323003,2.0
84349.0,1.32323003,1.0
84352.0,1.32323003,1.0
84362.0,1.32323003,1.0
84364.0,1.32323003,3.0
84407.0,1.32323003,1.0
84408.0,1.32323003,1.0
84430.0,1.32323003,1.0
84431.0,1.32323003,1.0
84432.0,1.32323003,1.0
84455.0,1.32323003,1.0
84522.0,1.32323003,1.0
84543.0,1.32323003,2.0
84546.0,1.32323003,2.0
84549.0,1.32323003,1.0
84572.0,1.32323003,2.0
84614.0,1.32323003,2.0
84615.0,1.32323003,1.0
84640.0,1.32323003,2.0
84704.0,1.32323003,1.0
84721.0,1.32323003,1.0
84727.0,1.32323003,1.0
84739.0,1.32323003,2.0
84780.0,1.32323003,1.0
84802.0,1.32323003,2.0
84811.0,1.32323003,1.0
84822.0,1.32323003,1.0
84866.0,1.32323003,1.0
84890.0,1.32323003,1.0
84917.0,1.32323003,1.0
84928.0,1.32323003,1.0
84936.0,1.32323003,1.0
84975.0,1.32323003,2.0
84976.0,1.32323003,1.0
84977.0,1.32323003,1.0
84990.0,1.32323003,2.0
85005.0,1.32323003,1.0
85022.0,1.32323003,3.0
85030.0,1.32323003,1.0
85044.0,1.32323003,1.0
85050.0,1.32323003,2.0
85051.0,1.32323003,1.0
85074.0,1.32323003,2.0
85088.0,1.32323003,1.0
85146.0,1.32323003,2.0
85159.0,1.32323003,1.0
85160.0,1.32323003,1.0
85191.0,1.32323003,3.0
85200.0,1.32323003,1.0
85204.0,1.32323003,1.0
85212.0,1.32323003,1.0
85253.0,1.32323003,2.0
85314.0,1.32323003,1.0
85328.0,1.32323003,1.0
85344.0,1.32323003,1.0
85353.0,1.32323003,1.0
85354.0,1.32323003,1.0
85390.0,1.32323003,1.0
85401.0,1.32323003,2.0
85407.0,1.32323003,2.0
85419.0,1.32323003,2.0
85437.0,1.32323003,2.0
85450.0,1.32323003,1.0
85451.0,1.32323003,1.0
85465.0,1.32323003,1.0
85470.0,1.32323003,1.0
85474.0,1.32323003,3.0
85503.0,1.32323003,1.0
85534.0,1.32323003,2.0
85540.0,1.32323003,2.0
85542.0,1.32323003,1.0
85543.0,1.32323003,2.0
85548.0,1.32323003,3.0
85549.0,1.32323003,2.0
85555.0,1.32323003,3.0
85596.0,1.32323003,2.0
85608.0,1.32323003,1.0
85610.0,1.32323003,3.0
85621.0,1.32323003,1.0
85626.0,1.32323003,1.0
85639.0,1.32323003,2.0
85652.0,1.32323003,2.0
85660.0,1.32323003,1.0
85728.0,1.32323003,2.0
85747.0,1.32323003,1.0
85749.0,1.32323003,1.0
85756.0,1.32323003,2.0
85773.0,1.32323003,1.0
85803.0,1.32323003,1.0
85815.0,1.32323003,1.0
85818.0,1.32323003,2.0
85856.0,1.32323003,1.0
85866.0,1.32323003,1.0
85895.0,1.32323003,1.0
85945.0,1.32323003,1.0
85950.0,1.32323003,3.0
85969.0,1.32323003,2.0
85973.0,1.32323003,1.0
85989.0,1.32323003,2.0
86046.0,1.32323003,1.0
86048.0,1.32323003,1.0
86059.0,1.32323003,1.0
86062.0,1.32323003,1.0
86095.0,1.32323003,2.0
86101.0,1.32323003,1.0
86125.0,1.32323003,1.0
86166.0,1.32323003,1.0
86180.0,1.32323003,1.0
86227.0,1.32323003,1.0
86266.0,1.32323003,1.0
86270.0,1.32323003,2.0
86276.0,1.32323003,2.0
86295.0,1.32323003,1.0
86322.0,1.32323003,2.0
86326.0,1.32323003,2.0
86334.0,1.32323003,2.0
86337.0,1.32323003,3.0
86344.0,1.32323003,2.0
86432.0,1.32323003,2.0
86436.0,1.32323003,2.0
86446.0,1.32323003,2.0
86465.0,1.32323003,1.0
86483.0,1.32323003,1.0
86520.0,1.32323003,1.0
86539.0,1.32323003,1.0
86540.0,1.32323003,2.0
86556.0,1.32323003,1.0
86573.0,1.32323003,1.0
86590.0,1.32323003,1.0
86592.0,1.32323003,1.0
86767.0,1.32323003,1.0
86790.0,1.32323003,1.0
86818.0,1.32323003,1.0
86820.0,1.32323003,2.0
86840.0,1.32323003,1.0
86859.0,1.32323003,1.0
86860.0,1.32323003,1.0
86913.0,1.32323003,1.0
86928.0,1.32323003,1.0
86949.0,1.32323003,1.0
86967.0,1.32323003,1.0
86969.0,1.32323003,1.0
86970.0,1.32323003,1.0
86973.0,1.32323003,1.0
86986.0,1.32323003,1.0
87050.0,1.32323003,3.0
87080.0,1.32323003,1.0
87083.0,1.32323003,1.0
87089.0,1.32323003,1.0
87126.0,1.32323003,3.0
87148.0,1.32323003,1.0
87170.0,1.32323003,1.0
87187.0,1.32323003,2.0
87199.0,1.32323003,1.0
87210.0,1.32323003,1.0
87226.0,1.32323003,1.0
87238.0,1.32323003,1.0
87255.0,1.32323003,1.0
87268.0,1.32323003,1.0
87273.0,1.32323003,1.0
87286.0,1.32323003,1.0
87298.0,1.32323003,1.0
87308.0,1.32323003,3.0
87322.0,1.32323003,1.0
87341.0,1.32323003,2.0
87356.0,1.32323003,2.0
87357.0,1.32323003,1.0
87406.0,1.32323003,1.0
87415.0,1.32323003,2.0
87427.0,1.32323003,1.0
87453.0,1.32323003,1.0
87471.0,1.32323003,3.0
87482.0,1.32323003,1.0
87520.0,1.32323003,2.0
87525.0,1.32323003,2.0
87535.0,1.32323003,2.0
87558.0,1.32323003,1.0
87590.0,1.32323003,1.0
87612.0,1.32323003,1.0
87616.0,1.32323003,2.0
87620.0,1.32323003,1.0
87626.0,1.32323003,1.0
87636.0,1.32323003,1.0
87694.0,1.32323003,4.0
87699.0,1.32323003,1.0
87706.0,1.32323003,2.0
87710.0,1.32323003,1.0
87711.0,1.32323003,2.0
87721.0,1.32323003,3.0
87728.0,1.32323003,1.0
87752.0,1.32323003,2.0
87761.0,1.32323003,1.0
87765.0,1.32323003,3.0
87778.0,1.32323003,1.0
87817.0,1.32323003,3.0
87819.0,1.32323003,2.0
87829.0,1.32323003,2.0
87840.0,1.32323003,1.0
87847.0,1.32323003,3.0
87852.0,1.32323003,1.0
87859.0,1.32323003,1.0
87877.0,1.32323003,2.0
87878.0,1.32323003,1.0
87917.0,1.32323003,2.0
87941.0,1.32323003,3.0
87990.0,1.32323003,1.0
87991.0,1.32323003,2.0
88025.0,1.32323003,1.0
88026.0,1.32323003,1.0
88031.0,1.32323003,1.0
88041.0,1.32323003,1.0
88062.0,1.32323003,1.0
88080.0,1.32323003,1.0
88082.0,1.32323003,1.0
88086.0,1.32323003,2.0
88088.0,1.32323003,2.0
88105.0,1.32323003,1.0
88113.0,1.32323003,1.0
88146.0,1.32323003,1.0
88171.0,1.32323003,2.0
88177.0,1.32323003,1.0
88188.0,1.32323003,3.0
88233.0,1.32323003,4.0
88245.0,1.32323003,2.0
88259.0,1.32323003,1.0
88276.0,1.32323003,1.0
88304.0,1.32323003,1.0
88305.0,1.32323003,1.0
88307.0,1.32323003,1.0
88322.0,1.32323003,1.0
88333.0,1.32323003,2.0
88356.0,1.32323003,1.0
88453.0,1.32323003,2.0
88462.0,1.32323003,1.0
88469.0,1.32323003,1.0
88473.0,1.32323003,1.0
88493.0,1.32323003,1.0
88499.0,1.32323003,2.0
88513.0,1.32323003,1.0
88519.0,1.32323003,1.0
88535.0,1.32323003,1.0
88678.0,1.32323003,3.0
88679.0,1.32323003,1.0
88686.0,1.32323003,1.0
88703.0,1.32323003,1.0
88718.0,1.32323003,1.0
88732.0,1.32323003,1.0
88752.0,1.32323003,1.0
88769.0,1.32323003,1.0
88783.0,1.32323003,1.0
88788.0,1.32323003,2.0
88795.0,1.32323003,1.0
88796.0,1.32323003,1.0
88805.0,1.32323003,1.0
88829.0,1.32323003,1.0
88841.0,1.32323003,3.0
88897.0,1.32323003,1.0
88912.0,1.32323003,1.0
88921.0,1.32323003,1.0
88930.0,1.32323003,1.0
88936.0,1.32323003,2.0
88972.0,1.32323003,2.0
88993.0,1.32323003,1.0
88994.0,1.32323003,1.0
89009.0,1.32323003,2.0
89015.0,1.32323003,2.0
89026.0,1.32323003,1.0
89039.0,1.32323003,1.0
89043.0,1.32323003,1.0
89050.0,1.32323003,2.0
89054.0,1.32323003,1.0
89059.0,1.32323003,1.0
89082.0,1.32323003,1.0
89085.0,1.32323003,1.0
89096.0,1.32323003,1.0
89133.0,1.32323003,1.0
89151.0,1.32323003,3.0
89177.0,1.32323003,1.0
89185.0,1.32323003,2.0
89202.0,1.32323003,1.0
89206.0,1.32323003,1.0
89218.0,1.32323003,1.0
89233.0,1.32323003,1.0
89241.0,1.32323003,1.0
89270.0,1.32323003,2.0
89295.0,1.32323003,1.0
89320.0,1.32323003,1.0
89321.0,1.32323003,1.0
89338.0,1.32323003,1.0
89353.0,1.32323003,1.0
89371.0,1.32323003,1.0
89381.0,1.32323003,2.0
89406.0,1.32323003,1.0
89408.0,1.32323003,1.0
89440.0,1.32323003,1.0
89447.0,1.32323003,2.0
89477.0,1.32323003,1.0
89510.0,1.32323003,1.0
89533.0,1.32323003,1.0
89549.0,1.32323003,3.0
89550.0,1.32323003,1.0
89586.0,1.32323003,3.0
89591.0,1.32323003,1.0
89622.0,1.32323003,2.0
89626.0,1.32323003,1.0
89681.0,1.32323003,1.0
89682.0,1.32323003,2.0
89684.0,1.32323003,2.0
89693.0,1.32323003,1.0
89723.0,1.32323003,3.0
89730.0,1.32323003,1.0
89754.0,1.32323003,1.0
89828.0,1.32323003,3.0
89841.0,1.32323003,1.0
89891.0,1.32323003,1.0
89919.0,1.32323003,2.0
89924.0,1.32323003,1.0
89929.0,1.32323003,2.0
89937.0,1.32323003,1.0
89981.0,1.32323003,2.0
80032.0,1.32323003,1.0
80081.0,1.32323003,1.0
80136.0,1.32323003,1.0
80209.0,1.32323003,1.0
80344.0,1.32323003,1.0
80628.0,1.32323003,1.0
80653.0,1.32323003,1.0
80673.0,1.32323003,1.0
80756.0,1.32323003,1.0
80876.0,1.32323003,1.0
81216.0,1.32323003,1.0
81288.0,1.32323003,1.0
81325.0,1.32323003,1.0
81453.0,1.32323003,1.0
81972.0,1.32323003,1.0
81986.0,1.32323003,1.0
82015.0,1.32323003,1.0
82078.0,1.32323003,1.0
82156.0,1.32323003,1.0
82239.0,1.32323003,1.0
82372.0,1.32323003,1.0
82414.0,1.32323003,1.0
82453.0,1.32323003,1.0
82812.0,1.32323003,1.0
82820.0,1.32323003,1.0
82829.0,1.32323003,1.0
83170.0,1.32323003,1.0
83457.0,1.32323003,1.0
83619.0,1.32323003,1.0
84046.0,1.32323003,1.0
84480.0,1.32323003,1.0
84508.0,1.32323003,1.0
84528.0,1.32323003,1.0
84823.0,1.32323003,1.0
84839.0,1.32323003,1.0
85060.0,1.32323003,1.0
85069.0,1.32323003,1.0
85247.0,1.32323003,1.0
85429.0,1.32323003,1.0
85482.0,1.32323003,1.0
85521.0,1.32323003,1.0
85636.0,1.32323003,1.0
85698.0,1.32323003,1.0
85965.0,1.32323003,1.0
86057.0,1.32323003,1.0
86205.0,1.32323003,1.0
86248.0,1.32323003,1.0
86450.0,1.32323003,1.0
86506.0,1.32323003,1.0
86604.0,1.32323003,1.0
86747.0,1.32323003,1.0
87264.0,1.32323003,1.0
87324.0,1.32323003,1.0
87469.0,1.32323003,1.0
87487.0,1.32323003,1.0
87565.0,1.32323003,1.0
87714.0,1.32323003,1.0
87773.0,1.32323003,1.0
87881.0,1.32323003,1.0
87966.0,1.32323003,1.0
88144.0,1.32323003,1.0
88223.0,1.32323003,1.0
88230.0,1.32323003,1.0
88623.0,1.32323003,1.0
88636.0,1.32323003,1.0
88734.0,1.32323003,1.0
89029.0,1.32323003,1.0
89130.0,1.32323003,1.0
89829.0,1.32323003,1.0
89917.0,1.32323003,1.0
90004.0,1.36363995,1.0
90027.0,1.36363995,1.0
90029.0,1.36363995,1.0
90032.0,1.36363995,1.0
90036.0,1.36363995,3.0
90063.0,1.36363995,2.0
90085.0,1.36363995,3.0
90217.0,1.36363995,1.0
90307.0,1.36363995,1.0
90346.0,1.36363995,1.0
90392.0,1.36363995,1.0
90422.0,1.36363995,1.0
90461.0,1.36363995,1.0
90474.0,1.36363995,2.0
90490.0,1.36363995,1.0
90515.0,1.36363995,2.0
90525.0,1.36363995,1.0
90554.0,1.36363995,3.0
90566.0,1.36363995,1.0
90568.0,1.36363995,1.0
90592.0,1.36363995,3.0
90620.0,1.36363995,3.0
90634.0,1.36363995,1.0
90665.0,1.36363995,3.0
90680.0,1.36363995,1.0
90681.0,1.36363995,2.0
90683.0,1.36363995,1.0
90687.0,1.36363995,1.0
90690.0,1.36363995,1.0
90725.0,1.36363995,3.0
90730.0,1.36363995,1.0
90754.0,1.36363995,3.0
90760.0,1.36363995,1.0
90790.0,1.36363995,1.0
90821.0,1.36363995,1.0
90842.0,1.36363995,1.0
90846.0,1.36363995,2.0
90862.0,1.36363995,1.0
90870.0,1.36363995,2.0
90884.0,1.36363995,2.0
90896.0,1.36363995,1.0
90899.0,1.36363995,1.0
90913.0,1.36363995,1.0
90998.0,1.36363995,1.0
91008.0,1.36363995,1.0
91021.0,1.36363995,1.0
91023.0,1.36363995,1.0
91041.0,1.36363995,1.0
91046.0,1.36363995,2.0
91048.0,1.36363995,2.0
91051.0,1.36363995,1.0
91064.0,1.36363995,1.0
91106.0,1.36363995,1.0
91108.0,1.36363995,2.0
91138.0,1.36363995,1.0
91147.0,1.36363995,3.0
91158.0,1.36363995,1.0
91161.0,1.36363995,1.0
91192.0,1.36363995,1.0
91202.0,1.36363995,4.0
91203.0,1.36363995,1.0
91266.0,1.36363995,4.0
91282.0,1.36363995,3.0
91286.0,1.36363995,1.0
91290.0,1.36363995,1.0
91298.0,1.36363995,1.0
91308.0,1.36363995,1.0
91341.0,1.36363995,3.0
91350.0,1.36363995,1.0
91354.0,1.36363995,1.0
91381.0,1.36363995,1.0
91403.0,1.36363995,1.0
91406.0,1.36363995,1.0
91427.0,1.36363995,1.0
91454.0,1.36363995,1.0
91458.0,1.36363995,3.0
91494.0,1.36363995,3.0
91512.0,1.36363995,2.0
91546.0,1.36363995,1.0
91562.0,1.36363995,1.0
91572.0,1.36363995,3.0
91585.0,1.36363995,2.0
91602.0,1.36363995,1.0
91629.0,1.36363995,2.0
91645.0,1.36363995,3.0
91666.0,1.36363995,1.0
91677.0,1.36363995,1.0
91683.0,1.36363995,1.0
91695.0,1.36363995,3.0
91730.0,1.36363995,3.0
91741.0,1.36363995,2.0
91754.0,1.36363995,1.0
91777.0,1.36363995,3.0
91781.0,1.36363995,1.0
91790.0,1.36363995,3.0
91816.0,1.36363995,1.0
91820.0,1.36363995,1.0
91826.0,1.36363995,2.0
91848.0,1.36363995,1.0
91867.0,1.36363995,1.0
91874.0,1.36363995,1.0
91908.0,1.36363995,1.0
91921.0,1.36363995,2.0
91936.0,1.36363995,1.0
91938.0,1.36363995,3.0
91964.0,1.36363995,4.0
91983.0,1.36363995,1.0
91986.0,1.36363995,1.0
91997.0,1.36363995,1.0
92043.0,1.36363995,3.0
92044.0,1.36363995,1.0
92047.0,1.36363995,3.0
92071.0,1.36363995,1.0
92150.0,1.36363995,3.0
92177.0,1.36363995,1.0
92187.0,1.36363995,1.0
92210.0,1.36363995,3.0
92243.0,1.36363995,1.0
92264.0,1.36363995,2.0
92271.0,1.36363995,2.0
92299.0,1.36363995,1.0
92313.0,1.36363995,1.0
92318.0,1.36363995,3.0
92331.0,1.36363995,1.0
92345.0,1.36363995,1.0
92354.0,1.36363995,3.0
92358.0,1.36363995,1.0
92368.0,1.36363995,3.0
92389.0,1.36363995,4.0
92397.0,1.36363995,1.0
92401.0,1.36363995,2.0
92404.0,1.36363995,2.0
92413.0,1.36363995,3.0
92424.0,1.36363995,1.0
92430.0,1.36363995,1.0
92461.0,1.36363995,4.0
92514.0,1.36363995,1.0
92542.0,1.36363995,1.0
92557.0,1.36363995,2.0
92601.0,1.36363995,1.0
92629.0,1.36363995,1.0
92633.0,1.36363995,3.0
92634.0,1.36363995,2.0
92702.0,1.36363995,1.0
92716.0,1.36363995,3.0
92725.0,1.36363995,3.0
92760.0,1.36363995,3.0
92766.0,1.36363995,1.0
92819.0,1.36363995,1.0
92861.0,1.36363995,3.0
92886.0,1.36363995,1.0
92888.0,1.36363995,1.0
92894.0,1.36363995,2.0
92945.0,1.36363995,1.0
92997.0,1.36363995,1.0
93055.0,1.36363995,1.0
93056.0,1.36363995,1.0
93063.0,1.36363995,3.0
93089.0,1.36363995,1.0
93110.0,1.36363995,3.0
93120.0,1.36363995,2.0
93124.0,1.36363995,1.0
93135.0,1.36363995,1.0
93145.0,1.36363995,3.0
93205.0,1.36363995,4.0
93213.0,1.36363995,4.0
93218.0,1.36363995,2.0
93240.0,1.36363995,1.0
93252.0,1.36363995,3.0
93275.0,1.36363995,1.0
93287.0,1.36363995,1.0
93297.0,1.36363995,1.0
93303.0,1.36363995,1.0
93310.0,1.36363995,1.0
93319.0,1.36363995,1.0
93345.0,1.36363995,1.0
93372.0,1.36363995,1.0
93376.0,1.36363995,3.0
93410.0,1.36363995,1.0
93411.0,1.36363995,2.0
93454.0,1.36363995,3.0
93459.0,1.36363995,1.0
93461.0,1.36363995,1.0
93474.0,1.36363995,1.0
93493.0,1.36363995,2.0
93501.0,1.36363995,1.0
93514.0,1.36363995,4.0
93527.0,1.36363995,1.0
93530.0,1.36363995,2.0
93550.0,1.36363995,3.0
93588.0,1.36363995,1.0
93642.0,1.36363995,1.0
93655.0,1.36363995,2.0
93671.0,1.36363995,1.0
93682.0,1.36363995,3.0
93711.0,1.36363995,3.0
93717.0,1.36363995,1.0
93767.0,1.36363995,1.0
93771.0,1.36363995,1.0
93777.0,1.36363995,1.0
93809.0,1.36363995,2.0
93813.0,1.36363995,3.0
93818.0,1.36363995,3.0
93853.0,1.36363995,1.0
93859.0,1.36363995,1.0
93881.0,1.36363995,1.0
93936.0,1.36363995,1.0
93937.0,1.36363995,1.0
93944.0,1.36363995,1.0
93953.0,1.36363995,1.0
93982.0,1.36363995,1.0
93994.0,1.36363995,1.0
93995.0,1.36363995,1.0
94004.0,1.36363995,3.0
94015.0,1.36363995,1.0
94034.0,1.36363995,1.0
94038.0,1.36363995,1.0
94043.0,1.36363995,1.0
94100.0,1.36363995,1.0
94103.0,1.36363995,4.0
94130.0,1.36363995,1.0
94139.0,1.36363995,1.0
94165.0,1.36363995,4.0
94187.0,1.36363995,1.0
94192.0,1.36363995,2.0
94211.0,1.36363995,1.0
94237.0,1.36363995,2.0
94251.0,1.36363995,2.0
94262.0,1.36363995,3.0
94274.0,1.36363995,3.0
94285.0,1.36363995,4.0
94288.0,1.36363995,1.0
94294.0,1.36363995,1.0
94308.0,1.36363995,4.0
94312.0,1.36363995,1.0
94349.0,1.36363995,1.0
94362.0,1.36363995,4.0
94408.0,1.36363995,3.0
94412.0,1.36363995,1.0
94417.0,1.36363995,1.0
94424.0,1.36363995,1.0
94431.0,1.36363995,3.0
94432.0,1.36363995,1.0
94455.0,1.36363995,2.0
94472.0,1.36363995,1.0
94484.0,1.36363995,1.0
94487.0,1.36363995,1.0
94499.0,1.36363995,1.0
94505.0,1.36363995,1.0
94518.0,1.36363995,2.0
94522.0,1.36363995,1.0
94523.0,1.36363995,1.0
94546.0,1.36363995,2.0
94575.0,1.36363995,1.0
94579.0,1.36363995,2.0
94616.0,1.36363995,1.0
94675.0,1.36363995,1.0
94691.0,1.36363995,3.0
94704.0,1.36363995,1.0
94721.0,1.36363995,1.0
94726.0,1.36363995,1.0
94727.0,1.36363995,1.0
94737.0,1.36363995,3.0
94780.0,1.36363995,2.0
94811.0,1.36363995,1.0
94822.0,1.36363995,1.0
94833.0,1.36363995,1.0
94835.0,1.36363995,1.0
94853.0,1.36363995,1.0
94866.0,1.36363995,3.0
94890.0,1.36363995,2.0
94903.0,1.36363995,1.0
94906.0,1.36363995,1.0
94917.0,1.36363995,3.0
94927.0,1.36363995,1.0
94928.0,1.36363995,2.0
94936.0,1.36363995,3.0
94943.0,1.36363995,1.0
94976.0,1.36363995,1.0
94977.0,1.36363995,1.0
94981.0,1.36363995,1.0
94996.0,1.36363995,1.0
95005.0,1.36363995,3.0
95030.0,1.36363995,1.0
95044.0,1.36363995,1.0
95122.0,1.36363995,1.0
95146.0,1.36363995,3.0
95157.0,1.36363995,1.0
95159.0,1.36363995,2.0
95160.0,1.36363995,2.0
95191.0,1.36363995,2.0
95212.0,1.36363995,1.0
95223.0,1.36363995,1.0
95260.0,1.36363995,1.0
95281.0,1.36363995,1.0
95304.0,1.36363995,1.0
95305.0,1.36363995,1.0
95318.0,1.36363995,3.0
95353.0,1.36363995,2.0
95354.0,1.36363995,1.0
95390.0,1.36363995,2.0
95429.0,1.36363995,1.0
95448.0,1.36363995,1.0
95456.0,1.36363995,1.0
95470.0,1.36363995,1.0
95474.0,1.36363995,3.0
95488.0,1.36363995,3.0
95521.0,1.36363995,1.0
95532.0,1.36363995,1.0
95540.0,1.36363995,1.0
95555.0,1.36363995,3.0
95615.0,1.36363995,1.0
95629.0,1.36363995,1.0
95642.0,1.36363995,1.0
95652.0,1.36363995,1.0
95660.0,1.36363995,1.0
95747.0,1.36363995,3.0
95785.0,1.36363995,1.0
95803.0,1.36363995,4.0
95815.0,1.36363995,3.0
95818.0,1.36363995,3.0
95856.0,1.36363995,2.0
95866.0,1.36363995,1.0
95895.0,1.36363995,2.0
95918.0,1.36363995,1.0
95936.0,1.36363995,2.0
95941.0,1.36363995,1.0
95944.0,1.36363995,1.0
95945.0,1.36363995,2.0
95950.0,1.36363995,2.0
95951.0,1.36363995,1.0
95986.0,1.36363995,1.0
95987.0,1.36363995,1.0
95997.0,1.36363995,1.0
96046.0,1.36363995,3.0
96048.0,1.36363995,1.0
96059.0,1.36363995,2.0
96123.0,1.36363995,1.0
96125.0,1.36363995,3.0
96162.0,1.36363995,1.0
96166.0,1.36363995,2.0
96199.0,1.36363995,1.0
96227.0,1.36363995,1.0
96241.0,1.36363995,1.0
96266.0,1.36363995,2.0
96270.0,1.36363995,2.0
96290.0,1.36363995,1.0
96295.0,1.36363995,3.0
96337.0,1.36363995,3.0
96344.0,1.36363995,2.0
96436.0,1.36363995,3.0
96463.0,1.36363995,1.0
96483.0,1.36363995,3.0
96485.0,1.36363995,1.0
96519.0,1.36363995,1.0
96539.0,1.36363995,1.0
96556.0,1.36363995,2.0
96573.0,1.36363995,1.0
96584.0,1.36363995,1.0
96636.0,1.36363995,1.0
96686.0,1.36363995,1.0
96707.0,1.36363995,1.0
96747.0,1.36363995,1.0
96757.0,1.36363995,1.0
96767.0,1.36363995,2.0
96793.0,1.36363995,1.0
96814.0,1.36363995,1.0
96818.0,1.36363995,1.0
96820.0,1.36363995,3.0
96834.0,1.36363995,1.0
96837.0,1.36363995,1.0
96840.0,1.36363995,3.0
96850.0,1.36363995,1.0
96888.0,1.36363995,1.0
96909.0,1.36363995,1.0
96913.0,1.36363995,2.0
96923.0,1.36363995,1.0
96924.0,1.36363995,1.0
96928.0,1.36363995,1.0
96949.0,1.36363995,1.0
96969.0,1.36363995,1.0
96970.0,1.36363995,1.0
96973.0,1.36363995,1.0
96986.0,1.36363995,3.0
97080.0,1.36363995,1.0
97086.0,1.36363995,1.0
97087.0,1.36363995,1.0
97126.0,1.36363995,2.0
97177.0,1.36363995,3.0
97197.0,1.36363995,1.0
97199.0,1.36363995,1.0
97238.0,1.36363995,1.0
97268.0,1.36363995,1.0
97270.0,1.36363995,1.0
97276.0,1.36363995,1.0
97286.0,1.36363995,3.0
97300.0,1.36363995,1.0
97308.0,1.36363995,3.0
97334.0,1.36363995,1.0
97341.0,1.36363995,1.0
97342.0,1.36363995,1.0
97356.0,1.36363995,3.0
97357.0,1.36363995,1.0
97369.0,1.36363995,3.0
97370.0,1.36363995,1.0
97406.0,1.36363995,3.0
97428.0,1.36363995,1.0
97453.0,1.36363995,1.0
97463.0,1.36363995,1.0
97466.0,1.36363995,1.0
97471.0,1.36363995,3.0
97525.0,1.36363995,3.0
97535.0,1.36363995,4.0
97537.0,1.36363995,1.0
97543.0,1.36363995,1.0
97620.0,1.36363995,2.0
97624.0,1.36363995,1.0
97642.0,1.36363995,1.0
97673.0,1.36363995,1.0
97699.0,1.36363995,3.0
97711.0,1.36363995,3.0
97752.0,1.36363995,2.0
97755.0,1.36363995,1.0
97765.0,1.36363995,3.0
97817.0,1.36363995,3.0
97829.0,1.36363995,4.0
97870.0,1.36363995,1.0
97878.0,1.36363995,1.0
97879.0,1.36363995,1.0
97917.0,1.36363995,2.0
97923.0,1.36363995,1.0
97941.0,1.36363995,2.0
97947.0,1.36363995,1.0
97991.0,1.36363995,2.0
98008.0,1.36363995,1.0
98031.0,1.36363995,3.0
98050.0,1.36363995,1.0
98053.0,1.36363995,1.0
98080.0,1.36363995,2.0
98086.0,1.36363995,2.0
98088.0,1.36363995,2.0
98105.0,1.36363995,3.0
98113.0,1.36363995,3.0
98117.0,1.36363995,1.0
98146.0,1.36363995,3.0
98154.0,1.36363995,1.0
98161.0,1.36363995,1.0
98188.0,1.36363995,3.0
98234.0,1.36363995,1.0
98259.0,1.36363995,1.0
98276.0,1.36363995,2.0
98333.0,1.36363995,1.0
98352.0,1.36363995,3.0
98356.0,1.36363995,3.0
98366.0,1.36363995,1.0
98392.0,1.36363995,1.0
98431.0,1.36363995,1.0
98453.0,1.36363995,3.0
98469.0,1.36363995,3.0
98485.0,1.36363995,1.0
98513.0,1.36363995,1.0
98519.0,1.36363995,1.0
98524.0,1.36363995,1.0
98535.0,1.36363995,1.0
98553.0,1.36363995,1.0
98580.0,1.36363995,1.0
98678.0,1.36363995,4.0
98679.0,1.36363995,1.0
98700.0,1.36363995,1.0
98703.0,1.36363995,1.0
98718.0,1.36363995,3.0
98725.0,1.36363995,3.0
98752.0,1.36363995,3.0
98769.0,1.36363995,3.0
98795.0,1.36363995,2.0
98796.0,1.36363995,3.0
98841.0,1.36363995,3.0
98846.0,1.36363995,1.0
98857.0,1.36363995,1.0
98868.0,1.36363995,1.0
98869.0,1.36363995,2.0
98879.0,1.36363995,1.0
98904.0,1.36363995,1.0
98912.0,1.36363995,1.0
98917.0,1.36363995,1.0
98921.0,1.36363995,1.0
98933.0,1.36363995,1.0
99009.0,1.36363995,2.0
99050.0,1.36363995,3.0
99054.0,1.36363995,1.0
99059.0,1.36363995,1.0
99085.0,1.36363995,3.0
99154.0,1.36363995,1.0
99185.0,1.36363995,2.0
99202.0,1.36363995,1.0
99215.0,1.36363995,1.0
99234.0,1.36363995,1.0
99250.0,1.36363995,1.0
99295.0,1.36363995,3.0
99298.0,1.36363995,2.0
99318.0,1.36363995,1.0
99353.0,1.36363995,2.0
99381.0,1.36363995,2.0
99385.0,1.36363995,1.0
99387.0,1.36363995,1.0
99389.0,1.36363995,1.0
99406.0,1.36363995,1.0
99434.0,1.36363995,2.0
99477.0,1.36363995,2.0
99510.0,1.36363995,2.0
99515.0,1.36363995,1.0
99527.0,1.36363995,1.0
99533.0,1.36363995,1.0
99549.0,1.36363995,2.0
99550.0,1.36363995,1.0
99556.0,1.36363995,1.0
99586.0,1.36363995,1.0
99661.0,1.36363995,1.0
99682.0,1.36363995,2.0
99684.0,1.36363995,3.0
99723.0,1.36363995,1.0
99728.0,1.36363995,1.0
99730.0,1.36363995,1.0
99749.0,1.36363995,1.0
99754.0,1.36363995,2.0
99826.0,1.36363995,1.0
99828.0,1.36363995,2.0
99841.0,1.36363995,3.0
99842.0,1.36363995,1.0
99847.0,1.36363995,1.0
99891.0,1.36363995,3.0
99917.0,1.36363995,1.0
99932.0,1.36363995,1.0
90024.0,1.36363995,2.0
90040.0,1.36363995,1.0
90064.0,1.36363995,1.0
90070.0,1.36363995,2.0
90106.0,1.36363995,2.0
90107.0,1.36363995,1.0
90109.0,1.36363995,2.0
90136.0,1.36363995,1.0
90210.0,1.36363995,2.0
90235.0,1.36363995,1.0
90238.0,1.36363995,1.0
90278.0,1.36363995,1.0
90373.0,1.36363995,3.0
90381.0,1.36363995,1.0
90389.0,1.36363995,1.0
90400.0,1.36363995,1.0
90508.0,1.36363995,1.0
90543.0,1.36363995,1.0
90551.0,1.36363995,2.0
90585.0,1.36363995,2.0
90737.0,1.36363995,1.0
90756.0,1.36363995,1.0
90783.0,1.36363995,2.0
90788.0,1.36363995,1.0
90849.0,1.36363995,1.0
90914.0,1.36363995,3.0
90973.0,1.36363995,3.0
90997.0,1.36363995,1.0
91000.0,1.36363995,1.0
91078.0,1.36363995,1.0
91099.0,1.36363995,3.0
91103.0,1.36363995,1.0
91118.0,1.36363995,2.0
91124.0,1.36363995,1.0
91151.0,1.36363995,1.0
91179.0,1.36363995,1.0
91212.0,1.36363995,2.0
91238.0,1.36363995,1.0
91316.0,1.36363995,1.0
91396.0,1.36363995,1.0
91479.0,1.36363995,1.0
91486.0,1.36363995,1.0
91537.0,1.36363995,3.0
91563.0,1.36363995,1.0
91576.0,1.36363995,1.0
91580.0,1.36363995,1.0
91600.0,1.36363995,1.0
91603.0,1.36363995,1.0
91811.0,1.36363995,1.0
91824.0,1.36363995,1.0
91906.0,1.36363995,1.0
91982.0,1.36363995,1.0
92026.0,1.36363995,2.0
92094.0,1.36363995,1.0
92173.0,1.36363995,1.0
92273.0,1.36363995,1.0
92303.0,1.36363995,2.0
92339.0,1.36363995,2.0
92372.0,1.36363995,1.0
92403.0,1.36363995,1.0
92503.0,1.36363995,1.0
92511.0,1.36363995,1.0
92571.0,1.36363995,1.0
92624.0,1.36363995,1.0
92764.0,1.36363995,1.0
92818.0,1.36363995,2.0
92829.0,1.36363995,1.0
92837.0,1.36363995,2.0
92871.0,1.36363995,1.0
92872.0,1.36363995,1.0
92915.0,1.36363995,2.0
92949.0,1.36363995,1.0
92978.0,1.36363995,1.0
93019.0,1.36363995,2.0
93027.0,1.36363995,1.0
93088.0,1.36363995,1.0
93093.0,1.36363995,1.0
93108.0,1.36363995,1.0
93147.0,1.36363995,1.0
93162.0,1.36363995,1.0
93197.0,1.36363995,2.0
93203.0,1.36363995,1.0
93251.0,1.36363995,3.0
93254.0,1.36363995,2.0
93290.0,1.36363995,1.0
93302.0,1.36363995,1.0
93340.0,1.36363995,1.0
93341.0,1.36363995,1.0
93392.0,1.36363995,1.0
93414.0,1.36363995,1.0
93495.0,1.36363995,2.0
93517.0,1.36363995,2.0
93529.0,1.36363995,2.0
93566.0,1.36363995,1.0
93568.0,1.36363995,1.0
93644.0,1.36363995,2.0
93653.0,1.36363995,1.0
93660.0,1.36363995,1.0
93775.0,1.36363995,2.0
93857.0,1.36363995,1.0
93889.0,1.36363995,1.0
93984.0,1.36363995,1.0
93996.0,1.36363995,1.0
94023.0,1.36363995,1.0
94028.0,1.36363995,1.0
94045.0,1.36363995,2.0
94135.0,1.36363995,3.0
94138.0,1.36363995,1.0
94184.0,1.36363995,1.0
94253.0,1.36363995,1.0
94281.0,1.36363995,1.0
94337.0,1.36363995,1.0
94343.0,1.36363995,1.0
94344.0,1.36363995,1.0
94345.0,1.36363995,1.0
94348.0,1.36363995,1.0
94352.0,1.36363995,1.0
94364.0,1.36363995,1.0
94430.0,1.36363995,1.0
94543.0,1.36363995,1.0
94549.0,1.36363995,1.0
94614.0,1.36363995,1.0
94615.0,1.36363995,2.0
94640.0,1.36363995,1.0
94654.0,1.36363995,1.0
94739.0,1.36363995,2.0
94802.0,1.36363995,2.0
94909.0,1.36363995,1.0
94966.0,1.36363995,1.0
94975.0,1.36363995,1.0
95022.0,1.36363995,1.0
95043.0,1.36363995,1.0
95050.0,1.36363995,2.0
95051.0,1.36363995,1.0
95105.0,1.36363995,1.0
95200.0,1.36363995,1.0
95204.0,1.36363995,1.0
95278.0,1.36363995,1.0
95306.0,1.36363995,1.0
95314.0,1.36363995,1.0
95357.0,1.36363995,1.0
95401.0,1.36363995,1.0
95407.0,1.36363995,1.0
95419.0,1.36363995,1.0
95437.0,1.36363995,1.0
95451.0,1.36363995,1.0
95465.0,1.36363995,1.0
95503.0,1.36363995,2.0
95534.0,1.36363995,2.0
95548.0,1.36363995,1.0
95549.0,1.36363995,1.0
95596.0,1.36363995,2.0
95608.0,1.36363995,1.0
95610.0,1.36363995,1.0
95626.0,1.36363995,1.0
95636.0,1.36363995,1.0
95639.0,1.36363995,2.0
95698.0,1.36363995,1.0
95728.0,1.36363995,1.0
95749.0,1.36363995,1.0
95773.0,1.36363995,1.0
95805.0,1.36363995,2.0
95814.0,1.36363995,1.0
95965.0,1.36363995,1.0
95989.0,1.36363995,2.0
96009.0,1.36363995,1.0
96062.0,1.36363995,1.0
96095.0,1.36363995,1.0
96172.0,1.36363995,2.0
96180.0,1.36363995,1.0
96322.0,1.36363995,2.0
96334.0,1.36363995,1.0
96446.0,1.36363995,1.0
96450.0,1.36363995,1.0
96465.0,1.36363995,1.0
96520.0,1.36363995,1.0
96540.0,1.36363995,2.0
96590.0,1.36363995,1.0
96592.0,1.36363995,1.0
96634.0,1.36363995,2.0
96790.0,1.36363995,1.0
96813.0,1.36363995,1.0
96859.0,1.36363995,1.0
96860.0,1.36363995,1.0
97083.0,1.36363995,1.0
97089.0,1.36363995,1.0
97145.0,1.36363995,1.0
97170.0,1.36363995,1.0
97187.0,1.36363995,2.0
97210.0,1.36363995,1.0
97273.0,1.36363995,1.0
97298.0,1.36363995,1.0
97348.0,1.36363995,1.0
97366.0,1.36363995,1.0
97434.0,1.36363995,1.0
97482.0,1.36363995,1.0
97487.0,1.36363995,1.0
97558.0,1.36363995,1.0
97563.0,1.36363995,2.0
97590.0,1.36363995,1.0
97612.0,1.36363995,1.0
97636.0,1.36363995,1.0
97659.0,1.36363995,1.0
97710.0,1.36363995,1.0
97721.0,1.36363995,1.0
97761.0,1.36363995,1.0
97773.0,1.36363995,1.0
97819.0,1.36363995,1.0
97840.0,1.36363995,1.0
97852.0,1.36363995,1.0
97859.0,1.36363995,2.0
97877.0,1.36363995,3.0
97943.0,1.36363995,1.0
97948.0,1.36363995,1.0
97957.0,1.36363995,1.0
98025.0,1.36363995,1.0
98041.0,1.36363995,1.0
98062.0,1.36363995,1.0
98189.0,1.36363995,1.0
98207.0,1.36363995,1.0
98230.0,1.36363995,1.0
98233.0,1.36363995,1.0
98245.0,1.36363995,1.0
98247.0,1.36363995,1.0
98388.0,1.36363995,1.0
98462.0,1.36363995,1.0
98473.0,1.36363995,2.0
98499.0,1.36363995,1.0
98783.0,1.36363995,1.0
98930.0,1.36363995,2.0
98972.0,1.36363995,2.0
99017.0,1.36363995,1.0
99026.0,1.36363995,1.0
99082.0,1.36363995,1.0
99133.0,1.36363995,1.0
99151.0,1.36363995,1.0
99177.0,1.36363995,1.0
99189.0,1.36363995,1.0
99218.0,1.36363995,1.0
99233.0,1.36363995,1.0
99270.0,1.36363995,2.0
99320.0,1.36363995,1.0
99338.0,1.36363995,1.0
99363.0,1.36363995,1.0
99371.0,1.36363995,1.0
99408.0,1.36363995,1.0
99447.0,1.36363995,1.0
99622.0,1.36363995,2.0
99626.0,1.36363995,2.0
99693.0,1.36363995,1.0
99857.0,1.36363995,1.0
99919.0,1.36363995,1.0
99929.0,1.36363995,3.0
99937.0,1.36363995,1.0
99944.0,1.36363995,2.0
99981.0,1.36363995,1.0
100024.0,1.40403998,3.0
100032.0,1.40403998,1.0
100036.0,1.40403998,2.0
100070.0,1.40403998,2.0
100085.0,1.40403998,2.0
100136.0,1.40403998,1.0
100199.0,1.40403998,3.0
100209.0,1.40403998,1.0
100238.0,1.40403998,2.0
100268.0,1.40403998,1.0
100316.0,1.40403998,2.0
100346.0,1.40403998,1.0
100349.0,1.40403998,1.0
100383.0,1.40403998,2.0
100400.0,1.40403998,1.0
100402.0,1.40403998,1.0
100441.0,1.40403998,1.0
100474.0,1.40403998,1.0
100508.0,1.40403998,2.0
100531.0,1.40403998,1.0
100551.0,1.40403998,2.0
100554.0,1.40403998,2.0
100585.0,1.40403998,1.0
100620.0,1.40403998,2.0
100628.0,1.40403998,1.0
100653.0,1.40403998,1.0
100665.0,1.40403998,2.0
100673.0,1.40403998,1.0
100677.0,1.40403998,1.0
100680.0,1.40403998,1.0
100687.0,1.40403998,1.0
100702.0,1.40403998,1.0
100718.0,1.40403998,1.0
100756.0,1.40403998,2.0
100783.0,1.40403998,1.0
100788.0,1.40403998,2.0
100790.0,1.40403998,1.0
100796.0,1.40403998,1.0
100836.0,1.40403998,1.0
100837.0,1.40403998,1.0
100841.0,1.40403998,2.0
100846.0,1.40403998,3.0
100849.0,1.40403998,1.0
100889.0,1.40403998,2.0
100904.0,1.40403998,1.0
100914.0,1.40403998,2.0
100973.0,1.40403998,3.0
100982.0,1.40403998,2.0
100997.0,1.40403998,2.0
100998.0,1.40403998,1.0
100999.0,1.40403998,1.0
101031.0,1.40403998,1.0
101046.0,1.40403998,2.0
101078.0,1.40403998,2.0
101099.0,1.40403998,3.0
101108.0,1.40403998,2.0
101122.0,1.40403998,1.0
101124.0,1.40403998,2.0
101147.0,1.40403998,2.0
101151.0,1.40403998,1.0
101179.0,1.40403998,1.0
101202.0,1.40403998,3.0
101212.0,1.40403998,1.0
101216.0,1.40403998,1.0
101247.0,1.40403998,1.0
101266.0,1.40403998,2.0
101288.0,1.40403998,1.0
101290.0,1.40403998,1.0
101316.0,1.40403998,2.0
101325.0,1.40403998,1.0
101341.0,1.40403998,1.0
101396.0,1.40403998,2.0
101432.0,1.40403998,1.0
101436.0,1.40403998,1.0
101439.0,1.40403998,1.0
101453.0,1.40403998,1.0
101486.0,1.40403998,1.0
101534.0,1.40403998,1.0
101535.0,1.40403998,1.0
101537.0,1.40403998,2.0
101566.0,1.40403998,1.0
101580.0,1.40403998,2.0
101589.0,1.40403998,1.0
101603.0,1.40403998,2.0
101609.0,1.40403998,1.0
101611.0,1.40403998,1.0
101645.0,1.40403998,2.0
101684.0,1.40403998,1.0
101695.0,1.40403998,1.0
101713.0,1.40403998,1.0
101730.0,1.40403998,1.0
101741.0,1.40403998,2.0
101777.0,1.40403998,2.0
101781.0,1.40403998,1.0
101790.0,1.40403998,1.0
101824.0,1.40403998,1.0
101826.0,1.40403998,3.0
101905.0,1.40403998,1.0
101906.0,1.40403998,1.0
101907.0,1.40403998,1.0
101921.0,1.40403998,2.0
101938.0,1.40403998,1.0
101964.0,1.40403998,2.0
101972.0,1.40403998,1.0
101986.0,1.40403998,1.0
101997.0,1.40403998,2.0
102015.0,1.40403998,1.0
102026.0,1.40403998,1.0
102043.0,1.40403998,2.0
102047.0,1.40403998,1.0
102062.0,1.40403998,1.0
102078.0,1.40403998,1.0
102087.0,1.40403998,1.0
102089.0,1.40403998,1.0
102156.0,1.40403998,1.0
102173.0,1.40403998,1.0
102202.0,1.40403998,1.0
102210.0,1.40403998,1.0
102239.0,1.40403998,1.0
102264.0,1.40403998,1.0
102339.0,1.40403998,2.0
102340.0,1.40403998,1.0
102354.0,1.40403998,2.0
102358.0,1.40403998,1.0
102372.0,1.40403998,1.0
102376.0,1.40403998,2.0
102389.0,1.40403998,2.0
102393.0,1.40403998,1.0
102397.0,1.40403998,1.0
102404.0,1.40403998,2.0
102409.0,1.40403998,1.0
102413.0,1.40403998,1.0
102414.0,1.40403998,1.0
102438.0,1.40403998,1.0
102453.0,1.40403998,1.0
102503.0,1.40403998,1.0
102568.0,1.40403998,1.0
102571.0,1.40403998,1.0
102624.0,1.40403998,1.0
102633.0,1.40403998,2.0
102634.0,1.40403998,2.0
102646.0,1.40403998,1.0
102711.0,1.40403998,1.0
102725.0,1.40403998,1.0
102736.0,1.40403998,1.0
102738.0,1.40403998,1.0
102764.0,1.40403998,2.0
102775.0,1.40403998,1.0
102777.0,1.40403998,1.0
102807.0,1.40403998,1.0
102820.0,1.40403998,1.0
102825.0,1.40403998,1.0
102830.0,1.40403998,1.0
102837.0,1.40403998,2.0
102861.0,1.40403998,2.0
102915.0,1.40403998,1.0
102978.0,1.40403998,2.0
103019.0,1.40403998,1.0
103027.0,1.40403998,2.0
103048.0,1.40403998,3.0
103063.0,1.40403998,2.0
103071.0,1.40403998,2.0
103088.0,1.40403998,2.0
103093.0,1.40403998,4.0
103108.0,1.40403998,4.0
103110.0,1.40403998,2.0
103120.0,1.40403998,1.0
103142.0,1.40403998,2.0
103145.0,1.40403998,1.0
103147.0,1.40403998,1.0
103170.0,1.40403998,1.0
103197.0,1.40403998,1.0
103203.0,1.40403998,1.0
103213.0,1.40403998,2.0
103251.0,1.40403998,3.0
103254.0,1.40403998,2.0
103271.0,1.40403998,2.0
103290.0,1.40403998,1.0
103314.0,1.40403998,1.0
103340.0,1.40403998,1.0
103341.0,1.40403998,2.0
103345.0,1.40403998,1.0
103381.0,1.40403998,1.0
103392.0,1.40403998,2.0
103411.0,1.40403998,1.0
103454.0,1.40403998,2.0
103457.0,1.40403998,1.0
103461.0,1.40403998,1.0
103492.0,1.40403998,1.0
103493.0,1.40403998,2.0
103495.0,1.40403998,2.0
103512.0,1.40403998,2.0
103529.0,1.40403998,2.0
103544.0,1.40403998,1.0
103550.0,1.40403998,2.0
103552.0,1.40403998,1.0
103566.0,1.40403998,1.0
103568.0,1.40403998,2.0
103588.0,1.40403998,1.0
103615.0,1.40403998,1.0
103619.0,1.40403998,1.0
103644.0,1.40403998,2.0
103649.0,1.40403998,1.0
103660.0,1.40403998,3.0
103682.0,1.40403998,1.0
103696.0,1.40403998,1.0
103711.0,1.40403998,1.0
103775.0,1.40403998,2.0
103777.0,1.40403998,2.0
103800.0,1.40403998,1.0
103813.0,1.40403998,2.0
103818.0,1.40403998,2.0
103857.0,1.40403998,1.0
103886.0,1.40403998,1.0
103889.0,1.40403998,1.0
103977.0,1.40403998,1.0
103984.0,1.40403998,2.0
104001.0,1.40403998,2.0
104004.0,1.40403998,1.0
104015.0,1.40403998,1.0
104023.0,1.40403998,1.0
104025.0,1.40403998,1.0
104038.0,1.40403998,1.0
104043.0,1.40403998,1.0
104050.0,1.40403998,1.0
104054.0,1.40403998,1.0
104059.0,1.40403998,1.0
104096.0,1.40403998,1.0
104138.0,1.40403998,2.0
104171.0,1.40403998,2.0
104203.0,1.40403998,2.0
104211.0,1.40403998,1.0
104233.0,1.40403998,1.0
104251.0,1.40403998,1.0
104255.0,1.40403998,2.0
104258.0,1.40403998,1.0
104262.0,1.40403998,1.0
104264.0,1.40403998,4.0
104274.0,1.40403998,2.0
104281.0,1.40403998,1.0
104285.0,1.40403998,2.0
104343.0,1.40403998,2.0
104345.0,1.40403998,1.0
104362.0,1.40403998,2.0
104364.0,1.40403998,2.0
104407.0,1.40403998,1.0
104408.0,1.40403998,2.0
104426.0,1.40403998,1.0
104432.0,1.40403998,1.0
104433.0,1.40403998,1.0
104450.0,1.40403998,1.0
104461.0,1.40403998,1.0
104476.0,1.40403998,2.0
104480.0,1.40403998,1.0
104521.0,1.40403998,1.0
104543.0,1.40403998,1.0
104570.0,1.40403998,1.0
104615.0,1.40403998,1.0
104640.0,1.40403998,2.0
104654.0,1.40403998,1.0
104691.0,1.40403998,2.0
104721.0,1.40403998,1.0
104739.0,1.40403998,2.0
104784.0,1.40403998,1.0
104802.0,1.40403998,2.0
104822.0,1.40403998,1.0
104823.0,1.40403998,1.0
104839.0,1.40403998,1.0
104841.0,1.40403998,1.0
104866.0,1.40403998,2.0
104876.0,1.40403998,1.0
104890.0,1.40403998,2.0
104909.0,1.40403998,1.0
104917.0,1.40403998,2.0
104929.0,1.40403998,1.0
104936.0,1.40403998,1.0
104966.0,1.40403998,2.0
104975.0,1.40403998,2.0
105005.0,1.40403998,2.0
105022.0,1.40403998,2.0
105044.0,1.40403998,1.0
105050.0,1.40403998,3.0
105051.0,1.40403998,2.0
105059.0,1.40403998,1.0
105068.0,1.40403998,1.0
105069.0,1.40403998,1.0
105159.0,1.40403998,2.0
105191.0,1.40403998,2.0
105204.0,1.40403998,2.0
105247.0,1.40403998,1.0
105253.0,1.40403998,2.0
105278.0,1.40403998,1.0
105314.0,1.40403998,1.0
105318.0,1.40403998,1.0
105328.0,1.40403998,2.0
105353.0,1.40403998,2.0
105357.0,1.40403998,1.0
105419.0,1.40403998,2.0
105429.0,1.40403998,1.0
105437.0,1.40403998,2.0
105451.0,1.40403998,3.0
105456.0,1.40403998,1.0
105465.0,1.40403998,2.0
105474.0,1.40403998,2.0
105503.0,1.40403998,1.0
105521.0,1.40403998,1.0
105534.0,1.40403998,2.0
105543.0,1.40403998,1.0
105548.0,1.40403998,2.0
105549.0,1.40403998,2.0
105555.0,1.40403998,2.0
105564.0,1.40403998,1.0
105573.0,1.40403998,1.0
105608.0,1.40403998,2.0
105615.0,1.40403998,1.0
105621.0,1.40403998,2.0
105626.0,1.40403998,1.0
105652.0,1.40403998,2.0
105728.0,1.40403998,2.0
105747.0,1.40403998,2.0
105805.0,1.40403998,1.0
105844.0,1.40403998,1.0
105848.0,1.40403998,1.0
105856.0,1.40403998,1.0
105867.0,1.40403998,1.0
105874.0,1.40403998,1.0
105893.0,1.40403998,1.0
105945.0,1.40403998,2.0
105989.0,1.40403998,2.0
105999.0,1.40403998,1.0
106009.0,1.40403998,1.0
106012.0,1.40403998,1.0
106013.0,1.40403998,1.0
106046.0,1.40403998,2.0
106057.0,1.40403998,1.0
106059.0,1.40403998,2.0
106062.0,1.40403998,1.0
106076.0,1.40403998,1.0
106113.0,1.40403998,1.0
106125.0,1.40403998,1.0
106131.0,1.40403998,1.0
106172.0,1.40403998,1.0
106224.0,1.40403998,1.0
106227.0,1.40403998,1.0
106248.0,1.40403998,1.0
106276.0,1.40403998,2.0
106322.0,1.40403998,2.0
106326.0,1.40403998,4.0
106337.0,1.40403998,2.0
106344.0,1.40403998,2.0
106388.0,1.40403998,1.0
106410.0,1.40403998,1.0
106446.0,1.40403998,1.0
106450.0,1.40403998,1.0
106520.0,1.40403998,1.0
106525.0,1.40403998,1.0
106536.0,1.40403998,1.0
106540.0,1.40403998,2.0
106556.0,1.40403998,3.0
106590.0,1.40403998,4.0
106602.0,1.40403998,1.0
106604.0,1.40403998,1.0
106632.0,1.40403998,1.0
106747.0,1.40403998,1.0
106790.0,1.40403998,2.0
106794.0,1.40403998,1.0
106813.0,1.40403998,1.0
106814.0,1.40403998,2.0
106820.0,1.40403998,1.0
106834.0,1.40403998,1.0
106840.0,1.40403998,2.0
106859.0,1.40403998,2.0
106860.0,1.40403998,2.0
106949.0,1.40403998,1.0
106953.0,1.40403998,1.0
106986.0,1.40403998,2.0
106994.0,1.40403998,1.0
107089.0,1.40403998,1.0
107126.0,1.40403998,3.0
107145.0,1.40403998,1.0
107150.0,1.40403998,1.0
107210.0,1.40403998,2.0
107219.0,1.40403998,1.0
107226.0,1.40403998,2.0
107276.0,1.40403998,1.0
107298.0,1.40403998,1.0
107341.0,1.40403998,1.0
107348.0,1.40403998,4.0
107349.0,1.40403998,1.0
107356.0,1.40403998,2.0
107415.0,1.40403998,2.0
107434.0,1.40403998,4.0
107471.0,1.40403998,4.0
107520.0,1.40403998,2.0
107525.0,1.40403998,1.0
107535.0,1.40403998,1.0
107538.0,1.40403998,1.0
107590.0,1.40403998,2.0
107612.0,1.40403998,2.0
107616.0,1.40403998,3.0
107622.0,1.40403998,1.0
107694.0,1.40403998,2.0
107701.0,1.40403998,2.0
107706.0,1.40403998,2.0
107711.0,1.40403998,3.0
107773.0,1.40403998,1.0
107778.0,1.40403998,2.0
107819.0,1.40403998,2.0
107820.0,1.40403998,1.0
107834.0,1.40403998,1.0
107840.0,1.40403998,1.0
107859.0,1.40403998,1.0
107881.0,1.40403998,1.0
107903.0,1.40403998,1.0
107941.0,1.40403998,4.0
107943.0,1.40403998,1.0
107944.0,1.40403998,1.0
107948.0,1.40403998,2.0
107957.0,1.40403998,1.0
107966.0,1.40403998,1.0
107990.0,1.40403998,1.0
107991.0,1.40403998,2.0
108025.0,1.40403998,1.0
108055.0,1.40403998,1.0
108058.0,1.40403998,1.0
108086.0,1.40403998,2.0
108088.0,1.40403998,2.0
108113.0,1.40403998,2.0
108117.0,1.40403998,1.0
108146.0,1.40403998,2.0
108163.0,1.40403998,1.0
108171.0,1.40403998,3.0
108188.0,1.40403998,1.0
108196.0,1.40403998,1.0
108205.0,1.40403998,1.0
108207.0,1.40403998,2.0
108230.0,1.40403998,1.0
108247.0,1.40403998,1.0
108264.0,1.40403998,1.0
108276.0,1.40403998,4.0
108305.0,1.40403998,2.0
108356.0,1.40403998,1.0
108366.0,1.40403998,1.0
108388.0,1.40403998,1.0
108436.0,1.40403998,1.0
108453.0,1.40403998,2.0
108462.0,1.40403998,2.0
108469.0,1.40403998,2.0
108473.0,1.40403998,2.0
108499.0,1.40403998,3.0
108513.0,1.40403998,2.0
108565.0,1.40403998,1.0
108570.0,1.40403998,1.0
108621.0,1.40403998,1.0
108636.0,1.40403998,1.0
108678.0,1.40403998,2.0
108718.0,1.40403998,1.0
108725.0,1.40403998,2.0
108752.0,1.40403998,2.0
108769.0,1.40403998,2.0
108777.0,1.40403998,2.0
108783.0,1.40403998,3.0
108794.0,1.40403998,1.0
108795.0,1.40403998,2.0
108825.0,1.40403998,1.0
108879.0,1.40403998,1.0
108885.0,1.40403998,1.0
108897.0,1.40403998,1.0
108898.0,1.40403998,1.0
108930.0,1.40403998,2.0
108972.0,1.40403998,2.0
108986.0,1.40403998,1.0
109029.0,1.40403998,1.0
109043.0,1.40403998,1.0
109082.0,1.40403998,2.0
109085.0,1.40403998,1.0
109096.0,1.40403998,2.0
109133.0,1.40403998,2.0
109151.0,1.40403998,2.0
109190.0,1.40403998,1.0
109206.0,1.40403998,2.0
109233.0,1.40403998,1.0
109295.0,1.40403998,1.0
109318.0,1.40403998,1.0
109320.0,1.40403998,2.0
109363.0,1.40403998,1.0
109387.0,1.40403998,1.0
109440.0,1.40403998,2.0
109447.0,1.40403998,2.0
109477.0,1.40403998,2.0
109494.0,1.40403998,1.0
109510.0,1.40403998,1.0
109515.0,1.40403998,1.0
109591.0,1.40403998,1.0
109622.0,1.40403998,2.0
109626.0,1.40403998,2.0
109628.0,1.40403998,1.0
109658.0,1.40403998,1.0
109681.0,1.40403998,2.0
109693.0,1.40403998,1.0
109747.0,1.40403998,1.0
109775.0,1.40403998,1.0
109806.0,1.40403998,1.0
109828.0,1.40403998,2.0
109841.0,1.40403998,3.0
109857.0,1.40403998,2.0
109891.0,1.40403998,1.0
109919.0,1.40403998,2.0
109929.0,1.40403998,2.0
109944.0,1.40403998,2.0
109981.0,1.40403998,2.0
100005.0,1.40403998,1.0
100027.0,1.40403998,1.0
100063.0,1.40403998,1.0
100064.0,1.40403998,1.0
100080.0,1.40403998,1.0
100123.0,1.40403998,1.0
100291.0,1.40403998,1.0
100327.0,1.40403998,1.0
100389.0,1.40403998,1.0
100515.0,1.40403998,1.0
100543.0,1.40403998,1.0
100642.0,1.40403998,1.0
100681.0,1.40403998,1.0
100683.0,1.40403998,1.0
100690.0,1.40403998,1.0
100884.0,1.40403998,1.0
100976.0,1.40403998,1.0
101048.0,1.40403998,1.0
101103.0,1.40403998,1.0
101158.0,1.40403998,1.0
101203.0,1.40403998,1.0
101427.0,1.40403998,1.0
101479.0,1.40403998,1.0
101494.0,1.40403998,1.0
101512.0,1.40403998,1.0
101563.0,1.40403998,1.0
101585.0,1.40403998,1.0
101600.0,1.40403998,1.0
101629.0,1.40403998,1.0
101687.0,1.40403998,1.0
101756.0,1.40403998,1.0
101811.0,1.40403998,1.0
102177.0,1.40403998,1.0
102216.0,1.40403998,1.0
102318.0,1.40403998,1.0
102331.0,1.40403998,1.0
102401.0,1.40403998,1.0
102511.0,1.40403998,1.0
102871.0,1.40403998,1.0
102886.0,1.40403998,1.0
102894.0,1.40403998,1.0
103005.0,1.40403998,1.0
103089.0,1.40403998,1.0
103218.0,1.40403998,1.0
103252.0,1.40403998,1.0
103303.0,1.40403998,1.0
103414.0,1.40403998,1.0
103474.0,1.40403998,1.0
103514.0,1.40403998,1.0
103517.0,1.40403998,1.0
103577.0,1.40403998,1.0
103655.0,1.40403998,1.0
103809.0,1.40403998,1.0
103827.0,1.40403998,1.0
103996.0,1.40403998,1.0
104107.0,1.40403998,1.0
104135.0,1.40403998,1.0
104192.0,1.40403998,1.0
104294.0,1.40403998,1.0
104308.0,1.40403998,1.0
104337.0,1.40403998,1.0
104344.0,1.40403998,1.0
104424.0,1.40403998,1.0
104430.0,1.40403998,1.0
104455.0,1.40403998,1.0
104572.0,1.40403998,1.0
104579.0,1.40403998,1.0
104614.0,1.40403998,1.0
104704.0,1.40403998,1.0
104928.0,1.40403998,1.0
104977.0,1.40403998,1.0
105030.0,1.40403998,1.0
105074.0,1.40403998,1.0
105160.0,1.40403998,1.0
105200.0,1.40403998,1.0
105344.0,1.40403998,1.0
105354.0,1.40403998,1.0
105407.0,1.40403998,1.0
105446.0,1.40403998,1.0
105540.0,1.40403998,1.0
105542.0,1.40403998,1.0
105596.0,1.40403998,1.0
105639.0,1.40403998,1.0
105749.0,1.40403998,1.0
105773.0,1.40403998,1.0
105950.0,1.40403998,1.0
105969.0,1.40403998,1.0
106095.0,1.40403998,1.0
106118.0,1.40403998,1.0
106180.0,1.40403998,1.0
106241.0,1.40403998,1.0
106539.0,1.40403998,1.0
106573.0,1.40403998,1.0
106634.0,1.40403998,1.0
106767.0,1.40403998,1.0
106913.0,1.40403998,1.0
107080.0,1.40403998,1.0
107148.0,1.40403998,1.0
107187.0,1.40403998,1.0
107238.0,1.40403998,1.0
107255.0,1.40403998,1.0
107268.0,1.40403998,1.0
107273.0,1.40403998,1.0
107286.0,1.40403998,1.0
107322.0,1.40403998,1.0
107357.0,1.40403998,1.0
107453.0,1.40403998,1.0
107558.0,1.40403998,1.0
107620.0,1.40403998,1.0
107636.0,1.40403998,1.0
107752.0,1.40403998,1.0
107829.0,1.40403998,1.0
107852.0,1.40403998,1.0
107877.0,1.40403998,1.0
108050.0,1.40403998,1.0
108080.0,1.40403998,1.0
108233.0,1.40403998,1.0
108259.0,1.40403998,1.0
108686.0,1.40403998,1.0
108732.0,1.40403998,1.0
108788.0,1.40403998,1.0
108805.0,1.40403998,1.0
108814.0,1.40403998,1.0
108829.0,1.40403998,1.0
108912.0,1.40403998,1.0
108993.0,1.40403998,1.0
108994.0,1.40403998,1.0
109009.0,1.40403998,1.0
109177.0,1.40403998,1.0
109321.0,1.40403998,1.0
109338.0,1.40403998,1.0
109353.0,1.40403998,1.0
109371.0,1.40403998,1.0
109381.0,1.40403998,1.0
109434.0,1.40403998,1.0
109586.0,1.40403998,1.0
109937.0,1.40403998,1.0
110005.0,1.44444001,1.0
110027.0,1.44444001,2.0
110029.0,1.44444001,1.0
110036.0,1.44444001,3.0
110063.0,1.44444001,2.0
110070.0,1.44444001,2.0
110085.0,1.44444001,3.0
110106.0,1.44444001,2.0
110144.0,1.44444001,2.0
110217.0,1.44444001,1.0
110240.0,1.44444001,1.0
110278.0,1.44444001,2.0
110291.0,1.44444001,2.0
110314.0,1.44444001,1.0
110316.0,1.44444001,2.0
110334.0,1.44444001,2.0
110366.0,1.44444001,1.0
110373.0,1.44444001,2.0
110383.0,1.44444001,1.0
110388.0,1.44444001,3.0
110400.0,1.44444001,1.0
110402.0,1.44444001,2.0
110403.0,1.44444001,1.0
110438.0,1.44444001,1.0
110439.0,1.44444001,1.0
110442.0,1.44444001,1.0
110461.0,1.44444001,2.0
110462.0,1.44444001,1.0
110474.0,1.44444001,1.0
110482.0,1.44444001,1.0
110487.0,1.44444001,1.0
110490.0,1.44444001,2.0
110503.0,1.44444001,1.0
110515.0,1.44444001,2.0
110525.0,1.44444001,2.0
110541.0,1.44444001,1.0
110543.0,1.44444001,2.0
110557.0,1.44444001,1.0
110592.0,1.44444001,4.0
110604.0,1.44444001,1.0
110620.0,1.44444001,3.0
110634.0,1.44444001,1.0
110642.0,1.44444001,1.0
110680.0,1.44444001,1.0
110683.0,1.44444001,1.0
110687.0,1.44444001,2.0
110690.0,1.44444001,2.0
110702.0,1.44444001,1.0
110730.0,1.44444001,2.0
110760.0,1.44444001,1.0
110788.0,1.44444001,3.0
110800.0,1.44444001,1.0
110810.0,1.44444001,1.0
110821.0,1.44444001,2.0
110842.0,1.44444001,2.0
110846.0,1.44444001,2.0
110848.0,1.44444001,1.0
110858.0,1.44444001,2.0
110870.0,1.44444001,2.0
110884.0,1.44444001,1.0
110889.0,1.44444001,2.0
110899.0,1.44444001,1.0
110912.0,1.44444001,1.0
110913.0,1.44444001,1.0
110918.0,1.44444001,1.0
110924.0,1.44444001,1.0
110973.0,1.44444001,3.0
110976.0,1.44444001,1.0
111006.0,1.44444001,1.0
111008.0,1.44444001,1.0
111041.0,1.44444001,2.0
111048.0,1.44444001,2.0
111077.0,1.44444001,1.0
111090.0,1.44444001,1.0
111099.0,1.44444001,2.0
111118.0,1.44444001,2.0
111158.0,1.44444001,2.0
111161.0,1.44444001,2.0
111170.0,1.44444001,2.0
111203.0,1.44444001,1.0
111235.0,1.44444001,1.0
111256.0,1.44444001,2.0
111261.0,1.44444001,1.0
111266.0,1.44444001,2.0
111286.0,1.44444001,2.0
111298.0,1.44444001,2.0
111308.0,1.44444001,2.0
111316.0,1.44444001,3.0
111318.0,1.44444001,1.0
111338.0,1.44444001,1.0
111354.0,1.44444001,1.0
111381.0,1.44444001,1.0
111390.0,1.44444001,2.0
111396.0,1.44444001,2.0
111406.0,1.44444001,2.0
111416.0,1.44444001,2.0
111417.0,1.44444001,1.0
111448.0,1.44444001,1.0
111451.0,1.44444001,1.0
111454.0,1.44444001,2.0
111512.0,1.44444001,3.0
111536.0,1.44444001,2.0
111537.0,1.44444001,2.0
111544.0,1.44444001,1.0
111568.0,1.44444001,1.0
111580.0,1.44444001,2.0
111602.0,1.44444001,2.0
111603.0,1.44444001,3.0
111635.0,1.44444001,1.0
111645.0,1.44444001,4.0
111666.0,1.44444001,2.0
111683.0,1.44444001,1.0
111698.0,1.44444001,1.0
111741.0,1.44444001,2.0
111754.0,1.44444001,1.0
111817.0,1.44444001,2.0
111820.0,1.44444001,2.0
111843.0,1.44444001,1.0
111846.0,1.44444001,1.0
111848.0,1.44444001,2.0
111874.0,1.44444001,2.0
111876.0,1.44444001,1.0
111908.0,1.44444001,2.0
111921.0,1.44444001,2.0
111938.0,1.44444001,1.0
111964.0,1.44444001,3.0
111983.0,1.44444001,2.0
111997.0,1.44444001,2.0
112026.0,1.44444001,1.0
112029.0,1.44444001,2.0
112043.0,1.44444001,3.0
112044.0,1.44444001,1.0
112111.0,1.44444001,1.0
112123.0,1.44444001,2.0
112162.0,1.44444001,1.0
112195.0,1.44444001,1.0
112278.0,1.44444001,1.0
112312.0,1.44444001,2.0
112313.0,1.44444001,1.0
112331.0,1.44444001,2.0
112332.0,1.44444001,1.0
112342.0,1.44444001,1.0
112345.0,1.44444001,1.0
112352.0,1.44444001,2.0
112354.0,1.44444001,3.0
112355.0,1.44444001,1.0
112365.0,1.44444001,1.0
112376.0,1.44444001,1.0
112389.0,1.44444001,2.0
112397.0,1.44444001,2.0
112401.0,1.44444001,2.0
112434.0,1.44444001,2.0
112459.0,1.44444001,1.0
112511.0,1.44444001,2.0
112514.0,1.44444001,2.0
112542.0,1.44444001,1.0
112561.0,1.44444001,1.0
112576.0,1.44444001,2.0
112596.0,1.44444001,1.0
112597.0,1.44444001,1.0
112601.0,1.44444001,1.0
112629.0,1.44444001,1.0
112634.0,1.44444001,3.0
112655.0,1.44444001,1.0
112686.0,1.44444001,1.0
112700.0,1.44444001,1.0
112726.0,1.44444001,2.0
112750.0,1.44444001,1.0
112764.0,1.44444001,4.0
112786.0,1.44444001,1.0
112787.0,1.44444001,1.0
112819.0,1.44444001,2.0
112861.0,1.44444001,2.0
112875.0,1.44444001,1.0
112876.0,1.44444001,1.0
112878.0,1.44444001,1.0
112886.0,1.44444001,1.0
112888.0,1.44444001,2.0
112890.0,1.44444001,1.0
112892.0,1.44444001,3.0
112949.0,1.44444001,2.0
112959.0,1.44444001,2.0
112974.0,1.44444001,1.0
112978.0,1.44444001,4.0
113005.0,1.44444001,2.0
113027.0,1.44444001,1.0
113048.0,1.44444001,2.0
113056.0,1.44444001,2.0
113057.0,1.44444001,1.0
113063.0,1.44444001,3.0
113065.0,1.44444001,1.0
113071.0,1.44444001,1.0
113076.0,1.44444001,1.0
113090.0,1.44444001,1.0
113110.0,1.44444001,3.0
113124.0,1.44444001,1.0
113142.0,1.44444001,2.0
113147.0,1.44444001,2.0
113159.0,1.44444001,1.0
113179.0,1.44444001,1.0
113203.0,1.44444001,2.0
113213.0,1.44444001,3.0
113214.0,1.44444001,1.0
113220.0,1.44444001,1.0
113251.0,1.44444001,3.0
113271.0,1.44444001,3.0
113275.0,1.44444001,2.0
113287.0,1.44444001,1.0
113297.0,1.44444001,2.0
113300.0,1.44444001,2.0
113305.0,1.44444001,2.0
113314.0,1.44444001,1.0
113319.0,1.44444001,1.0
113341.0,1.44444001,3.0
113357.0,1.44444001,1.0
113363.0,1.44444001,4.0
113364.0,1.44444001,1.0
113372.0,1.44444001,1.0
113396.0,1.44444001,1.0
113426.0,1.44444001,2.0
113436.0,1.44444001,1.0
113451.0,1.44444001,1.0
113461.0,1.44444001,2.0
113490.0,1.44444001,1.0
113494.0,1.44444001,1.0
113495.0,1.44444001,2.0
113501.0,1.44444001,2.0
113506.0,1.44444001,1.0
113517.0,1.44444001,2.0
113521.0,1.44444001,1.0
113544.0,1.44444001,1.0
113550.0,1.44444001,2.0
113568.0,1.44444001,2.0
113577.0,1.44444001,1.0
113626.0,1.44444001,1.0
113642.0,1.44444001,1.0
113655.0,1.44444001,2.0
113672.0,1.44444001,1.0
113697.0,1.44444001,1.0
113721.0,1.44444001,1.0
113739.0,1.44444001,1.0
113745.0,1.44444001,2.0
113753.0,1.44444001,2.0
113767.0,1.44444001,1.0
113771.0,1.44444001,1.0
113775.0,1.44444001,3.0
113777.0,1.44444001,1.0
113813.0,1.44444001,3.0
113827.0,1.44444001,1.0
113850.0,1.44444001,1.0
113881.0,1.44444001,1.0
113936.0,1.44444001,1.0
113944.0,1.44444001,1.0
113985.0,1.44444001,2.0
113987.0,1.44444001,1.0
113994.0,1.44444001,1.0
113995.0,1.44444001,2.0
114034.0,1.44444001,1.0
114040.0,1.44444001,1.0
114045.0,1.44444001,3.0
114047.0,1.44444001,1.0
114100.0,1.44444001,2.0
114102.0,1.44444001,2.0
114107.0,1.44444001,2.0
114130.0,1.44444001,1.0
114139.0,1.44444001,1.0
114140.0,1.44444001,2.0
114142.0,1.44444001,1.0
114145.0,1.44444001,1.0
114150.0,1.44444001,1.0
114173.0,1.44444001,1.0
114187.0,1.44444001,1.0
114227.0,1.44444001,1.0
114232.0,1.44444001,2.0
114261.0,1.44444001,1.0
114268.0,1.44444001,1.0
114270.0,1.44444001,1.0
114274.0,1.44444001,2.0
114285.0,1.44444001,3.0
114288.0,1.44444001,2.0
114318.0,1.44444001,1.0
114337.0,1.44444001,3.0
114417.0,1.44444001,2.0
114421.0,1.44444001,2.0
114430.0,1.44444001,3.0
114446.0,1.44444001,1.0
114487.0,1.44444001,1.0
114505.0,1.44444001,2.0
114509.0,1.44444001,2.0
114522.0,1.44444001,2.0
114523.0,1.44444001,1.0
114567.0,1.44444001,1.0
114575.0,1.44444001,1.0
114590.0,1.44444001,1.0
114597.0,1.44444001,1.0
114600.0,1.44444001,1.0
114606.0,1.44444001,1.0
114640.0,1.44444001,3.0
114675.0,1.44444001,2.0
114694.0,1.44444001,1.0
114704.0,1.44444001,1.0
114712.0,1.44444001,1.0
114758.0,1.44444001,2.0
114787.0,1.44444001,1.0
114802.0,1.44444001,2.0
114831.0,1.44444001,1.0
114835.0,1.44444001,2.0
114858.0,1.44444001,1.0
114866.0,1.44444001,3.0
114890.0,1.44444001,2.0
114904.0,1.44444001,1.0
114906.0,1.44444001,2.0
114917.0,1.44444001,3.0
114943.0,1.44444001,2.0
114949.0,1.44444001,1.0
114981.0,1.44444001,1.0
114990.0,1.44444001,3.0
114996.0,1.44444001,1.0
115005.0,1.44444001,3.0
115022.0,1.44444001,2.0
115030.0,1.44444001,2.0
115043.0,1.44444001,3.0
115044.0,1.44444001,2.0
115051.0,1.44444001,3.0
115091.0,1.44444001,1.0
115121.0,1.44444001,1.0
115146.0,1.44444001,3.0
115159.0,1.44444001,3.0
115160.0,1.44444001,1.0
115161.0,1.44444001,1.0
115167.0,1.44444001,1.0
115170.0,1.44444001,2.0
115180.0,1.44444001,1.0
115181.0,1.44444001,2.0
115200.0,1.44444001,2.0
115204.0,1.44444001,3.0
115212.0,1.44444001,2.0
115235.0,1.44444001,2.0
115239.0,1.44444001,2.0
115281.0,1.44444001,2.0
115304.0,1.44444001,1.0
115305.0,1.44444001,1.0
115319.0,1.44444001,2.0
115327.0,1.44444001,2.0
115328.0,1.44444001,1.0
115353.0,1.44444001,3.0
115358.0,1.44444001,1.0
115379.0,1.44444001,2.0
115422.0,1.44444001,1.0
115435.0,1.44444001,1.0
115437.0,1.44444001,2.0
115438.0,1.44444001,1.0
115474.0,1.44444001,3.0
115532.0,1.44444001,2.0
115540.0,1.44444001,1.0
115555.0,1.44444001,2.0
115566.0,1.44444001,1.0
115608.0,1.44444001,2.0
115621.0,1.44444001,2.0
115627.0,1.44444001,1.0
115639.0,1.44444001,2.0
115642.0,1.44444001,1.0
115648.0,1.44444001,1.0
115652.0,1.44444001,1.0
115689.0,1.44444001,1.0
115724.0,1.44444001,1.0
115729.0,1.44444001,1.0
115749.0,1.44444001,1.0
115767.0,1.44444001,1.0
115773.0,1.44444001,2.0
115785.0,1.44444001,2.0
115803.0,1.44444001,3.0
115818.0,1.44444001,2.0
115822.0,1.44444001,1.0
115835.0,1.44444001,2.0
115844.0,1.44444001,2.0
115856.0,1.44444001,1.0
115918.0,1.44444001,1.0
115941.0,1.44444001,1.0
115944.0,1.44444001,1.0
115969.0,1.44444001,1.0
115986.0,1.44444001,2.0
115987.0,1.44444001,2.0
116048.0,1.44444001,1.0
116058.0,1.44444001,1.0
116059.0,1.44444001,3.0
116095.0,1.44444001,3.0
116109.0,1.44444001,1.0
116113.0,1.44444001,1.0
116132.0,1.44444001,1.0
116140.0,1.44444001,1.0
116142.0,1.44444001,1.0
116156.0,1.44444001,1.0
116166.0,1.44444001,1.0
116184.0,1.44444001,1.0
116241.0,1.44444001,2.0
116276.0,1.44444001,3.0
116308.0,1.44444001,1.0
116344.0,1.44444001,3.0
116389.0,1.44444001,1.0
116394.0,1.44444001,1.0
116410.0,1.44444001,2.0
116463.0,1.44444001,2.0
116480.0,1.44444001,1.0
116488.0,1.44444001,1.0
116519.0,1.44444001,1.0
116539.0,1.44444001,2.0
116540.0,1.44444001,3.0
116551.0,1.44444001,1.0
116609.0,1.44444001,1.0
116634.0,1.44444001,2.0
116648.0,1.44444001,3.0
116650.0,1.44444001,2.0
116686.0,1.44444001,1.0
116707.0,1.44444001,1.0
116767.0,1.44444001,2.0
116790.0,1.44444001,2.0
116793.0,1.44444001,1.0
116814.0,1.44444001,2.0
116818.0,1.44444001,2.0
116840.0,1.44444001,2.0
116850.0,1.44444001,1.0
116882.0,1.44444001,2.0
116909.0,1.44444001,1.0
116913.0,1.44444001,2.0
116928.0,1.44444001,2.0
116935.0,1.44444001,2.0
116949.0,1.44444001,3.0
116965.0,1.44444001,2.0
116969.0,1.44444001,1.0
116970.0,1.44444001,2.0
116973.0,1.44444001,1.0
117010.0,1.44444001,1.0
117110.0,1.44444001,1.0
117111.0,1.44444001,1.0
117126.0,1.44444001,3.0
117129.0,1.44444001,1.0
117148.0,1.44444001,1.0
117162.0,1.44444001,1.0
117199.0,1.44444001,2.0
117214.0,1.44444001,1.0
117268.0,1.44444001,1.0
117306.0,1.44444001,1.0
117308.0,1.44444001,2.0
117309.0,1.44444001,1.0
117341.0,1.44444001,2.0
117358.0,1.44444001,1.0
117364.0,1.44444001,2.0
117378.0,1.44444001,1.0
117385.0,1.44444001,1.0
117434.0,1.44444001,3.0
117449.0,1.44444001,1.0
117453.0,1.44444001,1.0
117466.0,1.44444001,1.0
117482.0,1.44444001,3.0
117518.0,1.44444001,1.0
117537.0,1.44444001,2.0
117549.0,1.44444001,1.0
117558.0,1.44444001,2.0
117612.0,1.44444001,2.0
117624.0,1.44444001,1.0
117626.0,1.44444001,1.0
117634.0,1.44444001,1.0
117636.0,1.44444001,2.0
117658.0,1.44444001,1.0
117682.0,1.44444001,1.0
117710.0,1.44444001,2.0
117712.0,1.44444001,1.0
117737.0,1.44444001,2.0
117750.0,1.44444001,1.0
117778.0,1.44444001,2.0
117833.0,1.44444001,1.0
117840.0,1.44444001,1.0
117877.0,1.44444001,3.0
117879.0,1.44444001,2.0
117888.0,1.44444001,1.0
117923.0,1.44444001,1.0
117991.0,1.44444001,3.0
117994.0,1.44444001,2.0
118015.0,1.44444001,1.0
118025.0,1.44444001,1.0
118079.0,1.44444001,1.0
118080.0,1.44444001,2.0
118082.0,1.44444001,2.0
118154.0,1.44444001,2.0
118177.0,1.44444001,1.0
118187.0,1.44444001,1.0
118188.0,1.44444001,1.0
118221.0,1.44444001,1.0
118245.0,1.44444001,1.0
118259.0,1.44444001,1.0
118291.0,1.44444001,1.0
118305.0,1.44444001,3.0
118322.0,1.44444001,2.0
118333.0,1.44444001,2.0
118334.0,1.44444001,2.0
118392.0,1.44444001,1.0
118415.0,1.44444001,1.0
118431.0,1.44444001,2.0
118453.0,1.44444001,2.0
118461.0,1.44444001,1.0
118467.0,1.44444001,1.0
118468.0,1.44444001,2.0
118493.0,1.44444001,1.0
118497.0,1.44444001,1.0
118513.0,1.44444001,1.0
118519.0,1.44444001,2.0
118522.0,1.44444001,1.0
118541.0,1.44444001,1.0
118570.0,1.44444001,2.0
118575.0,1.44444001,1.0
118591.0,1.44444001,1.0
118647.0,1.44444001,2.0
118679.0,1.44444001,2.0
118681.0,1.44444001,1.0
118700.0,1.44444001,1.0
118703.0,1.44444001,2.0
118725.0,1.44444001,3.0
118742.0,1.44444001,2.0
118758.0,1.44444001,1.0
118783.0,1.44444001,2.0
118788.0,1.44444001,2.0
118794.0,1.44444001,1.0
118795.0,1.44444001,2.0
118802.0,1.44444001,1.0
118805.0,1.44444001,1.0
118819.0,1.44444001,1.0
118829.0,1.44444001,2.0
118833.0,1.44444001,1.0
118868.0,1.44444001,1.0
118869.0,1.44444001,2.0
118879.0,1.44444001,1.0
118887.0,1.44444001,1.0
118898.0,1.44444001,1.0
118910.0,1.44444001,1.0
118917.0,1.44444001,1.0
118921.0,1.44444001,1.0
118930.0,1.44444001,1.0
118933.0,1.44444001,2.0
118993.0,1.44444001,2.0
118994.0,1.44444001,2.0
119009.0,1.44444001,2.0
119031.0,1.44444001,1.0
119043.0,1.44444001,1.0
119080.0,1.44444001,1.0
119082.0,1.44444001,1.0
119086.0,1.44444001,1.0
119092.0,1.44444001,1.0
119133.0,1.44444001,2.0
119137.0,1.44444001,2.0
119151.0,1.44444001,3.0
119160.0,1.44444001,2.0
119200.0,1.44444001,2.0
119202.0,1.44444001,1.0
119233.0,1.44444001,1.0
119234.0,1.44444001,2.0
119253.0,1.44444001,2.0
119316.0,1.44444001,1.0
119319.0,1.44444001,1.0
119338.0,1.44444001,2.0
119353.0,1.44444001,2.0
119356.0,1.44444001,1.0
119381.0,1.44444001,3.0
119408.0,1.44444001,2.0
119421.0,1.44444001,2.0
119460.0,1.44444001,1.0
119461.0,1.44444001,1.0
119482.0,1.44444001,2.0
119533.0,1.44444001,1.0
119550.0,1.44444001,1.0
119556.0,1.44444001,1.0
119565.0,1.44444001,1.0
119585.0,1.44444001,1.0
119586.0,1.44444001,3.0
119591.0,1.44444001,2.0
119626.0,1.44444001,3.0
119646.0,1.44444001,1.0
119661.0,1.44444001,2.0
119671.0,1.44444001,1.0
119728.0,1.44444001,1.0
119730.0,1.44444001,2.0
119746.0,1.44444001,1.0
119754.0,1.44444001,1.0
119828.0,1.44444001,2.0
119841.0,1.44444001,2.0
119847.0,1.44444001,2.0
119862.0,1.44444001,1.0
119906.0,1.44444001,1.0
119929.0,1.44444001,3.0
119932.0,1.44444001,2.0
119937.0,1.44444001,2.0
119954.0,1.44444001,1.0
119970.0,1.44444001,1.0
119981.0,1.44444001,2.0
110024.0,1.44444001,1.0
110199.0,1.44444001,1.0
110389.0,1.44444001,1.0
110508.0,1.44444001,2.0
110681.0,1.44444001,1.0
110737.0,1.44444001,1.0
110754.0,1.44444001,1.0
110841.0,1.44444001,1.0
110997.0,1.44444001,1.0
111000.0,1.44444001,1.0
111046.0,1.44444001,1.0
111078.0,1.44444001,1.0
111124.0,1.44444001,1.0
111202.0,1.44444001,1.0
111479.0,1.44444001,2.0
111494.0,1.44444001,1.0
111572.0,1.44444001,1.0
111576.0,1.44444001,1.0
111585.0,1.44444001,1.0
111600.0,1.44444001,1.0
111777.0,1.44444001,1.0
111826.0,1.44444001,1.0
112047.0,1.44444001,1.0
112150.0,1.44444001,1.0
112273.0,1.44444001,2.0
112303.0,1.44444001,1.0
112404.0,1.44444001,1.0
112413.0,1.44444001,1.0
112557.0,1.44444001,1.0
112760.0,1.44444001,1.0
112818.0,1.44444001,1.0
112837.0,1.44444001,1.0
112871.0,1.44444001,1.0
112872.0,1.44444001,1.0
112894.0,1.44444001,1.0
113088.0,1.44444001,1.0
113093.0,1.44444001,1.0
113218.0,1.44444001,1.0
113246.0,1.44444001,1.0
113454.0,1.44444001,1.0
113514.0,1.44444001,1.0
113530.0,1.44444001,1.0
113644.0,1.44444001,1.0
113682.0,1.44444001,2.0
113809.0,1.44444001,1.0
113818.0,1.44444001,1.0
113857.0,1.44444001,1.0
113972.0,1.44444001,2.0
113984.0,1.44444001,2.0
114135.0,1.44444001,1.0
114165.0,1.44444001,1.0
114192.0,1.44444001,1.0
114237.0,1.44444001,1.0
114264.0,1.44444001,1.0
114281.0,1.44444001,1.0
114343.0,1.44444001,1.0
114344.0,1.44444001,1.0
114348.0,1.44444001,2.0
114364.0,1.44444001,1.0
114408.0,1.44444001,1.0
114615.0,1.44444001,1.0
114739.0,1.44444001,1.0
114780.0,1.44444001,1.0
115074.0,1.44444001,1.0
115191.0,1.44444001,1.0
115253.0,1.44444001,1.0
115407.0,1.44444001,2.0
115446.0,1.44444001,1.0
115503.0,1.44444001,1.0
115548.0,1.44444001,1.0
115596.0,1.44444001,1.0
115747.0,1.44444001,1.0
115950.0,1.44444001,1.0
116046.0,1.44444001,1.0
116270.0,1.44444001,1.0
116322.0,1.44444001,1.0
116337.0,1.44444001,1.0
116556.0,1.44444001,1.0
116590.0,1.44444001,1.0
116859.0,1.44444001,1.0
117187.0,1.44444001,1.0
117226.0,1.44444001,1.0
117415.0,1.44444001,1.0
117471.0,1.44444001,1.0
117520.0,1.44444001,1.0
117535.0,1.44444001,2.0
117659.0,1.44444001,1.0
117699.0,1.44444001,1.0
117701.0,1.44444001,1.0
117721.0,1.44444001,1.0
117752.0,1.44444001,1.0
117941.0,1.44444001,1.0
118086.0,1.44444001,1.0
118088.0,1.44444001,1.0
118207.0,1.44444001,1.0
118233.0,1.44444001,1.0
118276.0,1.44444001,1.0
118307.0,1.44444001,1.0
118356.0,1.44444001,1.0
118469.0,1.44444001,1.0
118678.0,1.44444001,1.0
118814.0,1.44444001,1.0
119015.0,1.44444001,1.0
119185.0,1.44444001,1.0
119206.0,1.44444001,1.0
119270.0,1.44444001,1.0
119298.0,1.44444001,1.0
119320.0,1.44444001,1.0
119321.0,1.44444001,1.0
119447.0,1.44444001,1.0
119549.0,1.44444001,1.0
119682.0,1.44444001,1.0
119684.0,1.44444001,2.0
119857.0,1.44444001,1.0
119919.0,1.44444001,1.0
119944.0,1.44444001,1.0
112271.0,1.44444001,1.0
112716.0,1.44444001,1.0
112777.0,1.44444001,2.0
114025.0,1.44444001,1.0
115543.0,1.44444001,1.0
116125.0,1.44444001,1.0
116436.0,1.44444001,1.0
116520.0,1.44444001,1.0
116820.0,1.44444001,1.0
117765.0,1.44444001,1.0
118031.0,1.44444001,1.0
118897.0,1.44444001,1.0
110128.0,1.44444001,1.0
110353.0,1.44444001,1.0
111759.0,1.44444001,1.0
113793.0,1.44444001,1.0
117461.0,1.44444001,1.0
118117.0,1.44444001,1.0
119909.0,1.44444001,1.0
120005.0,1.48485005,1.0
120024.0,1.48485005,2.0
120027.0,1.48485005,2.0
120032.0,1.48485005,2.0
120036.0,1.48485005,2.0
120040.0,1.48485005,2.0
120064.0,1.48485005,3.0
120085.0,1.48485005,3.0
120109.0,1.48485005,1.0
120199.0,1.48485005,3.0
120235.0,1.48485005,3.0
120238.0,1.48485005,2.0
120250.0,1.48485005,1.0
120291.0,1.48485005,3.0
120327.0,1.48485005,2.0
120373.0,1.48485005,2.0
120381.0,1.48485005,2.0
120400.0,1.48485005,1.0
120402.0,1.48485005,2.0
120461.0,1.48485005,3.0
120508.0,1.48485005,2.0
120515.0,1.48485005,2.0
120543.0,1.48485005,1.0
120585.0,1.48485005,1.0
120592.0,1.48485005,3.0
120620.0,1.48485005,2.0
120634.0,1.48485005,2.0
120642.0,1.48485005,2.0
120665.0,1.48485005,3.0
120680.0,1.48485005,2.0
120681.0,1.48485005,3.0
120683.0,1.48485005,2.0
120690.0,1.48485005,2.0
120702.0,1.48485005,1.0
120725.0,1.48485005,2.0
120730.0,1.48485005,1.0
120737.0,1.48485005,4.0
120754.0,1.48485005,4.0
120756.0,1.48485005,1.0
120788.0,1.48485005,3.0
120821.0,1.48485005,2.0
120837.0,1.48485005,3.0
120841.0,1.48485005,4.0
120846.0,1.48485005,2.0
120849.0,1.48485005,2.0
120904.0,1.48485005,1.0
120913.0,1.48485005,1.0
120914.0,1.48485005,3.0
120976.0,1.48485005,2.0
120997.0,1.48485005,2.0
121000.0,1.48485005,3.0
121008.0,1.48485005,2.0
121041.0,1.48485005,3.0
121046.0,1.48485005,2.0
121103.0,1.48485005,1.0
121108.0,1.48485005,3.0
121118.0,1.48485005,1.0
121124.0,1.48485005,2.0
121147.0,1.48485005,5.0
121156.0,1.48485005,2.0
121158.0,1.48485005,2.0
121179.0,1.48485005,2.0
121203.0,1.48485005,2.0
121206.0,1.48485005,1.0
121212.0,1.48485005,2.0
121238.0,1.48485005,2.0
121286.0,1.48485005,2.0
121316.0,1.48485005,2.0
121354.0,1.48485005,2.0
121390.0,1.48485005,2.0
121416.0,1.48485005,1.0
121427.0,1.48485005,2.0
121448.0,1.48485005,1.0
121479.0,1.48485005,1.0
121494.0,1.48485005,3.0
121512.0,1.48485005,2.0
121537.0,1.48485005,1.0
121563.0,1.48485005,5.0
121580.0,1.48485005,3.0
121585.0,1.48485005,3.0
121600.0,1.48485005,2.0
121603.0,1.48485005,2.0
121645.0,1.48485005,3.0
121687.0,1.48485005,2.0
121756.0,1.48485005,1.0
121777.0,1.48485005,1.0
121811.0,1.48485005,1.0
121824.0,1.48485005,2.0
121826.0,1.48485005,3.0
121906.0,1.48485005,1.0
121938.0,1.48485005,2.0
121983.0,1.48485005,2.0
121997.0,1.48485005,4.0
122026.0,1.48485005,3.0
122043.0,1.48485005,3.0
122075.0,1.48485005,1.0
122078.0,1.48485005,2.0
122087.0,1.48485005,2.0
122089.0,1.48485005,1.0
122094.0,1.48485005,1.0
122150.0,1.48485005,1.0
122173.0,1.48485005,2.0
122177.0,1.48485005,2.0
122210.0,1.48485005,2.0
122216.0,1.48485005,2.0
122239.0,1.48485005,2.0
122264.0,1.48485005,2.0
122271.0,1.48485005,2.0
122273.0,1.48485005,3.0
122303.0,1.48485005,2.0
122318.0,1.48485005,3.0
122331.0,1.48485005,2.0
122339.0,1.48485005,3.0
122340.0,1.48485005,3.0
122343.0,1.48485005,1.0
122352.0,1.48485005,2.0
122354.0,1.48485005,3.0
122389.0,1.48485005,3.0
122397.0,1.48485005,2.0
122401.0,1.48485005,2.0
122403.0,1.48485005,2.0
122413.0,1.48485005,1.0
122434.0,1.48485005,1.0
122438.0,1.48485005,2.0
122461.0,1.48485005,3.0
122511.0,1.48485005,4.0
122557.0,1.48485005,3.0
122568.0,1.48485005,3.0
122633.0,1.48485005,3.0
122634.0,1.48485005,1.0
122702.0,1.48485005,2.0
122716.0,1.48485005,2.0
122725.0,1.48485005,2.0
122760.0,1.48485005,2.0
122786.0,1.48485005,2.0
122818.0,1.48485005,2.0
122819.0,1.48485005,2.0
122820.0,1.48485005,1.0
122829.0,1.48485005,2.0
122830.0,1.48485005,1.0
122837.0,1.48485005,5.0
122861.0,1.48485005,3.0
122862.0,1.48485005,2.0
122872.0,1.48485005,2.0
122886.0,1.48485005,2.0
122894.0,1.48485005,2.0
122915.0,1.48485005,2.0
123005.0,1.48485005,1.0
123048.0,1.48485005,3.0
123063.0,1.48485005,3.0
123071.0,1.48485005,3.0
123088.0,1.48485005,2.0
123089.0,1.48485005,2.0
123093.0,1.48485005,2.0
123108.0,1.48485005,1.0
123120.0,1.48485005,2.0
123142.0,1.48485005,1.0
123145.0,1.48485005,3.0
123197.0,1.48485005,1.0
123203.0,1.48485005,1.0
123213.0,1.48485005,1.0
123218.0,1.48485005,3.0
123246.0,1.48485005,1.0
123251.0,1.48485005,3.0
123300.0,1.48485005,2.0
123305.0,1.48485005,2.0
123310.0,1.48485005,1.0
123314.0,1.48485005,3.0
123340.0,1.48485005,2.0
123376.0,1.48485005,2.0
123414.0,1.48485005,3.0
123454.0,1.48485005,2.0
123474.0,1.48485005,2.0
123493.0,1.48485005,2.0
123495.0,1.48485005,3.0
123512.0,1.48485005,2.0
123514.0,1.48485005,2.0
123517.0,1.48485005,3.0
123530.0,1.48485005,3.0
123544.0,1.48485005,2.0
123550.0,1.48485005,1.0
123566.0,1.48485005,1.0
123568.0,1.48485005,3.0
123577.0,1.48485005,2.0
123644.0,1.48485005,2.0
123655.0,1.48485005,2.0
123660.0,1.48485005,1.0
123671.0,1.48485005,2.0
123682.0,1.48485005,2.0
123686.0,1.48485005,1.0
123717.0,1.48485005,2.0
123771.0,1.48485005,2.0
123777.0,1.48485005,2.0
123809.0,1.48485005,2.0
123813.0,1.48485005,3.0
123818.0,1.48485005,1.0
123857.0,1.48485005,2.0
123881.0,1.48485005,1.0
123889.0,1.48485005,1.0
123936.0,1.48485005,2.0
123972.0,1.48485005,3.0
123977.0,1.48485005,2.0
123984.0,1.48485005,2.0
123985.0,1.48485005,1.0
123996.0,1.48485005,2.0
124001.0,1.48485005,1.0
124004.0,1.48485005,4.0
124023.0,1.48485005,2.0
124028.0,1.48485005,2.0
124034.0,1.48485005,2.0
124043.0,1.48485005,2.0
124130.0,1.48485005,2.0
124138.0,1.48485005,1.0
124165.0,1.48485005,2.0
124171.0,1.48485005,2.0
124173.0,1.48485005,1.0
124184.0,1.48485005,2.0
124187.0,1.48485005,1.0
124192.0,1.48485005,3.0
124203.0,1.48485005,2.0
124232.0,1.48485005,1.0
124237.0,1.48485005,1.0
124255.0,1.48485005,2.0
124262.0,1.48485005,1.0
124264.0,1.48485005,1.0
124274.0,1.48485005,3.0
124281.0,1.48485005,4.0
124285.0,1.48485005,3.0
124308.0,1.48485005,1.0
124337.0,1.48485005,2.0
124343.0,1.48485005,2.0
124344.0,1.48485005,2.0
124345.0,1.48485005,1.0
124348.0,1.48485005,1.0
124349.0,1.48485005,2.0
124352.0,1.48485005,2.0
124421.0,1.48485005,1.0
124424.0,1.48485005,1.0
124432.0,1.48485005,3.0
124455.0,1.48485005,1.0
124509.0,1.48485005,1.0
124518.0,1.48485005,1.0
124521.0,1.48485005,1.0
124572.0,1.48485005,2.0
124579.0,1.48485005,2.0
124614.0,1.48485005,2.0
124615.0,1.48485005,3.0
124616.0,1.48485005,3.0
124640.0,1.48485005,4.0
124691.0,1.48485005,1.0
124727.0,1.48485005,2.0
124737.0,1.48485005,1.0
124741.0,1.48485005,3.0
124802.0,1.48485005,2.0
124822.0,1.48485005,2.0
124890.0,1.48485005,4.0
124909.0,1.48485005,2.0
124917.0,1.48485005,3.0
124927.0,1.48485005,1.0
124928.0,1.48485005,2.0
124936.0,1.48485005,1.0
124966.0,1.48485005,1.0
124975.0,1.48485005,1.0
125022.0,1.48485005,2.0
125044.0,1.48485005,2.0
125050.0,1.48485005,2.0
125051.0,1.48485005,3.0
125059.0,1.48485005,2.0
125074.0,1.48485005,2.0
125088.0,1.48485005,2.0
125105.0,1.48485005,1.0
125146.0,1.48485005,3.0
125160.0,1.48485005,2.0
125191.0,1.48485005,2.0
125200.0,1.48485005,1.0
125204.0,1.48485005,3.0
125212.0,1.48485005,2.0
125239.0,1.48485005,1.0
125253.0,1.48485005,2.0
125281.0,1.48485005,2.0
125328.0,1.48485005,2.0
125344.0,1.48485005,2.0
125353.0,1.48485005,1.0
125390.0,1.48485005,1.0
125401.0,1.48485005,3.0
125437.0,1.48485005,2.0
125446.0,1.48485005,2.0
125450.0,1.48485005,2.0
125465.0,1.48485005,1.0
125474.0,1.48485005,3.0
125503.0,1.48485005,2.0
125540.0,1.48485005,2.0
125542.0,1.48485005,1.0
125548.0,1.48485005,1.0
125549.0,1.48485005,3.0
125555.0,1.48485005,3.0
125574.0,1.48485005,1.0
125596.0,1.48485005,2.0
125608.0,1.48485005,1.0
125610.0,1.48485005,2.0
125621.0,1.48485005,2.0
125626.0,1.48485005,2.0
125636.0,1.48485005,1.0
125639.0,1.48485005,2.0
125642.0,1.48485005,2.0
125652.0,1.48485005,2.0
125698.0,1.48485005,2.0
125749.0,1.48485005,1.0
125756.0,1.48485005,3.0
125773.0,1.48485005,1.0
125805.0,1.48485005,2.0
125814.0,1.48485005,1.0
125815.0,1.48485005,3.0
125818.0,1.48485005,3.0
125856.0,1.48485005,3.0
125866.0,1.48485005,1.0
125941.0,1.48485005,2.0
125950.0,1.48485005,2.0
125969.0,1.48485005,3.0
125973.0,1.48485005,1.0
125989.0,1.48485005,3.0
126046.0,1.48485005,3.0
126048.0,1.48485005,2.0
126059.0,1.48485005,2.0
126113.0,1.48485005,2.0
126118.0,1.48485005,2.0
126166.0,1.48485005,2.0
126172.0,1.48485005,2.0
126270.0,1.48485005,3.0
126276.0,1.48485005,3.0
126295.0,1.48485005,2.0
126326.0,1.48485005,1.0
126344.0,1.48485005,3.0
126347.0,1.48485005,2.0
126410.0,1.48485005,3.0
126432.0,1.48485005,2.0
126436.0,1.48485005,2.0
126446.0,1.48485005,2.0
126450.0,1.48485005,2.0
126465.0,1.48485005,1.0
126483.0,1.48485005,2.0
126520.0,1.48485005,2.0
126540.0,1.48485005,3.0
126573.0,1.48485005,2.0
126587.0,1.48485005,1.0
126590.0,1.48485005,3.0
126592.0,1.48485005,2.0
126650.0,1.48485005,2.0
126767.0,1.48485005,2.0
126813.0,1.48485005,2.0
126814.0,1.48485005,3.0
126840.0,1.48485005,3.0
126928.0,1.48485005,2.0
126970.0,1.48485005,2.0
126973.0,1.48485005,2.0
126986.0,1.48485005,2.0
127080.0,1.48485005,2.0
127083.0,1.48485005,2.0
127089.0,1.48485005,2.0
127150.0,1.48485005,2.0
127187.0,1.48485005,2.0
127210.0,1.48485005,1.0
127214.0,1.48485005,1.0
127226.0,1.48485005,1.0
127238.0,1.48485005,2.0
127273.0,1.48485005,2.0
127286.0,1.48485005,3.0
127298.0,1.48485005,1.0
127322.0,1.48485005,2.0
127341.0,1.48485005,2.0
127348.0,1.48485005,1.0
127356.0,1.48485005,3.0
127427.0,1.48485005,2.0
127434.0,1.48485005,2.0
127453.0,1.48485005,4.0
127466.0,1.48485005,1.0
127520.0,1.48485005,3.0
127535.0,1.48485005,2.0
127537.0,1.48485005,2.0
127563.0,1.48485005,2.0
127590.0,1.48485005,1.0
127616.0,1.48485005,3.0
127620.0,1.48485005,2.0
127659.0,1.48485005,2.0
127694.0,1.48485005,3.0
127711.0,1.48485005,3.0
127721.0,1.48485005,1.0
127728.0,1.48485005,3.0
127752.0,1.48485005,3.0
127761.0,1.48485005,2.0
127765.0,1.48485005,2.0
127773.0,1.48485005,2.0
127817.0,1.48485005,3.0
127829.0,1.48485005,2.0
127847.0,1.48485005,2.0
127859.0,1.48485005,1.0
127879.0,1.48485005,2.0
127917.0,1.48485005,2.0
127941.0,1.48485005,3.0
127943.0,1.48485005,2.0
127948.0,1.48485005,2.0
127957.0,1.48485005,2.0
127966.0,1.48485005,2.0
127990.0,1.48485005,2.0
128025.0,1.48485005,1.0
128026.0,1.48485005,2.0
128031.0,1.48485005,4.0
128041.0,1.48485005,2.0
128050.0,1.48485005,2.0
128055.0,1.48485005,3.0
128062.0,1.48485005,1.0
128086.0,1.48485005,3.0
128088.0,1.48485005,2.0
128105.0,1.48485005,2.0
128113.0,1.48485005,3.0
128171.0,1.48485005,3.0
128189.0,1.48485005,2.0
128233.0,1.48485005,3.0
128247.0,1.48485005,2.0
128259.0,1.48485005,2.0
128276.0,1.48485005,3.0
128304.0,1.48485005,2.0
128305.0,1.48485005,3.0
128388.0,1.48485005,2.0
128453.0,1.48485005,3.0
128462.0,1.48485005,3.0
128473.0,1.48485005,2.0
128499.0,1.48485005,2.0
128513.0,1.48485005,2.0
128535.0,1.48485005,2.0
128570.0,1.48485005,3.0
128679.0,1.48485005,2.0
128691.0,1.48485005,4.0
128703.0,1.48485005,2.0
128718.0,1.48485005,3.0
128725.0,1.48485005,1.0
128732.0,1.48485005,2.0
128788.0,1.48485005,2.0
128794.0,1.48485005,1.0
128796.0,1.48485005,1.0
128820.0,1.48485005,3.0
128869.0,1.48485005,2.0
128897.0,1.48485005,2.0
128930.0,1.48485005,2.0
128936.0,1.48485005,2.0
128972.0,1.48485005,3.0
128994.0,1.48485005,1.0
129039.0,1.48485005,2.0
129177.0,1.48485005,2.0
129185.0,1.48485005,2.0
129202.0,1.48485005,2.0
129206.0,1.48485005,1.0
129233.0,1.48485005,1.0
129270.0,1.48485005,1.0
129295.0,1.48485005,2.0
129320.0,1.48485005,2.0
129321.0,1.48485005,1.0
129338.0,1.48485005,1.0
129371.0,1.48485005,1.0
129381.0,1.48485005,3.0
129406.0,1.48485005,2.0
129408.0,1.48485005,3.0
129434.0,1.48485005,1.0
129440.0,1.48485005,3.0
129477.0,1.48485005,2.0
129550.0,1.48485005,2.0
129591.0,1.48485005,2.0
129626.0,1.48485005,3.0
129658.0,1.48485005,2.0
129661.0,1.48485005,2.0
129682.0,1.48485005,2.0
129684.0,1.48485005,2.0
129693.0,1.48485005,2.0
129723.0,1.48485005,3.0
129730.0,1.48485005,1.0
129754.0,1.48485005,2.0
129824.0,1.48485005,2.0
129828.0,1.48485005,3.0
129857.0,1.48485005,1.0
129891.0,1.48485005,2.0
129924.0,1.48485005,1.0
129929.0,1.48485005,2.0
129937.0,1.48485005,1.0
129944.0,1.48485005,2.0
129981.0,1.48485005,4.0
120120.0,1.48485005,1.0
120628.0,1.48485005,1.0
121151.0,1.48485005,1.0
121972.0,1.48485005,1.0
121986.0,1.48485005,1.0
122015.0,1.48485005,1.0
122358.0,1.48485005,1.0
122826.0,1.48485005,1.0
123381.0,1.48485005,1.0
123588.0,1.48485005,2.0
124701.0,1.48485005,1.0
125482.0,1.48485005,1.0
125615.0,1.48485005,1.0
125965.0,1.48485005,1.0
126131.0,1.48485005,1.0
126747.0,1.48485005,1.0
127264.0,1.48485005,1.0
127300.0,1.48485005,1.0
127565.0,1.48485005,1.0
127714.0,1.48485005,1.0
127834.0,1.48485005,1.0
128117.0,1.48485005,1.0
128205.0,1.48485005,1.0
128366.0,1.48485005,1.0
128879.0,1.48485005,1.0
128986.0,1.48485005,1.0
129068.0,1.48485005,1.0
129318.0,1.48485005,1.0
129387.0,1.48485005,1.0
129515.0,1.48485005,1.0
121454.0,1.48485005,1.0
125470.0,1.48485005,1.0
130027.0,1.52524996,1.0
130029.0,1.52524996,1.0
130032.0,1.52524996,1.0
130036.0,1.52524996,1.0
130063.0,1.52524996,1.0
130064.0,1.52524996,1.0
130080.0,1.52524996,1.0
130103.0,1.52524996,1.0
130199.0,1.52524996,1.0
130207.0,1.52524996,1.0
130235.0,1.52524996,3.0
130250.0,1.52524996,1.0
130291.0,1.52524996,1.0
130327.0,1.52524996,1.0
130388.0,1.52524996,1.0
130389.0,1.52524996,1.0
130402.0,1.52524996,2.0
130461.0,1.52524996,2.0
130490.0,1.52524996,1.0
130505.0,1.52524996,1.0
130592.0,1.52524996,1.0
130620.0,1.52524996,4.0
130642.0,1.52524996,1.0
130681.0,1.52524996,1.0
130683.0,1.52524996,1.0
130687.0,1.52524996,1.0
130690.0,1.52524996,1.0
130730.0,1.52524996,1.0
130737.0,1.52524996,3.0
130760.0,1.52524996,1.0
130821.0,1.52524996,1.0
130837.0,1.52524996,3.0
130841.0,1.52524996,1.0
130846.0,1.52524996,1.0
130870.0,1.52524996,2.0
130884.0,1.52524996,1.0
130896.0,1.52524996,1.0
130899.0,1.52524996,1.0
130913.0,1.52524996,2.0
130976.0,1.52524996,1.0
130982.0,1.52524996,2.0
130998.0,1.52524996,1.0
131008.0,1.52524996,1.0
131023.0,1.52524996,1.0
131041.0,1.52524996,1.0
131046.0,1.52524996,1.0
131048.0,1.52524996,1.0
131108.0,1.52524996,1.0
131132.0,1.52524996,1.0
131138.0,1.52524996,1.0
131139.0,1.52524996,1.0
131158.0,1.52524996,1.0
131161.0,1.52524996,1.0
131170.0,1.52524996,1.0
131200.0,1.52524996,1.0
131202.0,1.52524996,2.0
131203.0,1.52524996,1.0
131256.0,1.52524996,1.0
131266.0,1.52524996,3.0
131285.0,1.52524996,1.0
131286.0,1.52524996,1.0
131298.0,1.52524996,1.0
131308.0,1.52524996,1.0
131350.0,1.52524996,1.0
131390.0,1.52524996,1.0
131403.0,1.52524996,1.0
131406.0,1.52524996,1.0
131454.0,1.52524996,1.0
131494.0,1.52524996,1.0
131536.0,1.52524996,1.0
131546.0,1.52524996,1.0
131576.0,1.52524996,4.0
131580.0,1.52524996,1.0
131589.0,1.52524996,1.0
131600.0,1.52524996,1.0
131602.0,1.52524996,1.0
131603.0,1.52524996,1.0
131666.0,1.52524996,1.0
131677.0,1.52524996,1.0
131679.0,1.52524996,1.0
131683.0,1.52524996,1.0
131687.0,1.52524996,1.0
131741.0,1.52524996,1.0
131754.0,1.52524996,1.0
131777.0,1.52524996,1.0
131826.0,1.52524996,1.0
131848.0,1.52524996,1.0
131867.0,1.52524996,1.0
131874.0,1.52524996,1.0
131921.0,1.52524996,2.0
131938.0,1.52524996,2.0
131964.0,1.52524996,3.0
131983.0,1.52524996,1.0
131986.0,1.52524996,1.0
132026.0,1.52524996,1.0
132047.0,1.52524996,4.0
132087.0,1.52524996,1.0
132177.0,1.52524996,1.0
132187.0,1.52524996,1.0
132216.0,1.52524996,1.0
132264.0,1.52524996,2.0
132271.0,1.52524996,2.0
132299.0,1.52524996,1.0
132313.0,1.52524996,1.0
132318.0,1.52524996,1.0
132331.0,1.52524996,1.0
132339.0,1.52524996,2.0
132340.0,1.52524996,1.0
132343.0,1.52524996,1.0
132345.0,1.52524996,1.0
132352.0,1.52524996,1.0
132354.0,1.52524996,2.0
132358.0,1.52524996,1.0
132368.0,1.52524996,2.0
132397.0,1.52524996,2.0
132401.0,1.52524996,1.0
132404.0,1.52524996,2.0
132424.0,1.52524996,2.0
132514.0,1.52524996,1.0
132568.0,1.52524996,2.0
132576.0,1.52524996,1.0
132601.0,1.52524996,1.0
132629.0,1.52524996,1.0
132633.0,1.52524996,1.0
132702.0,1.52524996,1.0
132716.0,1.52524996,3.0
132764.0,1.52524996,4.0
132766.0,1.52524996,1.0
132786.0,1.52524996,1.0
132819.0,1.52524996,1.0
132825.0,1.52524996,1.0
132861.0,1.52524996,1.0
132886.0,1.52524996,1.0
132888.0,1.52524996,1.0
132890.0,1.52524996,1.0
132892.0,1.52524996,5.0
132894.0,1.52524996,1.0
132945.0,1.52524996,1.0
132959.0,1.52524996,1.0
133055.0,1.52524996,1.0
133056.0,1.52524996,1.0
133071.0,1.52524996,2.0
133088.0,1.52524996,1.0
133089.0,1.52524996,1.0
133093.0,1.52524996,1.0
133110.0,1.52524996,1.0
133120.0,1.52524996,1.0
133124.0,1.52524996,1.0
133142.0,1.52524996,2.0
133205.0,1.52524996,1.0
133218.0,1.52524996,1.0
133240.0,1.52524996,1.0
133252.0,1.52524996,3.0
133271.0,1.52524996,1.0
133275.0,1.52524996,1.0
133287.0,1.52524996,1.0
133297.0,1.52524996,1.0
133305.0,1.52524996,1.0
133314.0,1.52524996,1.0
133319.0,1.52524996,1.0
133363.0,1.52524996,2.0
133364.0,1.52524996,1.0
133372.0,1.52524996,1.0
133410.0,1.52524996,1.0
133454.0,1.52524996,1.0
133459.0,1.52524996,1.0
133492.0,1.52524996,2.0
133493.0,1.52524996,3.0
133501.0,1.52524996,1.0
133512.0,1.52524996,1.0
133527.0,1.52524996,1.0
133544.0,1.52524996,1.0
133550.0,1.52524996,3.0
133568.0,1.52524996,2.0
133588.0,1.52524996,1.0
133642.0,1.52524996,1.0
133655.0,1.52524996,1.0
133671.0,1.52524996,1.0
133745.0,1.52524996,1.0
133767.0,1.52524996,1.0
133771.0,1.52524996,1.0
133777.0,1.52524996,1.0
133809.0,1.52524996,2.0
133813.0,1.52524996,3.0
133818.0,1.52524996,1.0
133827.0,1.52524996,1.0
133859.0,1.52524996,1.0
133881.0,1.52524996,1.0
133936.0,1.52524996,2.0
133937.0,1.52524996,1.0
133944.0,1.52524996,1.0
133953.0,1.52524996,1.0
133995.0,1.52524996,1.0
134004.0,1.52524996,1.0
134015.0,1.52524996,1.0
134034.0,1.52524996,2.0
134043.0,1.52524996,2.0
134059.0,1.52524996,1.0
134096.0,1.52524996,2.0
134107.0,1.52524996,1.0
134130.0,1.52524996,1.0
134165.0,1.52524996,2.0
134171.0,1.52524996,2.0
134187.0,1.52524996,1.0
134211.0,1.52524996,1.0
134237.0,1.52524996,2.0
134251.0,1.52524996,2.0
134264.0,1.52524996,1.0
134274.0,1.52524996,1.0
134288.0,1.52524996,1.0
134308.0,1.52524996,1.0
134312.0,1.52524996,1.0
134349.0,1.52524996,1.0
134364.0,1.52524996,1.0
134407.0,1.52524996,1.0
134417.0,1.52524996,1.0
134424.0,1.52524996,1.0
134430.0,1.52524996,1.0
134431.0,1.52524996,1.0
134432.0,1.52524996,2.0
134455.0,1.52524996,1.0
134476.0,1.52524996,1.0
134518.0,1.52524996,1.0
134546.0,1.52524996,2.0
134547.0,1.52524996,1.0
134572.0,1.52524996,1.0
134575.0,1.52524996,1.0
134579.0,1.52524996,1.0
134616.0,1.52524996,1.0
134637.0,1.52524996,1.0
134640.0,1.52524996,1.0
134701.0,1.52524996,1.0
134721.0,1.52524996,1.0
134727.0,1.52524996,1.0
134741.0,1.52524996,1.0
134780.0,1.52524996,1.0
134811.0,1.52524996,1.0
134822.0,1.52524996,1.0
134831.0,1.52524996,1.0
134853.0,1.52524996,1.0
134866.0,1.52524996,5.0
134906.0,1.52524996,1.0
134917.0,1.52524996,5.0
134927.0,1.52524996,1.0
134928.0,1.52524996,1.0
134966.0,1.52524996,5.0
134977.0,1.52524996,1.0
134990.0,1.52524996,1.0
135005.0,1.52524996,1.0
135044.0,1.52524996,1.0
135059.0,1.52524996,2.0
135088.0,1.52524996,1.0
135101.0,1.52524996,1.0
135121.0,1.52524996,1.0
135146.0,1.52524996,2.0
135157.0,1.52524996,1.0
135159.0,1.52524996,1.0
135160.0,1.52524996,1.0
135170.0,1.52524996,1.0
135181.0,1.52524996,1.0
135191.0,1.52524996,1.0
135212.0,1.52524996,1.0
135260.0,1.52524996,1.0
135304.0,1.52524996,1.0
135305.0,1.52524996,1.0
135319.0,1.52524996,1.0
135344.0,1.52524996,1.0
135354.0,1.52524996,1.0
135357.0,1.52524996,3.0
135390.0,1.52524996,1.0
135446.0,1.52524996,1.0
135451.0,1.52524996,1.0
135456.0,1.52524996,1.0
135470.0,1.52524996,1.0
135532.0,1.52524996,1.0
135548.0,1.52524996,1.0
135549.0,1.52524996,1.0
135621.0,1.52524996,1.0
135627.0,1.52524996,1.0
135642.0,1.52524996,1.0
135652.0,1.52524996,2.0
135660.0,1.52524996,2.0
135672.0,1.52524996,1.0
135747.0,1.52524996,3.0
135756.0,1.52524996,1.0
135767.0,1.52524996,1.0
135803.0,1.52524996,3.0
135815.0,1.52524996,3.0
135818.0,1.52524996,1.0
135844.0,1.52524996,1.0
135856.0,1.52524996,2.0
135866.0,1.52524996,1.0
135893.0,1.52524996,2.0
135895.0,1.52524996,1.0
135936.0,1.52524996,1.0
135941.0,1.52524996,1.0
135944.0,1.52524996,1.0
135945.0,1.52524996,3.0
135950.0,1.52524996,1.0
135969.0,1.52524996,1.0
135989.0,1.52524996,2.0
136046.0,1.52524996,4.0
136048.0,1.52524996,1.0
136059.0,1.52524996,1.0
136071.0,1.52524996,1.0
136123.0,1.52524996,1.0
136162.0,1.52524996,1.0
136166.0,1.52524996,1.0
136180.0,1.52524996,3.0
136199.0,1.52524996,1.0
136241.0,1.52524996,1.0
136266.0,1.52524996,2.0
136270.0,1.52524996,1.0
136276.0,1.52524996,1.0
136308.0,1.52524996,1.0
136337.0,1.52524996,1.0
136344.0,1.52524996,1.0
136347.0,1.52524996,1.0
136410.0,1.52524996,1.0
136432.0,1.52524996,1.0
136436.0,1.52524996,1.0
136483.0,1.52524996,1.0
136519.0,1.52524996,1.0
136539.0,1.52524996,1.0
136556.0,1.52524996,1.0
136573.0,1.52524996,1.0
136574.0,1.52524996,1.0
136584.0,1.52524996,1.0
136636.0,1.52524996,1.0
136648.0,1.52524996,1.0
136650.0,1.52524996,1.0
136686.0,1.52524996,1.0
136707.0,1.52524996,1.0
136767.0,1.52524996,1.0
136793.0,1.52524996,1.0
136805.0,1.52524996,1.0
136818.0,1.52524996,1.0
136840.0,1.52524996,2.0
136859.0,1.52524996,4.0
136860.0,1.52524996,2.0
136888.0,1.52524996,1.0
136909.0,1.52524996,1.0
136949.0,1.52524996,1.0
136967.0,1.52524996,1.0
136969.0,1.52524996,1.0
136970.0,1.52524996,1.0
136986.0,1.52524996,4.0
137025.0,1.52524996,1.0
137126.0,1.52524996,1.0
137148.0,1.52524996,1.0
137197.0,1.52524996,1.0
137199.0,1.52524996,1.0
137226.0,1.52524996,2.0
137238.0,1.52524996,1.0
137255.0,1.52524996,1.0
137305.0,1.52524996,1.0
137308.0,1.52524996,1.0
137322.0,1.52524996,1.0
137341.0,1.52524996,1.0
137356.0,1.52524996,1.0
137357.0,1.52524996,1.0
137358.0,1.52524996,1.0
137364.0,1.52524996,1.0
137369.0,1.52524996,1.0
137378.0,1.52524996,1.0
137406.0,1.52524996,1.0
137453.0,1.52524996,1.0
137463.0,1.52524996,1.0
137466.0,1.52524996,1.0
137520.0,1.52524996,1.0
137525.0,1.52524996,1.0
137537.0,1.52524996,1.0
137558.0,1.52524996,1.0
137624.0,1.52524996,1.0
137642.0,1.52524996,2.0
137659.0,1.52524996,1.0
137673.0,1.52524996,1.0
137682.0,1.52524996,1.0
137721.0,1.52524996,1.0
137752.0,1.52524996,1.0
137765.0,1.52524996,3.0
137847.0,1.52524996,3.0
137852.0,1.52524996,1.0
137870.0,1.52524996,1.0
137878.0,1.52524996,1.0
137879.0,1.52524996,1.0
137917.0,1.52524996,1.0
137923.0,1.52524996,1.0
137941.0,1.52524996,1.0
137948.0,1.52524996,1.0
137991.0,1.52524996,1.0
138026.0,1.52524996,1.0
138031.0,1.52524996,3.0
138053.0,1.52524996,1.0
138055.0,1.52524996,1.0
138080.0,1.52524996,1.0
138082.0,1.52524996,1.0
138086.0,1.52524996,1.0
138088.0,1.52524996,1.0
138105.0,1.52524996,1.0
138113.0,1.52524996,2.0
138117.0,1.52524996,1.0
138123.0,1.52524996,1.0
138146.0,1.52524996,2.0
138161.0,1.52524996,1.0
138171.0,1.52524996,2.0
138177.0,1.52524996,1.0
138188.0,1.52524996,1.0
138228.0,1.52524996,1.0
138233.0,1.52524996,3.0
138234.0,1.52524996,1.0
138276.0,1.52524996,3.0
138305.0,1.52524996,1.0
138322.0,1.52524996,1.0
138333.0,1.52524996,1.0
138366.0,1.52524996,1.0
138392.0,1.52524996,1.0
138405.0,1.52524996,1.0
138431.0,1.52524996,1.0
138453.0,1.52524996,1.0
138462.0,1.52524996,2.0
138485.0,1.52524996,1.0
138493.0,1.52524996,1.0
138513.0,1.52524996,1.0
138519.0,1.52524996,1.0
138535.0,1.52524996,1.0
138570.0,1.52524996,1.0
138678.0,1.52524996,3.0
138679.0,1.52524996,1.0
138691.0,1.52524996,1.0
138703.0,1.52524996,1.0
138718.0,1.52524996,1.0
138752.0,1.52524996,2.0
138777.0,1.52524996,1.0
138788.0,1.52524996,1.0
138795.0,1.52524996,1.0
138796.0,1.52524996,3.0
138805.0,1.52524996,1.0
138829.0,1.52524996,1.0
138833.0,1.52524996,1.0
138841.0,1.52524996,2.0
138857.0,1.52524996,2.0
138869.0,1.52524996,1.0
138879.0,1.52524996,1.0
138912.0,1.52524996,1.0
138921.0,1.52524996,1.0
138930.0,1.52524996,2.0
138933.0,1.52524996,1.0
139026.0,1.52524996,1.0
139039.0,1.52524996,1.0
139043.0,1.52524996,2.0
139050.0,1.52524996,3.0
139054.0,1.52524996,1.0
139059.0,1.52524996,1.0
139085.0,1.52524996,1.0
139086.0,1.52524996,1.0
139096.0,1.52524996,1.0
139160.0,1.52524996,1.0
139185.0,1.52524996,1.0
139202.0,1.52524996,1.0
139253.0,1.52524996,1.0
139298.0,1.52524996,1.0
139320.0,1.52524996,4.0
139389.0,1.52524996,1.0
139406.0,1.52524996,1.0
139434.0,1.52524996,1.0
139440.0,1.52524996,2.0
139447.0,1.52524996,1.0
139477.0,1.52524996,1.0
139510.0,1.52524996,1.0
139533.0,1.52524996,1.0
139549.0,1.52524996,1.0
139550.0,1.52524996,1.0
139556.0,1.52524996,1.0
139565.0,1.52524996,1.0
139586.0,1.52524996,2.0
139591.0,1.52524996,1.0
139626.0,1.52524996,1.0
139682.0,1.52524996,1.0
139728.0,1.52524996,1.0
139730.0,1.52524996,1.0
139826.0,1.52524996,1.0
139828.0,1.52524996,1.0
139829.0,1.52524996,1.0
139841.0,1.52524996,1.0
139847.0,1.52524996,1.0
139857.0,1.52524996,1.0
139891.0,1.52524996,2.0
139919.0,1.52524996,1.0
139932.0,1.52524996,1.0
130508.0,1.52524996,1.0
130551.0,1.52524996,3.0
130725.0,1.52524996,2.0
130754.0,1.52524996,2.0
130914.0,1.52524996,3.0
130973.0,1.52524996,3.0
131341.0,1.52524996,2.0
131458.0,1.52524996,2.0
132173.0,1.52524996,2.0
132273.0,1.52524996,2.0
132389.0,1.52524996,1.0
132413.0,1.52524996,3.0
132978.0,1.52524996,1.0
133495.0,1.52524996,3.0
133517.0,1.52524996,1.0
133682.0,1.52524996,3.0
133711.0,1.52524996,3.0
134135.0,1.52524996,1.0
134203.0,1.52524996,3.0
134344.0,1.52524996,1.0
134437.0,1.52524996,1.0
134802.0,1.52524996,2.0
134909.0,1.52524996,2.0
135429.0,1.52524996,1.0
135521.0,1.52524996,1.0
135728.0,1.52524996,1.0
135805.0,1.52524996,3.0
137286.0,1.52524996,1.0
137415.0,1.52524996,1.0
137701.0,1.52524996,1.0
137706.0,1.52524996,2.0
137834.0,1.52524996,1.0
137859.0,1.52524996,2.0
137877.0,1.52524996,1.0
138307.0,1.52524996,3.0
138783.0,1.52524996,3.0
138972.0,1.52524996,1.0
139206.0,1.52524996,1.0
139622.0,1.52524996,1.0
139684.0,1.52524996,3.0
139929.0,1.52524996,3.0
130040.0,1.52524996,1.0
130238.0,1.52524996,2.0
130783.0,1.52524996,1.0
130876.0,1.52524996,1.0
131118.0,1.52524996,2.0
131212.0,1.52524996,1.0
131238.0,1.52524996,1.0
131316.0,1.52524996,1.0
131790.0,1.52524996,1.0
132303.0,1.52524996,2.0
132414.0,1.52524996,1.0
132438.0,1.52524996,1.0
132461.0,1.52524996,1.0
132503.0,1.52524996,1.0
132571.0,1.52524996,1.0
132725.0,1.52524996,1.0
132915.0,1.52524996,1.0
133019.0,1.52524996,1.0
133048.0,1.52524996,2.0
133197.0,1.52524996,1.0
133251.0,1.52524996,2.0
133302.0,1.52524996,2.0
133376.0,1.52524996,1.0
133857.0,1.52524996,2.0
133977.0,1.52524996,1.0
134253.0,1.52524996,1.0
134345.0,1.52524996,1.0
134543.0,1.52524996,1.0
135050.0,1.52524996,1.0
135105.0,1.52524996,1.0
135306.0,1.52524996,1.0
135314.0,1.52524996,1.0
135401.0,1.52524996,2.0
135437.0,1.52524996,2.0
135626.0,1.52524996,1.0
135773.0,1.52524996,2.0
136009.0,1.52524996,1.0
136062.0,1.52524996,1.0
136172.0,1.52524996,1.0
136388.0,1.52524996,1.0
136790.0,1.52524996,1.0
136813.0,1.52524996,1.0
137083.0,1.52524996,1.0
137189.0,1.52524996,1.0
137437.0,1.52524996,1.0
137590.0,1.52524996,1.0
137694.0,1.52524996,2.0
137773.0,1.52524996,1.0
137943.0,1.52524996,1.0
137966.0,1.52524996,1.0
138062.0,1.52524996,1.0
138207.0,1.52524996,2.0
138230.0,1.52524996,1.0
138499.0,1.52524996,2.0
138885.0,1.52524996,1.0
139151.0,1.52524996,2.0
139658.0,1.52524996,1.0
139681.0,1.52524996,2.0
139747.0,1.52524996,1.0
139981.0,1.52524996,2.0
130788.0,1.52524996,1.0
140004.0,1.56566,1.0
140024.0,1.56566,2.0
140027.0,1.56566,1.0
140032.0,1.56566,2.0
140036.0,1.56566,1.0
140040.0,1.56566,2.0
140063.0,1.56566,1.0
140080.0,1.56566,1.0
140085.0,1.56566,1.0
140103.0,1.56566,1.0
140106.0,1.56566,2.0
140120.0,1.56566,1.0
140123.0,1.56566,3.0
140199.0,1.56566,2.0
140210.0,1.56566,1.0
140244.0,1.56566,2.0
140307.0,1.56566,1.0
140328.0,1.56566,2.0
140334.0,1.56566,1.0
140353.0,1.56566,1.0
140373.0,1.56566,2.0
140388.0,1.56566,2.0
140402.0,1.56566,1.0
140410.0,1.56566,1.0
140425.0,1.56566,2.0
140461.0,1.56566,1.0
140508.0,1.56566,1.0
140525.0,1.56566,1.0
140531.0,1.56566,1.0
140551.0,1.56566,1.0
140554.0,1.56566,3.0
140568.0,1.56566,1.0
140585.0,1.56566,2.0
140592.0,1.56566,4.0
140620.0,1.56566,4.0
140628.0,1.56566,2.0
140653.0,1.56566,2.0
140665.0,1.56566,2.0
140673.0,1.56566,1.0
140680.0,1.56566,1.0
140681.0,1.56566,2.0
140683.0,1.56566,1.0
140687.0,1.56566,1.0
140718.0,1.56566,2.0
140725.0,1.56566,3.0
140737.0,1.56566,3.0
140741.0,1.56566,2.0
140754.0,1.56566,1.0
140756.0,1.56566,2.0
140788.0,1.56566,1.0
140821.0,1.56566,1.0
140836.0,1.56566,1.0
140837.0,1.56566,2.0
140841.0,1.56566,1.0
140846.0,1.56566,1.0
140870.0,1.56566,1.0
140896.0,1.56566,1.0
140913.0,1.56566,1.0
140914.0,1.56566,3.0
140973.0,1.56566,3.0
140976.0,1.56566,1.0
141000.0,1.56566,1.0
141008.0,1.56566,1.0
141019.0,1.56566,1.0
141041.0,1.56566,1.0
141046.0,1.56566,1.0
141048.0,1.56566,2.0
141051.0,1.56566,1.0
141066.0,1.56566,1.0
141078.0,1.56566,1.0
141099.0,1.56566,2.0
141106.0,1.56566,2.0
141118.0,1.56566,2.0
141122.0,1.56566,2.0
141124.0,1.56566,1.0
141132.0,1.56566,1.0
141138.0,1.56566,1.0
141151.0,1.56566,2.0
141158.0,1.56566,1.0
141179.0,1.56566,2.0
141200.0,1.56566,1.0
141202.0,1.56566,2.0
141212.0,1.56566,1.0
141216.0,1.56566,2.0
141256.0,1.56566,1.0
141266.0,1.56566,1.0
141282.0,1.56566,1.0
141288.0,1.56566,1.0
141308.0,1.56566,1.0
141316.0,1.56566,2.0
141325.0,1.56566,1.0
141341.0,1.56566,4.0
141350.0,1.56566,1.0
141403.0,1.56566,1.0
141427.0,1.56566,1.0
141436.0,1.56566,2.0
141439.0,1.56566,1.0
141458.0,1.56566,2.0
141479.0,1.56566,1.0
141486.0,1.56566,2.0
141512.0,1.56566,1.0
141563.0,1.56566,1.0
141566.0,1.56566,2.0
141572.0,1.56566,1.0
141576.0,1.56566,1.0
141585.0,1.56566,3.0
141589.0,1.56566,2.0
141600.0,1.56566,2.0
141611.0,1.56566,1.0
141677.0,1.56566,1.0
141695.0,1.56566,2.0
141713.0,1.56566,1.0
141730.0,1.56566,1.0
141741.0,1.56566,1.0
141759.0,1.56566,1.0
141777.0,1.56566,2.0
141781.0,1.56566,2.0
141790.0,1.56566,1.0
141816.0,1.56566,1.0
141824.0,1.56566,2.0
141826.0,1.56566,2.0
141848.0,1.56566,1.0
141875.0,1.56566,1.0
141906.0,1.56566,1.0
141907.0,1.56566,1.0
141921.0,1.56566,1.0
141938.0,1.56566,3.0
141964.0,1.56566,2.0
141972.0,1.56566,1.0
141982.0,1.56566,2.0
141983.0,1.56566,1.0
141986.0,1.56566,2.0
141997.0,1.56566,1.0
142015.0,1.56566,1.0
142026.0,1.56566,2.0
142043.0,1.56566,3.0
142047.0,1.56566,2.0
142062.0,1.56566,2.0
142078.0,1.56566,2.0
142087.0,1.56566,4.0
142094.0,1.56566,2.0
142150.0,1.56566,2.0
142156.0,1.56566,2.0
142173.0,1.56566,2.0
142206.0,1.56566,1.0
142210.0,1.56566,2.0
142216.0,1.56566,1.0
142239.0,1.56566,2.0
142271.0,1.56566,1.0
142273.0,1.56566,1.0
142299.0,1.56566,1.0
142303.0,1.56566,2.0
142318.0,1.56566,2.0
142324.0,1.56566,2.0
142352.0,1.56566,1.0
142354.0,1.56566,3.0
142358.0,1.56566,2.0
142368.0,1.56566,1.0
142372.0,1.56566,2.0
142389.0,1.56566,1.0
142393.0,1.56566,1.0
142397.0,1.56566,2.0
142403.0,1.56566,2.0
142404.0,1.56566,1.0
142414.0,1.56566,1.0
142438.0,1.56566,1.0
142461.0,1.56566,1.0
142503.0,1.56566,2.0
142511.0,1.56566,2.0
142557.0,1.56566,1.0
142571.0,1.56566,2.0
142576.0,1.56566,1.0
142624.0,1.56566,2.0
142633.0,1.56566,2.0
142634.0,1.56566,1.0
142702.0,1.56566,1.0
142711.0,1.56566,1.0
142716.0,1.56566,2.0
142725.0,1.56566,1.0
142738.0,1.56566,1.0
142752.0,1.56566,1.0
142753.0,1.56566,1.0
142764.0,1.56566,2.0
142775.0,1.56566,2.0
142777.0,1.56566,1.0
142818.0,1.56566,1.0
142819.0,1.56566,1.0
142825.0,1.56566,2.0
142826.0,1.56566,1.0
142829.0,1.56566,2.0
142837.0,1.56566,1.0
142861.0,1.56566,2.0
142862.0,1.56566,1.0
142871.0,1.56566,3.0
142886.0,1.56566,1.0
142887.0,1.56566,1.0
142915.0,1.56566,2.0
142945.0,1.56566,1.0
142949.0,1.56566,1.0
142978.0,1.56566,2.0
143055.0,1.56566,1.0
143063.0,1.56566,1.0
143088.0,1.56566,1.0
143089.0,1.56566,1.0
143093.0,1.56566,2.0
143108.0,1.56566,1.0
143142.0,1.56566,3.0
143145.0,1.56566,2.0
143197.0,1.56566,3.0
143205.0,1.56566,2.0
143246.0,1.56566,2.0
143251.0,1.56566,1.0
143252.0,1.56566,3.0
143254.0,1.56566,2.0
143271.0,1.56566,3.0
143300.0,1.56566,2.0
143302.0,1.56566,2.0
143305.0,1.56566,1.0
143314.0,1.56566,1.0
143319.0,1.56566,1.0
143340.0,1.56566,2.0
143341.0,1.56566,2.0
143345.0,1.56566,1.0
143363.0,1.56566,1.0
143381.0,1.56566,2.0
143401.0,1.56566,1.0
143411.0,1.56566,2.0
143454.0,1.56566,2.0
143457.0,1.56566,1.0
143459.0,1.56566,1.0
143474.0,1.56566,1.0
143492.0,1.56566,1.0
143495.0,1.56566,3.0
143508.0,1.56566,1.0
143512.0,1.56566,1.0
143514.0,1.56566,1.0
143517.0,1.56566,2.0
143530.0,1.56566,3.0
143544.0,1.56566,2.0
143550.0,1.56566,2.0
143568.0,1.56566,2.0
143615.0,1.56566,1.0
143619.0,1.56566,2.0
143644.0,1.56566,2.0
143660.0,1.56566,1.0
143671.0,1.56566,1.0
143681.0,1.56566,1.0
143711.0,1.56566,4.0
143717.0,1.56566,1.0
143736.0,1.56566,2.0
143741.0,1.56566,1.0
143745.0,1.56566,1.0
143775.0,1.56566,1.0
143777.0,1.56566,1.0
143813.0,1.56566,2.0
143850.0,1.56566,1.0
143851.0,1.56566,1.0
143853.0,1.56566,1.0
143857.0,1.56566,2.0
143886.0,1.56566,2.0
143889.0,1.56566,2.0
143936.0,1.56566,2.0
143937.0,1.56566,2.0
143944.0,1.56566,1.0
143972.0,1.56566,1.0
143982.0,1.56566,1.0
143984.0,1.56566,3.0
143995.0,1.56566,1.0
143996.0,1.56566,1.0
144001.0,1.56566,1.0
144004.0,1.56566,4.0
144015.0,1.56566,2.0
144023.0,1.56566,1.0
144028.0,1.56566,1.0
144038.0,1.56566,2.0
144043.0,1.56566,2.0
144045.0,1.56566,1.0
144054.0,1.56566,1.0
144059.0,1.56566,1.0
144096.0,1.56566,2.0
144103.0,1.56566,3.0
144171.0,1.56566,2.0
144203.0,1.56566,3.0
144234.0,1.56566,1.0
144251.0,1.56566,2.0
144253.0,1.56566,1.0
144255.0,1.56566,2.0
144262.0,1.56566,1.0
144264.0,1.56566,1.0
144285.0,1.56566,2.0
144294.0,1.56566,2.0
144343.0,1.56566,2.0
144344.0,1.56566,3.0
144345.0,1.56566,2.0
144348.0,1.56566,4.0
144352.0,1.56566,1.0
144362.0,1.56566,5.0
144408.0,1.56566,4.0
144431.0,1.56566,2.0
144437.0,1.56566,1.0
144450.0,1.56566,2.0
144455.0,1.56566,1.0
144476.0,1.56566,2.0
144484.0,1.56566,1.0
144508.0,1.56566,2.0
144518.0,1.56566,1.0
144521.0,1.56566,2.0
144522.0,1.56566,1.0
144528.0,1.56566,2.0
144543.0,1.56566,1.0
144546.0,1.56566,1.0
144549.0,1.56566,1.0
144640.0,1.56566,2.0
144654.0,1.56566,2.0
144691.0,1.56566,2.0
144701.0,1.56566,1.0
144702.0,1.56566,2.0
144721.0,1.56566,1.0
144739.0,1.56566,2.0
144741.0,1.56566,1.0
144781.0,1.56566,1.0
144802.0,1.56566,1.0
144822.0,1.56566,2.0
144823.0,1.56566,2.0
144831.0,1.56566,1.0
144841.0,1.56566,2.0
144866.0,1.56566,1.0
144876.0,1.56566,1.0
144928.0,1.56566,1.0
144929.0,1.56566,2.0
144936.0,1.56566,1.0
144976.0,1.56566,1.0
144990.0,1.56566,2.0
145022.0,1.56566,1.0
145043.0,1.56566,2.0
145044.0,1.56566,1.0
145050.0,1.56566,2.0
145059.0,1.56566,1.0
145060.0,1.56566,1.0
145068.0,1.56566,2.0
145069.0,1.56566,2.0
145088.0,1.56566,1.0
145114.0,1.56566,1.0
145121.0,1.56566,1.0
145146.0,1.56566,1.0
145159.0,1.56566,1.0
145160.0,1.56566,1.0
145191.0,1.56566,1.0
145204.0,1.56566,1.0
145223.0,1.56566,2.0
145247.0,1.56566,2.0
145253.0,1.56566,2.0
145260.0,1.56566,1.0
145278.0,1.56566,1.0
145304.0,1.56566,1.0
145305.0,1.56566,1.0
145306.0,1.56566,1.0
145314.0,1.56566,2.0
145318.0,1.56566,2.0
145354.0,1.56566,1.0
145357.0,1.56566,1.0
145401.0,1.56566,2.0
145407.0,1.56566,2.0
145417.0,1.56566,1.0
145419.0,1.56566,1.0
145437.0,1.56566,2.0
145446.0,1.56566,1.0
145474.0,1.56566,4.0
145488.0,1.56566,2.0
145503.0,1.56566,1.0
145521.0,1.56566,2.0
145534.0,1.56566,2.0
145540.0,1.56566,1.0
145549.0,1.56566,1.0
145555.0,1.56566,3.0
145564.0,1.56566,1.0
145574.0,1.56566,2.0
145615.0,1.56566,1.0
145626.0,1.56566,2.0
145629.0,1.56566,1.0
145636.0,1.56566,2.0
145639.0,1.56566,2.0
145642.0,1.56566,1.0
145672.0,1.56566,1.0
145698.0,1.56566,1.0
145728.0,1.56566,1.0
145747.0,1.56566,1.0
145756.0,1.56566,3.0
145767.0,1.56566,1.0
145773.0,1.56566,2.0
145805.0,1.56566,1.0
145818.0,1.56566,1.0
145844.0,1.56566,1.0
145848.0,1.56566,1.0
145856.0,1.56566,1.0
145874.0,1.56566,2.0
145893.0,1.56566,2.0
145895.0,1.56566,2.0
145936.0,1.56566,1.0
145945.0,1.56566,3.0
145950.0,1.56566,1.0
145960.0,1.56566,1.0
145965.0,1.56566,2.0
145999.0,1.56566,2.0
146012.0,1.56566,2.0
146046.0,1.56566,3.0
146048.0,1.56566,1.0
146076.0,1.56566,1.0
146101.0,1.56566,2.0
146113.0,1.56566,1.0
146125.0,1.56566,2.0
146131.0,1.56566,2.0
146162.0,1.56566,1.0
146172.0,1.56566,2.0
146205.0,1.56566,2.0
146224.0,1.56566,1.0
146266.0,1.56566,3.0
146270.0,1.56566,2.0
146276.0,1.56566,1.0
146322.0,1.56566,2.0
146326.0,1.56566,1.0
146333.0,1.56566,1.0
146347.0,1.56566,1.0
146398.0,1.56566,1.0
146410.0,1.56566,2.0
146432.0,1.56566,1.0
146436.0,1.56566,2.0
146446.0,1.56566,1.0
146450.0,1.56566,2.0
146483.0,1.56566,2.0
146517.0,1.56566,1.0
146519.0,1.56566,1.0
146520.0,1.56566,1.0
146525.0,1.56566,2.0
146556.0,1.56566,2.0
146573.0,1.56566,1.0
146590.0,1.56566,1.0
146592.0,1.56566,2.0
146636.0,1.56566,1.0
146686.0,1.56566,1.0
146707.0,1.56566,1.0
146747.0,1.56566,1.0
146757.0,1.56566,1.0
146793.0,1.56566,1.0
146814.0,1.56566,1.0
146818.0,1.56566,1.0
146820.0,1.56566,1.0
146834.0,1.56566,1.0
146840.0,1.56566,3.0
146859.0,1.56566,2.0
146888.0,1.56566,1.0
146909.0,1.56566,1.0
146928.0,1.56566,1.0
146969.0,1.56566,2.0
146974.0,1.56566,1.0
147126.0,1.56566,3.0
147145.0,1.56566,2.0
147150.0,1.56566,1.0
147177.0,1.56566,4.0
147187.0,1.56566,2.0
147189.0,1.56566,2.0
147197.0,1.56566,1.0
147219.0,1.56566,2.0
147226.0,1.56566,1.0
147238.0,1.56566,1.0
147253.0,1.56566,1.0
147273.0,1.56566,1.0
147286.0,1.56566,1.0
147300.0,1.56566,1.0
147305.0,1.56566,1.0
147308.0,1.56566,1.0
147324.0,1.56566,2.0
147341.0,1.56566,3.0
147356.0,1.56566,2.0
147366.0,1.56566,2.0
147369.0,1.56566,2.0
147390.0,1.56566,2.0
147406.0,1.56566,1.0
147415.0,1.56566,5.0
147434.0,1.56566,1.0
147437.0,1.56566,2.0
147453.0,1.56566,1.0
147466.0,1.56566,1.0
147469.0,1.56566,2.0
147471.0,1.56566,1.0
147482.0,1.56566,1.0
147517.0,1.56566,1.0
147520.0,1.56566,1.0
147525.0,1.56566,2.0
147535.0,1.56566,4.0
147536.0,1.56566,1.0
147565.0,1.56566,2.0
147612.0,1.56566,1.0
147616.0,1.56566,1.0
147622.0,1.56566,2.0
147659.0,1.56566,3.0
147699.0,1.56566,4.0
147701.0,1.56566,4.0
147706.0,1.56566,1.0
147710.0,1.56566,1.0
147711.0,1.56566,2.0
147761.0,1.56566,2.0
147765.0,1.56566,2.0
147773.0,1.56566,2.0
147778.0,1.56566,1.0
147819.0,1.56566,2.0
147829.0,1.56566,3.0
147834.0,1.56566,2.0
147859.0,1.56566,1.0
147877.0,1.56566,3.0
147879.0,1.56566,1.0
147903.0,1.56566,2.0
147941.0,1.56566,3.0
147943.0,1.56566,2.0
147944.0,1.56566,1.0
147957.0,1.56566,2.0
147966.0,1.56566,1.0
148026.0,1.56566,1.0
148041.0,1.56566,2.0
148055.0,1.56566,3.0
148062.0,1.56566,1.0
148082.0,1.56566,1.0
148105.0,1.56566,1.0
148113.0,1.56566,2.0
148117.0,1.56566,2.0
148144.0,1.56566,2.0
148163.0,1.56566,2.0
148205.0,1.56566,2.0
148207.0,1.56566,2.0
148223.0,1.56566,2.0
148233.0,1.56566,1.0
148259.0,1.56566,1.0
148264.0,1.56566,1.0
148305.0,1.56566,1.0
148322.0,1.56566,1.0
148366.0,1.56566,1.0
148436.0,1.56566,2.0
148453.0,1.56566,3.0
148462.0,1.56566,1.0
148473.0,1.56566,2.0
148475.0,1.56566,1.0
148499.0,1.56566,2.0
148535.0,1.56566,1.0
148546.0,1.56566,1.0
148565.0,1.56566,2.0
148570.0,1.56566,1.0
148621.0,1.56566,2.0
148678.0,1.56566,3.0
148691.0,1.56566,2.0
148703.0,1.56566,1.0
148718.0,1.56566,3.0
148725.0,1.56566,1.0
148732.0,1.56566,1.0
148752.0,1.56566,2.0
148777.0,1.56566,1.0
148787.0,1.56566,1.0
148796.0,1.56566,3.0
148805.0,1.56566,1.0
148814.0,1.56566,1.0
148825.0,1.56566,1.0
148835.0,1.56566,1.0
148841.0,1.56566,2.0
148869.0,1.56566,2.0
148872.0,1.56566,1.0
148885.0,1.56566,1.0
148897.0,1.56566,1.0
148930.0,1.56566,2.0
148936.0,1.56566,2.0
148957.0,1.56566,1.0
148986.0,1.56566,2.0
149009.0,1.56566,1.0
149015.0,1.56566,3.0
149029.0,1.56566,2.0
149054.0,1.56566,1.0
149059.0,1.56566,1.0
149068.0,1.56566,1.0
149085.0,1.56566,2.0
149092.0,1.56566,1.0
149096.0,1.56566,2.0
149120.0,1.56566,1.0
149185.0,1.56566,1.0
149189.0,1.56566,1.0
149206.0,1.56566,1.0
149215.0,1.56566,1.0
149220.0,1.56566,2.0
149250.0,1.56566,1.0
149253.0,1.56566,1.0
149298.0,1.56566,2.0
149318.0,1.56566,2.0
149320.0,1.56566,2.0
149353.0,1.56566,1.0
149358.0,1.56566,1.0
149363.0,1.56566,2.0
149381.0,1.56566,1.0
149385.0,1.56566,1.0
149408.0,1.56566,2.0
149434.0,1.56566,1.0
149447.0,1.56566,2.0
149494.0,1.56566,2.0
149510.0,1.56566,2.0
149533.0,1.56566,1.0
149549.0,1.56566,4.0
149556.0,1.56566,2.0
149586.0,1.56566,1.0
149591.0,1.56566,2.0
149626.0,1.56566,1.0
149628.0,1.56566,1.0
149658.0,1.56566,2.0
149661.0,1.56566,1.0
149684.0,1.56566,1.0
149749.0,1.56566,1.0
149754.0,1.56566,1.0
149806.0,1.56566,2.0
149826.0,1.56566,1.0
149828.0,1.56566,1.0
149841.0,1.56566,2.0
149891.0,1.56566,1.0
149917.0,1.56566,2.0
149919.0,1.56566,2.0
149929.0,1.56566,2.0
149944.0,1.56566,2.0
149981.0,1.56566,1.0
142483.0,1.56566,1.0
146748.0,1.56566,1.0
150004.0,1.60606003,1.0
150027.0,1.60606003,1.0
150029.0,1.60606003,1.0
150032.0,1.60606003,2.0
150036.0,1.60606003,1.0
150064.0,1.60606003,1.0
150070.0,1.60606003,1.0
150080.0,1.60606003,1.0
150085.0,1.60606003,1.0
150103.0,1.60606003,1.0
150107.0,1.60606003,1.0
150120.0,1.60606003,1.0
150126.0,1.60606003,1.0
150199.0,1.60606003,1.0
150235.0,1.60606003,1.0
150291.0,1.60606003,1.0
150307.0,1.60606003,1.0
150327.0,1.60606003,1.0
150334.0,1.60606003,1.0
150346.0,1.60606003,1.0
150383.0,1.60606003,1.0
150388.0,1.60606003,1.0
150389.0,1.60606003,1.0
150402.0,1.60606003,1.0
150461.0,1.60606003,1.0
150474.0,1.60606003,1.0
150490.0,1.60606003,1.0
150505.0,1.60606003,1.0
150508.0,1.60606003,1.0
150554.0,1.60606003,2.0
150592.0,1.60606003,1.0
150620.0,1.60606003,1.0
150634.0,1.60606003,1.0
150642.0,1.60606003,2.0
150665.0,1.60606003,1.0
150680.0,1.60606003,1.0
150681.0,1.60606003,1.0
150683.0,1.60606003,1.0
150687.0,1.60606003,1.0
150690.0,1.60606003,1.0
150725.0,1.60606003,1.0
150730.0,1.60606003,1.0
150737.0,1.60606003,1.0
150754.0,1.60606003,1.0
150760.0,1.60606003,1.0
150800.0,1.60606003,1.0
150821.0,1.60606003,1.0
150837.0,1.60606003,2.0
150841.0,1.60606003,1.0
150846.0,1.60606003,1.0
150870.0,1.60606003,1.0
150896.0,1.60606003,1.0
150899.0,1.60606003,1.0
150913.0,1.60606003,1.0
150976.0,1.60606003,1.0
150982.0,1.60606003,1.0
150997.0,1.60606003,1.0
150998.0,1.60606003,1.0
151000.0,1.60606003,1.0
151008.0,1.60606003,1.0
151041.0,1.60606003,1.0
151046.0,1.60606003,1.0
151048.0,1.60606003,1.0
151051.0,1.60606003,1.0
151106.0,1.60606003,1.0
151108.0,1.60606003,1.0
151132.0,1.60606003,1.0
151138.0,1.60606003,1.0
151139.0,1.60606003,1.0
151147.0,1.60606003,2.0
151158.0,1.60606003,1.0
151170.0,1.60606003,1.0
151202.0,1.60606003,1.0
151203.0,1.60606003,1.0
151256.0,1.60606003,1.0
151286.0,1.60606003,1.0
151298.0,1.60606003,1.0
151308.0,1.60606003,1.0
151350.0,1.60606003,1.0
151354.0,1.60606003,1.0
151403.0,1.60606003,1.0
151427.0,1.60606003,1.0
151454.0,1.60606003,1.0
151458.0,1.60606003,1.0
151494.0,1.60606003,1.0
151512.0,1.60606003,1.0
151536.0,1.60606003,1.0
151546.0,1.60606003,1.0
151563.0,1.60606003,1.0
151572.0,1.60606003,1.0
151576.0,1.60606003,1.0
151580.0,1.60606003,1.0
151585.0,1.60606003,1.0
151589.0,1.60606003,1.0
151600.0,1.60606003,1.0
151602.0,1.60606003,1.0
151611.0,1.60606003,1.0
151629.0,1.60606003,1.0
151645.0,1.60606003,1.0
151666.0,1.60606003,1.0
151677.0,1.60606003,1.0
151679.0,1.60606003,1.0
151695.0,1.60606003,1.0
151730.0,1.60606003,1.0
151754.0,1.60606003,1.0
151777.0,1.60606003,1.0
151781.0,1.60606003,1.0
151790.0,1.60606003,1.0
151816.0,1.60606003,1.0
151820.0,1.60606003,1.0
151826.0,1.60606003,1.0
151848.0,1.60606003,1.0
151874.0,1.60606003,1.0
151908.0,1.60606003,1.0
151921.0,1.60606003,1.0
151938.0,1.60606003,1.0
151964.0,1.60606003,1.0
151983.0,1.60606003,1.0
151986.0,1.60606003,1.0
151997.0,1.60606003,1.0
152015.0,1.60606003,1.0
152026.0,1.60606003,2.0
152031.0,1.60606003,1.0
152043.0,1.60606003,2.0
152047.0,1.60606003,1.0
152087.0,1.60606003,1.0
152150.0,1.60606003,1.0
152177.0,1.60606003,1.0
152210.0,1.60606003,1.0
152216.0,1.60606003,1.0
152239.0,1.60606003,2.0
152264.0,1.60606003,1.0
152273.0,1.60606003,1.0
152299.0,1.60606003,1.0
152318.0,1.60606003,1.0
152339.0,1.60606003,1.0
152340.0,1.60606003,1.0
152345.0,1.60606003,1.0
152352.0,1.60606003,1.0
152354.0,1.60606003,1.0
152368.0,1.60606003,1.0
152397.0,1.60606003,1.0
152404.0,1.60606003,1.0
152413.0,1.60606003,1.0
152424.0,1.60606003,1.0
152514.0,1.60606003,1.0
152557.0,1.60606003,1.0
152568.0,1.60606003,1.0
152576.0,1.60606003,1.0
152633.0,1.60606003,1.0
152702.0,1.60606003,1.0
152716.0,1.60606003,2.0
152725.0,1.60606003,1.0
152760.0,1.60606003,1.0
152766.0,1.60606003,1.0
152777.0,1.60606003,2.0
152786.0,1.60606003,1.0
152819.0,1.60606003,1.0
152825.0,1.60606003,2.0
152826.0,1.60606003,1.0
152861.0,1.60606003,1.0
152862.0,1.60606003,1.0
152871.0,1.60606003,1.0
152875.0,1.60606003,1.0
152888.0,1.60606003,1.0
152892.0,1.60606003,2.0
152894.0,1.60606003,1.0
152945.0,1.60606003,1.0
152959.0,1.60606003,1.0
153055.0,1.60606003,1.0
153063.0,1.60606003,1.0
153071.0,1.60606003,1.0
153088.0,1.60606003,1.0
153089.0,1.60606003,1.0
153093.0,1.60606003,1.0
153110.0,1.60606003,1.0
153142.0,1.60606003,1.0
153145.0,1.60606003,2.0
153205.0,1.60606003,1.0
153213.0,1.60606003,1.0
153218.0,1.60606003,1.0
153240.0,1.60606003,1.0
153252.0,1.60606003,1.0
153271.0,1.60606003,1.0
153297.0,1.60606003,1.0
153303.0,1.60606003,2.0
153305.0,1.60606003,1.0
153314.0,1.60606003,1.0
153345.0,1.60606003,1.0
153363.0,1.60606003,1.0
153410.0,1.60606003,1.0
153454.0,1.60606003,1.0
153459.0,1.60606003,1.0
153461.0,1.60606003,1.0
153474.0,1.60606003,1.0
153492.0,1.60606003,1.0
153493.0,1.60606003,1.0
153501.0,1.60606003,1.0
153530.0,1.60606003,1.0
153544.0,1.60606003,1.0
153550.0,1.60606003,1.0
153577.0,1.60606003,1.0
153588.0,1.60606003,1.0
153615.0,1.60606003,1.0
153642.0,1.60606003,1.0
153655.0,1.60606003,2.0
153671.0,1.60606003,1.0
153682.0,1.60606003,1.0
153717.0,1.60606003,1.0
153745.0,1.60606003,1.0
153777.0,1.60606003,1.0
153809.0,1.60606003,1.0
153813.0,1.60606003,1.0
153818.0,1.60606003,1.0
153827.0,1.60606003,2.0
153850.0,1.60606003,1.0
153853.0,1.60606003,1.0
153936.0,1.60606003,1.0
153937.0,1.60606003,1.0
153944.0,1.60606003,1.0
153972.0,1.60606003,1.0
153984.0,1.60606003,1.0
153994.0,1.60606003,1.0
153995.0,1.60606003,1.0
153996.0,1.60606003,1.0
154004.0,1.60606003,1.0
154015.0,1.60606003,1.0
154025.0,1.60606003,1.0
154028.0,1.60606003,1.0
154034.0,1.60606003,1.0
154038.0,1.60606003,1.0
154043.0,1.60606003,1.0
154045.0,1.60606003,1.0
154096.0,1.60606003,1.0
154103.0,1.60606003,1.0
154130.0,1.60606003,1.0
154165.0,1.60606003,2.0
154192.0,1.60606003,1.0
154211.0,1.60606003,1.0
154237.0,1.60606003,1.0
154251.0,1.60606003,1.0
154262.0,1.60606003,2.0
154274.0,1.60606003,1.0
154281.0,1.60606003,1.0
154294.0,1.60606003,1.0
154308.0,1.60606003,1.0
154312.0,1.60606003,1.0
154344.0,1.60606003,2.0
154349.0,1.60606003,1.0
154364.0,1.60606003,1.0
154407.0,1.60606003,1.0
154431.0,1.60606003,2.0
154432.0,1.60606003,1.0
154437.0,1.60606003,1.0
154455.0,1.60606003,1.0
154476.0,1.60606003,2.0
154484.0,1.60606003,1.0
154518.0,1.60606003,1.0
154522.0,1.60606003,1.0
154546.0,1.60606003,1.0
154547.0,1.60606003,1.0
154549.0,1.60606003,2.0
154579.0,1.60606003,1.0
154603.0,1.60606003,2.0
154616.0,1.60606003,1.0
154701.0,1.60606003,1.0
154704.0,1.60606003,1.0
154721.0,1.60606003,1.0
154727.0,1.60606003,1.0
154737.0,1.60606003,1.0
154741.0,1.60606003,1.0
154780.0,1.60606003,1.0
154822.0,1.60606003,1.0
154831.0,1.60606003,1.0
154866.0,1.60606003,1.0
154890.0,1.60606003,1.0
154906.0,1.60606003,1.0
154928.0,1.60606003,1.0
154936.0,1.60606003,2.0
154966.0,1.60606003,1.0
154976.0,1.60606003,1.0
154977.0,1.60606003,1.0
154990.0,1.60606003,2.0
154996.0,1.60606003,1.0
155030.0,1.60606003,1.0
155044.0,1.60606003,1.0
155051.0,1.60606003,1.0
155059.0,1.60606003,1.0
155088.0,1.60606003,2.0
155101.0,1.60606003,1.0
155121.0,1.60606003,1.0
155146.0,1.60606003,1.0
155157.0,1.60606003,1.0
155170.0,1.60606003,1.0
155181.0,1.60606003,1.0
155191.0,1.60606003,1.0
155212.0,1.60606003,1.0
155223.0,1.60606003,1.0
155260.0,1.60606003,1.0
155281.0,1.60606003,1.0
155304.0,1.60606003,1.0
155305.0,1.60606003,1.0
155318.0,1.60606003,1.0
155319.0,1.60606003,1.0
155344.0,1.60606003,1.0
155357.0,1.60606003,2.0
155390.0,1.60606003,1.0
155407.0,1.60606003,1.0
155429.0,1.60606003,1.0
155446.0,1.60606003,1.0
155451.0,1.60606003,1.0
155456.0,1.60606003,1.0
155470.0,1.60606003,1.0
155474.0,1.60606003,1.0
155488.0,1.60606003,1.0
155521.0,1.60606003,1.0
155540.0,1.60606003,1.0
155543.0,1.60606003,2.0
155548.0,1.60606003,1.0
155549.0,1.60606003,1.0
155555.0,1.60606003,1.0
155615.0,1.60606003,2.0
155642.0,1.60606003,1.0
155660.0,1.60606003,1.0
155663.0,1.60606003,1.0
155672.0,1.60606003,1.0
155708.0,1.60606003,1.0
155756.0,1.60606003,2.0
155818.0,1.60606003,1.0
155844.0,1.60606003,1.0
155856.0,1.60606003,1.0
155893.0,1.60606003,1.0
155895.0,1.60606003,1.0
155945.0,1.60606003,1.0
155950.0,1.60606003,1.0
155987.0,1.60606003,1.0
155989.0,1.60606003,1.0
155999.0,1.60606003,1.0
156046.0,1.60606003,1.0
156048.0,1.60606003,1.0
156113.0,1.60606003,1.0
156118.0,1.60606003,1.0
156123.0,1.60606003,1.0
156125.0,1.60606003,1.0
156162.0,1.60606003,1.0
156166.0,1.60606003,1.0
156199.0,1.60606003,1.0
156227.0,1.60606003,1.0
156241.0,1.60606003,1.0
156266.0,1.60606003,1.0
156270.0,1.60606003,1.0
156295.0,1.60606003,1.0
156308.0,1.60606003,1.0
156333.0,1.60606003,1.0
156337.0,1.60606003,1.0
156347.0,1.60606003,1.0
156410.0,1.60606003,1.0
156432.0,1.60606003,1.0
156436.0,1.60606003,2.0
156463.0,1.60606003,1.0
156483.0,1.60606003,1.0
156520.0,1.60606003,1.0
156539.0,1.60606003,1.0
156556.0,1.60606003,1.0
156573.0,1.60606003,1.0
156574.0,1.60606003,1.0
156590.0,1.60606003,1.0
156636.0,1.60606003,1.0
156648.0,1.60606003,1.0
156650.0,1.60606003,1.0
156686.0,1.60606003,1.0
156707.0,1.60606003,1.0
156747.0,1.60606003,1.0
156767.0,1.60606003,1.0
156793.0,1.60606003,1.0
156814.0,1.60606003,1.0
156818.0,1.60606003,1.0
156820.0,1.60606003,1.0
156840.0,1.60606003,1.0
156850.0,1.60606003,1.0
156859.0,1.60606003,1.0
156888.0,1.60606003,1.0
156909.0,1.60606003,1.0
156913.0,1.60606003,1.0
156923.0,1.60606003,1.0
156949.0,1.60606003,1.0
156967.0,1.60606003,1.0
156969.0,1.60606003,1.0
156986.0,1.60606003,1.0
157080.0,1.60606003,1.0
157126.0,1.60606003,1.0
157148.0,1.60606003,1.0
157177.0,1.60606003,1.0
157197.0,1.60606003,1.0
157226.0,1.60606003,1.0
157238.0,1.60606003,1.0
157273.0,1.60606003,1.0
157276.0,1.60606003,1.0
157286.0,1.60606003,1.0
157300.0,1.60606003,1.0
157305.0,1.60606003,1.0
157308.0,1.60606003,1.0
157322.0,1.60606003,1.0
157341.0,1.60606003,1.0
157357.0,1.60606003,2.0
157358.0,1.60606003,1.0
157364.0,1.60606003,1.0
157369.0,1.60606003,1.0
157406.0,1.60606003,1.0
157415.0,1.60606003,1.0
157453.0,1.60606003,1.0
157466.0,1.60606003,1.0
157471.0,1.60606003,1.0
157482.0,1.60606003,1.0
157520.0,1.60606003,1.0
157525.0,1.60606003,1.0
157535.0,1.60606003,1.0
157537.0,1.60606003,1.0
157624.0,1.60606003,1.0
157626.0,1.60606003,1.0
157642.0,1.60606003,1.0
157659.0,1.60606003,1.0
157682.0,1.60606003,1.0
157701.0,1.60606003,1.0
157706.0,1.60606003,1.0
157711.0,1.60606003,1.0
157721.0,1.60606003,1.0
157728.0,1.60606003,1.0
157752.0,1.60606003,1.0
157765.0,1.60606003,1.0
157778.0,1.60606003,1.0
157817.0,1.60606003,1.0
157829.0,1.60606003,2.0
157834.0,1.60606003,1.0
157847.0,1.60606003,2.0
157852.0,1.60606003,1.0
157870.0,1.60606003,1.0
157878.0,1.60606003,1.0
157879.0,1.60606003,1.0
157917.0,1.60606003,1.0
158008.0,1.60606003,1.0
158026.0,1.60606003,1.0
158031.0,1.60606003,2.0
158080.0,1.60606003,1.0
158082.0,1.60606003,1.0
158086.0,1.60606003,1.0
158088.0,1.60606003,1.0
158105.0,1.60606003,1.0
158117.0,1.60606003,1.0
158146.0,1.60606003,1.0
158171.0,1.60606003,1.0
158188.0,1.60606003,1.0
158234.0,1.60606003,1.0
158259.0,1.60606003,1.0
158304.0,1.60606003,1.0
158305.0,1.60606003,1.0
158322.0,1.60606003,1.0
158333.0,1.60606003,1.0
158352.0,1.60606003,2.0
158356.0,1.60606003,1.0
158359.0,1.60606003,1.0
158366.0,1.60606003,1.0
158405.0,1.60606003,1.0
158453.0,1.60606003,1.0
158462.0,1.60606003,1.0
158468.0,1.60606003,1.0
158469.0,1.60606003,1.0
158485.0,1.60606003,1.0
158493.0,1.60606003,1.0
158513.0,1.60606003,1.0
158519.0,1.60606003,1.0
158535.0,1.60606003,1.0
158553.0,1.60606003,1.0
158678.0,1.60606003,1.0
158679.0,1.60606003,1.0
158691.0,1.60606003,1.0
158703.0,1.60606003,1.0
158718.0,1.60606003,1.0
158732.0,1.60606003,1.0
158752.0,1.60606003,1.0
158777.0,1.60606003,1.0
158788.0,1.60606003,1.0
158795.0,1.60606003,1.0
158796.0,1.60606003,2.0
158805.0,1.60606003,1.0
158820.0,1.60606003,2.0
158833.0,1.60606003,1.0
158857.0,1.60606003,1.0
158868.0,1.60606003,1.0
158869.0,1.60606003,1.0
158872.0,1.60606003,1.0
158879.0,1.60606003,1.0
158897.0,1.60606003,1.0
158930.0,1.60606003,1.0
159009.0,1.60606003,1.0
159015.0,1.60606003,1.0
159026.0,1.60606003,1.0
159039.0,1.60606003,1.0
159043.0,1.60606003,1.0
159050.0,1.60606003,2.0
159054.0,1.60606003,1.0
159068.0,1.60606003,1.0
159085.0,1.60606003,2.0
159092.0,1.60606003,1.0
159154.0,1.60606003,1.0
159160.0,1.60606003,1.0
159185.0,1.60606003,1.0
159202.0,1.60606003,1.0
159206.0,1.60606003,1.0
159215.0,1.60606003,1.0
159253.0,1.60606003,1.0
159295.0,1.60606003,2.0
159298.0,1.60606003,1.0
159320.0,1.60606003,1.0
159321.0,1.60606003,1.0
159353.0,1.60606003,1.0
159387.0,1.60606003,1.0
159408.0,1.60606003,1.0
159447.0,1.60606003,1.0
159510.0,1.60606003,1.0
159515.0,1.60606003,1.0
159527.0,1.60606003,1.0
159533.0,1.60606003,1.0
159547.0,1.60606003,1.0
159549.0,1.60606003,1.0
159550.0,1.60606003,1.0
159556.0,1.60606003,1.0
159565.0,1.60606003,1.0
159586.0,1.60606003,1.0
159591.0,1.60606003,1.0
159622.0,1.60606003,1.0
159626.0,1.60606003,1.0
159628.0,1.60606003,1.0
159661.0,1.60606003,1.0
159684.0,1.60606003,1.0
159723.0,1.60606003,1.0
159824.0,1.60606003,1.0
159826.0,1.60606003,1.0
159828.0,1.60606003,1.0
159829.0,1.60606003,1.0
159847.0,1.60606003,1.0
159858.0,1.60606003,1.0
159891.0,1.60606003,1.0
159919.0,1.60606003,1.0
159932.0,1.60606003,1.0
150024.0,1.60606003,2.0
150438.0,1.60606003,1.0
150702.0,1.60606003,1.0
150906.0,1.60606003,1.0
151179.0,1.60606003,2.0
151906.0,1.60606003,1.0
153147.0,1.60606003,1.0
153686.0,1.60606003,1.0
153697.0,1.60606003,1.0
153987.0,1.60606003,1.0
154288.0,1.60606003,1.0
154739.0,1.60606003,1.0
154904.0,1.60606003,1.0
155235.0,1.60606003,1.0
155253.0,1.60606003,1.0
155379.0,1.60606003,1.0
155749.0,1.60606003,1.0
155814.0,1.60606003,1.0
155973.0,1.60606003,1.0
156714.0,1.60606003,1.0
157089.0,1.60606003,1.0
157309.0,1.60606003,1.0
157819.0,1.60606003,1.0
158025.0,1.60606003,1.0
158228.0,1.60606003,1.0
158277.0,1.60606003,1.0
158467.0,1.60606003,1.0
158829.0,1.60606003,1.0
159017.0,1.60606003,1.0
159233.0,1.60606003,1.0
159308.0,1.60606003,1.0
159970.0,1.60606003,1.0
150040.0,1.60606003,1.0
150585.0,1.60606003,1.0
150628.0,1.60606003,1.0
150849.0,1.60606003,1.0
151212.0,1.60606003,1.0
151316.0,1.60606003,1.0
151537.0,1.60606003,1.0
151824.0,1.60606003,1.0
152078.0,1.60606003,1.0
152461.0,1.60606003,1.0
152503.0,1.60606003,1.0
152511.0,1.60606003,1.0
152571.0,1.60606003,1.0
152624.0,1.60606003,1.0
153246.0,1.60606003,1.0
153251.0,1.60606003,1.0
153302.0,1.60606003,1.0
153340.0,1.60606003,1.0
153529.0,1.60606003,1.0
153653.0,1.60606003,1.0
153889.0,1.60606003,1.0
154023.0,1.60606003,1.0
154285.0,1.60606003,1.0
154508.0,1.60606003,1.0
154654.0,1.60606003,1.0
155278.0,1.60606003,1.0
155437.0,1.60606003,1.0
155626.0,1.60606003,1.0
155639.0,1.60606003,1.0
155815.0,1.60606003,1.0
155965.0,1.60606003,1.0
156062.0,1.60606003,1.0
156095.0,1.60606003,1.0
156172.0,1.60606003,1.0
156525.0,1.60606003,1.0
156540.0,1.60606003,1.0
157050.0,1.60606003,1.0
157145.0,1.60606003,1.0
157189.0,1.60606003,1.0
157356.0,1.60606003,1.0
157563.0,1.60606003,1.0
157565.0,1.60606003,1.0
157694.0,1.60606003,1.0
157881.0,1.60606003,1.0
157957.0,1.60606003,1.0
158473.0,1.60606003,1.0
158565.0,1.60606003,1.0
159841.0,1.60606003,1.0
160024.0,1.64646006,2.0
160027.0,1.64646006,1.0
160032.0,1.64646006,2.0
160036.0,1.64646006,3.0
160063.0,1.64646006,1.0
160064.0,1.64646006,1.0
160070.0,1.64646006,3.0
160080.0,1.64646006,1.0
160085.0,1.64646006,2.0
160106.0,1.64646006,3.0
160120.0,1.64646006,1.0
160123.0,1.64646006,3.0
160207.0,1.64646006,1.0
160210.0,1.64646006,2.0
160250.0,1.64646006,2.0
160291.0,1.64646006,2.0
160307.0,1.64646006,1.0
160316.0,1.64646006,1.0
160346.0,1.64646006,1.0
160389.0,1.64646006,1.0
160402.0,1.64646006,1.0
160461.0,1.64646006,1.0
160474.0,1.64646006,1.0
160508.0,1.64646006,1.0
160515.0,1.64646006,1.0
160525.0,1.64646006,1.0
160620.0,1.64646006,3.0
160634.0,1.64646006,1.0
160642.0,1.64646006,1.0
160680.0,1.64646006,1.0
160683.0,1.64646006,1.0
160687.0,1.64646006,1.0
160690.0,1.64646006,1.0
160725.0,1.64646006,2.0
160730.0,1.64646006,1.0
160737.0,1.64646006,3.0
160754.0,1.64646006,4.0
160760.0,1.64646006,1.0
160788.0,1.64646006,2.0
160800.0,1.64646006,1.0
160821.0,1.64646006,1.0
160841.0,1.64646006,3.0
160846.0,1.64646006,3.0
160870.0,1.64646006,1.0
160884.0,1.64646006,1.0
160896.0,1.64646006,2.0
160899.0,1.64646006,1.0
160913.0,1.64646006,1.0
160914.0,1.64646006,1.0
160973.0,1.64646006,3.0
160976.0,1.64646006,1.0
160982.0,1.64646006,3.0
160997.0,1.64646006,4.0
160998.0,1.64646006,1.0
161000.0,1.64646006,3.0
161041.0,1.64646006,1.0
161048.0,1.64646006,1.0
161078.0,1.64646006,4.0
161099.0,1.64646006,3.0
161106.0,1.64646006,1.0
161108.0,1.64646006,3.0
161118.0,1.64646006,2.0
161138.0,1.64646006,1.0
161147.0,1.64646006,3.0
161151.0,1.64646006,2.0
161156.0,1.64646006,2.0
161158.0,1.64646006,1.0
161161.0,1.64646006,1.0
161170.0,1.64646006,1.0
161202.0,1.64646006,1.0
161203.0,1.64646006,1.0
161212.0,1.64646006,1.0
161238.0,1.64646006,2.0
161256.0,1.64646006,1.0
161266.0,1.64646006,3.0
161282.0,1.64646006,3.0
161285.0,1.64646006,1.0
161286.0,1.64646006,1.0
161290.0,1.64646006,1.0
161298.0,1.64646006,1.0
161308.0,1.64646006,1.0
161341.0,1.64646006,1.0
161350.0,1.64646006,1.0
161354.0,1.64646006,1.0
161390.0,1.64646006,1.0
161396.0,1.64646006,3.0
161403.0,1.64646006,2.0
161427.0,1.64646006,1.0
161458.0,1.64646006,2.0
161494.0,1.64646006,2.0
161536.0,1.64646006,1.0
161537.0,1.64646006,3.0
161563.0,1.64646006,3.0
161572.0,1.64646006,2.0
161580.0,1.64646006,3.0
161585.0,1.64646006,2.0
161589.0,1.64646006,1.0
161600.0,1.64646006,3.0
161603.0,1.64646006,3.0
161629.0,1.64646006,1.0
161666.0,1.64646006,1.0
161679.0,1.64646006,1.0
161687.0,1.64646006,1.0
161695.0,1.64646006,2.0
161730.0,1.64646006,2.0
161741.0,1.64646006,1.0
161754.0,1.64646006,1.0
161756.0,1.64646006,1.0
161777.0,1.64646006,2.0
161790.0,1.64646006,1.0
161816.0,1.64646006,1.0
161820.0,1.64646006,1.0
161826.0,1.64646006,2.0
161848.0,1.64646006,1.0
161921.0,1.64646006,2.0
161938.0,1.64646006,1.0
161964.0,1.64646006,2.0
161986.0,1.64646006,2.0
161997.0,1.64646006,1.0
162015.0,1.64646006,1.0
162026.0,1.64646006,1.0
162031.0,1.64646006,1.0
162047.0,1.64646006,1.0
162087.0,1.64646006,1.0
162177.0,1.64646006,1.0
162187.0,1.64646006,1.0
162210.0,1.64646006,1.0
162216.0,1.64646006,1.0
162239.0,1.64646006,3.0
162264.0,1.64646006,1.0
162271.0,1.64646006,1.0
162273.0,1.64646006,1.0
162299.0,1.64646006,1.0
162313.0,1.64646006,1.0
162318.0,1.64646006,4.0
162331.0,1.64646006,1.0
162339.0,1.64646006,3.0
162340.0,1.64646006,2.0
162343.0,1.64646006,1.0
162345.0,1.64646006,1.0
162352.0,1.64646006,1.0
162354.0,1.64646006,2.0
162358.0,1.64646006,1.0
162368.0,1.64646006,1.0
162376.0,1.64646006,1.0
162389.0,1.64646006,3.0
162397.0,1.64646006,1.0
162401.0,1.64646006,1.0
162404.0,1.64646006,1.0
162413.0,1.64646006,2.0
162424.0,1.64646006,2.0
162461.0,1.64646006,3.0
162511.0,1.64646006,2.0
162514.0,1.64646006,1.0
162557.0,1.64646006,3.0
162568.0,1.64646006,2.0
162576.0,1.64646006,1.0
162634.0,1.64646006,2.0
162702.0,1.64646006,1.0
162716.0,1.64646006,2.0
162725.0,1.64646006,2.0
162736.0,1.64646006,1.0
162760.0,1.64646006,2.0
162764.0,1.64646006,3.0
162766.0,1.64646006,1.0
162777.0,1.64646006,2.0
162786.0,1.64646006,1.0
162825.0,1.64646006,3.0
162826.0,1.64646006,2.0
162837.0,1.64646006,3.0
162862.0,1.64646006,1.0
162871.0,1.64646006,2.0
162872.0,1.64646006,2.0
162875.0,1.64646006,1.0
162886.0,1.64646006,1.0
162888.0,1.64646006,1.0
162892.0,1.64646006,2.0
162945.0,1.64646006,1.0
162959.0,1.64646006,1.0
162978.0,1.64646006,2.0
163048.0,1.64646006,2.0
163055.0,1.64646006,1.0
163056.0,1.64646006,1.0
163071.0,1.64646006,1.0
163088.0,1.64646006,3.0
163089.0,1.64646006,1.0
163093.0,1.64646006,3.0
163108.0,1.64646006,1.0
163110.0,1.64646006,3.0
163142.0,1.64646006,2.0
163145.0,1.64646006,1.0
163162.0,1.64646006,2.0
163197.0,1.64646006,2.0
163205.0,1.64646006,1.0
163213.0,1.64646006,3.0
163218.0,1.64646006,1.0
163240.0,1.64646006,1.0
163252.0,1.64646006,3.0
163287.0,1.64646006,1.0
163297.0,1.64646006,1.0
163300.0,1.64646006,3.0
163303.0,1.64646006,1.0
163305.0,1.64646006,1.0
163314.0,1.64646006,1.0
163319.0,1.64646006,1.0
163345.0,1.64646006,1.0
163363.0,1.64646006,1.0
163376.0,1.64646006,3.0
163411.0,1.64646006,1.0
163414.0,1.64646006,2.0
163454.0,1.64646006,1.0
163459.0,1.64646006,1.0
163461.0,1.64646006,1.0
163474.0,1.64646006,1.0
163492.0,1.64646006,1.0
163512.0,1.64646006,1.0
163514.0,1.64646006,2.0
163530.0,1.64646006,3.0
163544.0,1.64646006,1.0
163550.0,1.64646006,3.0
163568.0,1.64646006,1.0
163588.0,1.64646006,1.0
163615.0,1.64646006,1.0
163655.0,1.64646006,1.0
163660.0,1.64646006,2.0
163682.0,1.64646006,1.0
163711.0,1.64646006,2.0
163717.0,1.64646006,1.0
163745.0,1.64646006,1.0
163771.0,1.64646006,2.0
163775.0,1.64646006,3.0
163777.0,1.64646006,1.0
163809.0,1.64646006,1.0
163818.0,1.64646006,3.0
163827.0,1.64646006,1.0
163850.0,1.64646006,1.0
163857.0,1.64646006,2.0
163936.0,1.64646006,2.0
163937.0,1.64646006,2.0
163944.0,1.64646006,1.0
163972.0,1.64646006,2.0
163984.0,1.64646006,2.0
163994.0,1.64646006,1.0
163995.0,1.64646006,1.0
164001.0,1.64646006,1.0
164004.0,1.64646006,2.0
164015.0,1.64646006,1.0
164025.0,1.64646006,1.0
164028.0,1.64646006,1.0
164038.0,1.64646006,2.0
164043.0,1.64646006,1.0
164045.0,1.64646006,2.0
164059.0,1.64646006,1.0
164096.0,1.64646006,1.0
164103.0,1.64646006,2.0
164135.0,1.64646006,3.0
164165.0,1.64646006,2.0
164171.0,1.64646006,2.0
164184.0,1.64646006,2.0
164211.0,1.64646006,2.0
164237.0,1.64646006,3.0
164251.0,1.64646006,1.0
164262.0,1.64646006,2.0
164264.0,1.64646006,3.0
164274.0,1.64646006,2.0
164285.0,1.64646006,3.0
164288.0,1.64646006,1.0
164294.0,1.64646006,2.0
164308.0,1.64646006,3.0
164312.0,1.64646006,1.0
164343.0,1.64646006,2.0
164344.0,1.64646006,2.0
164352.0,1.64646006,3.0
164364.0,1.64646006,3.0
164407.0,1.64646006,2.0
164408.0,1.64646006,2.0
164424.0,1.64646006,1.0
164430.0,1.64646006,1.0
164431.0,1.64646006,2.0
164432.0,1.64646006,2.0
164437.0,1.64646006,1.0
164455.0,1.64646006,1.0
164476.0,1.64646006,1.0
164484.0,1.64646006,1.0
164518.0,1.64646006,1.0
164522.0,1.64646006,1.0
164546.0,1.64646006,1.0
164549.0,1.64646006,1.0
164572.0,1.64646006,1.0
164575.0,1.64646006,1.0
164579.0,1.64646006,1.0
164603.0,1.64646006,1.0
164615.0,1.64646006,2.0
164640.0,1.64646006,3.0
164654.0,1.64646006,2.0
164691.0,1.64646006,3.0
164701.0,1.64646006,1.0
164704.0,1.64646006,1.0
164721.0,1.64646006,1.0
164727.0,1.64646006,1.0
164741.0,1.64646006,1.0
164780.0,1.64646006,1.0
164802.0,1.64646006,3.0
164811.0,1.64646006,1.0
164822.0,1.64646006,1.0
164866.0,1.64646006,3.0
164906.0,1.64646006,1.0
164928.0,1.64646006,1.0
164936.0,1.64646006,2.0
164966.0,1.64646006,3.0
164975.0,1.64646006,2.0
164976.0,1.64646006,1.0
164977.0,1.64646006,1.0
165005.0,1.64646006,2.0
165022.0,1.64646006,2.0
165043.0,1.64646006,1.0
165044.0,1.64646006,2.0
165050.0,1.64646006,2.0
165051.0,1.64646006,3.0
165059.0,1.64646006,2.0
165074.0,1.64646006,1.0
165088.0,1.64646006,1.0
165101.0,1.64646006,1.0
165146.0,1.64646006,3.0
165157.0,1.64646006,1.0
165160.0,1.64646006,1.0
165191.0,1.64646006,1.0
165204.0,1.64646006,2.0
165212.0,1.64646006,1.0
165278.0,1.64646006,2.0
165281.0,1.64646006,1.0
165304.0,1.64646006,1.0
165305.0,1.64646006,1.0
165318.0,1.64646006,3.0
165319.0,1.64646006,1.0
165328.0,1.64646006,1.0
165344.0,1.64646006,1.0
165353.0,1.64646006,1.0
165354.0,1.64646006,1.0
165357.0,1.64646006,1.0
165390.0,1.64646006,2.0
165401.0,1.64646006,1.0
165407.0,1.64646006,3.0
165429.0,1.64646006,1.0
165446.0,1.64646006,3.0
165450.0,1.64646006,1.0
165451.0,1.64646006,1.0
165456.0,1.64646006,1.0
165470.0,1.64646006,1.0
165474.0,1.64646006,3.0
165503.0,1.64646006,2.0
165521.0,1.64646006,1.0
165534.0,1.64646006,2.0
165540.0,1.64646006,1.0
165543.0,1.64646006,3.0
165548.0,1.64646006,3.0
165549.0,1.64646006,2.0
165608.0,1.64646006,1.0
165610.0,1.64646006,1.0
165615.0,1.64646006,1.0
165621.0,1.64646006,1.0
165642.0,1.64646006,2.0
165652.0,1.64646006,2.0
165660.0,1.64646006,1.0
165747.0,1.64646006,1.0
165756.0,1.64646006,3.0
165767.0,1.64646006,1.0
165773.0,1.64646006,3.0
165803.0,1.64646006,3.0
165805.0,1.64646006,2.0
165815.0,1.64646006,3.0
165818.0,1.64646006,3.0
165856.0,1.64646006,2.0
165866.0,1.64646006,1.0
165893.0,1.64646006,2.0
165895.0,1.64646006,1.0
165941.0,1.64646006,1.0
165945.0,1.64646006,3.0
165950.0,1.64646006,3.0
165969.0,1.64646006,1.0
165987.0,1.64646006,1.0
165989.0,1.64646006,1.0
166046.0,1.64646006,3.0
166048.0,1.64646006,1.0
166059.0,1.64646006,1.0
166095.0,1.64646006,3.0
166113.0,1.64646006,1.0
166118.0,1.64646006,1.0
166123.0,1.64646006,1.0
166125.0,1.64646006,1.0
166162.0,1.64646006,1.0
166166.0,1.64646006,1.0
166199.0,1.64646006,2.0
166227.0,1.64646006,1.0
166241.0,1.64646006,1.0
166248.0,1.64646006,1.0
166266.0,1.64646006,1.0
166270.0,1.64646006,1.0
166276.0,1.64646006,2.0
166295.0,1.64646006,1.0
166337.0,1.64646006,1.0
166344.0,1.64646006,2.0
166410.0,1.64646006,1.0
166432.0,1.64646006,1.0
166436.0,1.64646006,2.0
166465.0,1.64646006,1.0
166483.0,1.64646006,3.0
166519.0,1.64646006,1.0
166520.0,1.64646006,1.0
166539.0,1.64646006,1.0
166573.0,1.64646006,1.0
166574.0,1.64646006,1.0
166584.0,1.64646006,1.0
166590.0,1.64646006,3.0
166602.0,1.64646006,1.0
166634.0,1.64646006,3.0
166636.0,1.64646006,1.0
166707.0,1.64646006,1.0
166767.0,1.64646006,1.0
166793.0,1.64646006,1.0
166814.0,1.64646006,2.0
166818.0,1.64646006,1.0
166840.0,1.64646006,1.0
166860.0,1.64646006,1.0
166888.0,1.64646006,1.0
166909.0,1.64646006,1.0
166913.0,1.64646006,1.0
166923.0,1.64646006,1.0
166928.0,1.64646006,1.0
166949.0,1.64646006,2.0
166967.0,1.64646006,1.0
166969.0,1.64646006,1.0
166970.0,1.64646006,1.0
166973.0,1.64646006,1.0
166986.0,1.64646006,2.0
167080.0,1.64646006,1.0
167148.0,1.64646006,1.0
167170.0,1.64646006,1.0
167177.0,1.64646006,2.0
167226.0,1.64646006,1.0
167238.0,1.64646006,1.0
167255.0,1.64646006,1.0
167273.0,1.64646006,3.0
167276.0,1.64646006,1.0
167286.0,1.64646006,1.0
167300.0,1.64646006,1.0
167308.0,1.64646006,1.0
167322.0,1.64646006,1.0
167341.0,1.64646006,1.0
167357.0,1.64646006,1.0
167358.0,1.64646006,1.0
167364.0,1.64646006,1.0
167369.0,1.64646006,1.0
167406.0,1.64646006,2.0
167415.0,1.64646006,3.0
167427.0,1.64646006,1.0
167466.0,1.64646006,1.0
167471.0,1.64646006,3.0
167482.0,1.64646006,1.0
167514.0,1.64646006,1.0
167520.0,1.64646006,3.0
167525.0,1.64646006,2.0
167535.0,1.64646006,2.0
167537.0,1.64646006,1.0
167558.0,1.64646006,1.0
167563.0,1.64646006,1.0
167612.0,1.64646006,1.0
167616.0,1.64646006,2.0
167624.0,1.64646006,1.0
167626.0,1.64646006,1.0
167642.0,1.64646006,2.0
167659.0,1.64646006,1.0
167699.0,1.64646006,3.0
167701.0,1.64646006,3.0
167706.0,1.64646006,2.0
167711.0,1.64646006,3.0
167752.0,1.64646006,1.0
167765.0,1.64646006,1.0
167778.0,1.64646006,1.0
167817.0,1.64646006,1.0
167829.0,1.64646006,3.0
167834.0,1.64646006,1.0
167847.0,1.64646006,2.0
167852.0,1.64646006,1.0
167879.0,1.64646006,1.0
167923.0,1.64646006,1.0
167941.0,1.64646006,3.0
167948.0,1.64646006,1.0
167991.0,1.64646006,1.0
168008.0,1.64646006,1.0
168031.0,1.64646006,2.0
168050.0,1.64646006,1.0
168055.0,1.64646006,1.0
168080.0,1.64646006,1.0
168088.0,1.64646006,1.0
168113.0,1.64646006,2.0
168117.0,1.64646006,1.0
168123.0,1.64646006,1.0
168146.0,1.64646006,2.0
168161.0,1.64646006,1.0
168171.0,1.64646006,3.0
168177.0,1.64646006,1.0
168188.0,1.64646006,2.0
168205.0,1.64646006,2.0
168228.0,1.64646006,1.0
168233.0,1.64646006,1.0
168234.0,1.64646006,1.0
168259.0,1.64646006,1.0
168276.0,1.64646006,2.0
168305.0,1.64646006,1.0
168307.0,1.64646006,3.0
168322.0,1.64646006,1.0
168352.0,1.64646006,3.0
168356.0,1.64646006,2.0
168366.0,1.64646006,2.0
168405.0,1.64646006,1.0
168453.0,1.64646006,3.0
168462.0,1.64646006,2.0
168468.0,1.64646006,1.0
168469.0,1.64646006,1.0
168485.0,1.64646006,1.0
168493.0,1.64646006,1.0
168499.0,1.64646006,2.0
168513.0,1.64646006,2.0
168519.0,1.64646006,1.0
168535.0,1.64646006,1.0
168553.0,1.64646006,1.0
168570.0,1.64646006,1.0
168678.0,1.64646006,1.0
168679.0,1.64646006,1.0
168686.0,1.64646006,1.0
168691.0,1.64646006,3.0
168703.0,1.64646006,2.0
168718.0,1.64646006,2.0
168725.0,1.64646006,1.0
168752.0,1.64646006,2.0
168777.0,1.64646006,1.0
168783.0,1.64646006,3.0
168788.0,1.64646006,1.0
168795.0,1.64646006,1.0
168814.0,1.64646006,2.0
168820.0,1.64646006,1.0
168829.0,1.64646006,1.0
168833.0,1.64646006,1.0
168841.0,1.64646006,2.0
168857.0,1.64646006,1.0
168868.0,1.64646006,1.0
168879.0,1.64646006,1.0
168897.0,1.64646006,1.0
168921.0,1.64646006,1.0
168930.0,1.64646006,2.0
168933.0,1.64646006,1.0
168936.0,1.64646006,2.0
168986.0,1.64646006,1.0
169009.0,1.64646006,3.0
169015.0,1.64646006,3.0
169026.0,1.64646006,1.0
169039.0,1.64646006,1.0
169043.0,1.64646006,2.0
169050.0,1.64646006,1.0
169054.0,1.64646006,1.0
169068.0,1.64646006,1.0
169086.0,1.64646006,1.0
169092.0,1.64646006,1.0
169096.0,1.64646006,2.0
169133.0,1.64646006,1.0
169151.0,1.64646006,2.0
169154.0,1.64646006,1.0
169185.0,1.64646006,1.0
169206.0,1.64646006,3.0
169215.0,1.64646006,1.0
169270.0,1.64646006,1.0
169295.0,1.64646006,3.0
169320.0,1.64646006,2.0
169321.0,1.64646006,3.0
169353.0,1.64646006,1.0
169363.0,1.64646006,2.0
169381.0,1.64646006,2.0
169387.0,1.64646006,1.0
169434.0,1.64646006,2.0
169440.0,1.64646006,2.0
169447.0,1.64646006,3.0
169477.0,1.64646006,2.0
169510.0,1.64646006,1.0
169515.0,1.64646006,1.0
169547.0,1.64646006,1.0
169550.0,1.64646006,1.0
169556.0,1.64646006,1.0
169586.0,1.64646006,1.0
169591.0,1.64646006,1.0
169622.0,1.64646006,1.0
169626.0,1.64646006,3.0
169723.0,1.64646006,1.0
169754.0,1.64646006,1.0
169826.0,1.64646006,1.0
169828.0,1.64646006,3.0
169841.0,1.64646006,3.0
169847.0,1.64646006,1.0
169857.0,1.64646006,1.0
169858.0,1.64646006,1.0
169891.0,1.64646006,2.0
169917.0,1.64646006,1.0
169919.0,1.64646006,1.0
169932.0,1.64646006,1.0
169937.0,1.64646006,1.0
169944.0,1.64646006,2.0
169981.0,1.64646006,2.0
160040.0,1.64646006,1.0
160585.0,1.64646006,1.0
160783.0,1.64646006,1.0
161824.0,1.64646006,1.0
162503.0,1.64646006,1.0
162571.0,1.64646006,1.0
163027.0,1.64646006,1.0
163302.0,1.64646006,1.0
163889.0,1.64646006,1.0
164138.0,1.64646006,1.0
164543.0,1.64646006,1.0
165314.0,1.64646006,1.0
166009.0,1.64646006,1.0
166062.0,1.64646006,1.0
166101.0,1.64646006,1.0
166172.0,1.64646006,1.0
166388.0,1.64646006,1.0
166446.0,1.64646006,1.0
166592.0,1.64646006,1.0
166813.0,1.64646006,1.0
167089.0,1.64646006,1.0
167150.0,1.64646006,1.0
167210.0,1.64646006,1.0
167590.0,1.64646006,1.0
167819.0,1.64646006,1.0
167957.0,1.64646006,1.0
168062.0,1.64646006,1.0
168473.0,1.64646006,1.0
169693.0,1.64646006,1.0
165999.0,1.64646006,1.0
170024.0,1.68686998,3.0
170032.0,1.68686998,2.0
170036.0,1.68686998,2.0
170040.0,1.68686998,2.0
170063.0,1.68686998,2.0
170070.0,1.68686998,2.0
170109.0,1.68686998,2.0
170120.0,1.68686998,2.0
170199.0,1.68686998,2.0
170235.0,1.68686998,2.0
170238.0,1.68686998,2.0
170373.0,1.68686998,2.0
170389.0,1.68686998,2.0
170508.0,1.68686998,3.0
170551.0,1.68686998,2.0
170620.0,1.68686998,2.0
170628.0,1.68686998,2.0
170642.0,1.68686998,1.0
170653.0,1.68686998,1.0
170665.0,1.68686998,3.0
170681.0,1.68686998,2.0
170725.0,1.68686998,2.0
170737.0,1.68686998,2.0
170754.0,1.68686998,3.0
170756.0,1.68686998,1.0
170783.0,1.68686998,1.0
170837.0,1.68686998,1.0
170841.0,1.68686998,2.0
170846.0,1.68686998,1.0
170889.0,1.68686998,1.0
170913.0,1.68686998,2.0
170914.0,1.68686998,2.0
170982.0,1.68686998,2.0
171000.0,1.68686998,3.0
171008.0,1.68686998,2.0
171078.0,1.68686998,2.0
171108.0,1.68686998,2.0
171118.0,1.68686998,3.0
171124.0,1.68686998,3.0
171156.0,1.68686998,2.0
171179.0,1.68686998,1.0
171212.0,1.68686998,2.0
171238.0,1.68686998,2.0
171282.0,1.68686998,2.0
171316.0,1.68686998,2.0
171341.0,1.68686998,1.0
171458.0,1.68686998,2.0
171479.0,1.68686998,3.0
171486.0,1.68686998,1.0
171537.0,1.68686998,2.0
171563.0,1.68686998,3.0
171580.0,1.68686998,2.0
171589.0,1.68686998,2.0
171645.0,1.68686998,2.0
171695.0,1.68686998,1.0
171730.0,1.68686998,2.0
171790.0,1.68686998,2.0
171921.0,1.68686998,2.0
171938.0,1.68686998,1.0
171964.0,1.68686998,1.0
171997.0,1.68686998,2.0
172015.0,1.68686998,2.0
172043.0,1.68686998,1.0
172047.0,1.68686998,1.0
172087.0,1.68686998,1.0
172094.0,1.68686998,1.0
172150.0,1.68686998,3.0
172156.0,1.68686998,2.0
172173.0,1.68686998,2.0
172177.0,1.68686998,1.0
172192.0,1.68686998,1.0
172210.0,1.68686998,2.0
172239.0,1.68686998,2.0
172303.0,1.68686998,3.0
172318.0,1.68686998,3.0
172340.0,1.68686998,1.0
172354.0,1.68686998,2.0
172358.0,1.68686998,2.0
172376.0,1.68686998,1.0
172389.0,1.68686998,3.0
172413.0,1.68686998,2.0
172414.0,1.68686998,1.0
172568.0,1.68686998,2.0
172571.0,1.68686998,2.0
172624.0,1.68686998,2.0
172634.0,1.68686998,2.0
172716.0,1.68686998,3.0
172725.0,1.68686998,1.0
172736.0,1.68686998,2.0
172753.0,1.68686998,1.0
172760.0,1.68686998,2.0
172764.0,1.68686998,2.0
172829.0,1.68686998,1.0
172837.0,1.68686998,3.0
172861.0,1.68686998,2.0
172871.0,1.68686998,2.0
172872.0,1.68686998,3.0
172887.0,1.68686998,2.0
172894.0,1.68686998,2.0
173048.0,1.68686998,2.0
173071.0,1.68686998,2.0
173145.0,1.68686998,2.0
173147.0,1.68686998,1.0
173162.0,1.68686998,2.0
173197.0,1.68686998,2.0
173213.0,1.68686998,2.0
173218.0,1.68686998,2.0
173254.0,1.68686998,3.0
173290.0,1.68686998,2.0
173300.0,1.68686998,2.0
173302.0,1.68686998,2.0
173314.0,1.68686998,2.0
173340.0,1.68686998,1.0
173341.0,1.68686998,2.0
173363.0,1.68686998,2.0
173376.0,1.68686998,2.0
173381.0,1.68686998,2.0
173392.0,1.68686998,1.0
173414.0,1.68686998,2.0
173454.0,1.68686998,2.0
173492.0,1.68686998,1.0
173493.0,1.68686998,2.0
173495.0,1.68686998,1.0
173512.0,1.68686998,2.0
173529.0,1.68686998,3.0
173550.0,1.68686998,1.0
173588.0,1.68686998,2.0
173644.0,1.68686998,2.0
173653.0,1.68686998,2.0
173671.0,1.68686998,2.0
173682.0,1.68686998,3.0
173711.0,1.68686998,1.0
173717.0,1.68686998,2.0
173775.0,1.68686998,3.0
173777.0,1.68686998,2.0
173813.0,1.68686998,1.0
173857.0,1.68686998,3.0
173936.0,1.68686998,2.0
173972.0,1.68686998,2.0
173977.0,1.68686998,2.0
173984.0,1.68686998,3.0
173996.0,1.68686998,3.0
174001.0,1.68686998,2.0
174004.0,1.68686998,1.0
174025.0,1.68686998,2.0
174043.0,1.68686998,2.0
174045.0,1.68686998,2.0
174135.0,1.68686998,3.0
174138.0,1.68686998,1.0
174165.0,1.68686998,1.0
174171.0,1.68686998,1.0
174184.0,1.68686998,2.0
174192.0,1.68686998,2.0
174237.0,1.68686998,2.0
174262.0,1.68686998,2.0
174308.0,1.68686998,2.0
174337.0,1.68686998,2.0
174343.0,1.68686998,2.0
174352.0,1.68686998,3.0
174407.0,1.68686998,2.0
174408.0,1.68686998,3.0
174426.0,1.68686998,1.0
174432.0,1.68686998,2.0
174455.0,1.68686998,1.0
174543.0,1.68686998,1.0
174546.0,1.68686998,2.0
174603.0,1.68686998,2.0
174615.0,1.68686998,3.0
174640.0,1.68686998,2.0
174654.0,1.68686998,3.0
174739.0,1.68686998,3.0
174802.0,1.68686998,3.0
174823.0,1.68686998,1.0
174890.0,1.68686998,2.0
174909.0,1.68686998,2.0
174917.0,1.68686998,1.0
174928.0,1.68686998,2.0
174936.0,1.68686998,2.0
174966.0,1.68686998,1.0
174990.0,1.68686998,1.0
175022.0,1.68686998,2.0
175050.0,1.68686998,2.0
175051.0,1.68686998,2.0
175105.0,1.68686998,1.0
175159.0,1.68686998,2.0
175253.0,1.68686998,3.0
175318.0,1.68686998,2.0
175328.0,1.68686998,2.0
175357.0,1.68686998,1.0
175401.0,1.68686998,2.0
175407.0,1.68686998,3.0
175419.0,1.68686998,2.0
175429.0,1.68686998,2.0
175437.0,1.68686998,2.0
175446.0,1.68686998,2.0
175451.0,1.68686998,2.0
175465.0,1.68686998,2.0
175474.0,1.68686998,1.0
175482.0,1.68686998,2.0
175488.0,1.68686998,2.0
175534.0,1.68686998,2.0
175543.0,1.68686998,1.0
175549.0,1.68686998,2.0
175555.0,1.68686998,1.0
175574.0,1.68686998,1.0
175596.0,1.68686998,3.0
175610.0,1.68686998,2.0
175615.0,1.68686998,2.0
175642.0,1.68686998,2.0
175660.0,1.68686998,2.0
175698.0,1.68686998,1.0
175749.0,1.68686998,2.0
175756.0,1.68686998,2.0
175803.0,1.68686998,2.0
175815.0,1.68686998,1.0
175856.0,1.68686998,2.0
175893.0,1.68686998,2.0
175895.0,1.68686998,1.0
175950.0,1.68686998,2.0
175989.0,1.68686998,2.0
175999.0,1.68686998,2.0
176009.0,1.68686998,2.0
176062.0,1.68686998,2.0
176095.0,1.68686998,2.0
176113.0,1.68686998,2.0
176125.0,1.68686998,2.0
176166.0,1.68686998,1.0
176172.0,1.68686998,2.0
176224.0,1.68686998,2.0
176248.0,1.68686998,2.0
176266.0,1.68686998,2.0
176270.0,1.68686998,2.0
176326.0,1.68686998,3.0
176337.0,1.68686998,1.0
176344.0,1.68686998,2.0
176436.0,1.68686998,1.0
176483.0,1.68686998,2.0
176520.0,1.68686998,1.0
176525.0,1.68686998,2.0
176602.0,1.68686998,2.0
176634.0,1.68686998,2.0
176761.0,1.68686998,1.0
176790.0,1.68686998,3.0
176814.0,1.68686998,2.0
176820.0,1.68686998,1.0
176840.0,1.68686998,1.0
176969.0,1.68686998,2.0
176986.0,1.68686998,1.0
177050.0,1.68686998,2.0
177083.0,1.68686998,2.0
177177.0,1.68686998,1.0
177189.0,1.68686998,2.0
177210.0,1.68686998,2.0
177226.0,1.68686998,2.0
177273.0,1.68686998,2.0
177300.0,1.68686998,2.0
177341.0,1.68686998,2.0
177356.0,1.68686998,1.0
177366.0,1.68686998,2.0
177369.0,1.68686998,1.0
177406.0,1.68686998,1.0
177437.0,1.68686998,2.0
177453.0,1.68686998,2.0
177471.0,1.68686998,2.0
177520.0,1.68686998,2.0
177563.0,1.68686998,2.0
177565.0,1.68686998,2.0
177590.0,1.68686998,1.0
177612.0,1.68686998,2.0
177616.0,1.68686998,2.0
177636.0,1.68686998,2.0
177659.0,1.68686998,2.0
177694.0,1.68686998,2.0
177699.0,1.68686998,1.0
177701.0,1.68686998,3.0
177711.0,1.68686998,3.0
177714.0,1.68686998,2.0
177721.0,1.68686998,2.0
177728.0,1.68686998,2.0
177765.0,1.68686998,2.0
177817.0,1.68686998,1.0
177840.0,1.68686998,1.0
177847.0,1.68686998,1.0
177859.0,1.68686998,2.0
177917.0,1.68686998,1.0
177941.0,1.68686998,2.0
177943.0,1.68686998,2.0
177966.0,1.68686998,2.0
177991.0,1.68686998,2.0
178026.0,1.68686998,1.0
178041.0,1.68686998,2.0
178062.0,1.68686998,1.0
178086.0,1.68686998,2.0
178088.0,1.68686998,2.0
178105.0,1.68686998,1.0
178117.0,1.68686998,2.0
178189.0,1.68686998,2.0
178205.0,1.68686998,3.0
178276.0,1.68686998,2.0
178305.0,1.68686998,2.0
178307.0,1.68686998,2.0
178352.0,1.68686998,1.0
178499.0,1.68686998,2.0
178565.0,1.68686998,2.0
178718.0,1.68686998,1.0
178752.0,1.68686998,1.0
178783.0,1.68686998,2.0
178820.0,1.68686998,1.0
178841.0,1.68686998,1.0
178869.0,1.68686998,2.0
178885.0,1.68686998,2.0
178897.0,1.68686998,1.0
178930.0,1.68686998,1.0
178936.0,1.68686998,2.0
178986.0,1.68686998,2.0
179015.0,1.68686998,1.0
179026.0,1.68686998,1.0
179050.0,1.68686998,1.0
179085.0,1.68686998,1.0
179133.0,1.68686998,2.0
179151.0,1.68686998,2.0
179185.0,1.68686998,1.0
179189.0,1.68686998,1.0
179190.0,1.68686998,1.0
179270.0,1.68686998,3.0
179295.0,1.68686998,1.0
179298.0,1.68686998,2.0
179320.0,1.68686998,1.0
179408.0,1.68686998,3.0
179440.0,1.68686998,2.0
179447.0,1.68686998,2.0
179477.0,1.68686998,2.0
179510.0,1.68686998,2.0
179515.0,1.68686998,2.0
179549.0,1.68686998,2.0
179591.0,1.68686998,2.0
179622.0,1.68686998,3.0
179626.0,1.68686998,1.0
179661.0,1.68686998,2.0
179681.0,1.68686998,2.0
179684.0,1.68686998,2.0
179723.0,1.68686998,1.0
179747.0,1.68686998,2.0
179828.0,1.68686998,3.0
179829.0,1.68686998,2.0
179857.0,1.68686998,2.0
179929.0,1.68686998,2.0
170004.0,1.68686998,1.0
170103.0,1.68686998,1.0
170244.0,1.68686998,1.0
170346.0,1.68686998,1.0
170349.0,1.68686998,1.0
170441.0,1.68686998,1.0
170505.0,1.68686998,1.0
170680.0,1.68686998,1.0
170790.0,1.68686998,1.0
170796.0,1.68686998,1.0
170800.0,1.68686998,1.0
170896.0,1.68686998,1.0
170998.0,1.68686998,1.0
171019.0,1.68686998,1.0
171051.0,1.68686998,1.0
171106.0,1.68686998,1.0
171138.0,1.68686998,1.0
171139.0,1.68686998,1.0
171192.0,1.68686998,1.0
171256.0,1.68686998,1.0
171290.0,1.68686998,1.0
171350.0,1.68686998,1.0
171403.0,1.68686998,1.0
171436.0,1.68686998,1.0
171534.0,1.68686998,1.0
171713.0,1.68686998,1.0
171875.0,1.68686998,1.0
171907.0,1.68686998,1.0
171972.0,1.68686998,1.0
171986.0,1.68686998,1.0
172078.0,1.68686998,1.0
172299.0,1.68686998,1.0
172352.0,1.68686998,1.0
172393.0,1.68686998,1.0
172424.0,1.68686998,1.0
172702.0,1.68686998,1.0
172711.0,1.68686998,1.0
172772.0,1.68686998,1.0
172915.0,1.68686998,1.0
172945.0,1.68686998,1.0
172978.0,1.68686998,1.0
172989.0,1.68686998,1.0
173055.0,1.68686998,1.0
173305.0,1.68686998,1.0
173345.0,1.68686998,1.0
173401.0,1.68686998,1.0
173544.0,1.68686998,1.0
173615.0,1.68686998,1.0
173619.0,1.68686998,1.0
173771.0,1.68686998,1.0
173851.0,1.68686998,1.0
173982.0,1.68686998,1.0
173995.0,1.68686998,1.0
174034.0,1.68686998,1.0
174038.0,1.68686998,1.0
174499.0,1.68686998,1.0
174616.0,1.68686998,1.0
174701.0,1.68686998,1.0
174822.0,1.68686998,1.0
174834.0,1.68686998,1.0
174876.0,1.68686998,1.0
175074.0,1.68686998,2.0
175223.0,1.68686998,1.0
175247.0,1.68686998,1.0
175304.0,1.68686998,1.0
175306.0,1.68686998,1.0
175456.0,1.68686998,1.0
175663.0,1.68686998,1.0
175672.0,1.68686998,1.0
175708.0,1.68686998,1.0
175767.0,1.68686998,1.0
175844.0,1.68686998,1.0
175848.0,1.68686998,1.0
175874.0,1.68686998,1.0
176118.0,1.68686998,1.0
176131.0,1.68686998,1.0
176162.0,1.68686998,1.0
176179.0,1.68686998,1.0
176241.0,1.68686998,1.0
176333.0,1.68686998,1.0
176636.0,1.68686998,1.0
176648.0,1.68686998,1.0
176707.0,1.68686998,1.0
176747.0,1.68686998,1.0
176834.0,1.68686998,1.0
177197.0,1.68686998,1.0
177514.0,1.68686998,1.0
177536.0,1.68686998,1.0
177622.0,1.68686998,1.0
177642.0,1.68686998,1.0
177778.0,1.68686998,1.0
178234.0,1.68686998,1.0
178436.0,1.68686998,1.0
178462.0,1.68686998,1.0
178703.0,1.68686998,1.0
178805.0,1.68686998,1.0
178872.0,1.68686998,1.0
178879.0,1.68686998,1.0
179029.0,1.68686998,1.0
179059.0,1.68686998,1.0
179068.0,1.68686998,1.0
179120.0,1.68686998,1.0
179318.0,1.68686998,1.0
179387.0,1.68686998,1.0
179556.0,1.68686998,1.0
179628.0,1.68686998,1.0
179642.0,1.68686998,1.0
179826.0,1.68686998,1.0
170210.0,1.68686998,1.0
170316.0,1.68686998,1.0
170788.0,1.68686998,1.0
171099.0,1.68686998,1.0
171585.0,1.68686998,1.0
171600.0,1.68686998,1.0
171826.0,1.68686998,1.0
172511.0,1.68686998,1.0
172557.0,1.68686998,1.0
173027.0,1.68686998,1.0
173093.0,1.68686998,1.0
173108.0,1.68686998,1.0
173110.0,1.68686998,1.0
173246.0,1.68686998,1.0
173252.0,1.68686998,1.0
173530.0,1.68686998,1.0
173818.0,1.68686998,1.0
174344.0,1.68686998,1.0
174364.0,1.68686998,1.0
174430.0,1.68686998,1.0
174691.0,1.68686998,1.0
174737.0,1.68686998,1.0
175005.0,1.68686998,1.0
175204.0,1.68686998,1.0
175353.0,1.68686998,1.0
175639.0,1.68686998,1.0
175773.0,1.68686998,1.0
176059.0,1.68686998,1.0
176276.0,1.68686998,1.0
176556.0,1.68686998,1.0
176590.0,1.68686998,1.0
177170.0,1.68686998,1.0
177187.0,1.68686998,1.0
177255.0,1.68686998,1.0
177348.0,1.68686998,1.0
177434.0,1.68686998,1.0
177482.0,1.68686998,1.0
177706.0,1.68686998,1.0
177752.0,1.68686998,1.0
177819.0,1.68686998,1.0
178233.0,1.68686998,1.0
178473.0,1.68686998,1.0
178725.0,1.68686998,1.0
179009.0,1.68686998,1.0
179321.0,1.68686998,1.0
179434.0,1.68686998,1.0
179754.0,1.68686998,1.0
177364.0,1.68686998,1.0
180024.0,1.72727001,1.0
180027.0,1.72727001,3.0
180032.0,1.72727001,2.0
180036.0,1.72727001,2.0
180040.0,1.72727001,1.0
180063.0,1.72727001,1.0
180070.0,1.72727001,2.0
180085.0,1.72727001,3.0
180109.0,1.72727001,1.0
180120.0,1.72727001,1.0
180199.0,1.72727001,3.0
180235.0,1.72727001,4.0
180238.0,1.72727001,1.0
180250.0,1.72727001,2.0
180316.0,1.72727001,3.0
180373.0,1.72727001,1.0
180381.0,1.72727001,1.0
180383.0,1.72727001,3.0
180425.0,1.72727001,1.0
180441.0,1.72727001,1.0
180505.0,1.72727001,3.0
180551.0,1.72727001,1.0
180585.0,1.72727001,1.0
180665.0,1.72727001,4.0
180680.0,1.72727001,2.0
180681.0,1.72727001,3.0
180683.0,1.72727001,3.0
180687.0,1.72727001,3.0
180690.0,1.72727001,3.0
180725.0,1.72727001,1.0
180754.0,1.72727001,2.0
180783.0,1.72727001,1.0
180788.0,1.72727001,1.0
180800.0,1.72727001,1.0
180821.0,1.72727001,3.0
180837.0,1.72727001,2.0
180841.0,1.72727001,2.0
180849.0,1.72727001,1.0
180870.0,1.72727001,3.0
180876.0,1.72727001,1.0
180884.0,1.72727001,1.0
180896.0,1.72727001,2.0
180913.0,1.72727001,2.0
180982.0,1.72727001,3.0
180997.0,1.72727001,2.0
181000.0,1.72727001,2.0
181008.0,1.72727001,2.0
181048.0,1.72727001,2.0
181051.0,1.72727001,1.0
181078.0,1.72727001,2.0
181099.0,1.72727001,3.0
181106.0,1.72727001,1.0
181108.0,1.72727001,2.0
181139.0,1.72727001,1.0
181147.0,1.72727001,2.0
181151.0,1.72727001,1.0
181158.0,1.72727001,3.0
181179.0,1.72727001,1.0
181200.0,1.72727001,2.0
181202.0,1.72727001,3.0
181203.0,1.72727001,3.0
181212.0,1.72727001,1.0
181256.0,1.72727001,2.0
181266.0,1.72727001,3.0
181282.0,1.72727001,1.0
181290.0,1.72727001,1.0
181308.0,1.72727001,3.0
181350.0,1.72727001,1.0
181396.0,1.72727001,1.0
181427.0,1.72727001,3.0
181436.0,1.72727001,1.0
181458.0,1.72727001,1.0
181486.0,1.72727001,1.0
181494.0,1.72727001,2.0
181512.0,1.72727001,2.0
181537.0,1.72727001,1.0
181546.0,1.72727001,1.0
181563.0,1.72727001,2.0
181576.0,1.72727001,2.0
181580.0,1.72727001,2.0
181585.0,1.72727001,2.0
181589.0,1.72727001,2.0
181603.0,1.72727001,1.0
181629.0,1.72727001,3.0
181645.0,1.72727001,2.0
181695.0,1.72727001,2.0
181730.0,1.72727001,2.0
181781.0,1.72727001,1.0
181824.0,1.72727001,1.0
181826.0,1.72727001,3.0
181848.0,1.72727001,1.0
181938.0,1.72727001,2.0
181983.0,1.72727001,2.0
182015.0,1.72727001,1.0
182043.0,1.72727001,2.0
182047.0,1.72727001,2.0
182078.0,1.72727001,1.0
182087.0,1.72727001,2.0
182156.0,1.72727001,1.0
182173.0,1.72727001,1.0
182177.0,1.72727001,3.0
182210.0,1.72727001,1.0
182216.0,1.72727001,3.0
182239.0,1.72727001,1.0
182264.0,1.72727001,2.0
182271.0,1.72727001,2.0
182273.0,1.72727001,3.0
182299.0,1.72727001,1.0
182303.0,1.72727001,1.0
182318.0,1.72727001,2.0
182331.0,1.72727001,2.0
182339.0,1.72727001,2.0
182340.0,1.72727001,2.0
182352.0,1.72727001,3.0
182354.0,1.72727001,3.0
182358.0,1.72727001,2.0
182368.0,1.72727001,2.0
182413.0,1.72727001,2.0
182424.0,1.72727001,2.0
182461.0,1.72727001,1.0
182557.0,1.72727001,2.0
182568.0,1.72727001,2.0
182571.0,1.72727001,1.0
182633.0,1.72727001,3.0
182634.0,1.72727001,1.0
182702.0,1.72727001,3.0
182760.0,1.72727001,2.0
182764.0,1.72727001,2.0
182766.0,1.72727001,3.0
182775.0,1.72727001,1.0
182818.0,1.72727001,1.0
182837.0,1.72727001,2.0
182861.0,1.72727001,2.0
182862.0,1.72727001,2.0
182872.0,1.72727001,1.0
182875.0,1.72727001,2.0
182886.0,1.72727001,3.0
182887.0,1.72727001,1.0
182892.0,1.72727001,3.0
182894.0,1.72727001,3.0
182945.0,1.72727001,2.0
182949.0,1.72727001,1.0
182978.0,1.72727001,2.0
183019.0,1.72727001,1.0
183055.0,1.72727001,2.0
183063.0,1.72727001,2.0
183089.0,1.72727001,3.0
183110.0,1.72727001,3.0
183120.0,1.72727001,1.0
183145.0,1.72727001,2.0
183162.0,1.72727001,1.0
183197.0,1.72727001,1.0
183205.0,1.72727001,2.0
183213.0,1.72727001,2.0
183240.0,1.72727001,1.0
183251.0,1.72727001,3.0
183271.0,1.72727001,2.0
183290.0,1.72727001,1.0
183303.0,1.72727001,1.0
183305.0,1.72727001,2.0
183314.0,1.72727001,3.0
183376.0,1.72727001,1.0
183414.0,1.72727001,3.0
183454.0,1.72727001,3.0
183461.0,1.72727001,3.0
183474.0,1.72727001,3.0
183512.0,1.72727001,3.0
183514.0,1.72727001,3.0
183530.0,1.72727001,2.0
183544.0,1.72727001,2.0
183550.0,1.72727001,3.0
183568.0,1.72727001,3.0
183577.0,1.72727001,3.0
183588.0,1.72727001,2.0
183644.0,1.72727001,2.0
183671.0,1.72727001,2.0
183682.0,1.72727001,2.0
183711.0,1.72727001,2.0
183717.0,1.72727001,2.0
183771.0,1.72727001,3.0
183775.0,1.72727001,2.0
183777.0,1.72727001,3.0
183813.0,1.72727001,3.0
183818.0,1.72727001,2.0
183857.0,1.72727001,1.0
183944.0,1.72727001,3.0
183977.0,1.72727001,1.0
183984.0,1.72727001,2.0
183995.0,1.72727001,2.0
184004.0,1.72727001,2.0
184015.0,1.72727001,2.0
184025.0,1.72727001,2.0
184028.0,1.72727001,2.0
184043.0,1.72727001,2.0
184045.0,1.72727001,2.0
184054.0,1.72727001,1.0
184059.0,1.72727001,1.0
184103.0,1.72727001,2.0
184130.0,1.72727001,2.0
184138.0,1.72727001,1.0
184165.0,1.72727001,2.0
184171.0,1.72727001,2.0
184184.0,1.72727001,1.0
184203.0,1.72727001,1.0
184251.0,1.72727001,2.0
184262.0,1.72727001,2.0
184264.0,1.72727001,2.0
184274.0,1.72727001,3.0
184281.0,1.72727001,2.0
184285.0,1.72727001,4.0
184294.0,1.72727001,3.0
184308.0,1.72727001,2.0
184344.0,1.72727001,2.0
184345.0,1.72727001,1.0
184348.0,1.72727001,1.0
184352.0,1.72727001,3.0
184362.0,1.72727001,2.0
184364.0,1.72727001,2.0
184431.0,1.72727001,3.0
184432.0,1.72727001,2.0
184437.0,1.72727001,1.0
184455.0,1.72727001,2.0
184476.0,1.72727001,2.0
184543.0,1.72727001,1.0
184546.0,1.72727001,1.0
184603.0,1.72727001,2.0
184654.0,1.72727001,1.0
184691.0,1.72727001,2.0
184737.0,1.72727001,3.0
184739.0,1.72727001,3.0
184802.0,1.72727001,3.0
184822.0,1.72727001,2.0
184831.0,1.72727001,1.0
184866.0,1.72727001,4.0
184917.0,1.72727001,3.0
184966.0,1.72727001,4.0
184977.0,1.72727001,1.0
185030.0,1.72727001,3.0
185043.0,1.72727001,1.0
185050.0,1.72727001,1.0
185059.0,1.72727001,2.0
185088.0,1.72727001,3.0
185101.0,1.72727001,2.0
185105.0,1.72727001,1.0
185121.0,1.72727001,1.0
185146.0,1.72727001,2.0
185223.0,1.72727001,1.0
185278.0,1.72727001,1.0
185281.0,1.72727001,2.0
185304.0,1.72727001,1.0
185305.0,1.72727001,1.0
185314.0,1.72727001,1.0
185318.0,1.72727001,1.0
185328.0,1.72727001,1.0
185353.0,1.72727001,3.0
185354.0,1.72727001,2.0
185357.0,1.72727001,2.0
185390.0,1.72727001,4.0
185401.0,1.72727001,1.0
185429.0,1.72727001,1.0
185437.0,1.72727001,1.0
185451.0,1.72727001,3.0
185474.0,1.72727001,4.0
185482.0,1.72727001,1.0
185534.0,1.72727001,1.0
185540.0,1.72727001,2.0
185555.0,1.72727001,3.0
185610.0,1.72727001,1.0
185615.0,1.72727001,1.0
185626.0,1.72727001,1.0
185642.0,1.72727001,3.0
185652.0,1.72727001,3.0
185672.0,1.72727001,1.0
185728.0,1.72727001,2.0
185747.0,1.72727001,3.0
185756.0,1.72727001,2.0
185767.0,1.72727001,2.0
185773.0,1.72727001,3.0
185803.0,1.72727001,2.0
185805.0,1.72727001,1.0
185815.0,1.72727001,2.0
185818.0,1.72727001,2.0
185844.0,1.72727001,2.0
185856.0,1.72727001,3.0
185895.0,1.72727001,2.0
185936.0,1.72727001,1.0
185950.0,1.72727001,2.0
185965.0,1.72727001,1.0
185969.0,1.72727001,3.0
185989.0,1.72727001,2.0
186009.0,1.72727001,1.0
186046.0,1.72727001,2.0
186113.0,1.72727001,3.0
186125.0,1.72727001,2.0
186162.0,1.72727001,2.0
186166.0,1.72727001,3.0
186172.0,1.72727001,1.0
186224.0,1.72727001,1.0
186227.0,1.72727001,2.0
186241.0,1.72727001,3.0
186276.0,1.72727001,1.0
186295.0,1.72727001,1.0
186322.0,1.72727001,2.0
186326.0,1.72727001,2.0
186337.0,1.72727001,2.0
186344.0,1.72727001,1.0
186347.0,1.72727001,2.0
186436.0,1.72727001,2.0
186525.0,1.72727001,1.0
186539.0,1.72727001,3.0
186540.0,1.72727001,2.0
186602.0,1.72727001,1.0
186636.0,1.72727001,1.0
186648.0,1.72727001,2.0
186707.0,1.72727001,2.0
186747.0,1.72727001,1.0
186767.0,1.72727001,3.0
186790.0,1.72727001,1.0
186793.0,1.72727001,2.0
186813.0,1.72727001,1.0
186840.0,1.72727001,3.0
186859.0,1.72727001,3.0
186860.0,1.72727001,3.0
186888.0,1.72727001,1.0
186949.0,1.72727001,2.0
186969.0,1.72727001,2.0
186970.0,1.72727001,1.0
187050.0,1.72727001,1.0
187126.0,1.72727001,3.0
187150.0,1.72727001,1.0
187197.0,1.72727001,1.0
187210.0,1.72727001,1.0
187226.0,1.72727001,2.0
187238.0,1.72727001,3.0
187264.0,1.72727001,1.0
187305.0,1.72727001,2.0
187308.0,1.72727001,2.0
187322.0,1.72727001,3.0
187341.0,1.72727001,2.0
187356.0,1.72727001,2.0
187366.0,1.72727001,1.0
187406.0,1.72727001,3.0
187437.0,1.72727001,1.0
187453.0,1.72727001,2.0
187466.0,1.72727001,2.0
187487.0,1.72727001,1.0
187514.0,1.72727001,2.0
187520.0,1.72727001,2.0
187525.0,1.72727001,2.0
187622.0,1.72727001,1.0
187626.0,1.72727001,3.0
187636.0,1.72727001,1.0
187642.0,1.72727001,2.0
187699.0,1.72727001,2.0
187706.0,1.72727001,1.0
187711.0,1.72727001,3.0
187721.0,1.72727001,2.0
187728.0,1.72727001,2.0
187752.0,1.72727001,3.0
187765.0,1.72727001,2.0
187817.0,1.72727001,3.0
187834.0,1.72727001,1.0
187847.0,1.72727001,2.0
187879.0,1.72727001,3.0
187881.0,1.72727001,1.0
187917.0,1.72727001,3.0
187941.0,1.72727001,4.0
187943.0,1.72727001,1.0
187948.0,1.72727001,1.0
187957.0,1.72727001,1.0
187990.0,1.72727001,1.0
188026.0,1.72727001,2.0
188031.0,1.72727001,2.0
188041.0,1.72727001,1.0
188062.0,1.72727001,1.0
188086.0,1.72727001,2.0
188088.0,1.72727001,2.0
188105.0,1.72727001,2.0
188113.0,1.72727001,3.0
188117.0,1.72727001,2.0
188146.0,1.72727001,3.0
188171.0,1.72727001,4.0
188188.0,1.72727001,2.0
188189.0,1.72727001,1.0
188205.0,1.72727001,1.0
188207.0,1.72727001,1.0
188247.0,1.72727001,1.0
188259.0,1.72727001,2.0
188276.0,1.72727001,2.0
188304.0,1.72727001,2.0
188305.0,1.72727001,2.0
188322.0,1.72727001,3.0
188352.0,1.72727001,2.0
188356.0,1.72727001,2.0
188453.0,1.72727001,3.0
188469.0,1.72727001,3.0
188473.0,1.72727001,1.0
188493.0,1.72727001,3.0
188499.0,1.72727001,1.0
188513.0,1.72727001,3.0
188621.0,1.72727001,1.0
188678.0,1.72727001,2.0
188679.0,1.72727001,3.0
188703.0,1.72727001,3.0
188725.0,1.72727001,1.0
188732.0,1.72727001,3.0
188769.0,1.72727001,2.0
188783.0,1.72727001,3.0
188795.0,1.72727001,2.0
188805.0,1.72727001,3.0
188820.0,1.72727001,2.0
188833.0,1.72727001,2.0
188841.0,1.72727001,3.0
188857.0,1.72727001,1.0
188869.0,1.72727001,2.0
188936.0,1.72727001,2.0
189026.0,1.72727001,3.0
189050.0,1.72727001,2.0
189054.0,1.72727001,2.0
189059.0,1.72727001,2.0
189068.0,1.72727001,1.0
189096.0,1.72727001,3.0
189154.0,1.72727001,1.0
189160.0,1.72727001,1.0
189177.0,1.72727001,1.0
189206.0,1.72727001,2.0
189295.0,1.72727001,2.0
189298.0,1.72727001,3.0
189320.0,1.72727001,2.0
189321.0,1.72727001,2.0
189434.0,1.72727001,4.0
189440.0,1.72727001,3.0
189510.0,1.72727001,2.0
189549.0,1.72727001,2.0
189550.0,1.72727001,3.0
189566.0,1.72727001,1.0
189586.0,1.72727001,2.0
189591.0,1.72727001,2.0
189622.0,1.72727001,2.0
189642.0,1.72727001,1.0
189658.0,1.72727001,2.0
189661.0,1.72727001,3.0
189681.0,1.72727001,1.0
189682.0,1.72727001,3.0
189684.0,1.72727001,2.0
189723.0,1.72727001,2.0
189747.0,1.72727001,1.0
189828.0,1.72727001,3.0
189829.0,1.72727001,2.0
189841.0,1.72727001,2.0
189858.0,1.72727001,1.0
189917.0,1.72727001,1.0
189919.0,1.72727001,2.0
189932.0,1.72727001,1.0
189944.0,1.72727001,1.0
180525.0,1.72727001,1.0
180620.0,1.72727001,1.0
180642.0,1.72727001,1.0
182736.0,1.72727001,1.0
183142.0,1.72727001,1.0
183655.0,1.72727001,1.0
183850.0,1.72727001,1.0
184518.0,1.72727001,1.0
184616.0,1.72727001,1.0
184780.0,1.72727001,1.0
185548.0,1.72727001,1.0
186483.0,1.72727001,1.0
186573.0,1.72727001,1.0
190024.0,1.76768005,1.0
190040.0,1.76768005,1.0
190085.0,1.76768005,3.0
190199.0,1.76768005,2.0
190210.0,1.76768005,1.0
190235.0,1.76768005,2.0
190373.0,1.76768005,2.0
190389.0,1.76768005,2.0
190508.0,1.76768005,3.0
190642.0,1.76768005,2.0
190665.0,1.76768005,2.0
190681.0,1.76768005,2.0
190725.0,1.76768005,2.0
190756.0,1.76768005,1.0
190783.0,1.76768005,1.0
190836.0,1.76768005,1.0
190837.0,1.76768005,3.0
190841.0,1.76768005,2.0
190914.0,1.76768005,4.0
191078.0,1.76768005,3.0
191099.0,1.76768005,3.0
191147.0,1.76768005,2.0
191158.0,1.76768005,2.0
191179.0,1.76768005,2.0
191212.0,1.76768005,1.0
191288.0,1.76768005,1.0
191316.0,1.76768005,2.0
191479.0,1.76768005,3.0
191537.0,1.76768005,3.0
191580.0,1.76768005,4.0
191781.0,1.76768005,1.0
191824.0,1.76768005,1.0
192015.0,1.76768005,1.0
192026.0,1.76768005,2.0
192078.0,1.76768005,1.0
192087.0,1.76768005,2.0
192264.0,1.76768005,1.0
192318.0,1.76768005,2.0
192339.0,1.76768005,3.0
192340.0,1.76768005,1.0
192352.0,1.76768005,2.0
192358.0,1.76768005,1.0
192403.0,1.76768005,1.0
192413.0,1.76768005,1.0
192503.0,1.76768005,1.0
192511.0,1.76768005,2.0
192624.0,1.76768005,2.0
192633.0,1.76768005,3.0
192826.0,1.76768005,1.0
192871.0,1.76768005,2.0
192886.0,1.76768005,2.0
192892.0,1.76768005,2.0
192915.0,1.76768005,1.0
193120.0,1.76768005,1.0
193142.0,1.76768005,2.0
193218.0,1.76768005,2.0
193493.0,1.76768005,2.0
193495.0,1.76768005,2.0
193530.0,1.76768005,2.0
193550.0,1.76768005,2.0
193644.0,1.76768005,5.0
193653.0,1.76768005,1.0
193717.0,1.76768005,1.0
193775.0,1.76768005,2.0
193972.0,1.76768005,1.0
194004.0,1.76768005,2.0
194043.0,1.76768005,2.0
194059.0,1.76768005,1.0
194096.0,1.76768005,1.0
194103.0,1.76768005,2.0
194203.0,1.76768005,2.0
194237.0,1.76768005,2.0
194253.0,1.76768005,1.0
194294.0,1.76768005,2.0
194337.0,1.76768005,2.0
194343.0,1.76768005,1.0
194362.0,1.76768005,2.0
194518.0,1.76768005,3.0
194603.0,1.76768005,1.0
194654.0,1.76768005,1.0
194691.0,1.76768005,4.0
194721.0,1.76768005,2.0
194737.0,1.76768005,2.0
194739.0,1.76768005,4.0
194780.0,1.76768005,2.0
194823.0,1.76768005,1.0
194975.0,1.76768005,2.0
195005.0,1.76768005,2.0
195030.0,1.76768005,2.0
195043.0,1.76768005,3.0
195044.0,1.76768005,2.0
195204.0,1.76768005,2.0
195306.0,1.76768005,1.0
195314.0,1.76768005,2.0
195390.0,1.76768005,2.0
195429.0,1.76768005,2.0
195437.0,1.76768005,2.0
195543.0,1.76768005,2.0
195548.0,1.76768005,2.0
195608.0,1.76768005,1.0
195652.0,1.76768005,2.0
195728.0,1.76768005,2.0
195747.0,1.76768005,3.0
195756.0,1.76768005,2.0
195815.0,1.76768005,2.0
195895.0,1.76768005,2.0
195945.0,1.76768005,2.0
196048.0,1.76768005,2.0
196172.0,1.76768005,1.0
196227.0,1.76768005,4.0
196388.0,1.76768005,2.0
196392.0,1.76768005,1.0
196520.0,1.76768005,2.0
196540.0,1.76768005,2.0
196636.0,1.76768005,1.0
196790.0,1.76768005,1.0
196820.0,1.76768005,1.0
197050.0,1.76768005,4.0
197187.0,1.76768005,1.0
197298.0,1.76768005,1.0
197308.0,1.76768005,2.0
197324.0,1.76768005,1.0
197356.0,1.76768005,2.0
197487.0,1.76768005,1.0
197565.0,1.76768005,1.0
197701.0,1.76768005,3.0
197728.0,1.76768005,2.0
197761.0,1.76768005,2.0
197765.0,1.76768005,4.0
197820.0,1.76768005,1.0
197881.0,1.76768005,1.0
197941.0,1.76768005,2.0
198026.0,1.76768005,2.0
198041.0,1.76768005,2.0
198055.0,1.76768005,3.0
198058.0,1.76768005,1.0
198113.0,1.76768005,2.0
198117.0,1.76768005,2.0
198205.0,1.76768005,1.0
198245.0,1.76768005,1.0
198276.0,1.76768005,2.0
198307.0,1.76768005,1.0
198388.0,1.76768005,1.0
198499.0,1.76768005,1.0
198570.0,1.76768005,2.0
198691.0,1.76768005,2.0
198814.0,1.76768005,3.0
198869.0,1.76768005,2.0
198930.0,1.76768005,3.0
198936.0,1.76768005,2.0
199059.0,1.76768005,3.0
199151.0,1.76768005,2.0
199270.0,1.76768005,1.0
199381.0,1.76768005,2.0
199387.0,1.76768005,1.0
199510.0,1.76768005,2.0
199658.0,1.76768005,2.0
199723.0,1.76768005,2.0
199944.0,1.76768005,1.0
190027.0,1.76768005,1.0
190036.0,1.76768005,1.0
190063.0,1.76768005,1.0
190064.0,1.76768005,1.0
190080.0,1.76768005,1.0
190291.0,1.76768005,1.0
190327.0,1.76768005,1.0
190474.0,1.76768005,1.0
190505.0,1.76768005,1.0
190525.0,1.76768005,1.0
190592.0,1.76768005,1.0
190620.0,1.76768005,1.0
190634.0,1.76768005,1.0
190680.0,1.76768005,1.0
190683.0,1.76768005,1.0
190690.0,1.76768005,1.0
190737.0,1.76768005,1.0
190754.0,1.76768005,1.0
190788.0,1.76768005,1.0
190821.0,1.76768005,1.0
190846.0,1.76768005,1.0
190973.0,1.76768005,1.0
190976.0,1.76768005,1.0
190982.0,1.76768005,1.0
190997.0,1.76768005,1.0
191000.0,1.76768005,1.0
191041.0,1.76768005,1.0
191046.0,1.76768005,1.0
191048.0,1.76768005,1.0
191200.0,1.76768005,1.0
191202.0,1.76768005,1.0
191203.0,1.76768005,1.0
191256.0,1.76768005,1.0
191266.0,1.76768005,1.0
191286.0,1.76768005,1.0
191354.0,1.76768005,1.0
191427.0,1.76768005,1.0
191454.0,1.76768005,1.0
191494.0,1.76768005,1.0
191546.0,1.76768005,1.0
191576.0,1.76768005,1.0
191585.0,1.76768005,1.0
191603.0,1.76768005,1.0
191629.0,1.76768005,1.0
191645.0,1.76768005,1.0
191741.0,1.76768005,1.0
191826.0,1.76768005,1.0
191848.0,1.76768005,1.0
191921.0,1.76768005,1.0
191938.0,1.76768005,1.0
191983.0,1.76768005,1.0
191997.0,1.76768005,1.0
192043.0,1.76768005,1.0
192047.0,1.76768005,1.0
192150.0,1.76768005,1.0
192177.0,1.76768005,1.0
192216.0,1.76768005,1.0
192271.0,1.76768005,1.0
192331.0,1.76768005,1.0
192354.0,1.76768005,1.0
192368.0,1.76768005,1.0
192404.0,1.76768005,1.0
192424.0,1.76768005,1.0
192461.0,1.76768005,1.0
192557.0,1.76768005,1.0
192634.0,1.76768005,1.0
192736.0,1.76768005,1.0
192760.0,1.76768005,1.0
192764.0,1.76768005,1.0
192766.0,1.76768005,1.0
192777.0,1.76768005,1.0
192819.0,1.76768005,1.0
192837.0,1.76768005,1.0
192862.0,1.76768005,1.0
192949.0,1.76768005,1.0
192978.0,1.76768005,1.0
193048.0,1.76768005,1.0
193055.0,1.76768005,1.0
193088.0,1.76768005,1.0
193089.0,1.76768005,1.0
193093.0,1.76768005,1.0
193108.0,1.76768005,1.0
193110.0,1.76768005,1.0
193205.0,1.76768005,1.0
193213.0,1.76768005,1.0
193251.0,1.76768005,1.0
193252.0,1.76768005,1.0
193271.0,1.76768005,1.0
193300.0,1.76768005,1.0
193341.0,1.76768005,1.0
193392.0,1.76768005,1.0
193410.0,1.76768005,1.0
193414.0,1.76768005,1.0
193459.0,1.76768005,1.0
193461.0,1.76768005,1.0
193514.0,1.76768005,1.0
193568.0,1.76768005,1.0
193577.0,1.76768005,1.0
193655.0,1.76768005,1.0
193660.0,1.76768005,1.0
193771.0,1.76768005,1.0
193777.0,1.76768005,1.0
193809.0,1.76768005,1.0
193818.0,1.76768005,1.0
193850.0,1.76768005,1.0
193944.0,1.76768005,1.0
193995.0,1.76768005,1.0
194025.0,1.76768005,1.0
194130.0,1.76768005,1.0
194171.0,1.76768005,1.0
194192.0,1.76768005,1.0
194251.0,1.76768005,1.0
194264.0,1.76768005,1.0
194274.0,1.76768005,1.0
194285.0,1.76768005,1.0
194308.0,1.76768005,1.0
194344.0,1.76768005,1.0
194364.0,1.76768005,1.0
194407.0,1.76768005,1.0
194430.0,1.76768005,1.0
194455.0,1.76768005,1.0
194572.0,1.76768005,1.0
194579.0,1.76768005,1.0
194614.0,1.76768005,1.0
194704.0,1.76768005,1.0
194727.0,1.76768005,1.0
194866.0,1.76768005,1.0
194917.0,1.76768005,1.0
194928.0,1.76768005,1.0
194977.0,1.76768005,1.0
195022.0,1.76768005,1.0
195051.0,1.76768005,1.0
195088.0,1.76768005,1.0
195146.0,1.76768005,1.0
195159.0,1.76768005,1.0
195160.0,1.76768005,1.0
195191.0,1.76768005,1.0
195212.0,1.76768005,1.0
195253.0,1.76768005,1.0
195281.0,1.76768005,1.0
195353.0,1.76768005,1.0
195354.0,1.76768005,1.0
195446.0,1.76768005,1.0
195474.0,1.76768005,1.0
195540.0,1.76768005,1.0
195555.0,1.76768005,1.0
195610.0,1.76768005,1.0
195621.0,1.76768005,1.0
195642.0,1.76768005,1.0
195660.0,1.76768005,1.0
195773.0,1.76768005,1.0
195803.0,1.76768005,1.0
195856.0,1.76768005,1.0
195936.0,1.76768005,1.0
195941.0,1.76768005,1.0
195969.0,1.76768005,1.0
196059.0,1.76768005,1.0
196095.0,1.76768005,1.0
196113.0,1.76768005,1.0
196166.0,1.76768005,1.0
196241.0,1.76768005,1.0
196270.0,1.76768005,1.0
196322.0,1.76768005,1.0
196326.0,1.76768005,1.0
196337.0,1.76768005,1.0
196344.0,1.76768005,1.0
196410.0,1.76768005,1.0
196483.0,1.76768005,1.0
196539.0,1.76768005,1.0
196556.0,1.76768005,1.0
196573.0,1.76768005,1.0
196590.0,1.76768005,1.0
196648.0,1.76768005,1.0
196650.0,1.76768005,1.0
196707.0,1.76768005,1.0
196814.0,1.76768005,1.0
196840.0,1.76768005,1.0
196859.0,1.76768005,1.0
196913.0,1.76768005,1.0
196967.0,1.76768005,1.0
197080.0,1.76768005,1.0
197126.0,1.76768005,1.0
197148.0,1.76768005,1.0
197177.0,1.76768005,1.0
197226.0,1.76768005,1.0
197238.0,1.76768005,1.0
197255.0,1.76768005,1.0
197273.0,1.76768005,1.0
197305.0,1.76768005,1.0
197322.0,1.76768005,1.0
197357.0,1.76768005,1.0
197369.0,1.76768005,1.0
197471.0,1.76768005,1.0
197482.0,1.76768005,1.0
197514.0,1.76768005,1.0
197537.0,1.76768005,1.0
197612.0,1.76768005,1.0
197616.0,1.76768005,1.0
197626.0,1.76768005,1.0
197752.0,1.76768005,1.0
197778.0,1.76768005,1.0
197817.0,1.76768005,1.0
197829.0,1.76768005,1.0
197852.0,1.76768005,1.0
197877.0,1.76768005,1.0
197879.0,1.76768005,1.0
197948.0,1.76768005,1.0
197991.0,1.76768005,1.0
198031.0,1.76768005,1.0
198050.0,1.76768005,1.0
198080.0,1.76768005,1.0
198088.0,1.76768005,1.0
198146.0,1.76768005,1.0
198177.0,1.76768005,1.0
198259.0,1.76768005,1.0
198304.0,1.76768005,1.0
198305.0,1.76768005,1.0
198453.0,1.76768005,1.0
198462.0,1.76768005,1.0
198469.0,1.76768005,1.0
198513.0,1.76768005,1.0
198535.0,1.76768005,1.0
198678.0,1.76768005,1.0
198686.0,1.76768005,1.0
198703.0,1.76768005,1.0
198718.0,1.76768005,1.0
198725.0,1.76768005,1.0
198732.0,1.76768005,1.0
198788.0,1.76768005,1.0
198796.0,1.76768005,1.0
198805.0,1.76768005,1.0
198841.0,1.76768005,1.0
198921.0,1.76768005,1.0
199009.0,1.76768005,1.0
199026.0,1.76768005,1.0
199043.0,1.76768005,1.0
199096.0,1.76768005,1.0
199177.0,1.76768005,1.0
199185.0,1.76768005,1.0
199202.0,1.76768005,1.0
199298.0,1.76768005,1.0
199320.0,1.76768005,1.0
199321.0,1.76768005,1.0
199406.0,1.76768005,1.0
199408.0,1.76768005,1.0
199434.0,1.76768005,1.0
199440.0,1.76768005,1.0
199447.0,1.76768005,1.0
199550.0,1.76768005,1.0
199591.0,1.76768005,1.0
199626.0,1.76768005,1.0
199661.0,1.76768005,1.0
199682.0,1.76768005,1.0
199754.0,1.76768005,1.0
199824.0,1.76768005,1.0
199841.0,1.76768005,1.0
199857.0,1.76768005,1.0
199919.0,1.76768005,1.0
199929.0,1.76768005,1.0
200005.0,1.80807996,1.0
200027.0,1.80807996,1.0
200036.0,1.80807996,1.0
200063.0,1.80807996,1.0
200070.0,1.80807996,1.0
200085.0,1.80807996,1.0
200106.0,1.80807996,1.0
200199.0,1.80807996,1.0
200207.0,1.80807996,1.0
200235.0,1.80807996,1.0
200250.0,1.80807996,1.0
200316.0,1.80807996,1.0
200346.0,1.80807996,1.0
200383.0,1.80807996,1.0
200388.0,1.80807996,1.0
200389.0,1.80807996,1.0
200402.0,1.80807996,1.0
200461.0,1.80807996,1.0
200474.0,1.80807996,1.0
200505.0,1.80807996,1.0
200525.0,1.80807996,1.0
200554.0,1.80807996,2.0
200592.0,1.80807996,2.0
200634.0,1.80807996,1.0
200642.0,1.80807996,1.0
200665.0,1.80807996,1.0
200680.0,1.80807996,1.0
200681.0,1.80807996,1.0
200683.0,1.80807996,1.0
200687.0,1.80807996,1.0
200690.0,1.80807996,1.0
200730.0,1.80807996,1.0
200737.0,1.80807996,1.0
200760.0,1.80807996,1.0
200788.0,1.80807996,1.0
200821.0,1.80807996,1.0
200837.0,1.80807996,2.0
200841.0,1.80807996,1.0
200846.0,1.80807996,2.0
200884.0,1.80807996,1.0
200889.0,1.80807996,1.0
200896.0,1.80807996,1.0
200913.0,1.80807996,1.0
200914.0,1.80807996,2.0
200976.0,1.80807996,1.0
201008.0,1.80807996,1.0
201021.0,1.80807996,1.0
201023.0,1.80807996,1.0
201041.0,1.80807996,1.0
201046.0,1.80807996,1.0
201099.0,1.80807996,1.0
201103.0,1.80807996,1.0
201108.0,1.80807996,1.0
201118.0,1.80807996,2.0
201124.0,1.80807996,3.0
201158.0,1.80807996,1.0
201161.0,1.80807996,1.0
201170.0,1.80807996,1.0
201200.0,1.80807996,1.0
201202.0,1.80807996,1.0
201203.0,1.80807996,1.0
201238.0,1.80807996,2.0
201266.0,1.80807996,1.0
201285.0,1.80807996,1.0
201286.0,1.80807996,1.0
201298.0,1.80807996,1.0
201308.0,1.80807996,1.0
201354.0,1.80807996,1.0
201396.0,1.80807996,2.0
201403.0,1.80807996,1.0
201427.0,1.80807996,1.0
201454.0,1.80807996,1.0
201479.0,1.80807996,1.0
201494.0,1.80807996,1.0
201512.0,1.80807996,1.0
201546.0,1.80807996,1.0
201563.0,1.80807996,1.0
201576.0,1.80807996,1.0
201580.0,1.80807996,1.0
201585.0,1.80807996,1.0
201589.0,1.80807996,1.0
201603.0,1.80807996,2.0
201629.0,1.80807996,1.0
201645.0,1.80807996,1.0
201666.0,1.80807996,1.0
201687.0,1.80807996,1.0
201695.0,1.80807996,2.0
201741.0,1.80807996,1.0
201754.0,1.80807996,1.0
201756.0,1.80807996,1.0
201811.0,1.80807996,1.0
201826.0,1.80807996,1.0
201867.0,1.80807996,1.0
201874.0,1.80807996,1.0
201908.0,1.80807996,1.0
201921.0,1.80807996,1.0
201938.0,1.80807996,2.0
201964.0,1.80807996,1.0
201983.0,1.80807996,1.0
202026.0,1.80807996,1.0
202029.0,1.80807996,1.0
202031.0,1.80807996,1.0
202043.0,1.80807996,3.0
202047.0,1.80807996,2.0
202075.0,1.80807996,1.0
202087.0,1.80807996,2.0
202150.0,1.80807996,1.0
202177.0,1.80807996,1.0
202187.0,1.80807996,1.0
202216.0,1.80807996,1.0
202271.0,1.80807996,2.0
202273.0,1.80807996,1.0
202303.0,1.80807996,2.0
202318.0,1.80807996,1.0
202331.0,1.80807996,1.0
202339.0,1.80807996,1.0
202343.0,1.80807996,1.0
202345.0,1.80807996,1.0
202352.0,1.80807996,1.0
202354.0,1.80807996,1.0
202368.0,1.80807996,2.0
202389.0,1.80807996,1.0
202401.0,1.80807996,1.0
202404.0,1.80807996,1.0
202413.0,1.80807996,2.0
202424.0,1.80807996,1.0
202434.0,1.80807996,1.0
202461.0,1.80807996,2.0
202557.0,1.80807996,2.0
202568.0,1.80807996,2.0
202633.0,1.80807996,1.0
202634.0,1.80807996,1.0
202702.0,1.80807996,1.0
202764.0,1.80807996,2.0
202777.0,1.80807996,1.0
202786.0,1.80807996,1.0
202818.0,1.80807996,3.0
202819.0,1.80807996,1.0
202861.0,1.80807996,1.0
202862.0,1.80807996,1.0
202871.0,1.80807996,1.0
202875.0,1.80807996,1.0
202892.0,1.80807996,2.0
202894.0,1.80807996,1.0
202949.0,1.80807996,1.0
202978.0,1.80807996,1.0
203005.0,1.80807996,1.0
203055.0,1.80807996,1.0
203071.0,1.80807996,1.0
203088.0,1.80807996,1.0
203089.0,1.80807996,1.0
203093.0,1.80807996,1.0
203108.0,1.80807996,1.0
203110.0,1.80807996,1.0
203142.0,1.80807996,2.0
203205.0,1.80807996,1.0
203213.0,1.80807996,2.0
203251.0,1.80807996,2.0
203271.0,1.80807996,1.0
203287.0,1.80807996,1.0
203297.0,1.80807996,1.0
203300.0,1.80807996,1.0
203310.0,1.80807996,1.0
203314.0,1.80807996,1.0
203363.0,1.80807996,1.0
203392.0,1.80807996,1.0
203410.0,1.80807996,1.0
203426.0,1.80807996,1.0
203454.0,1.80807996,1.0
203459.0,1.80807996,1.0
203474.0,1.80807996,1.0
203492.0,1.80807996,3.0
203493.0,1.80807996,2.0
203512.0,1.80807996,1.0
203514.0,1.80807996,2.0
203517.0,1.80807996,1.0
203530.0,1.80807996,1.0
203544.0,1.80807996,1.0
203550.0,1.80807996,2.0
203568.0,1.80807996,3.0
203644.0,1.80807996,2.0
203655.0,1.80807996,1.0
203660.0,1.80807996,1.0
203671.0,1.80807996,1.0
203682.0,1.80807996,2.0
203686.0,1.80807996,1.0
203745.0,1.80807996,1.0
203771.0,1.80807996,1.0
203777.0,1.80807996,1.0
203809.0,1.80807996,1.0
203813.0,1.80807996,1.0
203818.0,1.80807996,1.0
203850.0,1.80807996,1.0
203936.0,1.80807996,1.0
203944.0,1.80807996,1.0
203985.0,1.80807996,1.0
203994.0,1.80807996,1.0
203995.0,1.80807996,1.0
203996.0,1.80807996,1.0
204001.0,1.80807996,1.0
204025.0,1.80807996,1.0
204028.0,1.80807996,2.0
204043.0,1.80807996,1.0
204045.0,1.80807996,1.0
204096.0,1.80807996,4.0
204103.0,1.80807996,2.0
204107.0,1.80807996,1.0
204130.0,1.80807996,1.0
204135.0,1.80807996,1.0
204165.0,1.80807996,1.0
204171.0,1.80807996,1.0
204192.0,1.80807996,1.0
204232.0,1.80807996,1.0
204237.0,1.80807996,1.0
204251.0,1.80807996,2.0
204264.0,1.80807996,1.0
204274.0,1.80807996,2.0
204281.0,1.80807996,2.0
204285.0,1.80807996,2.0
204288.0,1.80807996,1.0
204294.0,1.80807996,1.0
204308.0,1.80807996,1.0
204312.0,1.80807996,1.0
204337.0,1.80807996,1.0
204344.0,1.80807996,1.0
204348.0,1.80807996,2.0
204349.0,1.80807996,1.0
204362.0,1.80807996,1.0
204407.0,1.80807996,1.0
204408.0,1.80807996,1.0
204421.0,1.80807996,1.0
204424.0,1.80807996,1.0
204430.0,1.80807996,1.0
204431.0,1.80807996,2.0
204432.0,1.80807996,1.0
204509.0,1.80807996,1.0
204518.0,1.80807996,1.0
204546.0,1.80807996,2.0
204572.0,1.80807996,1.0
204579.0,1.80807996,1.0
204614.0,1.80807996,1.0
204616.0,1.80807996,1.0
204640.0,1.80807996,3.0
204691.0,1.80807996,1.0
204704.0,1.80807996,1.0
204727.0,1.80807996,1.0
204737.0,1.80807996,1.0
204739.0,1.80807996,3.0
204741.0,1.80807996,1.0
204758.0,1.80807996,1.0
204780.0,1.80807996,1.0
204802.0,1.80807996,3.0
204831.0,1.80807996,1.0
204890.0,1.80807996,1.0
204917.0,1.80807996,1.0
204927.0,1.80807996,1.0
204928.0,1.80807996,1.0
204966.0,1.80807996,2.0
204976.0,1.80807996,1.0
204977.0,1.80807996,1.0
204990.0,1.80807996,2.0
205005.0,1.80807996,1.0
205022.0,1.80807996,3.0
205030.0,1.80807996,1.0
205043.0,1.80807996,2.0
205044.0,1.80807996,1.0
205051.0,1.80807996,1.0
205088.0,1.80807996,1.0
205101.0,1.80807996,1.0
205146.0,1.80807996,2.0
205157.0,1.80807996,1.0
205159.0,1.80807996,1.0
205160.0,1.80807996,1.0
205191.0,1.80807996,1.0
205200.0,1.80807996,1.0
205204.0,1.80807996,1.0
205253.0,1.80807996,2.0
205281.0,1.80807996,1.0
205353.0,1.80807996,1.0
205354.0,1.80807996,1.0
205390.0,1.80807996,1.0
205437.0,1.80807996,3.0
205446.0,1.80807996,1.0
205451.0,1.80807996,1.0
205465.0,1.80807996,2.0
205474.0,1.80807996,1.0
205534.0,1.80807996,1.0
205540.0,1.80807996,1.0
205542.0,1.80807996,1.0
205543.0,1.80807996,2.0
205549.0,1.80807996,1.0
205555.0,1.80807996,1.0
205596.0,1.80807996,2.0
205608.0,1.80807996,1.0
205621.0,1.80807996,1.0
205639.0,1.80807996,2.0
205642.0,1.80807996,1.0
205652.0,1.80807996,1.0
205660.0,1.80807996,2.0
205728.0,1.80807996,3.0
205747.0,1.80807996,1.0
205749.0,1.80807996,2.0
205756.0,1.80807996,1.0
205767.0,1.80807996,1.0
205773.0,1.80807996,1.0
205785.0,1.80807996,1.0
205803.0,1.80807996,2.0
205818.0,1.80807996,1.0
205844.0,1.80807996,1.0
205856.0,1.80807996,1.0
205895.0,1.80807996,1.0
205936.0,1.80807996,1.0
205941.0,1.80807996,1.0
205945.0,1.80807996,1.0
205950.0,1.80807996,1.0
205969.0,1.80807996,1.0
206048.0,1.80807996,1.0
206095.0,1.80807996,2.0
206113.0,1.80807996,1.0
206162.0,1.80807996,1.0
206166.0,1.80807996,1.0
206180.0,1.80807996,2.0
206227.0,1.80807996,1.0
206241.0,1.80807996,1.0
206266.0,1.80807996,2.0
206270.0,1.80807996,1.0
206276.0,1.80807996,1.0
206337.0,1.80807996,1.0
206344.0,1.80807996,1.0
206347.0,1.80807996,1.0
206410.0,1.80807996,1.0
206432.0,1.80807996,1.0
206436.0,1.80807996,4.0
206483.0,1.80807996,1.0
206539.0,1.80807996,1.0
206540.0,1.80807996,1.0
206556.0,1.80807996,1.0
206573.0,1.80807996,1.0
206574.0,1.80807996,1.0
206584.0,1.80807996,1.0
206590.0,1.80807996,1.0
206648.0,1.80807996,1.0
206707.0,1.80807996,1.0
206714.0,1.80807996,1.0
206767.0,1.80807996,1.0
206790.0,1.80807996,2.0
206818.0,1.80807996,1.0
206840.0,1.80807996,2.0
206860.0,1.80807996,1.0
206888.0,1.80807996,1.0
206913.0,1.80807996,1.0
206935.0,1.80807996,1.0
206967.0,1.80807996,1.0
206970.0,1.80807996,1.0
206973.0,1.80807996,1.0
207080.0,1.80807996,1.0
207126.0,1.80807996,1.0
207148.0,1.80807996,1.0
207170.0,1.80807996,1.0
207199.0,1.80807996,1.0
207226.0,1.80807996,1.0
207238.0,1.80807996,1.0
207255.0,1.80807996,1.0
207268.0,1.80807996,1.0
207273.0,1.80807996,1.0
207286.0,1.80807996,1.0
207305.0,1.80807996,1.0
207322.0,1.80807996,1.0
207341.0,1.80807996,1.0
207348.0,1.80807996,1.0
207356.0,1.80807996,3.0
207357.0,1.80807996,1.0
207369.0,1.80807996,1.0
207406.0,1.80807996,1.0
207415.0,1.80807996,1.0
207434.0,1.80807996,1.0
207453.0,1.80807996,1.0
207471.0,1.80807996,1.0
207482.0,1.80807996,1.0
207514.0,1.80807996,1.0
207520.0,1.80807996,2.0
207558.0,1.80807996,1.0
207612.0,1.80807996,1.0
207616.0,1.80807996,1.0
207620.0,1.80807996,1.0
207626.0,1.80807996,1.0
207636.0,1.80807996,1.0
207659.0,1.80807996,1.0
207694.0,1.80807996,1.0
207701.0,1.80807996,1.0
207706.0,1.80807996,2.0
207752.0,1.80807996,1.0
207765.0,1.80807996,2.0
207778.0,1.80807996,1.0
207817.0,1.80807996,2.0
207829.0,1.80807996,1.0
207847.0,1.80807996,3.0
207852.0,1.80807996,1.0
207877.0,1.80807996,1.0
207879.0,1.80807996,1.0
207888.0,1.80807996,1.0
207917.0,1.80807996,1.0
207923.0,1.80807996,1.0
207948.0,1.80807996,1.0
207991.0,1.80807996,1.0
208008.0,1.80807996,1.0
208031.0,1.80807996,3.0
208050.0,1.80807996,1.0
208055.0,1.80807996,3.0
208080.0,1.80807996,1.0
208082.0,1.80807996,1.0
208086.0,1.80807996,1.0
208105.0,1.80807996,2.0
208113.0,1.80807996,1.0
208123.0,1.80807996,1.0
208146.0,1.80807996,2.0
208177.0,1.80807996,1.0
208228.0,1.80807996,1.0
208259.0,1.80807996,1.0
208276.0,1.80807996,1.0
208304.0,1.80807996,1.0
208305.0,1.80807996,1.0
208322.0,1.80807996,1.0
208356.0,1.80807996,1.0
208405.0,1.80807996,1.0
208453.0,1.80807996,2.0
208462.0,1.80807996,1.0
208468.0,1.80807996,1.0
208473.0,1.80807996,2.0
208513.0,1.80807996,1.0
208535.0,1.80807996,1.0
208570.0,1.80807996,1.0
208678.0,1.80807996,1.0
208686.0,1.80807996,1.0
208691.0,1.80807996,1.0
208703.0,1.80807996,1.0
208718.0,1.80807996,1.0
208725.0,1.80807996,1.0
208732.0,1.80807996,1.0
208769.0,1.80807996,1.0
208783.0,1.80807996,3.0
208788.0,1.80807996,1.0
208796.0,1.80807996,1.0
208814.0,1.80807996,1.0
208841.0,1.80807996,1.0
208868.0,1.80807996,1.0
208869.0,1.80807996,1.0
208930.0,1.80807996,1.0
208933.0,1.80807996,1.0
208936.0,1.80807996,2.0
208972.0,1.80807996,1.0
209009.0,1.80807996,1.0
209026.0,1.80807996,1.0
209039.0,1.80807996,1.0
209054.0,1.80807996,1.0
209082.0,1.80807996,1.0
209133.0,1.80807996,1.0
209185.0,1.80807996,1.0
209200.0,1.80807996,1.0
209202.0,1.80807996,1.0
209218.0,1.80807996,1.0
209295.0,1.80807996,2.0
209320.0,1.80807996,1.0
209321.0,1.80807996,1.0
209353.0,1.80807996,1.0
209371.0,1.80807996,1.0
209381.0,1.80807996,1.0
209408.0,1.80807996,1.0
209434.0,1.80807996,1.0
209440.0,1.80807996,1.0
209447.0,1.80807996,1.0
209477.0,1.80807996,1.0
209510.0,1.80807996,1.0
209547.0,1.80807996,1.0
209550.0,1.80807996,1.0
209586.0,1.80807996,1.0
209591.0,1.80807996,1.0
209626.0,1.80807996,2.0
209661.0,1.80807996,1.0
209682.0,1.80807996,1.0
209730.0,1.80807996,1.0
209754.0,1.80807996,1.0
209828.0,1.80807996,1.0
209841.0,1.80807996,2.0
209857.0,1.80807996,1.0
209891.0,1.80807996,2.0
209924.0,1.80807996,1.0
209929.0,1.80807996,2.0
209932.0,1.80807996,1.0
209937.0,1.80807996,1.0
209981.0,1.80807996,2.0
200024.0,1.80807996,1.0
200032.0,1.80807996,1.0
200040.0,1.80807996,1.0
200107.0,1.80807996,1.0
200109.0,1.80807996,1.0
200238.0,1.80807996,2.0
200244.0,1.80807996,2.0
200725.0,1.80807996,1.0
200783.0,1.80807996,2.0
200876.0,1.80807996,1.0
201212.0,1.80807996,1.0
201216.0,1.80807996,1.0
201282.0,1.80807996,2.0
201458.0,1.80807996,1.0
202173.0,1.80807996,1.0
202239.0,1.80807996,1.0
202340.0,1.80807996,1.0
202372.0,1.80807996,1.0
202503.0,1.80807996,1.0
202571.0,1.80807996,1.0
202716.0,1.80807996,1.0
202825.0,1.80807996,1.0
202872.0,1.80807996,2.0
202915.0,1.80807996,1.0
203019.0,1.80807996,1.0
203120.0,1.80807996,1.0
203145.0,1.80807996,1.0
203197.0,1.80807996,1.0
203376.0,1.80807996,1.0
203529.0,1.80807996,1.0
203889.0,1.80807996,2.0
203972.0,1.80807996,1.0
204023.0,1.80807996,2.0
204138.0,1.80807996,1.0
204253.0,1.80807996,3.0
204262.0,1.80807996,1.0
204345.0,1.80807996,1.0
204615.0,1.80807996,1.0
205306.0,1.80807996,1.0
205314.0,1.80807996,1.0
205318.0,1.80807996,3.0
205429.0,1.80807996,3.0
205488.0,1.80807996,1.0
205503.0,1.80807996,1.0
205626.0,1.80807996,1.0
205698.0,1.80807996,1.0
205965.0,1.80807996,1.0
206062.0,1.80807996,1.0
206101.0,1.80807996,1.0
206172.0,1.80807996,1.0
206295.0,1.80807996,1.0
206446.0,1.80807996,2.0
206450.0,1.80807996,1.0
206525.0,1.80807996,1.0
206592.0,1.80807996,1.0
206602.0,1.80807996,1.0
207083.0,1.80807996,2.0
207089.0,1.80807996,1.0
207150.0,1.80807996,1.0
207298.0,1.80807996,1.0
207366.0,1.80807996,2.0
207487.0,1.80807996,1.0
207590.0,1.80807996,1.0
207761.0,1.80807996,1.0
207773.0,1.80807996,1.0
207819.0,1.80807996,1.0
207859.0,1.80807996,1.0
207943.0,1.80807996,2.0
207957.0,1.80807996,2.0
207966.0,1.80807996,1.0
207990.0,1.80807996,1.0
208041.0,1.80807996,1.0
208062.0,1.80807996,2.0
208205.0,1.80807996,1.0
208207.0,1.80807996,1.0
208247.0,1.80807996,2.0
208307.0,1.80807996,1.0
208499.0,1.80807996,1.0
208565.0,1.80807996,1.0
208820.0,1.80807996,3.0
208885.0,1.80807996,1.0
209363.0,1.80807996,1.0
209681.0,1.80807996,1.0
209684.0,1.80807996,1.0
209693.0,1.80807996,1.0
209747.0,1.80807996,1.0
209944.0,1.80807996,2.0
210024.0,1.84847999,3.0
210070.0,1.84847999,4.0
210120.0,1.84847999,2.0
210136.0,1.84847999,2.0
210307.0,1.84847999,1.0
210388.0,1.84847999,4.0
210508.0,1.84847999,4.0
210531.0,1.84847999,1.0
210551.0,1.84847999,2.0
210554.0,1.84847999,4.0
210620.0,1.84847999,4.0
210653.0,1.84847999,1.0
210680.0,1.84847999,1.0
210687.0,1.84847999,2.0
210756.0,1.84847999,2.0
210849.0,1.84847999,2.0
210870.0,1.84847999,4.0
210973.0,1.84847999,2.0
210997.0,1.84847999,5.0
210998.0,1.84847999,1.0
211051.0,1.84847999,1.0
211147.0,1.84847999,5.0
211192.0,1.84847999,1.0
211216.0,1.84847999,2.0
211449.0,1.84847999,1.0
211486.0,1.84847999,2.0
211600.0,1.84847999,5.0
211679.0,1.84847999,1.0
211684.0,1.84847999,1.0
211790.0,1.84847999,2.0
211875.0,1.84847999,1.0
211907.0,1.84847999,1.0
211921.0,1.84847999,4.0
211938.0,1.84847999,2.0
211964.0,1.84847999,5.0
211972.0,1.84847999,2.0
211976.0,1.84847999,1.0
212026.0,1.84847999,3.0
212156.0,1.84847999,2.0
212192.0,1.84847999,1.0
212202.0,1.84847999,1.0
212358.0,1.84847999,2.0
212397.0,1.84847999,1.0
212403.0,1.84847999,2.0
212409.0,1.84847999,1.0
212414.0,1.84847999,2.0
212764.0,1.84847999,4.0
212978.0,1.84847999,3.0
213048.0,1.84847999,3.0
213055.0,1.84847999,1.0
213120.0,1.84847999,2.0
213213.0,1.84847999,5.0
213271.0,1.84847999,3.0
213290.0,1.84847999,2.0
213340.0,1.84847999,2.0
213411.0,1.84847999,2.0
213492.0,1.84847999,2.0
213495.0,1.84847999,3.0
213523.0,1.84847999,1.0
213550.0,1.84847999,5.0
213552.0,1.84847999,1.0
213568.0,1.84847999,4.0
213681.0,1.84847999,1.0
213682.0,1.84847999,4.0
213717.0,1.84847999,2.0
213780.0,1.84847999,1.0
213886.0,1.84847999,1.0
213977.0,1.84847999,2.0
214023.0,1.84847999,2.0
214059.0,1.84847999,1.0
214135.0,1.84847999,3.0
214138.0,1.84847999,2.0
214179.0,1.84847999,1.0
214203.0,1.84847999,3.0
214233.0,1.84847999,1.0
214251.0,1.84847999,3.0
214348.0,1.84847999,4.0
214352.0,1.84847999,3.0
214358.0,1.84847999,1.0
214362.0,1.84847999,5.0
214476.0,1.84847999,2.0
214499.0,1.84847999,1.0
214549.0,1.84847999,2.0
214554.0,1.84847999,1.0
214603.0,1.84847999,2.0
214616.0,1.84847999,2.0
214701.0,1.84847999,1.0
214702.0,1.84847999,1.0
214866.0,1.84847999,5.0
214917.0,1.84847999,5.0
214975.0,1.84847999,2.0
214990.0,1.84847999,4.0
215022.0,1.84847999,3.0
215044.0,1.84847999,2.0
215074.0,1.84847999,2.0
215306.0,1.84847999,2.0
215456.0,1.84847999,1.0
215555.0,1.84847999,6.0
215558.0,1.84847999,1.0
215660.0,1.84847999,2.0
215747.0,1.84847999,5.0
215815.0,1.84847999,5.0
215965.0,1.84847999,2.0
216012.0,1.84847999,1.0
216113.0,1.84847999,1.0
216199.0,1.84847999,1.0
216266.0,1.84847999,4.0
216295.0,1.84847999,2.0
216437.0,1.84847999,1.0
216520.0,1.84847999,4.0
216636.0,1.84847999,1.0
216813.0,1.84847999,2.0
216814.0,1.84847999,4.0
216820.0,1.84847999,2.0
216859.0,1.84847999,5.0
217145.0,1.84847999,2.0
217150.0,1.84847999,2.0
217177.0,1.84847999,5.0
217189.0,1.84847999,2.0
217197.0,1.84847999,1.0
217264.0,1.84847999,2.0
217286.0,1.84847999,4.0
217308.0,1.84847999,3.0
217356.0,1.84847999,5.0
217366.0,1.84847999,2.0
217369.0,1.84847999,3.0
217415.0,1.84847999,3.0
217469.0,1.84847999,1.0
217525.0,1.84847999,2.0
217563.0,1.84847999,2.0
217622.0,1.84847999,1.0
217711.0,1.84847999,6.0
217819.0,1.84847999,2.0
217877.0,1.84847999,5.0
217879.0,1.84847999,1.0
218058.0,1.84847999,1.0
218062.0,1.84847999,2.0
218205.0,1.84847999,2.0
218207.0,1.84847999,2.0
218307.0,1.84847999,2.0
218475.0,1.84847999,2.0
218703.0,1.84847999,3.0
218805.0,1.84847999,2.0
218857.0,1.84847999,2.0
218869.0,1.84847999,4.0
219029.0,1.84847999,1.0
219043.0,1.84847999,4.0
219050.0,1.84847999,4.0
219059.0,1.84847999,2.0
219068.0,1.84847999,1.0
219206.0,1.84847999,3.0
219318.0,1.84847999,2.0
219566.0,1.84847999,1.0
219693.0,1.84847999,2.0
219858.0,1.84847999,1.0
219917.0,1.84847999,2.0
210036.0,1.84847999,3.0
210199.0,1.84847999,2.0
210515.0,1.84847999,1.0
210525.0,1.84847999,1.0
210665.0,1.84847999,2.0
210681.0,1.84847999,3.0
210683.0,1.84847999,1.0
210841.0,1.84847999,3.0
211103.0,1.84847999,1.0
211286.0,1.84847999,1.0
212894.0,1.84847999,2.0
213093.0,1.84847999,2.0
213205.0,1.84847999,2.0
213530.0,1.84847999,2.0
213660.0,1.84847999,1.0
213818.0,1.84847999,2.0
213827.0,1.84847999,1.0
214184.0,1.84847999,1.0
214192.0,1.84847999,2.0
215051.0,1.84847999,3.0
215159.0,1.84847999,1.0
215160.0,1.84847999,1.0
216046.0,1.84847999,4.0
216767.0,1.84847999,1.0
217626.0,1.84847999,1.0
217991.0,1.84847999,1.0
218276.0,1.84847999,2.0
218513.0,1.84847999,2.0
219015.0,1.84847999,4.0
219039.0,1.84847999,1.0
219434.0,1.84847999,2.0
210592.0,1.84847999,1.0
210876.0,1.84847999,1.0
211124.0,1.84847999,1.0
211316.0,1.84847999,1.0
211537.0,1.84847999,1.0
211580.0,1.84847999,2.0
211603.0,1.84847999,1.0
212043.0,1.84847999,2.0
212047.0,1.84847999,2.0
212150.0,1.84847999,2.0
212503.0,1.84847999,1.0
212511.0,1.84847999,1.0
212571.0,1.84847999,1.0
212716.0,1.84847999,1.0
212760.0,1.84847999,1.0
212829.0,1.84847999,1.0
212892.0,1.84847999,2.0
212915.0,1.84847999,1.0
213162.0,1.84847999,1.0
213302.0,1.84847999,1.0
213889.0,1.84847999,1.0
213972.0,1.84847999,1.0
214262.0,1.84847999,1.0
214285.0,1.84847999,1.0
214543.0,1.84847999,1.0
214802.0,1.84847999,1.0
215043.0,1.84847999,1.0
215401.0,1.84847999,1.0
215407.0,1.84847999,2.0
215465.0,1.84847999,1.0
215639.0,1.84847999,1.0
216062.0,1.84847999,1.0
216410.0,1.84847999,1.0
216446.0,1.84847999,1.0
216540.0,1.84847999,2.0
216602.0,1.84847999,1.0
216790.0,1.84847999,1.0
217050.0,1.84847999,1.0
217083.0,1.84847999,1.0
217089.0,1.84847999,1.0
217210.0,1.84847999,1.0
217406.0,1.84847999,1.0
217487.0,1.84847999,1.0
217636.0,1.84847999,1.0
217817.0,1.84847999,2.0
218230.0,1.84847999,1.0
218356.0,1.84847999,1.0
218473.0,1.84847999,1.0
218796.0,1.84847999,1.0
218814.0,1.84847999,2.0
218897.0,1.84847999,1.0
219510.0,1.84847999,1.0
219829.0,1.84847999,1.0
219841.0,1.84847999,2.0
219891.0,1.84847999,1.0
219929.0,1.84847999,1.0
211494.0,1.84847999,1.0
211826.0,1.84847999,1.0
213218.0,1.84847999,1.0
213252.0,1.84847999,1.0
213493.0,1.84847999,1.0
214966.0,1.84847999,1.0
215390.0,1.84847999,1.0
215756.0,1.84847999,1.0
216648.0,1.84847999,1.0
216913.0,1.84847999,1.0
217659.0,1.84847999,1.0
217829.0,1.84847999,1.0
218678.0,1.84847999,1.0
218691.0,1.84847999,1.0
219447.0,1.84847999,1.0
219857.0,1.84847999,1.0
220024.0,1.88889003,3.0
220032.0,1.88889003,2.0
220036.0,1.88889003,1.0
220040.0,1.88889003,2.0
220063.0,1.88889003,2.0
220081.0,1.88889003,2.0
220107.0,1.88889003,1.0
220109.0,1.88889003,3.0
220136.0,1.88889003,3.0
220209.0,1.88889003,2.0
220210.0,1.88889003,3.0
220268.0,1.88889003,2.0
220344.0,1.88889003,2.0
220383.0,1.88889003,2.0
220388.0,1.88889003,1.0
220402.0,1.88889003,3.0
220461.0,1.88889003,3.0
220543.0,1.88889003,2.0
220554.0,1.88889003,2.0
220585.0,1.88889003,3.0
220592.0,1.88889003,3.0
220620.0,1.88889003,2.0
220628.0,1.88889003,2.0
220642.0,1.88889003,1.0
220653.0,1.88889003,2.0
220673.0,1.88889003,1.0
220680.0,1.88889003,3.0
220702.0,1.88889003,2.0
220718.0,1.88889003,1.0
220725.0,1.88889003,1.0
220737.0,1.88889003,3.0
220754.0,1.88889003,3.0
220756.0,1.88889003,2.0
220783.0,1.88889003,3.0
220788.0,1.88889003,1.0
220846.0,1.88889003,2.0
220849.0,1.88889003,1.0
220870.0,1.88889003,1.0
220876.0,1.88889003,2.0
220913.0,1.88889003,3.0
220914.0,1.88889003,1.0
220973.0,1.88889003,2.0
220976.0,1.88889003,1.0
220982.0,1.88889003,3.0
221000.0,1.88889003,2.0
221031.0,1.88889003,1.0
221046.0,1.88889003,2.0
221048.0,1.88889003,2.0
221078.0,1.88889003,4.0
221099.0,1.88889003,1.0
221103.0,1.88889003,2.0
221106.0,1.88889003,1.0
221108.0,1.88889003,2.0
221124.0,1.88889003,3.0
221147.0,1.88889003,2.0
221151.0,1.88889003,1.0
221156.0,1.88889003,2.0
221158.0,1.88889003,2.0
221202.0,1.88889003,2.0
221212.0,1.88889003,2.0
221238.0,1.88889003,2.0
221247.0,1.88889003,1.0
221266.0,1.88889003,1.0
221282.0,1.88889003,2.0
221288.0,1.88889003,2.0
221316.0,1.88889003,1.0
221325.0,1.88889003,1.0
221341.0,1.88889003,1.0
221396.0,1.88889003,1.0
221416.0,1.88889003,2.0
221439.0,1.88889003,1.0
221453.0,1.88889003,1.0
221479.0,1.88889003,2.0
221486.0,1.88889003,1.0
221534.0,1.88889003,1.0
221537.0,1.88889003,1.0
221580.0,1.88889003,2.0
221603.0,1.88889003,3.0
221645.0,1.88889003,2.0
221695.0,1.88889003,1.0
221730.0,1.88889003,3.0
221777.0,1.88889003,2.0
221781.0,1.88889003,2.0
221790.0,1.88889003,2.0
221811.0,1.88889003,2.0
221826.0,1.88889003,2.0
221905.0,1.88889003,1.0
221906.0,1.88889003,2.0
221907.0,1.88889003,1.0
221921.0,1.88889003,1.0
221938.0,1.88889003,2.0
221964.0,1.88889003,1.0
221972.0,1.88889003,1.0
221982.0,1.88889003,2.0
221986.0,1.88889003,1.0
222015.0,1.88889003,2.0
222026.0,1.88889003,3.0
222029.0,1.88889003,2.0
222043.0,1.88889003,1.0
222047.0,1.88889003,1.0
222062.0,1.88889003,1.0
222075.0,1.88889003,2.0
222078.0,1.88889003,2.0
222087.0,1.88889003,2.0
222089.0,1.88889003,2.0
222094.0,1.88889003,1.0
222150.0,1.88889003,2.0
222156.0,1.88889003,2.0
222173.0,1.88889003,2.0
222177.0,1.88889003,1.0
222239.0,1.88889003,2.0
222264.0,1.88889003,2.0
222271.0,1.88889003,2.0
222273.0,1.88889003,2.0
222318.0,1.88889003,1.0
222331.0,1.88889003,2.0
222339.0,1.88889003,2.0
222340.0,1.88889003,2.0
222358.0,1.88889003,3.0
222368.0,1.88889003,3.0
222372.0,1.88889003,2.0
222397.0,1.88889003,1.0
222403.0,1.88889003,1.0
222404.0,1.88889003,2.0
222409.0,1.88889003,1.0
222413.0,1.88889003,1.0
222503.0,1.88889003,3.0
222511.0,1.88889003,1.0
222557.0,1.88889003,1.0
222568.0,1.88889003,2.0
222624.0,1.88889003,2.0
222633.0,1.88889003,2.0
222634.0,1.88889003,2.0
222646.0,1.88889003,1.0
222702.0,1.88889003,1.0
222716.0,1.88889003,2.0
222725.0,1.88889003,1.0
222736.0,1.88889003,3.0
222760.0,1.88889003,1.0
222764.0,1.88889003,1.0
222777.0,1.88889003,2.0
222816.0,1.88889003,1.0
222818.0,1.88889003,2.0
222820.0,1.88889003,1.0
222825.0,1.88889003,2.0
222826.0,1.88889003,1.0
222829.0,1.88889003,1.0
222830.0,1.88889003,1.0
222837.0,1.88889003,1.0
222871.0,1.88889003,2.0
222878.0,1.88889003,1.0
222892.0,1.88889003,1.0
222978.0,1.88889003,2.0
223019.0,1.88889003,3.0
223093.0,1.88889003,2.0
223108.0,1.88889003,2.0
223110.0,1.88889003,2.0
223145.0,1.88889003,2.0
223147.0,1.88889003,2.0
223203.0,1.88889003,2.0
223205.0,1.88889003,2.0
223251.0,1.88889003,1.0
223252.0,1.88889003,3.0
223254.0,1.88889003,3.0
223271.0,1.88889003,3.0
223290.0,1.88889003,2.0
223302.0,1.88889003,2.0
223314.0,1.88889003,2.0
223341.0,1.88889003,1.0
223363.0,1.88889003,2.0
223376.0,1.88889003,2.0
223381.0,1.88889003,2.0
223411.0,1.88889003,2.0
223414.0,1.88889003,2.0
223457.0,1.88889003,1.0
223493.0,1.88889003,1.0
223512.0,1.88889003,2.0
223517.0,1.88889003,1.0
223529.0,1.88889003,2.0
223530.0,1.88889003,1.0
223544.0,1.88889003,1.0
223566.0,1.88889003,2.0
223568.0,1.88889003,2.0
223649.0,1.88889003,1.0
223653.0,1.88889003,2.0
223655.0,1.88889003,2.0
223660.0,1.88889003,2.0
223682.0,1.88889003,1.0
223696.0,1.88889003,1.0
223711.0,1.88889003,4.0
223717.0,1.88889003,1.0
223736.0,1.88889003,1.0
223771.0,1.88889003,1.0
223775.0,1.88889003,2.0
223847.0,1.88889003,1.0
223857.0,1.88889003,3.0
223886.0,1.88889003,1.0
223889.0,1.88889003,3.0
223936.0,1.88889003,3.0
223937.0,1.88889003,1.0
223972.0,1.88889003,3.0
223977.0,1.88889003,2.0
223984.0,1.88889003,2.0
223996.0,1.88889003,1.0
224001.0,1.88889003,2.0
224004.0,1.88889003,1.0
224023.0,1.88889003,2.0
224025.0,1.88889003,3.0
224028.0,1.88889003,2.0
224046.0,1.88889003,1.0
224096.0,1.88889003,1.0
224103.0,1.88889003,1.0
224107.0,1.88889003,2.0
224171.0,1.88889003,1.0
224203.0,1.88889003,3.0
224253.0,1.88889003,1.0
224255.0,1.88889003,2.0
224258.0,1.88889003,1.0
224262.0,1.88889003,1.0
224285.0,1.88889003,2.0
224294.0,1.88889003,2.0
224343.0,1.88889003,3.0
224344.0,1.88889003,3.0
224345.0,1.88889003,3.0
224348.0,1.88889003,3.0
224364.0,1.88889003,2.0
224426.0,1.88889003,1.0
224432.0,1.88889003,1.0
224455.0,1.88889003,2.0
224480.0,1.88889003,2.0
224518.0,1.88889003,1.0
224528.0,1.88889003,1.0
224543.0,1.88889003,3.0
224546.0,1.88889003,3.0
224549.0,1.88889003,2.0
224570.0,1.88889003,1.0
224640.0,1.88889003,2.0
224701.0,1.88889003,1.0
224721.0,1.88889003,1.0
224737.0,1.88889003,2.0
224739.0,1.88889003,3.0
224780.0,1.88889003,3.0
224822.0,1.88889003,2.0
224823.0,1.88889003,1.0
224839.0,1.88889003,2.0
224841.0,1.88889003,1.0
224866.0,1.88889003,2.0
224890.0,1.88889003,2.0
224909.0,1.88889003,1.0
224929.0,1.88889003,1.0
224936.0,1.88889003,1.0
224975.0,1.88889003,3.0
225005.0,1.88889003,2.0
225022.0,1.88889003,3.0
225050.0,1.88889003,1.0
225051.0,1.88889003,1.0
225069.0,1.88889003,1.0
225074.0,1.88889003,2.0
225105.0,1.88889003,2.0
225191.0,1.88889003,2.0
225200.0,1.88889003,2.0
225212.0,1.88889003,1.0
225247.0,1.88889003,2.0
225253.0,1.88889003,3.0
225306.0,1.88889003,2.0
225318.0,1.88889003,2.0
225344.0,1.88889003,2.0
225353.0,1.88889003,2.0
225354.0,1.88889003,1.0
225357.0,1.88889003,3.0
225383.0,1.88889003,1.0
225390.0,1.88889003,1.0
225401.0,1.88889003,1.0
225407.0,1.88889003,1.0
225419.0,1.88889003,2.0
225429.0,1.88889003,2.0
225465.0,1.88889003,3.0
225474.0,1.88889003,1.0
225488.0,1.88889003,2.0
225503.0,1.88889003,3.0
225521.0,1.88889003,2.0
225534.0,1.88889003,3.0
225543.0,1.88889003,2.0
225574.0,1.88889003,3.0
225596.0,1.88889003,2.0
225608.0,1.88889003,2.0
225610.0,1.88889003,2.0
225615.0,1.88889003,2.0
225621.0,1.88889003,2.0
225639.0,1.88889003,3.0
225642.0,1.88889003,1.0
225652.0,1.88889003,2.0
225698.0,1.88889003,3.0
225749.0,1.88889003,2.0
225773.0,1.88889003,1.0
225803.0,1.88889003,2.0
225805.0,1.88889003,3.0
225814.0,1.88889003,2.0
225815.0,1.88889003,2.0
225818.0,1.88889003,1.0
225945.0,1.88889003,2.0
225950.0,1.88889003,2.0
225999.0,1.88889003,2.0
226009.0,1.88889003,3.0
226013.0,1.88889003,1.0
226046.0,1.88889003,1.0
226048.0,1.88889003,1.0
226057.0,1.88889003,1.0
226059.0,1.88889003,2.0
226062.0,1.88889003,3.0
226095.0,1.88889003,2.0
226101.0,1.88889003,3.0
226131.0,1.88889003,2.0
226162.0,1.88889003,1.0
226166.0,1.88889003,1.0
226172.0,1.88889003,2.0
226179.0,1.88889003,1.0
226224.0,1.88889003,2.0
226227.0,1.88889003,1.0
226266.0,1.88889003,3.0
226270.0,1.88889003,2.0
226322.0,1.88889003,1.0
226344.0,1.88889003,2.0
226410.0,1.88889003,3.0
226432.0,1.88889003,1.0
226436.0,1.88889003,2.0
226450.0,1.88889003,2.0
226465.0,1.88889003,2.0
226483.0,1.88889003,2.0
226525.0,1.88889003,2.0
226556.0,1.88889003,2.0
226587.0,1.88889003,2.0
226590.0,1.88889003,2.0
226592.0,1.88889003,2.0
226604.0,1.88889003,1.0
226634.0,1.88889003,1.0
226636.0,1.88889003,1.0
226761.0,1.88889003,2.0
226790.0,1.88889003,2.0
226820.0,1.88889003,1.0
226953.0,1.88889003,1.0
226969.0,1.88889003,1.0
226973.0,1.88889003,2.0
227083.0,1.88889003,1.0
227126.0,1.88889003,1.0
227145.0,1.88889003,2.0
227170.0,1.88889003,2.0
227177.0,1.88889003,2.0
227187.0,1.88889003,3.0
227197.0,1.88889003,1.0
227210.0,1.88889003,3.0
227255.0,1.88889003,2.0
227264.0,1.88889003,2.0
227298.0,1.88889003,2.0
227300.0,1.88889003,2.0
227308.0,1.88889003,1.0
227309.0,1.88889003,2.0
227322.0,1.88889003,2.0
227324.0,1.88889003,1.0
227341.0,1.88889003,3.0
227348.0,1.88889003,2.0
227356.0,1.88889003,2.0
227366.0,1.88889003,1.0
227369.0,1.88889003,2.0
227406.0,1.88889003,2.0
227466.0,1.88889003,1.0
227482.0,1.88889003,2.0
227487.0,1.88889003,2.0
227514.0,1.88889003,1.0
227520.0,1.88889003,1.0
227525.0,1.88889003,3.0
227535.0,1.88889003,2.0
227558.0,1.88889003,2.0
227563.0,1.88889003,2.0
227565.0,1.88889003,2.0
227590.0,1.88889003,2.0
227612.0,1.88889003,3.0
227616.0,1.88889003,2.0
227620.0,1.88889003,2.0
227622.0,1.88889003,1.0
227636.0,1.88889003,2.0
227659.0,1.88889003,2.0
227667.0,1.88889003,1.0
227694.0,1.88889003,1.0
227706.0,1.88889003,3.0
227714.0,1.88889003,2.0
227721.0,1.88889003,3.0
227765.0,1.88889003,3.0
227778.0,1.88889003,2.0
227817.0,1.88889003,2.0
227819.0,1.88889003,2.0
227820.0,1.88889003,1.0
227829.0,1.88889003,3.0
227877.0,1.88889003,3.0
227881.0,1.88889003,2.0
227903.0,1.88889003,1.0
227941.0,1.88889003,2.0
227948.0,1.88889003,2.0
227957.0,1.88889003,1.0
227990.0,1.88889003,2.0
228026.0,1.88889003,1.0
228041.0,1.88889003,2.0
228055.0,1.88889003,3.0
228058.0,1.88889003,2.0
228062.0,1.88889003,3.0
228086.0,1.88889003,2.0
228146.0,1.88889003,2.0
228163.0,1.88889003,2.0
228207.0,1.88889003,3.0
228233.0,1.88889003,1.0
228245.0,1.88889003,2.0
228247.0,1.88889003,2.0
228254.0,1.88889003,1.0
228276.0,1.88889003,2.0
228352.0,1.88889003,1.0
228356.0,1.88889003,3.0
228366.0,1.88889003,2.0
228388.0,1.88889003,2.0
228462.0,1.88889003,1.0
228499.0,1.88889003,1.0
228513.0,1.88889003,1.0
228621.0,1.88889003,2.0
228725.0,1.88889003,2.0
228732.0,1.88889003,2.0
228769.0,1.88889003,1.0
228794.0,1.88889003,2.0
228805.0,1.88889003,1.0
228820.0,1.88889003,2.0
228857.0,1.88889003,1.0
228879.0,1.88889003,1.0
228885.0,1.88889003,2.0
228897.0,1.88889003,3.0
228898.0,1.88889003,2.0
228930.0,1.88889003,2.0
228936.0,1.88889003,3.0
228986.0,1.88889003,2.0
229015.0,1.88889003,1.0
229017.0,1.88889003,2.0
229043.0,1.88889003,2.0
229054.0,1.88889003,1.0
229059.0,1.88889003,1.0
229082.0,1.88889003,2.0
229085.0,1.88889003,1.0
229130.0,1.88889003,1.0
229133.0,1.88889003,2.0
229151.0,1.88889003,2.0
229177.0,1.88889003,2.0
229185.0,1.88889003,1.0
229189.0,1.88889003,2.0
229218.0,1.88889003,2.0
229270.0,1.88889003,2.0
229295.0,1.88889003,3.0
229298.0,1.88889003,2.0
229318.0,1.88889003,2.0
229320.0,1.88889003,1.0
229321.0,1.88889003,2.0
229408.0,1.88889003,1.0
229440.0,1.88889003,1.0
229447.0,1.88889003,2.0
229477.0,1.88889003,2.0
229510.0,1.88889003,2.0
229515.0,1.88889003,1.0
229556.0,1.88889003,2.0
229622.0,1.88889003,3.0
229626.0,1.88889003,2.0
229628.0,1.88889003,2.0
229658.0,1.88889003,1.0
229681.0,1.88889003,3.0
229682.0,1.88889003,2.0
229693.0,1.88889003,3.0
229747.0,1.88889003,2.0
229806.0,1.88889003,1.0
229828.0,1.88889003,2.0
229829.0,1.88889003,3.0
229841.0,1.88889003,2.0
229891.0,1.88889003,3.0
229917.0,1.88889003,2.0
229944.0,1.88889003,3.0
220884.0,1.88889003,1.0
222894.0,1.88889003,1.0
223985.0,1.88889003,1.0
228912.0,1.88889003,1.0
228994.0,1.88889003,1.0
229241.0,1.88889003,1.0
230027.0,1.92929006,1.0
230032.0,1.92929006,1.0
230036.0,1.92929006,1.0
230107.0,1.92929006,1.0
230126.0,1.92929006,2.0
230207.0,1.92929006,1.0
230250.0,1.92929006,1.0
230307.0,1.92929006,1.0
230346.0,1.92929006,2.0
230373.0,1.92929006,1.0
230402.0,1.92929006,1.0
230505.0,1.92929006,2.0
230525.0,1.92929006,1.0
230554.0,1.92929006,1.0
230642.0,1.92929006,1.0
230680.0,1.92929006,2.0
230681.0,1.92929006,2.0
230683.0,1.92929006,2.0
230687.0,1.92929006,3.0
230690.0,1.92929006,1.0
230725.0,1.92929006,1.0
230754.0,1.92929006,1.0
230800.0,1.92929006,2.0
230821.0,1.92929006,3.0
230841.0,1.92929006,1.0
230846.0,1.92929006,4.0
230870.0,1.92929006,4.0
230896.0,1.92929006,1.0
230973.0,1.92929006,2.0
230982.0,1.92929006,1.0
230997.0,1.92929006,1.0
231008.0,1.92929006,1.0
231041.0,1.92929006,2.0
231046.0,1.92929006,1.0
231048.0,1.92929006,4.0
231051.0,1.92929006,1.0
231078.0,1.92929006,1.0
231108.0,1.92929006,1.0
231139.0,1.92929006,2.0
231147.0,1.92929006,2.0
231156.0,1.92929006,1.0
231158.0,1.92929006,1.0
231161.0,1.92929006,1.0
231203.0,1.92929006,2.0
231282.0,1.92929006,1.0
231308.0,1.92929006,2.0
231341.0,1.92929006,1.0
231350.0,1.92929006,1.0
231458.0,1.92929006,1.0
231479.0,1.92929006,1.0
231537.0,1.92929006,1.0
231563.0,1.92929006,1.0
231572.0,1.92929006,1.0
231585.0,1.92929006,1.0
231589.0,1.92929006,1.0
231600.0,1.92929006,1.0
231730.0,1.92929006,1.0
231754.0,1.92929006,1.0
231777.0,1.92929006,1.0
231874.0,1.92929006,1.0
231938.0,1.92929006,1.0
231983.0,1.92929006,2.0
231986.0,1.92929006,1.0
231997.0,1.92929006,1.0
232026.0,1.92929006,1.0
232150.0,1.92929006,1.0
232173.0,1.92929006,1.0
232177.0,1.92929006,2.0
232210.0,1.92929006,1.0
232216.0,1.92929006,2.0
232239.0,1.92929006,1.0
232264.0,1.92929006,2.0
232271.0,1.92929006,1.0
232273.0,1.92929006,1.0
232339.0,1.92929006,1.0
232340.0,1.92929006,1.0
232352.0,1.92929006,1.0
232354.0,1.92929006,1.0
232368.0,1.92929006,2.0
232404.0,1.92929006,1.0
232438.0,1.92929006,1.0
232461.0,1.92929006,1.0
232557.0,1.92929006,1.0
232633.0,1.92929006,3.0
232702.0,1.92929006,1.0
232716.0,1.92929006,1.0
232736.0,1.92929006,1.0
232760.0,1.92929006,4.0
232766.0,1.92929006,2.0
232777.0,1.92929006,2.0
232818.0,1.92929006,1.0
232819.0,1.92929006,1.0
232825.0,1.92929006,1.0
232826.0,1.92929006,1.0
232861.0,1.92929006,1.0
232872.0,1.92929006,1.0
232892.0,1.92929006,1.0
232894.0,1.92929006,1.0
232915.0,1.92929006,1.0
232945.0,1.92929006,1.0
233063.0,1.92929006,1.0
233089.0,1.92929006,1.0
233110.0,1.92929006,1.0
233213.0,1.92929006,1.0
233218.0,1.92929006,1.0
233240.0,1.92929006,1.0
233254.0,1.92929006,1.0
233271.0,1.92929006,1.0
233314.0,1.92929006,1.0
233345.0,1.92929006,1.0
233363.0,1.92929006,1.0
233376.0,1.92929006,2.0
233454.0,1.92929006,4.0
233459.0,1.92929006,3.0
233461.0,1.92929006,1.0
233474.0,1.92929006,1.0
233493.0,1.92929006,1.0
233501.0,1.92929006,1.0
233514.0,1.92929006,1.0
233544.0,1.92929006,1.0
233577.0,1.92929006,1.0
233588.0,1.92929006,1.0
233671.0,1.92929006,2.0
233682.0,1.92929006,1.0
233711.0,1.92929006,1.0
233717.0,1.92929006,1.0
233775.0,1.92929006,1.0
233777.0,1.92929006,1.0
233809.0,1.92929006,1.0
233813.0,1.92929006,1.0
233850.0,1.92929006,3.0
233857.0,1.92929006,1.0
233936.0,1.92929006,2.0
233944.0,1.92929006,1.0
233995.0,1.92929006,1.0
233996.0,1.92929006,1.0
234004.0,1.92929006,3.0
234015.0,1.92929006,3.0
234025.0,1.92929006,2.0
234028.0,1.92929006,1.0
234034.0,1.92929006,1.0
234038.0,1.92929006,1.0
234043.0,1.92929006,1.0
234059.0,1.92929006,2.0
234103.0,1.92929006,3.0
234192.0,1.92929006,1.0
234237.0,1.92929006,2.0
234264.0,1.92929006,1.0
234344.0,1.92929006,1.0
234348.0,1.92929006,2.0
234407.0,1.92929006,2.0
234408.0,1.92929006,3.0
234431.0,1.92929006,2.0
234432.0,1.92929006,2.0
234455.0,1.92929006,2.0
234616.0,1.92929006,1.0
234654.0,1.92929006,1.0
234691.0,1.92929006,2.0
234701.0,1.92929006,2.0
234721.0,1.92929006,1.0
234802.0,1.92929006,1.0
234831.0,1.92929006,1.0
234890.0,1.92929006,3.0
234917.0,1.92929006,1.0
234936.0,1.92929006,1.0
234966.0,1.92929006,1.0
234975.0,1.92929006,2.0
234976.0,1.92929006,1.0
235059.0,1.92929006,2.0
235160.0,1.92929006,1.0
235191.0,1.92929006,1.0
235212.0,1.92929006,1.0
235223.0,1.92929006,1.0
235253.0,1.92929006,1.0
235281.0,1.92929006,1.0
235305.0,1.92929006,1.0
235344.0,1.92929006,1.0
235357.0,1.92929006,2.0
235390.0,1.92929006,1.0
235407.0,1.92929006,2.0
235429.0,1.92929006,1.0
235446.0,1.92929006,1.0
235470.0,1.92929006,1.0
235474.0,1.92929006,1.0
235543.0,1.92929006,2.0
235548.0,1.92929006,1.0
235549.0,1.92929006,1.0
235555.0,1.92929006,1.0
235642.0,1.92929006,3.0
235660.0,1.92929006,1.0
235663.0,1.92929006,1.0
235672.0,1.92929006,1.0
235756.0,1.92929006,1.0
235767.0,1.92929006,1.0
235844.0,1.92929006,2.0
235856.0,1.92929006,1.0
235893.0,1.92929006,1.0
235945.0,1.92929006,1.0
235999.0,1.92929006,1.0
236095.0,1.92929006,1.0
236118.0,1.92929006,1.0
236125.0,1.92929006,1.0
236162.0,1.92929006,2.0
236166.0,1.92929006,1.0
236172.0,1.92929006,1.0
236199.0,1.92929006,1.0
236248.0,1.92929006,1.0
236270.0,1.92929006,1.0
236295.0,1.92929006,1.0
236322.0,1.92929006,1.0
236432.0,1.92929006,2.0
236436.0,1.92929006,1.0
236483.0,1.92929006,1.0
236520.0,1.92929006,2.0
236556.0,1.92929006,2.0
236573.0,1.92929006,2.0
236602.0,1.92929006,1.0
236648.0,1.92929006,1.0
236747.0,1.92929006,1.0
236814.0,1.92929006,1.0
236820.0,1.92929006,1.0
236859.0,1.92929006,1.0
236860.0,1.92929006,1.0
236909.0,1.92929006,2.0
236949.0,1.92929006,1.0
236969.0,1.92929006,1.0
236986.0,1.92929006,1.0
237177.0,1.92929006,1.0
237226.0,1.92929006,1.0
237238.0,1.92929006,3.0
237273.0,1.92929006,1.0
237286.0,1.92929006,1.0
237298.0,1.92929006,1.0
237305.0,1.92929006,1.0
237341.0,1.92929006,2.0
237369.0,1.92929006,1.0
237406.0,1.92929006,1.0
237415.0,1.92929006,1.0
237437.0,1.92929006,1.0
237453.0,1.92929006,1.0
237471.0,1.92929006,4.0
237514.0,1.92929006,1.0
237525.0,1.92929006,1.0
237626.0,1.92929006,1.0
237642.0,1.92929006,1.0
237659.0,1.92929006,2.0
237699.0,1.92929006,2.0
237701.0,1.92929006,1.0
237706.0,1.92929006,3.0
237711.0,1.92929006,3.0
237714.0,1.92929006,1.0
237721.0,1.92929006,1.0
237728.0,1.92929006,1.0
237765.0,1.92929006,1.0
237778.0,1.92929006,1.0
237817.0,1.92929006,3.0
237829.0,1.92929006,1.0
237847.0,1.92929006,3.0
237877.0,1.92929006,1.0
237878.0,1.92929006,1.0
237941.0,1.92929006,2.0
238055.0,1.92929006,2.0
238080.0,1.92929006,1.0
238086.0,1.92929006,1.0
238105.0,1.92929006,3.0
238113.0,1.92929006,1.0
238189.0,1.92929006,1.0
238234.0,1.92929006,1.0
238305.0,1.92929006,2.0
238307.0,1.92929006,2.0
238359.0,1.92929006,1.0
238453.0,1.92929006,1.0
238462.0,1.92929006,1.0
238469.0,1.92929006,3.0
238493.0,1.92929006,1.0
238565.0,1.92929006,1.0
238570.0,1.92929006,3.0
238732.0,1.92929006,1.0
238783.0,1.92929006,2.0
238833.0,1.92929006,1.0
238879.0,1.92929006,1.0
238930.0,1.92929006,1.0
238972.0,1.92929006,1.0
239009.0,1.92929006,1.0
239015.0,1.92929006,1.0
239026.0,1.92929006,1.0
239050.0,1.92929006,1.0
239059.0,1.92929006,2.0
239096.0,1.92929006,1.0
239185.0,1.92929006,1.0
239206.0,1.92929006,1.0
239220.0,1.92929006,2.0
239253.0,1.92929006,2.0
239270.0,1.92929006,1.0
239295.0,1.92929006,2.0
239321.0,1.92929006,1.0
239363.0,1.92929006,1.0
239387.0,1.92929006,1.0
239408.0,1.92929006,1.0
239434.0,1.92929006,1.0
239556.0,1.92929006,2.0
239586.0,1.92929006,1.0
239591.0,1.92929006,1.0
239628.0,1.92929006,1.0
239658.0,1.92929006,1.0
239682.0,1.92929006,1.0
239684.0,1.92929006,1.0
239828.0,1.92929006,1.0
239841.0,1.92929006,1.0
239891.0,1.92929006,2.0
239917.0,1.92929006,1.0
239919.0,1.92929006,4.0
239932.0,1.92929006,1.0
230543.0,1.92929006,1.0
231238.0,1.92929006,1.0
231390.0,1.92929006,1.0
232401.0,1.92929006,1.0
234107.0,1.92929006,1.0
234288.0,1.92929006,1.0
234430.0,1.92929006,1.0
234704.0,1.92929006,1.0
237427.0,1.92929006,1.0
238829.0,1.92929006,1.0
239406.0,1.92929006,1.0
239924.0,1.92929006,1.0
232192.0,1.92929006,1.0
233027.0,1.92929006,1.0
234426.0,1.92929006,1.0
234508.0,1.92929006,1.0
237903.0,1.92929006,1.0
236009.0,1.92929006,1.0
238207.0,1.92929006,1.0
235437.0,1.92929006,1.0
240013.0,1.96969998,1.0
240061.0,1.96969998,1.0
240103.0,1.96969998,1.0
240109.0,1.96969998,1.0
240291.0,1.96969998,3.0
240298.0,1.96969998,1.0
240425.0,1.96969998,1.0
240441.0,1.96969998,1.0
240461.0,1.96969998,4.0
240490.0,1.96969998,1.0
240505.0,1.96969998,2.0
240551.0,1.96969998,1.0
240568.0,1.96969998,1.0
240580.0,1.96969998,1.0
240659.0,1.96969998,1.0
240713.0,1.96969998,1.0
240790.0,1.96969998,1.0
240795.0,1.96969998,1.0
240836.0,1.96969998,1.0
241008.0,1.96969998,2.0
241041.0,1.96969998,2.0
241138.0,1.96969998,1.0
241308.0,1.96969998,2.0
241317.0,1.96969998,1.0
241320.0,1.96969998,1.0
241325.0,1.96969998,1.0
241354.0,1.96969998,2.0
241432.0,1.96969998,1.0
241478.0,1.96969998,1.0
241486.0,1.96969998,1.0
241503.0,1.96969998,1.0
241534.0,1.96969998,1.0
241566.0,1.96969998,1.0
241677.0,1.96969998,1.0
241816.0,1.96969998,1.0
241907.0,1.96969998,1.0
241921.0,1.96969998,3.0
242202.0,1.96969998,1.0
242352.0,1.96969998,2.0
242389.0,1.96969998,4.0
242409.0,1.96969998,1.0
242470.0,1.96969998,1.0
242514.0,1.96969998,1.0
242576.0,1.96969998,1.0
242587.0,1.96969998,1.0
242710.0,1.96969998,1.0
242819.0,1.96969998,2.0
242824.0,1.96969998,1.0
242841.0,1.96969998,1.0
242886.0,1.96969998,2.0
242915.0,1.96969998,1.0
242945.0,1.96969998,1.0
243071.0,1.96969998,3.0
243089.0,1.96969998,2.0
243348.0,1.96969998,1.0
243474.0,1.96969998,2.0
243500.0,1.96969998,1.0
243501.0,1.96969998,1.0
243505.0,1.96969998,1.0
243529.0,1.96969998,1.0
243658.0,1.96969998,1.0
243671.0,1.96969998,1.0
243681.0,1.96969998,1.0
243780.0,1.96969998,1.0
243857.0,1.96969998,1.0
243889.0,1.96969998,1.0
244005.0,1.96969998,1.0
244158.0,1.96969998,1.0
244239.0,1.96969998,1.0
244253.0,1.96969998,1.0
244272.0,1.96969998,1.0
244344.0,1.96969998,3.0
244508.0,1.96969998,1.0
244522.0,1.96969998,2.0
244554.0,1.96969998,1.0
244702.0,1.96969998,1.0
244739.0,1.96969998,4.0
244765.0,1.96969998,1.0
244781.0,1.96969998,1.0
244831.0,1.96969998,1.0
244867.0,1.96969998,1.0
244976.0,1.96969998,1.0
245030.0,1.96969998,3.0
245203.0,1.96969998,1.0
245253.0,1.96969998,3.0
245278.0,1.96969998,1.0
245448.0,1.96969998,1.0
245558.0,1.96969998,1.0
245564.0,1.96969998,1.0
245584.0,1.96969998,1.0
245593.0,1.96969998,1.0
245674.0,1.96969998,1.0
245728.0,1.96969998,3.0
245758.0,1.96969998,1.0
245767.0,1.96969998,1.0
245805.0,1.96969998,1.0
245844.0,1.96969998,1.0
245960.0,1.96969998,1.0
245969.0,1.96969998,2.0
246028.0,1.96969998,1.0
246050.0,1.96969998,1.0
246118.0,1.96969998,3.0
246168.0,1.96969998,1.0
246241.0,1.96969998,2.0
246263.0,1.96969998,1.0
246398.0,1.96969998,1.0
246450.0,1.96969998,1.0
246686.0,1.96969998,1.0
246793.0,1.96969998,1.0
246801.0,1.96969998,1.0
246861.0,1.96969998,1.0
246949.0,1.96969998,1.0
246953.0,1.96969998,1.0
247031.0,1.96969998,1.0
247187.0,1.96969998,2.0
247221.0,1.96969998,1.0
247286.0,1.96969998,4.0
247363.0,1.96969998,1.0
247415.0,1.96969998,4.0
247452.0,1.96969998,1.0
247457.0,1.96969998,1.0
247519.0,1.96969998,1.0
247538.0,1.96969998,1.0
247543.0,1.96969998,1.0
247870.0,1.96969998,1.0
248035.0,1.96969998,1.0
248247.0,1.96969998,1.0
248413.0,1.96969998,1.0
248436.0,1.96969998,1.0
248498.0,1.96969998,1.0
248536.0,1.96969998,1.0
248701.0,1.96969998,1.0
248772.0,1.96969998,1.0
248787.0,1.96969998,1.0
248906.0,1.96969998,1.0
249047.0,1.96969998,1.0
249068.0,1.96969998,1.0
249092.0,1.96969998,1.0
249154.0,1.96969998,1.0
249206.0,1.96969998,4.0
249408.0,1.96969998,3.0
249597.0,1.96969998,1.0
249642.0,1.96969998,1.0
249707.0,1.96969998,1.0
240123.0,1.96969998,2.0
240316.0,1.96969998,1.0
240327.0,1.96969998,1.0
240373.0,1.96969998,3.0
240383.0,1.96969998,2.0
240474.0,1.96969998,3.0
240515.0,1.96969998,1.0
240525.0,1.96969998,1.0
240554.0,1.96969998,2.0
240592.0,1.96969998,3.0
240683.0,1.96969998,1.0
240730.0,1.96969998,1.0
240846.0,1.96969998,2.0
240884.0,1.96969998,1.0
240914.0,1.96969998,1.0
240973.0,1.96969998,2.0
240982.0,1.96969998,2.0
241099.0,1.96969998,2.0
241158.0,1.96969998,1.0
241266.0,1.96969998,1.0
241286.0,1.96969998,1.0
241427.0,1.96969998,1.0
241494.0,1.96969998,2.0
241512.0,1.96969998,1.0
241537.0,1.96969998,2.0
241580.0,1.96969998,2.0
241603.0,1.96969998,1.0
241938.0,1.96969998,2.0
241983.0,1.96969998,1.0
242354.0,1.96969998,3.0
242376.0,1.96969998,1.0
242511.0,1.96969998,1.0
242634.0,1.96969998,1.0
242861.0,1.96969998,3.0
242892.0,1.96969998,2.0
242949.0,1.96969998,1.0
243048.0,1.96969998,1.0
243093.0,1.96969998,2.0
243110.0,1.96969998,2.0
243142.0,1.96969998,2.0
243205.0,1.96969998,2.0
243213.0,1.96969998,2.0
243218.0,1.96969998,2.0
243251.0,1.96969998,2.0
243300.0,1.96969998,1.0
243414.0,1.96969998,2.0
243461.0,1.96969998,1.0
243495.0,1.96969998,2.0
243514.0,1.96969998,2.0
243550.0,1.96969998,2.0
243660.0,1.96969998,1.0
243745.0,1.96969998,1.0
243771.0,1.96969998,1.0
243775.0,1.96969998,2.0
243777.0,1.96969998,1.0
243813.0,1.96969998,2.0
243850.0,1.96969998,1.0
243985.0,1.96969998,1.0
244107.0,1.96969998,1.0
244184.0,1.96969998,1.0
244192.0,1.96969998,2.0
244237.0,1.96969998,2.0
244264.0,1.96969998,2.0
244430.0,1.96969998,1.0
244572.0,1.96969998,1.0
244691.0,1.96969998,2.0
244802.0,1.96969998,1.0
244917.0,1.96969998,2.0
244977.0,1.96969998,1.0
245051.0,1.96969998,2.0
245191.0,1.96969998,2.0
245353.0,1.96969998,1.0
245354.0,1.96969998,1.0
245390.0,1.96969998,2.0
245401.0,1.96969998,1.0
245474.0,1.96969998,2.0
245540.0,1.96969998,1.0
245596.0,1.96969998,1.0
245608.0,1.96969998,1.0
245621.0,1.96969998,1.0
245747.0,1.96969998,2.0
245756.0,1.96969998,2.0
245773.0,1.96969998,2.0
245803.0,1.96969998,2.0
245815.0,1.96969998,2.0
245818.0,1.96969998,3.0
245895.0,1.96969998,2.0
245936.0,1.96969998,1.0
245989.0,1.96969998,2.0
246048.0,1.96969998,1.0
246059.0,1.96969998,1.0
246180.0,1.96969998,1.0
246276.0,1.96969998,1.0
246337.0,1.96969998,2.0
246344.0,1.96969998,1.0
246539.0,1.96969998,1.0
246540.0,1.96969998,2.0
246634.0,1.96969998,2.0
246967.0,1.96969998,1.0
247080.0,1.96969998,1.0
247148.0,1.96969998,1.0
247273.0,1.96969998,2.0
247356.0,1.96969998,2.0
247427.0,1.96969998,1.0
247453.0,1.96969998,2.0
247482.0,1.96969998,1.0
247620.0,1.96969998,1.0
247694.0,1.96969998,2.0
247699.0,1.96969998,2.0
247701.0,1.96969998,3.0
247948.0,1.96969998,1.0
248050.0,1.96969998,1.0
248082.0,1.96969998,1.0
248086.0,1.96969998,2.0
248088.0,1.96969998,2.0
248113.0,1.96969998,2.0
248146.0,1.96969998,2.0
248333.0,1.96969998,1.0
248453.0,1.96969998,2.0
248462.0,1.96969998,2.0
248493.0,1.96969998,1.0
248678.0,1.96969998,2.0
248679.0,1.96969998,1.0
248718.0,1.96969998,2.0
248732.0,1.96969998,1.0
248752.0,1.96969998,2.0
248783.0,1.96969998,1.0
248795.0,1.96969998,2.0
248814.0,1.96969998,2.0
248829.0,1.96969998,1.0
248972.0,1.96969998,3.0
249009.0,1.96969998,2.0
249015.0,1.96969998,2.0
249321.0,1.96969998,2.0
249353.0,1.96969998,1.0
249406.0,1.96969998,1.0
249434.0,1.96969998,2.0
249549.0,1.96969998,2.0
249626.0,1.96969998,2.0
249824.0,1.96969998,1.0
249828.0,1.96969998,2.0
249857.0,1.96969998,2.0
240036.0,1.96969998,1.0
240737.0,1.96969998,1.0
240870.0,1.96969998,1.0
241479.0,1.96969998,1.0
241576.0,1.96969998,1.0
241826.0,1.96969998,1.0
242557.0,1.96969998,1.0
242760.0,1.96969998,1.0
243252.0,1.96969998,1.0
244171.0,1.96969998,1.0
244780.0,1.96969998,1.0
244966.0,1.96969998,1.0
245446.0,1.96969998,1.0
246986.0,1.96969998,1.0
247520.0,1.96969998,1.0
247721.0,1.96969998,1.0
247765.0,1.96969998,1.0
248276.0,1.96969998,1.0
248356.0,1.96969998,1.0
249096.0,1.96969998,1.0
240725.0,1.96969998,1.0
241282.0,1.96969998,1.0
242264.0,1.96969998,1.0
242413.0,1.96969998,1.0
243936.0,1.96969998,1.0
243977.0,1.96969998,1.0
244004.0,1.96969998,2.0
246266.0,1.96969998,1.0
247706.0,1.96969998,1.0
248105.0,1.96969998,1.0
249050.0,1.96969998,1.0
249658.0,1.96969998,1.0
250024.0,2.01009989,1.0
250062.0,2.01009989,1.0
250080.0,2.01009989,2.0
250130.0,2.01009989,1.0
250210.0,2.01009989,2.0
250316.0,2.01009989,2.0
250325.0,2.01009989,1.0
250366.0,2.01009989,1.0
250367.0,2.01009989,1.0
250381.0,2.01009989,1.0
250400.0,2.01009989,2.0
250439.0,2.01009989,1.0
250508.0,2.01009989,1.0
250543.0,2.01009989,2.0
250551.0,2.01009989,1.0
250585.0,2.01009989,1.0
250593.0,2.01009989,1.0
250634.0,2.01009989,2.0
250681.0,2.01009989,3.0
250683.0,2.01009989,2.0
250727.0,2.01009989,1.0
250730.0,2.01009989,2.0
250754.0,2.01009989,3.0
250756.0,2.01009989,1.0
250783.0,2.01009989,1.0
250849.0,2.01009989,1.0
250866.0,2.01009989,1.0
250870.0,2.01009989,2.0
250871.0,2.01009989,1.0
250904.0,2.01009989,1.0
250906.0,2.01009989,1.0
250918.0,2.01009989,1.0
250976.0,2.01009989,2.0
251031.0,2.01009989,1.0
251046.0,2.01009989,1.0
251048.0,2.01009989,3.0
251108.0,2.01009989,1.0
251177.0,2.01009989,1.0
251206.0,2.01009989,1.0
251235.0,2.01009989,1.0
251289.0,2.01009989,2.0
251416.0,2.01009989,1.0
251453.0,2.01009989,1.0
251494.0,2.01009989,1.0
251568.0,2.01009989,1.0
251585.0,2.01009989,1.0
251609.0,2.01009989,1.0
251687.0,2.01009989,2.0
251720.0,2.01009989,1.0
251824.0,2.01009989,1.0
251846.0,2.01009989,1.0
251867.0,2.01009989,1.0
251905.0,2.01009989,1.0
251908.0,2.01009989,2.0
251921.0,2.01009989,2.0
251944.0,2.01009989,1.0
251957.0,2.01009989,1.0
251982.0,2.01009989,1.0
252029.0,2.01009989,2.0
252089.0,2.01009989,1.0
252094.0,2.01009989,1.0
252111.0,2.01009989,1.0
252123.0,2.01009989,1.0
252150.0,2.01009989,1.0
252180.0,2.01009989,1.0
252187.0,2.01009989,1.0
252192.0,2.01009989,1.0
252269.0,2.01009989,1.0
252303.0,2.01009989,1.0
252318.0,2.01009989,1.0
252331.0,2.01009989,2.0
252355.0,2.01009989,1.0
252403.0,2.01009989,1.0
252404.0,2.01009989,1.0
252511.0,2.01009989,4.0
252557.0,2.01009989,1.0
252561.0,2.01009989,1.0
252585.0,2.01009989,1.0
252596.0,2.01009989,1.0
252624.0,2.01009989,2.0
252646.0,2.01009989,1.0
252700.0,2.01009989,1.0
252753.0,2.01009989,1.0
252812.0,2.01009989,1.0
252820.0,2.01009989,1.0
252830.0,2.01009989,1.0
252837.0,2.01009989,1.0
252871.0,2.01009989,1.0
252896.0,2.01009989,1.0
253056.0,2.01009989,1.0
253090.0,2.01009989,1.0
253153.0,2.01009989,1.0
253162.0,2.01009989,2.0
253203.0,2.01009989,1.0
253218.0,2.01009989,2.0
253254.0,2.01009989,1.0
253302.0,2.01009989,1.0
253310.0,2.01009989,2.0
253370.0,2.01009989,1.0
253392.0,2.01009989,2.0
253471.0,2.01009989,1.0
253529.0,2.01009989,1.0
253554.0,2.01009989,1.0
253626.0,2.01009989,1.0
253628.0,2.01009989,1.0
253644.0,2.01009989,2.0
253655.0,2.01009989,1.0
253697.0,2.01009989,1.0
253721.0,2.01009989,1.0
253800.0,2.01009989,1.0
253818.0,2.01009989,2.0
253857.0,2.01009989,1.0
253984.0,2.01009989,1.0
253985.0,2.01009989,1.0
253987.0,2.01009989,1.0
253996.0,2.01009989,1.0
254029.0,2.01009989,1.0
254130.0,2.01009989,1.0
254138.0,2.01009989,1.0
254173.0,2.01009989,2.0
254192.0,2.01009989,2.0
254203.0,2.01009989,2.0
254227.0,2.01009989,1.0
254237.0,2.01009989,2.0
254255.0,2.01009989,1.0
254288.0,2.01009989,2.0
254318.0,2.01009989,1.0
254343.0,2.01009989,3.0
254344.0,2.01009989,1.0
254345.0,2.01009989,1.0
254348.0,2.01009989,2.0
254349.0,2.01009989,2.0
254408.0,2.01009989,1.0
254424.0,2.01009989,2.0
254426.0,2.01009989,1.0
254446.0,2.01009989,1.0
254455.0,2.01009989,1.0
254472.0,2.01009989,1.0
254521.0,2.01009989,1.0
254543.0,2.01009989,1.0
254579.0,2.01009989,2.0
254590.0,2.01009989,1.0
254675.0,2.01009989,1.0
254727.0,2.01009989,1.0
254739.0,2.01009989,1.0
254784.0,2.01009989,1.0
254802.0,2.01009989,2.0
254805.0,2.01009989,1.0
254904.0,2.01009989,1.0
254929.0,2.01009989,1.0
254975.0,2.01009989,2.0
254977.0,2.01009989,2.0
255069.0,2.01009989,1.0
255074.0,2.01009989,1.0
255105.0,2.01009989,1.0
255148.0,2.01009989,1.0
255160.0,2.01009989,2.0
255167.0,2.01009989,1.0
255287.0,2.01009989,1.0
255314.0,2.01009989,1.0
255344.0,2.01009989,1.0
255349.0,2.01009989,1.0
255383.0,2.01009989,1.0
255407.0,2.01009989,1.0
255410.0,2.01009989,1.0
255419.0,2.01009989,1.0
255438.0,2.01009989,1.0
255503.0,2.01009989,1.0
255574.0,2.01009989,1.0
255582.0,2.01009989,1.0
255587.0,2.01009989,1.0
255596.0,2.01009989,1.0
255603.0,2.01009989,1.0
255636.0,2.01009989,1.0
255670.0,2.01009989,1.0
255711.0,2.01009989,1.0
255749.0,2.01009989,1.0
255762.0,2.01009989,1.0
255895.0,2.01009989,3.0
255950.0,2.01009989,1.0
256013.0,2.01009989,1.0
256062.0,2.01009989,1.0
256166.0,2.01009989,2.0
256175.0,2.01009989,1.0
256205.0,2.01009989,1.0
256326.0,2.01009989,1.0
256334.0,2.01009989,1.0
256335.0,2.01009989,1.0
256432.0,2.01009989,2.0
256446.0,2.01009989,1.0
256464.0,2.01009989,1.0
256483.0,2.01009989,1.0
256506.0,2.01009989,1.0
256517.0,2.01009989,1.0
256551.0,2.01009989,1.0
256592.0,2.01009989,1.0
256609.0,2.01009989,1.0
256613.0,2.01009989,1.0
256627.0,2.01009989,1.0
256660.0,2.01009989,1.0
256714.0,2.01009989,1.0
256748.0,2.01009989,1.0
256813.0,2.01009989,1.0
256875.0,2.01009989,1.0
256876.0,2.01009989,1.0
256913.0,2.01009989,2.0
256926.0,2.01009989,1.0
256962.0,2.01009989,1.0
256973.0,2.01009989,2.0
256974.0,2.01009989,1.0
257010.0,2.01009989,1.0
257076.0,2.01009989,1.0
257080.0,2.01009989,1.0
257089.0,2.01009989,1.0
257110.0,2.01009989,1.0
257135.0,2.01009989,1.0
257148.0,2.01009989,2.0
257199.0,2.01009989,2.0
257210.0,2.01009989,1.0
257214.0,2.01009989,1.0
257226.0,2.01009989,2.0
257309.0,2.01009989,1.0
257324.0,2.01009989,1.0
257426.0,2.01009989,1.0
257427.0,2.01009989,2.0
257500.0,2.01009989,1.0
257558.0,2.01009989,2.0
257590.0,2.01009989,1.0
257695.0,2.01009989,1.0
257701.0,2.01009989,2.0
257761.0,2.01009989,1.0
257803.0,2.01009989,1.0
257872.0,2.01009989,1.0
257892.0,2.01009989,1.0
257957.0,2.01009989,1.0
257990.0,2.01009989,1.0
258005.0,2.01009989,1.0
258025.0,2.01009989,2.0
258028.0,2.01009989,1.0
258050.0,2.01009989,2.0
258052.0,2.01009989,1.0
258062.0,2.01009989,1.0
258080.0,2.01009989,2.0
258086.0,2.01009989,2.0
258123.0,2.01009989,1.0
258177.0,2.01009989,1.0
258195.0,2.01009989,1.0
258228.0,2.01009989,1.0
258229.0,2.01009989,1.0
258230.0,2.01009989,1.0
258254.0,2.01009989,1.0
258259.0,2.01009989,2.0
258276.0,2.01009989,1.0
258335.0,2.01009989,1.0
258388.0,2.01009989,1.0
258461.0,2.01009989,1.0
258535.0,2.01009989,1.0
258540.0,2.01009989,1.0
258623.0,2.01009989,1.0
258678.0,2.01009989,3.0
258679.0,2.01009989,2.0
258691.0,2.01009989,1.0
258742.0,2.01009989,2.0
258758.0,2.01009989,1.0
258788.0,2.01009989,2.0
258794.0,2.01009989,2.0
258819.0,2.01009989,1.0
258829.0,2.01009989,2.0
258898.0,2.01009989,2.0
258910.0,2.01009989,1.0
258912.0,2.01009989,2.0
258921.0,2.01009989,2.0
258994.0,2.01009989,2.0
259082.0,2.01009989,2.0
259130.0,2.01009989,1.0
259185.0,2.01009989,1.0
259189.0,2.01009989,1.0
259200.0,2.01009989,2.0
259202.0,2.01009989,1.0
259338.0,2.01009989,2.0
259353.0,2.01009989,1.0
259540.0,2.01009989,1.0
259585.0,2.01009989,1.0
259622.0,2.01009989,1.0
259671.0,2.01009989,1.0
259723.0,2.01009989,2.0
259727.0,2.01009989,1.0
259730.0,2.01009989,2.0
259747.0,2.01009989,1.0
259753.0,2.01009989,1.0
259776.0,2.01009989,1.0
259806.0,2.01009989,1.0
259919.0,2.01009989,1.0
259981.0,2.01009989,2.0
250027.0,2.01009989,1.0
250525.0,2.01009989,1.0
250973.0,2.01009989,3.0
251118.0,2.01009989,1.0
251200.0,2.01009989,1.0
251238.0,2.01009989,1.0
251454.0,2.01009989,1.0
251983.0,2.01009989,1.0
252177.0,2.01009989,1.0
252354.0,2.01009989,2.0
252949.0,2.01009989,1.0
253048.0,2.01009989,1.0
253063.0,2.01009989,2.0
253071.0,2.01009989,1.0
253251.0,2.01009989,2.0
253517.0,2.01009989,1.0
253568.0,2.01009989,2.0
253850.0,2.01009989,1.0
254001.0,2.01009989,1.0
254616.0,2.01009989,1.0
254640.0,2.01009989,1.0
255022.0,2.01009989,1.0
255030.0,2.01009989,2.0
255159.0,2.01009989,1.0
255353.0,2.01009989,1.0
255401.0,2.01009989,2.0
255474.0,2.01009989,2.0
255608.0,2.01009989,1.0
255610.0,2.01009989,1.0
255642.0,2.01009989,1.0
255773.0,2.01009989,1.0
255818.0,2.01009989,1.0
255936.0,2.01009989,1.0
255989.0,2.01009989,1.0
256540.0,2.01009989,1.0
256634.0,2.01009989,1.0
256860.0,2.01009989,2.0
257286.0,2.01009989,1.0
257434.0,2.01009989,1.0
257612.0,2.01009989,1.0
257616.0,2.01009989,1.0
258233.0,2.01009989,1.0
258453.0,2.01009989,3.0
258752.0,2.01009989,2.0
258783.0,2.01009989,1.0
259381.0,2.01009989,1.0
259477.0,2.01009989,1.0
259626.0,2.01009989,4.0
259929.0,2.01009989,1.0
250554.0,2.01009989,1.0
250592.0,2.01009989,2.0
250737.0,2.01009989,1.0
251078.0,2.01009989,2.0
251938.0,2.01009989,1.0
252043.0,2.01009989,1.0
252633.0,2.01009989,1.0
253252.0,2.01009989,2.0
253514.0,2.01009989,1.0
254990.0,2.01009989,2.0
255357.0,2.01009989,1.0
256840.0,2.01009989,1.0
256969.0,2.01009989,1.0
257177.0,2.01009989,2.0
257341.0,2.01009989,1.0
257520.0,2.01009989,2.0
257699.0,2.01009989,1.0
258356.0,2.01009989,1.0
258841.0,2.01009989,2.0
253120.0,2.01009989,1.0
254603.0,2.01009989,1.0
255278.0,2.01009989,1.0
260024.0,2.05050993,1.0
260027.0,2.05050993,2.0
260032.0,2.05050993,1.0
260036.0,2.05050993,2.0
260063.0,2.05050993,1.0
260070.0,2.05050993,1.0
260085.0,2.05050993,1.0
260106.0,2.05050993,1.0
260107.0,2.05050993,1.0
260109.0,2.05050993,1.0
260199.0,2.05050993,2.0
260235.0,2.05050993,2.0
260238.0,2.05050993,1.0
260250.0,2.05050993,1.0
260307.0,2.05050993,2.0
260328.0,2.05050993,1.0
260373.0,2.05050993,1.0
260381.0,2.05050993,1.0
260383.0,2.05050993,2.0
260425.0,2.05050993,1.0
260441.0,2.05050993,1.0
260508.0,2.05050993,1.0
260525.0,2.05050993,2.0
260554.0,2.05050993,2.0
260620.0,2.05050993,1.0
260665.0,2.05050993,2.0
260680.0,2.05050993,2.0
260681.0,2.05050993,2.0
260683.0,2.05050993,2.0
260687.0,2.05050993,2.0
260690.0,2.05050993,2.0
260725.0,2.05050993,1.0
260737.0,2.05050993,1.0
260754.0,2.05050993,1.0
260788.0,2.05050993,1.0
260790.0,2.05050993,1.0
260800.0,2.05050993,2.0
260821.0,2.05050993,1.0
260841.0,2.05050993,2.0
260846.0,2.05050993,2.0
260849.0,2.05050993,1.0
260870.0,2.05050993,2.0
260884.0,2.05050993,1.0
260976.0,2.05050993,2.0
260982.0,2.05050993,1.0
260997.0,2.05050993,1.0
260998.0,2.05050993,1.0
261000.0,2.05050993,1.0
261041.0,2.05050993,2.0
261048.0,2.05050993,1.0
261051.0,2.05050993,1.0
261078.0,2.05050993,1.0
261099.0,2.05050993,1.0
261106.0,2.05050993,2.0
261108.0,2.05050993,2.0
261139.0,2.05050993,1.0
261147.0,2.05050993,1.0
261151.0,2.05050993,1.0
261158.0,2.05050993,1.0
261179.0,2.05050993,1.0
261200.0,2.05050993,1.0
261202.0,2.05050993,1.0
261203.0,2.05050993,2.0
261238.0,2.05050993,1.0
261256.0,2.05050993,2.0
261266.0,2.05050993,1.0
261282.0,2.05050993,1.0
261316.0,2.05050993,1.0
261341.0,2.05050993,1.0
261354.0,2.05050993,2.0
261396.0,2.05050993,1.0
261427.0,2.05050993,1.0
261436.0,2.05050993,1.0
261458.0,2.05050993,2.0
261479.0,2.05050993,1.0
261494.0,2.05050993,1.0
261537.0,2.05050993,1.0
261563.0,2.05050993,1.0
261572.0,2.05050993,1.0
261576.0,2.05050993,2.0
261580.0,2.05050993,1.0
261600.0,2.05050993,2.0
261611.0,2.05050993,1.0
261679.0,2.05050993,1.0
261777.0,2.05050993,2.0
261820.0,2.05050993,2.0
261824.0,2.05050993,1.0
261826.0,2.05050993,2.0
261938.0,2.05050993,1.0
261983.0,2.05050993,2.0
261997.0,2.05050993,1.0
262015.0,2.05050993,1.0
262026.0,2.05050993,2.0
262043.0,2.05050993,1.0
262078.0,2.05050993,1.0
262150.0,2.05050993,1.0
262156.0,2.05050993,1.0
262173.0,2.05050993,1.0
262177.0,2.05050993,1.0
262210.0,2.05050993,1.0
262216.0,2.05050993,1.0
262239.0,2.05050993,1.0
262264.0,2.05050993,2.0
262271.0,2.05050993,1.0
262273.0,2.05050993,1.0
262299.0,2.05050993,2.0
262303.0,2.05050993,1.0
262318.0,2.05050993,1.0
262339.0,2.05050993,1.0
262340.0,2.05050993,2.0
262352.0,2.05050993,2.0
262354.0,2.05050993,1.0
262358.0,2.05050993,3.0
262368.0,2.05050993,2.0
262372.0,2.05050993,1.0
262389.0,2.05050993,1.0
262404.0,2.05050993,2.0
262413.0,2.05050993,1.0
262414.0,2.05050993,1.0
262424.0,2.05050993,2.0
262461.0,2.05050993,1.0
262503.0,2.05050993,1.0
262557.0,2.05050993,1.0
262568.0,2.05050993,2.0
262624.0,2.05050993,1.0
262633.0,2.05050993,2.0
262634.0,2.05050993,1.0
262716.0,2.05050993,1.0
262725.0,2.05050993,1.0
262736.0,2.05050993,1.0
262760.0,2.05050993,1.0
262764.0,2.05050993,1.0
262766.0,2.05050993,2.0
262825.0,2.05050993,1.0
262829.0,2.05050993,1.0
262837.0,2.05050993,1.0
262861.0,2.05050993,1.0
262862.0,2.05050993,2.0
262872.0,2.05050993,1.0
262875.0,2.05050993,2.0
262886.0,2.05050993,2.0
262887.0,2.05050993,1.0
262892.0,2.05050993,2.0
262915.0,2.05050993,1.0
262945.0,2.05050993,1.0
262949.0,2.05050993,1.0
263019.0,2.05050993,1.0
263027.0,2.05050993,1.0
263048.0,2.05050993,1.0
263071.0,2.05050993,1.0
263093.0,2.05050993,2.0
263120.0,2.05050993,2.0
263142.0,2.05050993,2.0
263145.0,2.05050993,1.0
263162.0,2.05050993,1.0
263197.0,2.05050993,1.0
263205.0,2.05050993,1.0
263218.0,2.05050993,2.0
263246.0,2.05050993,1.0
263254.0,2.05050993,1.0
263271.0,2.05050993,1.0
263300.0,2.05050993,1.0
263302.0,2.05050993,1.0
263305.0,2.05050993,2.0
263363.0,2.05050993,1.0
263411.0,2.05050993,1.0
263414.0,2.05050993,1.0
263459.0,2.05050993,2.0
263461.0,2.05050993,2.0
263493.0,2.05050993,1.0
263495.0,2.05050993,1.0
263517.0,2.05050993,1.0
263529.0,2.05050993,1.0
263530.0,2.05050993,2.0
263544.0,2.05050993,2.0
263550.0,2.05050993,1.0
263568.0,2.05050993,1.0
263588.0,2.05050993,1.0
263615.0,2.05050993,1.0
263644.0,2.05050993,1.0
263653.0,2.05050993,1.0
263655.0,2.05050993,2.0
263660.0,2.05050993,1.0
263671.0,2.05050993,1.0
263711.0,2.05050993,1.0
263717.0,2.05050993,1.0
263745.0,2.05050993,2.0
263775.0,2.05050993,1.0
263777.0,2.05050993,2.0
263809.0,2.05050993,1.0
263813.0,2.05050993,1.0
263889.0,2.05050993,1.0
263937.0,2.05050993,1.0
263944.0,2.05050993,1.0
263972.0,2.05050993,1.0
263977.0,2.05050993,1.0
263995.0,2.05050993,2.0
263996.0,2.05050993,1.0
264001.0,2.05050993,1.0
264004.0,2.05050993,1.0
264015.0,2.05050993,2.0
264028.0,2.05050993,2.0
264034.0,2.05050993,2.0
264038.0,2.05050993,1.0
264043.0,2.05050993,1.0
264054.0,2.05050993,1.0
264059.0,2.05050993,1.0
264096.0,2.05050993,3.0
264107.0,2.05050993,1.0
264135.0,2.05050993,1.0
264138.0,2.05050993,1.0
264165.0,2.05050993,2.0
264237.0,2.05050993,2.0
264253.0,2.05050993,1.0
264255.0,2.05050993,1.0
264262.0,2.05050993,1.0
264264.0,2.05050993,2.0
264274.0,2.05050993,3.0
264281.0,2.05050993,1.0
264285.0,2.05050993,1.0
264294.0,2.05050993,1.0
264308.0,2.05050993,2.0
264344.0,2.05050993,1.0
264345.0,2.05050993,1.0
264348.0,2.05050993,1.0
264352.0,2.05050993,1.0
264362.0,2.05050993,2.0
264364.0,2.05050993,2.0
264432.0,2.05050993,2.0
264437.0,2.05050993,1.0
264450.0,2.05050993,1.0
264455.0,2.05050993,1.0
264476.0,2.05050993,1.0
264480.0,2.05050993,1.0
264546.0,2.05050993,2.0
264603.0,2.05050993,1.0
264640.0,2.05050993,1.0
264654.0,2.05050993,1.0
264691.0,2.05050993,2.0
264701.0,2.05050993,1.0
264737.0,2.05050993,2.0
264739.0,2.05050993,3.0
264802.0,2.05050993,1.0
264822.0,2.05050993,2.0
264831.0,2.05050993,2.0
264834.0,2.05050993,1.0
264890.0,2.05050993,2.0
264917.0,2.05050993,2.0
264966.0,2.05050993,2.0
264990.0,2.05050993,2.0
265005.0,2.05050993,1.0
265030.0,2.05050993,2.0
265044.0,2.05050993,1.0
265051.0,2.05050993,2.0
265059.0,2.05050993,2.0
265068.0,2.05050993,1.0
265074.0,2.05050993,2.0
265088.0,2.05050993,2.0
265204.0,2.05050993,1.0
265212.0,2.05050993,2.0
265223.0,2.05050993,1.0
265247.0,2.05050993,1.0
265278.0,2.05050993,1.0
265305.0,2.05050993,2.0
265306.0,2.05050993,1.0
265318.0,2.05050993,1.0
265328.0,2.05050993,1.0
265344.0,2.05050993,3.0
265390.0,2.05050993,2.0
265401.0,2.05050993,1.0
265419.0,2.05050993,1.0
265451.0,2.05050993,2.0
265474.0,2.05050993,1.0
265482.0,2.05050993,1.0
265503.0,2.05050993,1.0
265534.0,2.05050993,1.0
265540.0,2.05050993,2.0
265548.0,2.05050993,1.0
265549.0,2.05050993,1.0
265555.0,2.05050993,2.0
265596.0,2.05050993,1.0
265610.0,2.05050993,1.0
265615.0,2.05050993,1.0
265626.0,2.05050993,1.0
265636.0,2.05050993,1.0
265642.0,2.05050993,1.0
265652.0,2.05050993,1.0
265660.0,2.05050993,2.0
265672.0,2.05050993,2.0
265698.0,2.05050993,1.0
265728.0,2.05050993,2.0
265747.0,2.05050993,1.0
265749.0,2.05050993,1.0
265756.0,2.05050993,2.0
265767.0,2.05050993,1.0
265773.0,2.05050993,1.0
265803.0,2.05050993,1.0
265805.0,2.05050993,1.0
265815.0,2.05050993,1.0
265818.0,2.05050993,1.0
265844.0,2.05050993,2.0
265893.0,2.05050993,1.0
265895.0,2.05050993,1.0
265945.0,2.05050993,2.0
265950.0,2.05050993,2.0
265965.0,2.05050993,1.0
265969.0,2.05050993,2.0
265989.0,2.05050993,1.0
265999.0,2.05050993,1.0
266062.0,2.05050993,1.0
266101.0,2.05050993,1.0
266113.0,2.05050993,1.0
266118.0,2.05050993,2.0
266125.0,2.05050993,1.0
266166.0,2.05050993,2.0
266172.0,2.05050993,1.0
266180.0,2.05050993,1.0
266205.0,2.05050993,1.0
266241.0,2.05050993,1.0
266248.0,2.05050993,1.0
266266.0,2.05050993,1.0
266270.0,2.05050993,2.0
266276.0,2.05050993,1.0
266295.0,2.05050993,1.0
266322.0,2.05050993,1.0
266347.0,2.05050993,1.0
266436.0,2.05050993,1.0
266450.0,2.05050993,1.0
266539.0,2.05050993,2.0
266540.0,2.05050993,1.0
266573.0,2.05050993,2.0
266590.0,2.05050993,2.0
266592.0,2.05050993,1.0
266602.0,2.05050993,1.0
266634.0,2.05050993,1.0
266636.0,2.05050993,1.0
266707.0,2.05050993,2.0
266767.0,2.05050993,2.0
266790.0,2.05050993,1.0
266793.0,2.05050993,2.0
266813.0,2.05050993,1.0
266834.0,2.05050993,1.0
266859.0,2.05050993,2.0
266888.0,2.05050993,2.0
266909.0,2.05050993,2.0
266928.0,2.05050993,2.0
266970.0,2.05050993,2.0
267083.0,2.05050993,2.0
267089.0,2.05050993,1.0
267126.0,2.05050993,1.0
267150.0,2.05050993,1.0
267170.0,2.05050993,1.0
267197.0,2.05050993,2.0
267238.0,2.05050993,1.0
267264.0,2.05050993,1.0
267273.0,2.05050993,1.0
267276.0,2.05050993,1.0
267286.0,2.05050993,1.0
267298.0,2.05050993,1.0
267300.0,2.05050993,1.0
267308.0,2.05050993,1.0
267341.0,2.05050993,1.0
267348.0,2.05050993,1.0
267356.0,2.05050993,1.0
267357.0,2.05050993,2.0
267366.0,2.05050993,1.0
267369.0,2.05050993,1.0
267406.0,2.05050993,1.0
267415.0,2.05050993,1.0
267437.0,2.05050993,1.0
267487.0,2.05050993,1.0
267514.0,2.05050993,2.0
267520.0,2.05050993,1.0
267525.0,2.05050993,2.0
267535.0,2.05050993,1.0
267565.0,2.05050993,1.0
267612.0,2.05050993,1.0
267616.0,2.05050993,2.0
267622.0,2.05050993,1.0
267626.0,2.05050993,2.0
267642.0,2.05050993,2.0
267659.0,2.05050993,2.0
267694.0,2.05050993,1.0
267711.0,2.05050993,1.0
267714.0,2.05050993,1.0
267765.0,2.05050993,2.0
267773.0,2.05050993,1.0
267778.0,2.05050993,1.0
267817.0,2.05050993,2.0
267819.0,2.05050993,1.0
267820.0,2.05050993,1.0
267829.0,2.05050993,1.0
267834.0,2.05050993,1.0
267852.0,2.05050993,2.0
267877.0,2.05050993,1.0
267878.0,2.05050993,2.0
267881.0,2.05050993,1.0
267941.0,2.05050993,1.0
267957.0,2.05050993,1.0
267991.0,2.05050993,1.0
268026.0,2.05050993,2.0
268031.0,2.05050993,2.0
268041.0,2.05050993,1.0
268055.0,2.05050993,2.0
268062.0,2.05050993,1.0
268080.0,2.05050993,2.0
268082.0,2.05050993,2.0
268086.0,2.05050993,1.0
268088.0,2.05050993,2.0
268105.0,2.05050993,2.0
268113.0,2.05050993,1.0
268117.0,2.05050993,1.0
268171.0,2.05050993,1.0
268188.0,2.05050993,2.0
268189.0,2.05050993,1.0
268205.0,2.05050993,1.0
268233.0,2.05050993,1.0
268247.0,2.05050993,1.0
268259.0,2.05050993,2.0
268307.0,2.05050993,2.0
268333.0,2.05050993,2.0
268352.0,2.05050993,3.0
268356.0,2.05050993,2.0
268366.0,2.05050993,1.0
268469.0,2.05050993,2.0
268473.0,2.05050993,1.0
268493.0,2.05050993,2.0
268513.0,2.05050993,1.0
268535.0,2.05050993,2.0
268570.0,2.05050993,1.0
268678.0,2.05050993,2.0
268691.0,2.05050993,1.0
268718.0,2.05050993,2.0
268732.0,2.05050993,3.0
268752.0,2.05050993,3.0
268769.0,2.05050993,1.0
268777.0,2.05050993,1.0
268783.0,2.05050993,1.0
268820.0,2.05050993,2.0
268841.0,2.05050993,1.0
268869.0,2.05050993,2.0
268885.0,2.05050993,1.0
268897.0,2.05050993,1.0
268930.0,2.05050993,1.0
268972.0,2.05050993,1.0
269026.0,2.05050993,1.0
269029.0,2.05050993,1.0
269043.0,2.05050993,2.0
269054.0,2.05050993,1.0
269096.0,2.05050993,2.0
269151.0,2.05050993,1.0
269177.0,2.05050993,1.0
269270.0,2.05050993,1.0
269295.0,2.05050993,2.0
269320.0,2.05050993,1.0
269321.0,2.05050993,1.0
269363.0,2.05050993,1.0
269381.0,2.05050993,1.0
269434.0,2.05050993,2.0
269440.0,2.05050993,1.0
269447.0,2.05050993,1.0
269477.0,2.05050993,1.0
269527.0,2.05050993,1.0
269533.0,2.05050993,2.0
269549.0,2.05050993,2.0
269556.0,2.05050993,2.0
269566.0,2.05050993,1.0
269591.0,2.05050993,2.0
269626.0,2.05050993,1.0
269658.0,2.05050993,1.0
269661.0,2.05050993,2.0
269681.0,2.05050993,1.0
269684.0,2.05050993,1.0
269723.0,2.05050993,1.0
269747.0,2.05050993,1.0
269824.0,2.05050993,2.0
269826.0,2.05050993,2.0
269829.0,2.05050993,1.0
269841.0,2.05050993,1.0
269857.0,2.05050993,2.0
269858.0,2.05050993,1.0
269917.0,2.05050993,1.0
269919.0,2.05050993,1.0
269929.0,2.05050993,1.0
269944.0,2.05050993,1.0
269981.0,2.05050993,1.0
260490.0,2.05050993,1.0
260634.0,2.05050993,1.0
261161.0,2.05050993,1.0
261170.0,2.05050993,1.0
261286.0,2.05050993,1.0
261298.0,2.05050993,1.0
261536.0,2.05050993,1.0
261602.0,2.05050993,1.0
261874.0,2.05050993,1.0
262031.0,2.05050993,1.0
262345.0,2.05050993,1.0
262514.0,2.05050993,1.0
263410.0,2.05050993,1.0
263501.0,2.05050993,1.0
264484.0,2.05050993,1.0
264575.0,2.05050993,1.0
265170.0,2.05050993,1.0
265450.0,2.05050993,1.0
266463.0,2.05050993,1.0
266584.0,2.05050993,1.0
267148.0,2.05050993,1.0
268829.0,2.05050993,1.0
268933.0,2.05050993,1.0
269039.0,2.05050993,1.0
269547.0,2.05050993,1.0
269550.0,2.05050993,1.0
270024.0,2.09090996,3.0
270027.0,2.09090996,1.0
270036.0,2.09090996,3.0
270107.0,2.09090996,2.0
270126.0,2.09090996,1.0
270207.0,2.09090996,1.0
270209.0,2.09090996,1.0
270328.0,2.09090996,2.0
270388.0,2.09090996,2.0
270410.0,2.09090996,1.0
270490.0,2.09090996,1.0
270508.0,2.09090996,4.0
270525.0,2.09090996,1.0
270554.0,2.09090996,4.0
270568.0,2.09090996,1.0
270592.0,2.09090996,2.0
270620.0,2.09090996,4.0
270642.0,2.09090996,2.0
270681.0,2.09090996,3.0
270683.0,2.09090996,1.0
270687.0,2.09090996,1.0
270690.0,2.09090996,1.0
270790.0,2.09090996,1.0
270846.0,2.09090996,3.0
270870.0,2.09090996,3.0
270914.0,2.09090996,3.0
270982.0,2.09090996,4.0
270997.0,2.09090996,5.0
271019.0,2.09090996,1.0
271048.0,2.09090996,2.0
271051.0,2.09090996,1.0
271078.0,2.09090996,4.0
271106.0,2.09090996,2.0
271138.0,2.09090996,1.0
271151.0,2.09090996,2.0
271158.0,2.09090996,1.0
271200.0,2.09090996,2.0
271350.0,2.09090996,1.0
271439.0,2.09090996,1.0
271479.0,2.09090996,4.0
271563.0,2.09090996,3.0
271580.0,2.09090996,4.0
271585.0,2.09090996,3.0
271602.0,2.09090996,1.0
271611.0,2.09090996,1.0
271629.0,2.09090996,1.0
271645.0,2.09090996,2.0
271695.0,2.09090996,3.0
271777.0,2.09090996,4.0
271781.0,2.09090996,2.0
271816.0,2.09090996,1.0
271820.0,2.09090996,1.0
271848.0,2.09090996,1.0
271874.0,2.09090996,1.0
271875.0,2.09090996,1.0
271907.0,2.09090996,1.0
271921.0,2.09090996,2.0
271983.0,2.09090996,1.0
271986.0,2.09090996,2.0
272043.0,2.09090996,3.0
272047.0,2.09090996,3.0
272087.0,2.09090996,2.0
272150.0,2.09090996,3.0
272210.0,2.09090996,2.0
272324.0,2.09090996,1.0
272345.0,2.09090996,1.0
272352.0,2.09090996,1.0
272358.0,2.09090996,2.0
272389.0,2.09090996,3.0
272397.0,2.09090996,2.0
272557.0,2.09090996,3.0
272568.0,2.09090996,2.0
272633.0,2.09090996,2.0
272702.0,2.09090996,1.0
272766.0,2.09090996,1.0
272826.0,2.09090996,1.0
272837.0,2.09090996,3.0
272871.0,2.09090996,3.0
272872.0,2.09090996,3.0
272888.0,2.09090996,1.0
272890.0,2.09090996,1.0
272915.0,2.09090996,2.0
272959.0,2.09090996,1.0
272978.0,2.09090996,2.0
272989.0,2.09090996,1.0
273019.0,2.09090996,4.0
273055.0,2.09090996,1.0
273089.0,2.09090996,1.0
273093.0,2.09090996,4.0
273197.0,2.09090996,2.0
273251.0,2.09090996,4.0
273303.0,2.09090996,1.0
273305.0,2.09090996,1.0
273363.0,2.09090996,3.0
273376.0,2.09090996,2.0
273381.0,2.09090996,2.0
273411.0,2.09090996,2.0
273423.0,2.09090996,1.0
273459.0,2.09090996,1.0
273474.0,2.09090996,1.0
273492.0,2.09090996,2.0
273493.0,2.09090996,3.0
273530.0,2.09090996,4.0
273544.0,2.09090996,2.0
273550.0,2.09090996,4.0
273568.0,2.09090996,4.0
273577.0,2.09090996,1.0
273653.0,2.09090996,2.0
273671.0,2.09090996,2.0
273682.0,2.09090996,4.0
273711.0,2.09090996,3.0
273771.0,2.09090996,1.0
273775.0,2.09090996,3.0
273818.0,2.09090996,3.0
273850.0,2.09090996,1.0
273944.0,2.09090996,1.0
274025.0,2.09090996,2.0
274028.0,2.09090996,4.0
274043.0,2.09090996,2.0
274045.0,2.09090996,4.0
274054.0,2.09090996,1.0
274059.0,2.09090996,1.0
274237.0,2.09090996,3.0
274262.0,2.09090996,4.0
274274.0,2.09090996,2.0
274281.0,2.09090996,4.0
274285.0,2.09090996,5.0
274344.0,2.09090996,3.0
274352.0,2.09090996,2.0
274362.0,2.09090996,3.0
274407.0,2.09090996,2.0
274431.0,2.09090996,2.0
274437.0,2.09090996,2.0
274455.0,2.09090996,3.0
274476.0,2.09090996,2.0
274522.0,2.09090996,1.0
274549.0,2.09090996,2.0
274554.0,2.09090996,1.0
274691.0,2.09090996,3.0
274721.0,2.09090996,2.0
274726.0,2.09090996,1.0
274737.0,2.09090996,3.0
274780.0,2.09090996,3.0
274822.0,2.09090996,1.0
274834.0,2.09090996,1.0
274867.0,2.09090996,1.0
274890.0,2.09090996,3.0
274906.0,2.09090996,1.0
274917.0,2.09090996,4.0
274976.0,2.09090996,1.0
275044.0,2.09090996,1.0
275051.0,2.09090996,3.0
275122.0,2.09090996,1.0
275160.0,2.09090996,2.0
275212.0,2.09090996,1.0
275223.0,2.09090996,2.0
275247.0,2.09090996,1.0
275260.0,2.09090996,1.0
275318.0,2.09090996,2.0
275437.0,2.09090996,5.0
275446.0,2.09090996,4.0
275470.0,2.09090996,1.0
275488.0,2.09090996,3.0
275521.0,2.09090996,2.0
275540.0,2.09090996,1.0
275543.0,2.09090996,2.0
275548.0,2.09090996,3.0
275596.0,2.09090996,3.0
275615.0,2.09090996,2.0
275626.0,2.09090996,3.0
275642.0,2.09090996,1.0
275708.0,2.09090996,1.0
275803.0,2.09090996,3.0
275844.0,2.09090996,1.0
275893.0,2.09090996,2.0
275965.0,2.09090996,2.0
276118.0,2.09090996,2.0
276125.0,2.09090996,2.0
276166.0,2.09090996,2.0
276266.0,2.09090996,2.0
276295.0,2.09090996,3.0
276432.0,2.09090996,2.0
276436.0,2.09090996,2.0
276483.0,2.09090996,4.0
276556.0,2.09090996,3.0
276573.0,2.09090996,1.0
276574.0,2.09090996,1.0
276602.0,2.09090996,2.0
276636.0,2.09090996,1.0
276793.0,2.09090996,1.0
276814.0,2.09090996,2.0
276818.0,2.09090996,1.0
276820.0,2.09090996,2.0
276834.0,2.09090996,1.0
276840.0,2.09090996,2.0
276859.0,2.09090996,4.0
276888.0,2.09090996,1.0
276913.0,2.09090996,3.0
276923.0,2.09090996,1.0
276928.0,2.09090996,1.0
276969.0,2.09090996,2.0
276986.0,2.09090996,3.0
277049.0,2.09090996,1.0
277121.0,2.09090996,1.0
277150.0,2.09090996,2.0
277187.0,2.09090996,5.0
277197.0,2.09090996,1.0
277238.0,2.09090996,1.0
277298.0,2.09090996,2.0
277341.0,2.09090996,2.0
277363.0,2.09090996,1.0
277406.0,2.09090996,3.0
277415.0,2.09090996,4.0
277453.0,2.09090996,2.0
277514.0,2.09090996,1.0
277520.0,2.09090996,4.0
277543.0,2.09090996,1.0
277612.0,2.09090996,2.0
277659.0,2.09090996,4.0
277682.0,2.09090996,1.0
277694.0,2.09090996,4.0
277728.0,2.09090996,2.0
277834.0,2.09090996,2.0
277917.0,2.09090996,2.0
278026.0,2.09090996,2.0
278031.0,2.09090996,2.0
278058.0,2.09090996,1.0
278076.0,2.09090996,1.0
278086.0,2.09090996,3.0
278088.0,2.09090996,2.0
278117.0,2.09090996,2.0
278189.0,2.09090996,2.0
278233.0,2.09090996,4.0
278234.0,2.09090996,1.0
278247.0,2.09090996,2.0
278259.0,2.09090996,2.0
278276.0,2.09090996,3.0
278366.0,2.09090996,2.0
278405.0,2.09090996,1.0
278499.0,2.09090996,3.0
278513.0,2.09090996,2.0
278570.0,2.09090996,2.0
278580.0,2.09090996,1.0
278678.0,2.09090996,3.0
278679.0,2.09090996,1.0
278769.0,2.09090996,3.0
278783.0,2.09090996,4.0
278795.0,2.09090996,2.0
278796.0,2.09090996,3.0
278805.0,2.09090996,1.0
278814.0,2.09090996,4.0
278833.0,2.09090996,1.0
278869.0,2.09090996,3.0
278872.0,2.09090996,1.0
278972.0,2.09090996,4.0
278986.0,2.09090996,2.0
279009.0,2.09090996,3.0
279050.0,2.09090996,2.0
279185.0,2.09090996,3.0
279215.0,2.09090996,1.0
279298.0,2.09090996,4.0
279321.0,2.09090996,3.0
279408.0,2.09090996,4.0
279440.0,2.09090996,2.0
279533.0,2.09090996,1.0
279550.0,2.09090996,1.0
279556.0,2.09090996,1.0
279566.0,2.09090996,1.0
279591.0,2.09090996,2.0
279628.0,2.09090996,2.0
279661.0,2.09090996,1.0
279684.0,2.09090996,3.0
279749.0,2.09090996,1.0
279857.0,2.09090996,5.0
279919.0,2.09090996,2.0
279932.0,2.09090996,1.0
279944.0,2.09090996,4.0
270032.0,2.09090996,1.0
270081.0,2.09090996,1.0
270106.0,2.09090996,1.0
270244.0,2.09090996,1.0
270373.0,2.09090996,2.0
270515.0,2.09090996,2.0
270551.0,2.09090996,1.0
270653.0,2.09090996,1.0
270665.0,2.09090996,1.0
270725.0,2.09090996,1.0
270788.0,2.09090996,1.0
270841.0,2.09090996,1.0
270876.0,2.09090996,1.0
270884.0,2.09090996,2.0
271000.0,2.09090996,1.0
271118.0,2.09090996,1.0
271147.0,2.09090996,1.0
271202.0,2.09090996,1.0
271238.0,2.09090996,3.0
271486.0,2.09090996,1.0
271512.0,2.09090996,1.0
271537.0,2.09090996,1.0
271572.0,2.09090996,1.0
271576.0,2.09090996,1.0
271589.0,2.09090996,1.0
271730.0,2.09090996,1.0
271824.0,2.09090996,2.0
271826.0,2.09090996,1.0
271906.0,2.09090996,1.0
272026.0,2.09090996,1.0
272094.0,2.09090996,1.0
272273.0,2.09090996,1.0
272339.0,2.09090996,1.0
272354.0,2.09090996,1.0
272368.0,2.09090996,1.0
272372.0,2.09090996,1.0
272413.0,2.09090996,1.0
272503.0,2.09090996,1.0
272511.0,2.09090996,1.0
272571.0,2.09090996,1.0
272624.0,2.09090996,1.0
272725.0,2.09090996,1.0
272753.0,2.09090996,1.0
272760.0,2.09090996,1.0
272818.0,2.09090996,1.0
272829.0,2.09090996,1.0
272830.0,2.09090996,1.0
272949.0,2.09090996,1.0
273048.0,2.09090996,1.0
273088.0,2.09090996,1.0
273108.0,2.09090996,2.0
273142.0,2.09090996,1.0
273145.0,2.09090996,1.0
273147.0,2.09090996,1.0
273203.0,2.09090996,1.0
273205.0,2.09090996,1.0
273213.0,2.09090996,1.0
273254.0,2.09090996,1.0
273271.0,2.09090996,1.0
273290.0,2.09090996,1.0
273340.0,2.09090996,1.0
273414.0,2.09090996,1.0
273517.0,2.09090996,1.0
273529.0,2.09090996,1.0
273588.0,2.09090996,1.0
273644.0,2.09090996,1.0
273813.0,2.09090996,1.0
273996.0,2.09090996,1.0
274001.0,2.09090996,2.0
274004.0,2.09090996,1.0
274138.0,2.09090996,2.0
274184.0,2.09090996,1.0
274253.0,2.09090996,1.0
274264.0,2.09090996,2.0
274408.0,2.09090996,1.0
274430.0,2.09090996,2.0
274508.0,2.09090996,1.0
274518.0,2.09090996,1.0
274640.0,2.09090996,1.0
274654.0,2.09090996,1.0
274823.0,2.09090996,1.0
274839.0,2.09090996,1.0
274909.0,2.09090996,1.0
274936.0,2.09090996,1.0
274966.0,2.09090996,1.0
274975.0,2.09090996,1.0
275005.0,2.09090996,2.0
275022.0,2.09090996,1.0
275043.0,2.09090996,2.0
275050.0,2.09090996,2.0
275159.0,2.09090996,1.0
275314.0,2.09090996,2.0
275328.0,2.09090996,1.0
275390.0,2.09090996,1.0
275474.0,2.09090996,1.0
275503.0,2.09090996,1.0
275534.0,2.09090996,2.0
275610.0,2.09090996,2.0
275621.0,2.09090996,2.0
275660.0,2.09090996,1.0
275698.0,2.09090996,1.0
275749.0,2.09090996,1.0
275856.0,2.09090996,1.0
275936.0,2.09090996,2.0
276046.0,2.09090996,1.0
276059.0,2.09090996,2.0
276095.0,2.09090996,2.0
276172.0,2.09090996,1.0
276180.0,2.09090996,1.0
276276.0,2.09090996,2.0
276337.0,2.09090996,1.0
276344.0,2.09090996,3.0
276388.0,2.09090996,1.0
276450.0,2.09090996,1.0
276536.0,2.09090996,1.0
276540.0,2.09090996,1.0
276590.0,2.09090996,1.0
276634.0,2.09090996,1.0
276761.0,2.09090996,1.0
276813.0,2.09090996,1.0
276860.0,2.09090996,1.0
277050.0,2.09090996,1.0
277210.0,2.09090996,2.0
277226.0,2.09090996,1.0
277300.0,2.09090996,1.0
277308.0,2.09090996,1.0
277434.0,2.09090996,2.0
277590.0,2.09090996,1.0
277616.0,2.09090996,2.0
277701.0,2.09090996,1.0
277773.0,2.09090996,1.0
277840.0,2.09090996,1.0
277859.0,2.09090996,1.0
277943.0,2.09090996,1.0
277957.0,2.09090996,1.0
277991.0,2.09090996,2.0
278041.0,2.09090996,1.0
278105.0,2.09090996,1.0
278171.0,2.09090996,1.0
278207.0,2.09090996,1.0
278230.0,2.09090996,1.0
278356.0,2.09090996,1.0
278388.0,2.09090996,1.0
278725.0,2.09090996,2.0
279015.0,2.09090996,1.0
279381.0,2.09090996,1.0
279447.0,2.09090996,1.0
279549.0,2.09090996,2.0
279681.0,2.09090996,1.0
279693.0,2.09090996,1.0
279828.0,2.09090996,1.0
279891.0,2.09090996,1.0
279917.0,2.09090996,1.0
279981.0,2.09090996,2.0
270543.0,2.09090996,1.0
274107.0,2.09090996,1.0
280005.0,2.13130999,1.0
280024.0,2.13130999,1.0
280036.0,2.13130999,1.0
280080.0,2.13130999,1.0
280136.0,2.13130999,1.0
280316.0,2.13130999,1.0
280373.0,2.13130999,1.0
280389.0,2.13130999,2.0
280515.0,2.13130999,1.0
280551.0,2.13130999,2.0
280554.0,2.13130999,1.0
280604.0,2.13130999,1.0
280620.0,2.13130999,1.0
280665.0,2.13130999,1.0
280673.0,2.13130999,1.0
280727.0,2.13130999,1.0
280841.0,2.13130999,2.0
280876.0,2.13130999,1.0
280904.0,2.13130999,1.0
280982.0,2.13130999,2.0
281000.0,2.13130999,4.0
281099.0,2.13130999,1.0
281122.0,2.13130999,1.0
281147.0,2.13130999,1.0
281563.0,2.13130999,3.0
281568.0,2.13130999,1.0
281600.0,2.13130999,2.0
281629.0,2.13130999,1.0
281687.0,2.13130999,1.0
281741.0,2.13130999,1.0
281777.0,2.13130999,4.0
281790.0,2.13130999,5.0
281811.0,2.13130999,1.0
281964.0,2.13130999,1.0
282210.0,2.13130999,3.0
282273.0,2.13130999,3.0
282303.0,2.13130999,4.0
282413.0,2.13130999,2.0
282414.0,2.13130999,1.0
282503.0,2.13130999,1.0
282557.0,2.13130999,3.0
282634.0,2.13130999,1.0
282812.0,2.13130999,1.0
282816.0,2.13130999,1.0
282825.0,2.13130999,3.0
282871.0,2.13130999,2.0
282872.0,2.13130999,1.0
282878.0,2.13130999,1.0
282949.0,2.13130999,1.0
283038.0,2.13130999,1.0
283106.0,2.13130999,1.0
283162.0,2.13130999,1.0
283220.0,2.13130999,1.0
283290.0,2.13130999,1.0
283302.0,2.13130999,1.0
283310.0,2.13130999,1.0
283392.0,2.13130999,1.0
283414.0,2.13130999,1.0
283454.0,2.13130999,4.0
283514.0,2.13130999,3.0
283517.0,2.13130999,1.0
283552.0,2.13130999,1.0
283721.0,2.13130999,1.0
283800.0,2.13130999,1.0
283818.0,2.13130999,2.0
283827.0,2.13130999,1.0
283847.0,2.13130999,1.0
283881.0,2.13130999,1.0
283996.0,2.13130999,2.0
284023.0,2.13130999,1.0
284028.0,2.13130999,2.0
284029.0,2.13130999,1.0
284138.0,2.13130999,1.0
284171.0,2.13130999,3.0
284192.0,2.13130999,1.0
284237.0,2.13130999,3.0
284258.0,2.13130999,1.0
284308.0,2.13130999,1.0
284424.0,2.13130999,1.0
284430.0,2.13130999,1.0
284433.0,2.13130999,1.0
284509.0,2.13130999,1.0
284521.0,2.13130999,1.0
284579.0,2.13130999,1.0
284642.0,2.13130999,1.0
284654.0,2.13130999,1.0
284758.0,2.13130999,1.0
284890.0,2.13130999,3.0
284936.0,2.13130999,2.0
285053.0,2.13130999,1.0
285191.0,2.13130999,1.0
285200.0,2.13130999,1.0
285239.0,2.13130999,1.0
285253.0,2.13130999,1.0
285344.0,2.13130999,2.0
285407.0,2.13130999,2.0
285437.0,2.13130999,1.0
285438.0,2.13130999,1.0
285596.0,2.13130999,1.0
285626.0,2.13130999,3.0
285639.0,2.13130999,1.0
285756.0,2.13130999,2.0
285973.0,2.13130999,1.0
286046.0,2.13130999,2.0
286059.0,2.13130999,1.0
286062.0,2.13130999,1.0
286095.0,2.13130999,1.0
286101.0,2.13130999,1.0
286125.0,2.13130999,4.0
286224.0,2.13130999,2.0
286270.0,2.13130999,1.0
286295.0,2.13130999,2.0
286326.0,2.13130999,2.0
286334.0,2.13130999,1.0
286337.0,2.13130999,5.0
286353.0,2.13130999,1.0
286446.0,2.13130999,1.0
286450.0,2.13130999,2.0
286516.0,2.13130999,1.0
286551.0,2.13130999,1.0
286592.0,2.13130999,1.0
286761.0,2.13130999,1.0
286813.0,2.13130999,1.0
286859.0,2.13130999,3.0
286860.0,2.13130999,4.0
286876.0,2.13130999,1.0
287080.0,2.13130999,1.0
287145.0,2.13130999,2.0
287187.0,2.13130999,2.0
287189.0,2.13130999,2.0
287286.0,2.13130999,4.0
287324.0,2.13130999,1.0
287415.0,2.13130999,2.0
287477.0,2.13130999,1.0
287482.0,2.13130999,1.0
287487.0,2.13130999,2.0
287558.0,2.13130999,1.0
287565.0,2.13130999,2.0
287616.0,2.13130999,1.0
287710.0,2.13130999,1.0
287721.0,2.13130999,2.0
287892.0,2.13130999,1.0
287957.0,2.13130999,1.0
287966.0,2.13130999,2.0
288025.0,2.13130999,1.0
288031.0,2.13130999,3.0
288080.0,2.13130999,1.0
288086.0,2.13130999,3.0
288123.0,2.13130999,1.0
288144.0,2.13130999,1.0
288146.0,2.13130999,4.0
288171.0,2.13130999,1.0
288228.0,2.13130999,1.0
288259.0,2.13130999,2.0
288276.0,2.13130999,2.0
288732.0,2.13130999,1.0
288795.0,2.13130999,4.0
288885.0,2.13130999,1.0
288898.0,2.13130999,1.0
288912.0,2.13130999,1.0
289169.0,2.13130999,1.0
289185.0,2.13130999,2.0
289295.0,2.13130999,3.0
289434.0,2.13130999,2.0
289447.0,2.13130999,1.0
289540.0,2.13130999,1.0
289560.0,2.13130999,1.0
289642.0,2.13130999,1.0
289684.0,2.13130999,2.0
289754.0,2.13130999,1.0
289857.0,2.13130999,2.0
289917.0,2.13130999,2.0
289919.0,2.13130999,3.0
289970.0,2.13130999,1.0
289981.0,2.13130999,1.0
280027.0,2.13130999,1.0
280032.0,2.13130999,1.0
280120.0,2.13130999,1.0
280307.0,2.13130999,1.0
280344.0,2.13130999,1.0
280346.0,2.13130999,1.0
280388.0,2.13130999,1.0
280402.0,2.13130999,1.0
280461.0,2.13130999,2.0
280474.0,2.13130999,3.0
280490.0,2.13130999,1.0
280505.0,2.13130999,1.0
280508.0,2.13130999,1.0
280525.0,2.13130999,1.0
280680.0,2.13130999,2.0
280683.0,2.13130999,1.0
280754.0,2.13130999,1.0
280800.0,2.13130999,1.0
280821.0,2.13130999,1.0
280837.0,2.13130999,3.0
280896.0,2.13130999,1.0
280913.0,2.13130999,1.0
280997.0,2.13130999,1.0
280998.0,2.13130999,1.0
281048.0,2.13130999,1.0
281078.0,2.13130999,1.0
281108.0,2.13130999,1.0
281151.0,2.13130999,1.0
281192.0,2.13130999,1.0
281282.0,2.13130999,1.0
281308.0,2.13130999,1.0
281354.0,2.13130999,1.0
281427.0,2.13130999,1.0
281436.0,2.13130999,1.0
281458.0,2.13130999,1.0
281572.0,2.13130999,1.0
281589.0,2.13130999,1.0
281679.0,2.13130999,1.0
281695.0,2.13130999,1.0
281730.0,2.13130999,1.0
281781.0,2.13130999,1.0
281816.0,2.13130999,1.0
281820.0,2.13130999,1.0
281875.0,2.13130999,1.0
281972.0,2.13130999,1.0
281997.0,2.13130999,3.0
282015.0,2.13130999,1.0
282026.0,2.13130999,1.0
282078.0,2.13130999,1.0
282087.0,2.13130999,1.0
282239.0,2.13130999,1.0
282264.0,2.13130999,1.0
282271.0,2.13130999,1.0
282299.0,2.13130999,1.0
282318.0,2.13130999,1.0
282324.0,2.13130999,1.0
282340.0,2.13130999,1.0
282352.0,2.13130999,1.0
282368.0,2.13130999,1.0
282424.0,2.13130999,1.0
282702.0,2.13130999,1.0
282766.0,2.13130999,1.0
282775.0,2.13130999,1.0
282826.0,2.13130999,1.0
282837.0,2.13130999,1.0
282875.0,2.13130999,1.0
282945.0,2.13130999,1.0
282978.0,2.13130999,1.0
283019.0,2.13130999,1.0
283055.0,2.13130999,1.0
283088.0,2.13130999,1.0
283120.0,2.13130999,1.0
283197.0,2.13130999,1.0
283271.0,2.13130999,1.0
283305.0,2.13130999,1.0
283314.0,2.13130999,1.0
283376.0,2.13130999,1.0
283459.0,2.13130999,1.0
283461.0,2.13130999,1.0
283474.0,2.13130999,1.0
283501.0,2.13130999,1.0
283588.0,2.13130999,1.0
283615.0,2.13130999,1.0
283671.0,2.13130999,1.0
283711.0,2.13130999,1.0
283777.0,2.13130999,1.0
283850.0,2.13130999,1.0
283936.0,2.13130999,2.0
283972.0,2.13130999,1.0
284004.0,2.13130999,1.0
284025.0,2.13130999,1.0
284034.0,2.13130999,1.0
284096.0,2.13130999,1.0
284135.0,2.13130999,1.0
284211.0,2.13130999,1.0
284234.0,2.13130999,1.0
284274.0,2.13130999,2.0
284294.0,2.13130999,2.0
284364.0,2.13130999,1.0
284437.0,2.13130999,1.0
284484.0,2.13130999,1.0
284499.0,2.13130999,1.0
284522.0,2.13130999,1.0
284546.0,2.13130999,1.0
284701.0,2.13130999,1.0
284822.0,2.13130999,1.0
284976.0,2.13130999,1.0
285059.0,2.13130999,2.0
285101.0,2.13130999,1.0
285122.0,2.13130999,1.0
285160.0,2.13130999,1.0
285260.0,2.13130999,1.0
285305.0,2.13130999,1.0
285318.0,2.13130999,1.0
285456.0,2.13130999,1.0
285615.0,2.13130999,1.0
285660.0,2.13130999,1.0
285767.0,2.13130999,1.0
285844.0,2.13130999,1.0
285874.0,2.13130999,1.0
285893.0,2.13130999,1.0
285895.0,2.13130999,1.0
286048.0,2.13130999,1.0
286113.0,2.13130999,1.0
286162.0,2.13130999,1.0
286172.0,2.13130999,1.0
286248.0,2.13130999,1.0
286266.0,2.13130999,1.0
286322.0,2.13130999,1.0
286347.0,2.13130999,1.0
286520.0,2.13130999,1.0
286525.0,2.13130999,1.0
286573.0,2.13130999,1.0
286648.0,2.13130999,1.0
286707.0,2.13130999,1.0
286747.0,2.13130999,1.0
286793.0,2.13130999,1.0
286834.0,2.13130999,1.0
286909.0,2.13130999,1.0
286967.0,2.13130999,1.0
286969.0,2.13130999,3.0
287197.0,2.13130999,1.0
287453.0,2.13130999,1.0
287514.0,2.13130999,1.0
287535.0,2.13130999,1.0
287701.0,2.13130999,1.0
287706.0,2.13130999,1.0
287711.0,2.13130999,1.0
287728.0,2.13130999,1.0
287817.0,2.13130999,1.0
287820.0,2.13130999,1.0
287829.0,2.13130999,1.0
287834.0,2.13130999,1.0
287879.0,2.13130999,1.0
288026.0,2.13130999,1.0
288055.0,2.13130999,1.0
288117.0,2.13130999,1.0
288188.0,2.13130999,1.0
288304.0,2.13130999,1.0
288359.0,2.13130999,1.0
288366.0,2.13130999,1.0
288513.0,2.13130999,1.0
288535.0,2.13130999,1.0
288565.0,2.13130999,1.0
288703.0,2.13130999,1.0
288777.0,2.13130999,1.0
288805.0,2.13130999,1.0
288820.0,2.13130999,1.0
288857.0,2.13130999,1.0
288869.0,2.13130999,1.0
288872.0,2.13130999,1.0
288879.0,2.13130999,1.0
288897.0,2.13130999,1.0
289050.0,2.13130999,1.0
289092.0,2.13130999,1.0
289154.0,2.13130999,1.0
289160.0,2.13130999,1.0
289220.0,2.13130999,1.0
289318.0,2.13130999,1.0
289321.0,2.13130999,1.0
289385.0,2.13130999,1.0
289387.0,2.13130999,1.0
289510.0,2.13130999,2.0
289527.0,2.13130999,1.0
289556.0,2.13130999,1.0
289566.0,2.13130999,1.0
289591.0,2.13130999,1.0
289829.0,2.13130999,1.0
289858.0,2.13130999,1.0
289891.0,2.13130999,1.0
290024.0,2.17172003,1.0
290038.0,2.17172003,1.0
290064.0,2.17172003,3.0
290081.0,2.17172003,1.0
290107.0,2.17172003,2.0
290123.0,2.17172003,2.0
290126.0,2.17172003,1.0
290291.0,2.17172003,1.0
290328.0,2.17172003,1.0
290346.0,2.17172003,1.0
290381.0,2.17172003,2.0
290425.0,2.17172003,1.0
290461.0,2.17172003,3.0
290474.0,2.17172003,1.0
290505.0,2.17172003,2.0
290551.0,2.17172003,1.0
290554.0,2.17172003,3.0
290592.0,2.17172003,4.0
290620.0,2.17172003,4.0
290653.0,2.17172003,2.0
290665.0,2.17172003,3.0
290702.0,2.17172003,1.0
290788.0,2.17172003,1.0
290795.0,2.17172003,1.0
290796.0,2.17172003,2.0
290849.0,2.17172003,1.0
290885.0,2.17172003,1.0
290914.0,2.17172003,1.0
290973.0,2.17172003,2.0
290997.0,2.17172003,3.0
291078.0,2.17172003,2.0
291118.0,2.17172003,2.0
291147.0,2.17172003,4.0
291216.0,2.17172003,1.0
291288.0,2.17172003,2.0
291316.0,2.17172003,2.0
291317.0,2.17172003,1.0
291320.0,2.17172003,1.0
291449.0,2.17172003,1.0
291486.0,2.17172003,1.0
291566.0,2.17172003,1.0
291589.0,2.17172003,1.0
291619.0,2.17172003,1.0
291679.0,2.17172003,1.0
291684.0,2.17172003,1.0
291695.0,2.17172003,3.0
291713.0,2.17172003,1.0
291715.0,2.17172003,1.0
291816.0,2.17172003,1.0
291907.0,2.17172003,1.0
291972.0,2.17172003,2.0
291976.0,2.17172003,1.0
292043.0,2.17172003,1.0
292173.0,2.17172003,3.0
292206.0,2.17172003,1.0
292210.0,2.17172003,2.0
292239.0,2.17172003,3.0
292264.0,2.17172003,2.0
292273.0,2.17172003,2.0
292303.0,2.17172003,1.0
292339.0,2.17172003,1.0
292403.0,2.17172003,1.0
292453.0,2.17172003,1.0
292483.0,2.17172003,2.0
292633.0,2.17172003,1.0
292761.0,2.17172003,1.0
292764.0,2.17172003,3.0
292777.0,2.17172003,1.0
292818.0,2.17172003,1.0
292819.0,2.17172003,1.0
292826.0,2.17172003,1.0
292837.0,2.17172003,2.0
292861.0,2.17172003,1.0
292915.0,2.17172003,3.0
292945.0,2.17172003,1.0
292949.0,2.17172003,1.0
293048.0,2.17172003,1.0
293063.0,2.17172003,1.0
293071.0,2.17172003,1.0
293120.0,2.17172003,2.0
293203.0,2.17172003,1.0
293251.0,2.17172003,3.0
293254.0,2.17172003,1.0
293314.0,2.17172003,2.0
293340.0,2.17172003,2.0
293341.0,2.17172003,1.0
293345.0,2.17172003,1.0
293457.0,2.17172003,2.0
293461.0,2.17172003,1.0
293473.0,2.17172003,1.0
293492.0,2.17172003,2.0
293523.0,2.17172003,1.0
293544.0,2.17172003,2.0
293550.0,2.17172003,4.0
293615.0,2.17172003,1.0
293619.0,2.17172003,1.0
293653.0,2.17172003,1.0
293736.0,2.17172003,2.0
293851.0,2.17172003,1.0
293853.0,2.17172003,1.0
293889.0,2.17172003,2.0
293936.0,2.17172003,3.0
293937.0,2.17172003,2.0
293941.0,2.17172003,1.0
293977.0,2.17172003,2.0
293995.0,2.17172003,1.0
294043.0,2.17172003,1.0
294054.0,2.17172003,2.0
294096.0,2.17172003,2.0
294103.0,2.17172003,4.0
294251.0,2.17172003,2.0
294262.0,2.17172003,1.0
294274.0,2.17172003,1.0
294285.0,2.17172003,3.0
294294.0,2.17172003,2.0
294344.0,2.17172003,2.0
294352.0,2.17172003,2.0
294407.0,2.17172003,3.0
294408.0,2.17172003,2.0
294521.0,2.17172003,2.0
294528.0,2.17172003,1.0
294549.0,2.17172003,2.0
294640.0,2.17172003,3.0
294654.0,2.17172003,3.0
294701.0,2.17172003,1.0
294702.0,2.17172003,2.0
294721.0,2.17172003,1.0
294839.0,2.17172003,2.0
294841.0,2.17172003,1.0
294975.0,2.17172003,3.0
295022.0,2.17172003,1.0
295059.0,2.17172003,1.0
295068.0,2.17172003,2.0
295114.0,2.17172003,1.0
295146.0,2.17172003,1.0
295306.0,2.17172003,2.0
295314.0,2.17172003,2.0
295357.0,2.17172003,2.0
295407.0,2.17172003,2.0
295419.0,2.17172003,1.0
295437.0,2.17172003,1.0
295474.0,2.17172003,1.0
295488.0,2.17172003,1.0
295521.0,2.17172003,1.0
295534.0,2.17172003,1.0
295574.0,2.17172003,1.0
295660.0,2.17172003,3.0
295893.0,2.17172003,1.0
295945.0,2.17172003,2.0
295960.0,2.17172003,1.0
296095.0,2.17172003,3.0
296101.0,2.17172003,1.0
296179.0,2.17172003,1.0
296205.0,2.17172003,1.0
296334.0,2.17172003,2.0
296353.0,2.17172003,1.0
296388.0,2.17172003,1.0
296392.0,2.17172003,1.0
296525.0,2.17172003,2.0
296540.0,2.17172003,3.0
296602.0,2.17172003,1.0
296632.0,2.17172003,2.0
296636.0,2.17172003,2.0
296654.0,2.17172003,1.0
296794.0,2.17172003,2.0
296820.0,2.17172003,2.0
296859.0,2.17172003,2.0
296860.0,2.17172003,1.0
296949.0,2.17172003,1.0
296953.0,2.17172003,2.0
297150.0,2.17172003,2.0
297197.0,2.17172003,1.0
297253.0,2.17172003,3.0
297264.0,2.17172003,1.0
297324.0,2.17172003,2.0
297471.0,2.17172003,2.0
297487.0,2.17172003,2.0
297563.0,2.17172003,1.0
297622.0,2.17172003,2.0
297694.0,2.17172003,3.0
297699.0,2.17172003,2.0
297761.0,2.17172003,1.0
297773.0,2.17172003,1.0
297834.0,2.17172003,2.0
297847.0,2.17172003,1.0
297881.0,2.17172003,1.0
297990.0,2.17172003,2.0
298055.0,2.17172003,1.0
298062.0,2.17172003,2.0
298163.0,2.17172003,2.0
298188.0,2.17172003,6.0
298264.0,2.17172003,2.0
298352.0,2.17172003,5.0
298388.0,2.17172003,1.0
298430.0,2.17172003,1.0
298513.0,2.17172003,1.0
298546.0,2.17172003,1.0
298565.0,2.17172003,2.0
298570.0,2.17172003,2.0
298621.0,2.17172003,2.0
298636.0,2.17172003,1.0
298725.0,2.17172003,1.0
298796.0,2.17172003,1.0
298857.0,2.17172003,2.0
299017.0,2.17172003,1.0
299043.0,2.17172003,1.0
299108.0,2.17172003,1.0
299151.0,2.17172003,1.0
299250.0,2.17172003,1.0
299320.0,2.17172003,2.0
299358.0,2.17172003,1.0
299363.0,2.17172003,1.0
299385.0,2.17172003,1.0
299566.0,2.17172003,1.0
299659.0,2.17172003,1.0
299747.0,2.17172003,2.0
299806.0,2.17172003,2.0
299858.0,2.17172003,1.0
299919.0,2.17172003,2.0
299944.0,2.17172003,1.0
290027.0,2.17172003,1.0
290884.0,2.17172003,1.0
292871.0,2.17172003,2.0
293809.0,2.17172003,1.0
296166.0,2.17172003,1.0
296432.0,2.17172003,1.0
297482.0,2.17172003,1.0
298050.0,2.17172003,1.0
298788.0,2.17172003,1.0
299723.0,2.17172003,1.0
291585.0,2.17172003,1.0
294237.0,2.17172003,1.0
295549.0,2.17172003,1.0
298678.0,2.17172003,1.0
300024.0,2.21212006,1.0
300036.0,2.21212006,2.0
300040.0,2.21212006,1.0
300062.0,2.21212006,1.0
300085.0,2.21212006,2.0
300109.0,2.21212006,1.0
300199.0,2.21212006,2.0
300238.0,2.21212006,1.0
300278.0,2.21212006,1.0
300316.0,2.21212006,1.0
300366.0,2.21212006,1.0
300367.0,2.21212006,1.0
300389.0,2.21212006,2.0
300438.0,2.21212006,1.0
300515.0,2.21212006,1.0
300585.0,2.21212006,1.0
300642.0,2.21212006,2.0
300665.0,2.21212006,2.0
300681.0,2.21212006,2.0
300702.0,2.21212006,1.0
300725.0,2.21212006,1.0
300737.0,2.21212006,1.0
300754.0,2.21212006,2.0
300756.0,2.21212006,1.0
300788.0,2.21212006,1.0
300841.0,2.21212006,2.0
300866.0,2.21212006,1.0
300870.0,2.21212006,2.0
300876.0,2.21212006,1.0
300884.0,2.21212006,2.0
300889.0,2.21212006,1.0
300976.0,2.21212006,2.0
300982.0,2.21212006,1.0
300997.0,2.21212006,1.0
301000.0,2.21212006,2.0
301046.0,2.21212006,1.0
301078.0,2.21212006,1.0
301099.0,2.21212006,2.0
301103.0,2.21212006,1.0
301108.0,2.21212006,2.0
301118.0,2.21212006,1.0
301179.0,2.21212006,1.0
301200.0,2.21212006,2.0
301202.0,2.21212006,2.0
301206.0,2.21212006,1.0
301212.0,2.21212006,1.0
301266.0,2.21212006,2.0
301341.0,2.21212006,1.0
301486.0,2.21212006,2.0
301494.0,2.21212006,1.0
301512.0,2.21212006,1.0
301563.0,2.21212006,2.0
301568.0,2.21212006,1.0
301585.0,2.21212006,3.0
301720.0,2.21212006,1.0
301730.0,2.21212006,1.0
301741.0,2.21212006,1.0
301777.0,2.21212006,1.0
301824.0,2.21212006,1.0
301906.0,2.21212006,1.0
301921.0,2.21212006,2.0
301964.0,2.21212006,1.0
302047.0,2.21212006,3.0
302075.0,2.21212006,1.0
302094.0,2.21212006,1.0
302150.0,2.21212006,2.0
302173.0,2.21212006,1.0
302192.0,2.21212006,1.0
302216.0,2.21212006,1.0
302303.0,2.21212006,1.0
302318.0,2.21212006,2.0
302331.0,2.21212006,1.0
302368.0,2.21212006,1.0
302372.0,2.21212006,1.0
302376.0,2.21212006,1.0
302389.0,2.21212006,2.0
302401.0,2.21212006,1.0
302414.0,2.21212006,1.0
302434.0,2.21212006,1.0
302503.0,2.21212006,1.0
302557.0,2.21212006,2.0
302561.0,2.21212006,1.0
302634.0,2.21212006,2.0
302753.0,2.21212006,1.0
302820.0,2.21212006,1.0
302830.0,2.21212006,1.0
302837.0,2.21212006,2.0
302871.0,2.21212006,1.0
302872.0,2.21212006,1.0
302894.0,2.21212006,2.0
302949.0,2.21212006,1.0
303019.0,2.21212006,1.0
303048.0,2.21212006,1.0
303081.0,2.21212006,1.0
303088.0,2.21212006,1.0
303093.0,2.21212006,1.0
303108.0,2.21212006,1.0
303213.0,2.21212006,2.0
303251.0,2.21212006,2.0
303300.0,2.21212006,1.0
303310.0,2.21212006,1.0
303340.0,2.21212006,1.0
303376.0,2.21212006,1.0
303454.0,2.21212006,2.0
303512.0,2.21212006,2.0
303514.0,2.21212006,1.0
303517.0,2.21212006,2.0
303529.0,2.21212006,2.0
303550.0,2.21212006,2.0
303566.0,2.21212006,1.0
303568.0,2.21212006,2.0
303653.0,2.21212006,1.0
303655.0,2.21212006,1.0
303660.0,2.21212006,1.0
303672.0,2.21212006,1.0
303682.0,2.21212006,1.0
303711.0,2.21212006,1.0
303809.0,2.21212006,1.0
303827.0,2.21212006,1.0
303847.0,2.21212006,1.0
303857.0,2.21212006,1.0
303889.0,2.21212006,1.0
303972.0,2.21212006,1.0
303977.0,2.21212006,1.0
303984.0,2.21212006,1.0
303985.0,2.21212006,1.0
303996.0,2.21212006,1.0
304001.0,2.21212006,2.0
304023.0,2.21212006,1.0
304028.0,2.21212006,1.0
304103.0,2.21212006,1.0
304130.0,2.21212006,1.0
304135.0,2.21212006,2.0
304138.0,2.21212006,1.0
304165.0,2.21212006,2.0
304171.0,2.21212006,3.0
304173.0,2.21212006,1.0
304184.0,2.21212006,1.0
304192.0,2.21212006,1.0
304203.0,2.21212006,1.0
304232.0,2.21212006,1.0
304253.0,2.21212006,1.0
304258.0,2.21212006,1.0
304262.0,2.21212006,2.0
304264.0,2.21212006,2.0
304308.0,2.21212006,2.0
304337.0,2.21212006,1.0
304343.0,2.21212006,1.0
304345.0,2.21212006,1.0
304348.0,2.21212006,1.0
304426.0,2.21212006,1.0
304455.0,2.21212006,1.0
304508.0,2.21212006,1.0
304590.0,2.21212006,1.0
304614.0,2.21212006,2.0
304615.0,2.21212006,2.0
304654.0,2.21212006,2.0
304704.0,2.21212006,1.0
304739.0,2.21212006,1.0
304784.0,2.21212006,1.0
304802.0,2.21212006,1.0
304866.0,2.21212006,3.0
304890.0,2.21212006,2.0
304904.0,2.21212006,1.0
304909.0,2.21212006,3.0
304917.0,2.21212006,3.0
304928.0,2.21212006,1.0
305043.0,2.21212006,1.0
305050.0,2.21212006,1.0
305051.0,2.21212006,2.0
305069.0,2.21212006,1.0
305074.0,2.21212006,1.0
305105.0,2.21212006,1.0
305159.0,2.21212006,2.0
305160.0,2.21212006,1.0
305191.0,2.21212006,2.0
305200.0,2.21212006,1.0
305204.0,2.21212006,1.0
305235.0,2.21212006,1.0
305278.0,2.21212006,1.0
305328.0,2.21212006,1.0
305419.0,2.21212006,1.0
305446.0,2.21212006,2.0
305451.0,2.21212006,2.0
305474.0,2.21212006,2.0
305503.0,2.21212006,1.0
305542.0,2.21212006,1.0
305549.0,2.21212006,2.0
305555.0,2.21212006,2.0
305596.0,2.21212006,2.0
305608.0,2.21212006,1.0
305610.0,2.21212006,1.0
305621.0,2.21212006,1.0
305626.0,2.21212006,1.0
305636.0,2.21212006,1.0
305639.0,2.21212006,1.0
305756.0,2.21212006,2.0
305773.0,2.21212006,2.0
305803.0,2.21212006,2.0
305814.0,2.21212006,1.0
305815.0,2.21212006,1.0
305886.0,2.21212006,1.0
305895.0,2.21212006,1.0
305936.0,2.21212006,1.0
305945.0,2.21212006,2.0
305950.0,2.21212006,2.0
305973.0,2.21212006,1.0
305989.0,2.21212006,2.0
306009.0,2.21212006,2.0
306059.0,2.21212006,1.0
306062.0,2.21212006,2.0
306095.0,2.21212006,2.0
306101.0,2.21212006,1.0
306322.0,2.21212006,1.0
306334.0,2.21212006,1.0
306337.0,2.21212006,1.0
306344.0,2.21212006,2.0
306353.0,2.21212006,1.0
306388.0,2.21212006,1.0
306483.0,2.21212006,2.0
306506.0,2.21212006,1.0
306517.0,2.21212006,1.0
306520.0,2.21212006,1.0
306540.0,2.21212006,2.0
306556.0,2.21212006,1.0
306587.0,2.21212006,1.0
306748.0,2.21212006,1.0
306767.0,2.21212006,1.0
306813.0,2.21212006,1.0
306913.0,2.21212006,1.0
306986.0,2.21212006,1.0
307050.0,2.21212006,1.0
307080.0,2.21212006,1.0
307089.0,2.21212006,2.0
307148.0,2.21212006,1.0
307170.0,2.21212006,1.0
307226.0,2.21212006,1.0
307255.0,2.21212006,1.0
307268.0,2.21212006,1.0
307273.0,2.21212006,2.0
307309.0,2.21212006,1.0
307322.0,2.21212006,2.0
307348.0,2.21212006,1.0
307349.0,2.21212006,1.0
307357.0,2.21212006,1.0
307366.0,2.21212006,1.0
307426.0,2.21212006,1.0
307471.0,2.21212006,2.0
307482.0,2.21212006,1.0
307487.0,2.21212006,1.0
307520.0,2.21212006,2.0
307535.0,2.21212006,1.0
307558.0,2.21212006,1.0
307590.0,2.21212006,1.0
307616.0,2.21212006,2.0
307636.0,2.21212006,1.0
307699.0,2.21212006,2.0
307701.0,2.21212006,1.0
307706.0,2.21212006,2.0
307710.0,2.21212006,1.0
307711.0,2.21212006,2.0
307721.0,2.21212006,2.0
307752.0,2.21212006,2.0
307761.0,2.21212006,1.0
307773.0,2.21212006,1.0
307819.0,2.21212006,1.0
307829.0,2.21212006,2.0
307852.0,2.21212006,1.0
307877.0,2.21212006,2.0
307903.0,2.21212006,1.0
307943.0,2.21212006,1.0
307948.0,2.21212006,1.0
307991.0,2.21212006,2.0
308025.0,2.21212006,1.0
308041.0,2.21212006,1.0
308050.0,2.21212006,1.0
308123.0,2.21212006,1.0
308228.0,2.21212006,1.0
308247.0,2.21212006,1.0
308259.0,2.21212006,2.0
308276.0,2.21212006,2.0
308307.0,2.21212006,1.0
308388.0,2.21212006,1.0
308453.0,2.21212006,2.0
308469.0,2.21212006,2.0
308499.0,2.21212006,1.0
308535.0,2.21212006,1.0
308540.0,2.21212006,1.0
308691.0,2.21212006,2.0
308788.0,2.21212006,2.0
308814.0,2.21212006,3.0
308885.0,2.21212006,1.0
308912.0,2.21212006,1.0
308936.0,2.21212006,1.0
308994.0,2.21212006,1.0
309015.0,2.21212006,1.0
309017.0,2.21212006,1.0
309082.0,2.21212006,1.0
309130.0,2.21212006,1.0
309151.0,2.21212006,2.0
309185.0,2.21212006,2.0
309206.0,2.21212006,2.0
309218.0,2.21212006,1.0
309241.0,2.21212006,1.0
309270.0,2.21212006,1.0
309320.0,2.21212006,1.0
309338.0,2.21212006,1.0
309353.0,2.21212006,1.0
309371.0,2.21212006,1.0
309381.0,2.21212006,1.0
309406.0,2.21212006,1.0
309408.0,2.21212006,2.0
309434.0,2.21212006,2.0
309585.0,2.21212006,1.0
309622.0,2.21212006,1.0
309684.0,2.21212006,1.0
309693.0,2.21212006,1.0
309730.0,2.21212006,1.0
309747.0,2.21212006,2.0
309754.0,2.21212006,1.0
309828.0,2.21212006,1.0
309891.0,2.21212006,1.0
309919.0,2.21212006,1.0
309937.0,2.21212006,1.0
309944.0,2.21212006,1.0
309981.0,2.21212006,2.0
300388.0,2.21212006,1.0
300474.0,2.21212006,2.0
302339.0,2.21212006,1.0
302633.0,2.21212006,1.0
302819.0,2.21212006,1.0
302886.0,2.21212006,1.0
304294.0,2.21212006,1.0
306241.0,2.21212006,2.0
307817.0,2.21212006,1.0
308718.0,2.21212006,1.0
302358.0,2.21212006,1.0
304549.0,2.21212006,1.0
306248.0,2.21212006,1.0
306747.0,2.21212006,1.0
309591.0,2.21212006,1.0
309917.0,2.21212006,1.0
310024.0,2.2525301,1.0
310027.0,2.2525301,1.0
310032.0,2.2525301,1.0
310036.0,2.2525301,1.0
310040.0,2.2525301,1.0
310064.0,2.2525301,1.0
310106.0,2.2525301,2.0
310123.0,2.2525301,1.0
310210.0,2.2525301,1.0
310244.0,2.2525301,1.0
310250.0,2.2525301,1.0
310383.0,2.2525301,1.0
310388.0,2.2525301,2.0
310505.0,2.2525301,2.0
310554.0,2.2525301,1.0
310620.0,2.2525301,1.0
310665.0,2.2525301,1.0
310680.0,2.2525301,2.0
310681.0,2.2525301,1.0
310683.0,2.2525301,2.0
310687.0,2.2525301,1.0
310690.0,2.2525301,1.0
310737.0,2.2525301,1.0
310788.0,2.2525301,1.0
310841.0,2.2525301,1.0
310846.0,2.2525301,1.0
310870.0,2.2525301,2.0
310973.0,2.2525301,3.0
310982.0,2.2525301,1.0
310997.0,2.2525301,1.0
311008.0,2.2525301,1.0
311041.0,2.2525301,1.0
311046.0,2.2525301,1.0
311048.0,2.2525301,1.0
311078.0,2.2525301,3.0
311099.0,2.2525301,3.0
311124.0,2.2525301,1.0
311147.0,2.2525301,2.0
311156.0,2.2525301,1.0
311158.0,2.2525301,1.0
311179.0,2.2525301,2.0
311200.0,2.2525301,1.0
311202.0,2.2525301,1.0
311203.0,2.2525301,1.0
311256.0,2.2525301,2.0
311266.0,2.2525301,1.0
311282.0,2.2525301,1.0
311316.0,2.2525301,1.0
311396.0,2.2525301,1.0
311454.0,2.2525301,1.0
311537.0,2.2525301,2.0
311563.0,2.2525301,1.0
311576.0,2.2525301,1.0
311580.0,2.2525301,2.0
311585.0,2.2525301,1.0
311603.0,2.2525301,1.0
311730.0,2.2525301,1.0
311824.0,2.2525301,1.0
311921.0,2.2525301,1.0
311938.0,2.2525301,1.0
311964.0,2.2525301,1.0
312026.0,2.2525301,1.0
312047.0,2.2525301,1.0
312078.0,2.2525301,1.0
312087.0,2.2525301,1.0
312150.0,2.2525301,1.0
312177.0,2.2525301,1.0
312210.0,2.2525301,2.0
312216.0,2.2525301,1.0
312239.0,2.2525301,1.0
312264.0,2.2525301,1.0
312273.0,2.2525301,1.0
312303.0,2.2525301,1.0
312339.0,2.2525301,1.0
312340.0,2.2525301,2.0
312354.0,2.2525301,1.0
312358.0,2.2525301,1.0
312368.0,2.2525301,2.0
312389.0,2.2525301,1.0
312397.0,2.2525301,2.0
312404.0,2.2525301,2.0
312413.0,2.2525301,1.0
312424.0,2.2525301,2.0
312438.0,2.2525301,1.0
312557.0,2.2525301,2.0
312568.0,2.2525301,1.0
312571.0,2.2525301,1.0
312716.0,2.2525301,1.0
312725.0,2.2525301,1.0
312764.0,2.2525301,1.0
312766.0,2.2525301,1.0
312775.0,2.2525301,1.0
312818.0,2.2525301,1.0
312825.0,2.2525301,1.0
312886.0,2.2525301,2.0
312892.0,2.2525301,1.0
312894.0,2.2525301,1.0
312915.0,2.2525301,1.0
312949.0,2.2525301,1.0
312978.0,2.2525301,1.0
313019.0,2.2525301,1.0
313048.0,2.2525301,1.0
313063.0,2.2525301,1.0
313071.0,2.2525301,1.0
313093.0,2.2525301,1.0
313120.0,2.2525301,1.0
313205.0,2.2525301,1.0
313213.0,2.2525301,1.0
313218.0,2.2525301,1.0
313251.0,2.2525301,1.0
313254.0,2.2525301,1.0
313290.0,2.2525301,1.0
313341.0,2.2525301,1.0
313376.0,2.2525301,1.0
313454.0,2.2525301,1.0
313474.0,2.2525301,1.0
313492.0,2.2525301,1.0
313493.0,2.2525301,1.0
313495.0,2.2525301,1.0
313517.0,2.2525301,2.0
313529.0,2.2525301,1.0
313568.0,2.2525301,2.0
313653.0,2.2525301,1.0
313671.0,2.2525301,2.0
313682.0,2.2525301,1.0
313711.0,2.2525301,1.0
313717.0,2.2525301,1.0
313745.0,2.2525301,1.0
313771.0,2.2525301,1.0
313775.0,2.2525301,1.0
313809.0,2.2525301,1.0
313813.0,2.2525301,1.0
313818.0,2.2525301,1.0
313857.0,2.2525301,1.0
313936.0,2.2525301,1.0
313984.0,2.2525301,3.0
313996.0,2.2525301,1.0
314025.0,2.2525301,1.0
314028.0,2.2525301,1.0
314034.0,2.2525301,1.0
314043.0,2.2525301,1.0
314059.0,2.2525301,2.0
314096.0,2.2525301,1.0
314103.0,2.2525301,1.0
314135.0,2.2525301,1.0
314171.0,2.2525301,2.0
314184.0,2.2525301,1.0
314192.0,2.2525301,1.0
314253.0,2.2525301,1.0
314262.0,2.2525301,1.0
314264.0,2.2525301,1.0
314274.0,2.2525301,1.0
314281.0,2.2525301,2.0
314285.0,2.2525301,1.0
314294.0,2.2525301,2.0
314308.0,2.2525301,1.0
314343.0,2.2525301,1.0
314344.0,2.2525301,1.0
314364.0,2.2525301,1.0
314407.0,2.2525301,1.0
314431.0,2.2525301,1.0
314432.0,2.2525301,1.0
314518.0,2.2525301,1.0
314616.0,2.2525301,2.0
314780.0,2.2525301,1.0
314802.0,2.2525301,3.0
314866.0,2.2525301,2.0
314890.0,2.2525301,3.0
314909.0,2.2525301,1.0
314928.0,2.2525301,1.0
314975.0,2.2525301,3.0
314990.0,2.2525301,1.0
315043.0,2.2525301,1.0
315051.0,2.2525301,1.0
315074.0,2.2525301,1.0
315146.0,2.2525301,1.0
315159.0,2.2525301,1.0
315160.0,2.2525301,2.0
315191.0,2.2525301,1.0
315278.0,2.2525301,1.0
315318.0,2.2525301,1.0
315344.0,2.2525301,1.0
315354.0,2.2525301,2.0
315357.0,2.2525301,1.0
315390.0,2.2525301,1.0
315401.0,2.2525301,1.0
315429.0,2.2525301,1.0
315437.0,2.2525301,1.0
315488.0,2.2525301,3.0
315540.0,2.2525301,2.0
315615.0,2.2525301,1.0
315626.0,2.2525301,1.0
315652.0,2.2525301,1.0
315660.0,2.2525301,1.0
315728.0,2.2525301,1.0
315756.0,2.2525301,1.0
315805.0,2.2525301,1.0
315818.0,2.2525301,1.0
315844.0,2.2525301,2.0
315893.0,2.2525301,2.0
315936.0,2.2525301,1.0
315950.0,2.2525301,1.0
315969.0,2.2525301,1.0
316046.0,2.2525301,1.0
316062.0,2.2525301,1.0
316095.0,2.2525301,1.0
316101.0,2.2525301,1.0
316113.0,2.2525301,1.0
316125.0,2.2525301,1.0
316224.0,2.2525301,1.0
316266.0,2.2525301,1.0
316270.0,2.2525301,1.0
316326.0,2.2525301,1.0
316337.0,2.2525301,1.0
316347.0,2.2525301,2.0
316450.0,2.2525301,1.0
316483.0,2.2525301,1.0
316520.0,2.2525301,1.0
316602.0,2.2525301,2.0
316634.0,2.2525301,1.0
316790.0,2.2525301,1.0
316814.0,2.2525301,2.0
316820.0,2.2525301,1.0
316840.0,2.2525301,1.0
316859.0,2.2525301,1.0
316860.0,2.2525301,1.0
316986.0,2.2525301,1.0
317050.0,2.2525301,1.0
317145.0,2.2525301,1.0
317187.0,2.2525301,2.0
317298.0,2.2525301,3.0
317300.0,2.2525301,2.0
317341.0,2.2525301,1.0
317366.0,2.2525301,1.0
317406.0,2.2525301,1.0
317453.0,2.2525301,1.0
317471.0,2.2525301,1.0
317487.0,2.2525301,1.0
317520.0,2.2525301,1.0
317525.0,2.2525301,1.0
317612.0,2.2525301,1.0
317706.0,2.2525301,1.0
317711.0,2.2525301,1.0
317714.0,2.2525301,1.0
317721.0,2.2525301,1.0
317761.0,2.2525301,1.0
317778.0,2.2525301,1.0
317817.0,2.2525301,2.0
317829.0,2.2525301,1.0
317834.0,2.2525301,1.0
317859.0,2.2525301,1.0
317879.0,2.2525301,1.0
317941.0,2.2525301,1.0
317943.0,2.2525301,1.0
317991.0,2.2525301,1.0
318026.0,2.2525301,2.0
318031.0,2.2525301,2.0
318041.0,2.2525301,1.0
318055.0,2.2525301,1.0
318080.0,2.2525301,2.0
318086.0,2.2525301,1.0
318088.0,2.2525301,1.0
318113.0,2.2525301,1.0
318205.0,2.2525301,1.0
318207.0,2.2525301,1.0
318233.0,2.2525301,1.0
318259.0,2.2525301,1.0
318276.0,2.2525301,1.0
318304.0,2.2525301,1.0
318305.0,2.2525301,1.0
318307.0,2.2525301,3.0
318352.0,2.2525301,1.0
318356.0,2.2525301,1.0
318469.0,2.2525301,3.0
318513.0,2.2525301,2.0
318570.0,2.2525301,1.0
318678.0,2.2525301,1.0
318703.0,2.2525301,2.0
318725.0,2.2525301,1.0
318732.0,2.2525301,2.0
318752.0,2.2525301,1.0
318769.0,2.2525301,2.0
318796.0,2.2525301,1.0
318805.0,2.2525301,1.0
318814.0,2.2525301,1.0
318820.0,2.2525301,1.0
318841.0,2.2525301,1.0
318869.0,2.2525301,2.0
318897.0,2.2525301,1.0
318936.0,2.2525301,1.0
318986.0,2.2525301,2.0
319015.0,2.2525301,1.0
319054.0,2.2525301,2.0
319059.0,2.2525301,2.0
319270.0,2.2525301,2.0
319295.0,2.2525301,2.0
319298.0,2.2525301,1.0
319434.0,2.2525301,1.0
319549.0,2.2525301,1.0
319622.0,2.2525301,1.0
319626.0,2.2525301,1.0
319661.0,2.2525301,2.0
319682.0,2.2525301,1.0
319684.0,2.2525301,1.0
319723.0,2.2525301,1.0
319754.0,2.2525301,1.0
319828.0,2.2525301,1.0
319829.0,2.2525301,1.0
319841.0,2.2525301,1.0
319891.0,2.2525301,1.0
319919.0,2.2525301,1.0
319929.0,2.2525301,1.0
319981.0,2.2525301,1.0
310543.0,2.2525301,1.0
311289.0,2.2525301,1.0
313566.0,2.2525301,1.0
314138.0,2.2525301,1.0
315438.0,2.2525301,1.0
315866.0,2.2525301,1.0
317558.0,2.2525301,1.0
318333.0,2.2525301,1.0
318993.0,2.2525301,1.0
311403.0,2.2525301,1.0
315672.0,2.2525301,1.0
320024.0,2.29292989,1.0
320040.0,2.29292989,1.0
320081.0,2.29292989,1.0
320109.0,2.29292989,1.0
320136.0,2.29292989,1.0
320209.0,2.29292989,1.0
320328.0,2.29292989,1.0
320381.0,2.29292989,1.0
320452.0,2.29292989,1.0
320551.0,2.29292989,1.0
320554.0,2.29292989,3.0
320585.0,2.29292989,1.0
320592.0,2.29292989,3.0
320628.0,2.29292989,1.0
320665.0,2.29292989,3.0
320681.0,2.29292989,3.0
320718.0,2.29292989,1.0
320725.0,2.29292989,1.0
320790.0,2.29292989,1.0
320884.0,2.29292989,3.0
320889.0,2.29292989,1.0
320982.0,2.29292989,1.0
320999.0,2.29292989,1.0
321000.0,2.29292989,4.0
321078.0,2.29292989,1.0
321099.0,2.29292989,1.0
321108.0,2.29292989,5.0
321124.0,2.29292989,1.0
321288.0,2.29292989,1.0
321396.0,2.29292989,1.0
321458.0,2.29292989,1.0
321512.0,2.29292989,3.0
321603.0,2.29292989,3.0
321684.0,2.29292989,1.0
321695.0,2.29292989,1.0
321906.0,2.29292989,1.0
321938.0,2.29292989,4.0
321964.0,2.29292989,1.0
321972.0,2.29292989,1.0
322026.0,2.29292989,2.0
322043.0,2.29292989,1.0
322340.0,2.29292989,2.0
322358.0,2.29292989,1.0
322368.0,2.29292989,2.0
322376.0,2.29292989,3.0
322397.0,2.29292989,1.0
322403.0,2.29292989,1.0
322571.0,2.29292989,1.0
322725.0,2.29292989,3.0
322829.0,2.29292989,1.0
322830.0,2.29292989,1.0
322872.0,2.29292989,1.0
322892.0,2.29292989,3.0
323019.0,2.29292989,1.0
323027.0,2.29292989,2.0
323088.0,2.29292989,5.0
323145.0,2.29292989,1.0
323162.0,2.29292989,1.0
323246.0,2.29292989,2.0
323300.0,2.29292989,3.0
323302.0,2.29292989,1.0
323341.0,2.29292989,2.0
323363.0,2.29292989,1.0
323411.0,2.29292989,2.0
323457.0,2.29292989,1.0
323461.0,2.29292989,2.0
323517.0,2.29292989,3.0
323530.0,2.29292989,3.0
323544.0,2.29292989,2.0
323552.0,2.29292989,1.0
323644.0,2.29292989,3.0
323660.0,2.29292989,3.0
323984.0,2.29292989,4.0
324001.0,2.29292989,1.0
324004.0,2.29292989,4.0
324025.0,2.29292989,2.0
324028.0,2.29292989,3.0
324034.0,2.29292989,2.0
324038.0,2.29292989,1.0
324046.0,2.29292989,1.0
324059.0,2.29292989,2.0
324184.0,2.29292989,1.0
324211.0,2.29292989,1.0
324237.0,2.29292989,5.0
324251.0,2.29292989,3.0
324285.0,2.29292989,1.0
324343.0,2.29292989,1.0
324345.0,2.29292989,1.0
324407.0,2.29292989,1.0
324426.0,2.29292989,1.0
324433.0,2.29292989,1.0
324508.0,2.29292989,1.0
324518.0,2.29292989,3.0
324640.0,2.29292989,1.0
324654.0,2.29292989,1.0
324721.0,2.29292989,2.0
324802.0,2.29292989,1.0
324823.0,2.29292989,1.0
324839.0,2.29292989,1.0
324866.0,2.29292989,2.0
324917.0,2.29292989,1.0
324990.0,2.29292989,1.0
325005.0,2.29292989,1.0
325068.0,2.29292989,1.0
325278.0,2.29292989,1.0
325401.0,2.29292989,6.0
325407.0,2.29292989,5.0
325474.0,2.29292989,2.0
325488.0,2.29292989,1.0
325521.0,2.29292989,1.0
325534.0,2.29292989,1.0
325574.0,2.29292989,1.0
325615.0,2.29292989,1.0
325749.0,2.29292989,1.0
325803.0,2.29292989,5.0
325805.0,2.29292989,1.0
325874.0,2.29292989,1.0
325989.0,2.29292989,1.0
326009.0,2.29292989,1.0
326046.0,2.29292989,2.0
326057.0,2.29292989,1.0
326095.0,2.29292989,2.0
326227.0,2.29292989,2.0
326322.0,2.29292989,4.0
326337.0,2.29292989,1.0
326450.0,2.29292989,1.0
326520.0,2.29292989,2.0
326525.0,2.29292989,1.0
326540.0,2.29292989,5.0
326587.0,2.29292989,1.0
326761.0,2.29292989,1.0
326790.0,2.29292989,1.0
326820.0,2.29292989,1.0
326840.0,2.29292989,6.0
326860.0,2.29292989,4.0
326969.0,2.29292989,2.0
326986.0,2.29292989,5.0
327177.0,2.29292989,2.0
327298.0,2.29292989,1.0
327324.0,2.29292989,1.0
327356.0,2.29292989,1.0
327366.0,2.29292989,1.0
327369.0,2.29292989,1.0
327469.0,2.29292989,1.0
327520.0,2.29292989,3.0
327622.0,2.29292989,1.0
327706.0,2.29292989,1.0
327728.0,2.29292989,2.0
327819.0,2.29292989,2.0
327820.0,2.29292989,1.0
327881.0,2.29292989,1.0
327957.0,2.29292989,1.0
327966.0,2.29292989,1.0
328031.0,2.29292989,1.0
328062.0,2.29292989,1.0
328144.0,2.29292989,1.0
328188.0,2.29292989,3.0
328207.0,2.29292989,1.0
328307.0,2.29292989,6.0
328473.0,2.29292989,2.0
328565.0,2.29292989,1.0
328718.0,2.29292989,1.0
328769.0,2.29292989,3.0
328795.0,2.29292989,3.0
328796.0,2.29292989,6.0
328820.0,2.29292989,1.0
328857.0,2.29292989,1.0
328930.0,2.29292989,1.0
329017.0,2.29292989,1.0
329220.0,2.29292989,1.0
329270.0,2.29292989,1.0
329363.0,2.29292989,1.0
329515.0,2.29292989,1.0
329527.0,2.29292989,1.0
329642.0,2.29292989,1.0
329684.0,2.29292989,1.0
329891.0,2.29292989,3.0
329917.0,2.29292989,1.0
329919.0,2.29292989,3.0
320027.0,2.29292989,1.0
320207.0,2.29292989,1.0
320334.0,2.29292989,1.0
320634.0,2.29292989,1.0
320683.0,2.29292989,1.0
320730.0,2.29292989,1.0
320870.0,2.29292989,1.0
321203.0,2.29292989,1.0
321256.0,2.29292989,1.0
321908.0,2.29292989,1.0
322177.0,2.29292989,2.0
322894.0,2.29292989,1.0
323089.0,2.29292989,1.0
323426.0,2.29292989,1.0
323459.0,2.29292989,1.0
323655.0,2.29292989,1.0
323881.0,2.29292989,1.0
324455.0,2.29292989,2.0
324811.0,2.29292989,1.0
324976.0,2.29292989,1.0
324977.0,2.29292989,1.0
325451.0,2.29292989,1.0
325642.0,2.29292989,1.0
326539.0,2.29292989,1.0
326573.0,2.29292989,1.0
326707.0,2.29292989,1.0
327148.0,2.29292989,1.0
327364.0,2.29292989,1.0
327466.0,2.29292989,1.0
327558.0,2.29292989,1.0
327624.0,2.29292989,1.0
327626.0,2.29292989,1.0
328050.0,2.29292989,1.0
328304.0,2.29292989,1.0
328679.0,2.29292989,1.0
328805.0,2.29292989,1.0
328912.0,2.29292989,1.0
329408.0,2.29292989,1.0
329826.0,2.29292989,1.0
330024.0,2.33332992,2.0
330032.0,2.33332992,1.0
330040.0,2.33332992,2.0
330070.0,2.33332992,1.0
330081.0,2.33332992,2.0
330106.0,2.33332992,1.0
330107.0,2.33332992,1.0
330126.0,2.33332992,1.0
330209.0,2.33332992,1.0
330210.0,2.33332992,2.0
330328.0,2.33332992,1.0
330334.0,2.33332992,1.0
330383.0,2.33332992,1.0
330402.0,2.33332992,2.0
330425.0,2.33332992,1.0
330461.0,2.33332992,1.0
330474.0,2.33332992,1.0
330505.0,2.33332992,1.0
330508.0,2.33332992,3.0
330531.0,2.33332992,1.0
330551.0,2.33332992,3.0
330554.0,2.33332992,2.0
330592.0,2.33332992,1.0
330620.0,2.33332992,2.0
330628.0,2.33332992,1.0
330653.0,2.33332992,1.0
330665.0,2.33332992,2.0
330680.0,2.33332992,2.0
330687.0,2.33332992,1.0
330718.0,2.33332992,1.0
330725.0,2.33332992,3.0
330737.0,2.33332992,2.0
330754.0,2.33332992,1.0
330796.0,2.33332992,1.0
330836.0,2.33332992,1.0
330837.0,2.33332992,1.0
330846.0,2.33332992,1.0
330870.0,2.33332992,1.0
330876.0,2.33332992,2.0
330913.0,2.33332992,1.0
330973.0,2.33332992,1.0
330982.0,2.33332992,1.0
330997.0,2.33332992,4.0
330998.0,2.33332992,1.0
331000.0,2.33332992,1.0
331008.0,2.33332992,1.0
331019.0,2.33332992,1.0
331048.0,2.33332992,1.0
331051.0,2.33332992,1.0
331078.0,2.33332992,1.0
331099.0,2.33332992,2.0
331108.0,2.33332992,2.0
331124.0,2.33332992,1.0
331138.0,2.33332992,1.0
331139.0,2.33332992,1.0
331151.0,2.33332992,1.0
331156.0,2.33332992,1.0
331179.0,2.33332992,2.0
331200.0,2.33332992,1.0
331212.0,2.33332992,1.0
331256.0,2.33332992,1.0
331282.0,2.33332992,1.0
331308.0,2.33332992,1.0
331316.0,2.33332992,1.0
331350.0,2.33332992,1.0
331439.0,2.33332992,1.0
331454.0,2.33332992,1.0
331458.0,2.33332992,1.0
331494.0,2.33332992,3.0
331534.0,2.33332992,1.0
331537.0,2.33332992,1.0
331580.0,2.33332992,1.0
331589.0,2.33332992,1.0
331600.0,2.33332992,1.0
331603.0,2.33332992,1.0
331611.0,2.33332992,1.0
331645.0,2.33332992,1.0
331684.0,2.33332992,1.0
331695.0,2.33332992,1.0
331713.0,2.33332992,1.0
331730.0,2.33332992,1.0
331777.0,2.33332992,2.0
331781.0,2.33332992,1.0
331816.0,2.33332992,1.0
331820.0,2.33332992,1.0
331875.0,2.33332992,1.0
331907.0,2.33332992,1.0
331921.0,2.33332992,2.0
331938.0,2.33332992,1.0
331964.0,2.33332992,1.0
331972.0,2.33332992,1.0
331983.0,2.33332992,1.0
332026.0,2.33332992,1.0
332043.0,2.33332992,1.0
332047.0,2.33332992,1.0
332078.0,2.33332992,1.0
332150.0,2.33332992,1.0
332177.0,2.33332992,2.0
332264.0,2.33332992,1.0
332271.0,2.33332992,1.0
332273.0,2.33332992,1.0
332318.0,2.33332992,1.0
332339.0,2.33332992,1.0
332352.0,2.33332992,2.0
332354.0,2.33332992,1.0
332358.0,2.33332992,1.0
332368.0,2.33332992,1.0
332389.0,2.33332992,2.0
332393.0,2.33332992,1.0
332397.0,2.33332992,2.0
332409.0,2.33332992,1.0
332413.0,2.33332992,2.0
332438.0,2.33332992,1.0
332461.0,2.33332992,1.0
332511.0,2.33332992,1.0
332568.0,2.33332992,1.0
332571.0,2.33332992,1.0
332624.0,2.33332992,2.0
332633.0,2.33332992,1.0
332702.0,2.33332992,1.0
332711.0,2.33332992,1.0
332716.0,2.33332992,1.0
332736.0,2.33332992,1.0
332752.0,2.33332992,1.0
332777.0,2.33332992,1.0
332818.0,2.33332992,2.0
332862.0,2.33332992,1.0
332871.0,2.33332992,2.0
332872.0,2.33332992,3.0
332875.0,2.33332992,1.0
332887.0,2.33332992,1.0
332892.0,2.33332992,1.0
332949.0,2.33332992,1.0
332978.0,2.33332992,2.0
333019.0,2.33332992,2.0
333055.0,2.33332992,1.0
333063.0,2.33332992,1.0
333071.0,2.33332992,1.0
333089.0,2.33332992,1.0
333093.0,2.33332992,3.0
333120.0,2.33332992,2.0
333142.0,2.33332992,2.0
333145.0,2.33332992,1.0
333197.0,2.33332992,1.0
333218.0,2.33332992,2.0
333246.0,2.33332992,1.0
333252.0,2.33332992,1.0
333290.0,2.33332992,2.0
333302.0,2.33332992,1.0
333305.0,2.33332992,1.0
333314.0,2.33332992,1.0
333341.0,2.33332992,1.0
333345.0,2.33332992,1.0
333363.0,2.33332992,1.0
333376.0,2.33332992,1.0
333381.0,2.33332992,1.0
333401.0,2.33332992,1.0
333411.0,2.33332992,1.0
333454.0,2.33332992,2.0
333457.0,2.33332992,1.0
333461.0,2.33332992,1.0
333474.0,2.33332992,2.0
333493.0,2.33332992,2.0
333495.0,2.33332992,1.0
333508.0,2.33332992,1.0
333514.0,2.33332992,1.0
333517.0,2.33332992,1.0
333568.0,2.33332992,1.0
333577.0,2.33332992,2.0
333588.0,2.33332992,1.0
333615.0,2.33332992,1.0
333619.0,2.33332992,1.0
333644.0,2.33332992,1.0
333653.0,2.33332992,2.0
333671.0,2.33332992,1.0
333682.0,2.33332992,1.0
333711.0,2.33332992,3.0
333717.0,2.33332992,2.0
333775.0,2.33332992,1.0
333813.0,2.33332992,1.0
333818.0,2.33332992,1.0
333851.0,2.33332992,1.0
333853.0,2.33332992,1.0
333937.0,2.33332992,1.0
333982.0,2.33332992,1.0
334004.0,2.33332992,1.0
334015.0,2.33332992,2.0
334025.0,2.33332992,1.0
334034.0,2.33332992,2.0
334038.0,2.33332992,2.0
334054.0,2.33332992,1.0
334059.0,2.33332992,2.0
334096.0,2.33332992,2.0
334103.0,2.33332992,1.0
334165.0,2.33332992,1.0
334233.0,2.33332992,1.0
334251.0,2.33332992,1.0
334262.0,2.33332992,2.0
334264.0,2.33332992,1.0
334274.0,2.33332992,2.0
334281.0,2.33332992,1.0
334285.0,2.33332992,1.0
334294.0,2.33332992,1.0
334348.0,2.33332992,2.0
334362.0,2.33332992,1.0
334364.0,2.33332992,2.0
334407.0,2.33332992,2.0
334431.0,2.33332992,1.0
334437.0,2.33332992,1.0
334450.0,2.33332992,1.0
334455.0,2.33332992,3.0
334484.0,2.33332992,1.0
334499.0,2.33332992,1.0
334543.0,2.33332992,2.0
334546.0,2.33332992,2.0
334616.0,2.33332992,1.0
334640.0,2.33332992,1.0
334701.0,2.33332992,1.0
334702.0,2.33332992,1.0
334737.0,2.33332992,2.0
334739.0,2.33332992,1.0
334780.0,2.33332992,1.0
334802.0,2.33332992,1.0
334822.0,2.33332992,1.0
334823.0,2.33332992,1.0
334834.0,2.33332992,1.0
334839.0,2.33332992,2.0
334876.0,2.33332992,1.0
334890.0,2.33332992,1.0
334909.0,2.33332992,2.0
334917.0,2.33332992,1.0
334936.0,2.33332992,1.0
334975.0,2.33332992,1.0
334976.0,2.33332992,1.0
335030.0,2.33332992,1.0
335044.0,2.33332992,1.0
335051.0,2.33332992,2.0
335059.0,2.33332992,2.0
335060.0,2.33332992,1.0
335068.0,2.33332992,1.0
335074.0,2.33332992,1.0
335223.0,2.33332992,1.0
335247.0,2.33332992,1.0
335304.0,2.33332992,1.0
335305.0,2.33332992,1.0
335314.0,2.33332992,2.0
335357.0,2.33332992,2.0
335390.0,2.33332992,1.0
335407.0,2.33332992,1.0
335429.0,2.33332992,1.0
335456.0,2.33332992,1.0
335465.0,2.33332992,1.0
335521.0,2.33332992,2.0
335534.0,2.33332992,1.0
335543.0,2.33332992,1.0
335548.0,2.33332992,2.0
335549.0,2.33332992,2.0
335555.0,2.33332992,1.0
335573.0,2.33332992,1.0
335596.0,2.33332992,1.0
335626.0,2.33332992,2.0
335636.0,2.33332992,2.0
335639.0,2.33332992,1.0
335642.0,2.33332992,1.0
335652.0,2.33332992,1.0
335708.0,2.33332992,1.0
335747.0,2.33332992,1.0
335773.0,2.33332992,1.0
335815.0,2.33332992,1.0
335818.0,2.33332992,1.0
335874.0,2.33332992,1.0
335895.0,2.33332992,1.0
335945.0,2.33332992,1.0
336009.0,2.33332992,1.0
336012.0,2.33332992,1.0
336046.0,2.33332992,1.0
336062.0,2.33332992,2.0
336101.0,2.33332992,2.0
336118.0,2.33332992,1.0
336125.0,2.33332992,2.0
336131.0,2.33332992,1.0
336172.0,2.33332992,2.0
336180.0,2.33332992,1.0
336224.0,2.33332992,1.0
336295.0,2.33332992,1.0
336322.0,2.33332992,1.0
336326.0,2.33332992,1.0
336333.0,2.33332992,1.0
336347.0,2.33332992,1.0
336388.0,2.33332992,1.0
336392.0,2.33332992,1.0
336410.0,2.33332992,1.0
336446.0,2.33332992,2.0
336450.0,2.33332992,1.0
336520.0,2.33332992,1.0
336556.0,2.33332992,3.0
336573.0,2.33332992,1.0
336592.0,2.33332992,2.0
336602.0,2.33332992,1.0
336636.0,2.33332992,2.0
336707.0,2.33332992,1.0
336747.0,2.33332992,1.0
336793.0,2.33332992,1.0
336814.0,2.33332992,3.0
336818.0,2.33332992,1.0
336820.0,2.33332992,2.0
336834.0,2.33332992,1.0
336840.0,2.33332992,1.0
336859.0,2.33332992,1.0
336860.0,2.33332992,1.0
336888.0,2.33332992,1.0
336909.0,2.33332992,1.0
336913.0,2.33332992,3.0
336949.0,2.33332992,1.0
336953.0,2.33332992,1.0
336969.0,2.33332992,1.0
336986.0,2.33332992,1.0
337050.0,2.33332992,1.0
337083.0,2.33332992,2.0
337089.0,2.33332992,2.0
337145.0,2.33332992,1.0
337187.0,2.33332992,1.0
337189.0,2.33332992,1.0
337219.0,2.33332992,1.0
337238.0,2.33332992,2.0
337264.0,2.33332992,1.0
337273.0,2.33332992,2.0
337308.0,2.33332992,1.0
337322.0,2.33332992,1.0
337341.0,2.33332992,1.0
337356.0,2.33332992,1.0
337369.0,2.33332992,1.0
337406.0,2.33332992,2.0
337453.0,2.33332992,1.0
337469.0,2.33332992,1.0
337471.0,2.33332992,2.0
337487.0,2.33332992,1.0
337563.0,2.33332992,2.0
337622.0,2.33332992,1.0
337694.0,2.33332992,1.0
337699.0,2.33332992,1.0
337701.0,2.33332992,3.0
337728.0,2.33332992,1.0
337755.0,2.33332992,1.0
337765.0,2.33332992,1.0
337820.0,2.33332992,1.0
337829.0,2.33332992,1.0
337859.0,2.33332992,2.0
337917.0,2.33332992,2.0
337941.0,2.33332992,2.0
337957.0,2.33332992,1.0
338026.0,2.33332992,2.0
338041.0,2.33332992,2.0
338055.0,2.33332992,1.0
338058.0,2.33332992,1.0
338086.0,2.33332992,2.0
338088.0,2.33332992,2.0
338105.0,2.33332992,1.0
338113.0,2.33332992,1.0
338117.0,2.33332992,1.0
338163.0,2.33332992,1.0
338188.0,2.33332992,1.0
338196.0,2.33332992,1.0
338230.0,2.33332992,2.0
338259.0,2.33332992,1.0
338304.0,2.33332992,1.0
338307.0,2.33332992,1.0
338352.0,2.33332992,2.0
338356.0,2.33332992,1.0
338366.0,2.33332992,2.0
338388.0,2.33332992,2.0
338413.0,2.33332992,1.0
338462.0,2.33332992,1.0
338473.0,2.33332992,1.0
338475.0,2.33332992,1.0
338499.0,2.33332992,1.0
338513.0,2.33332992,2.0
338535.0,2.33332992,1.0
338636.0,2.33332992,1.0
338678.0,2.33332992,2.0
338691.0,2.33332992,1.0
338703.0,2.33332992,1.0
338718.0,2.33332992,1.0
338752.0,2.33332992,1.0
338783.0,2.33332992,1.0
338805.0,2.33332992,1.0
338814.0,2.33332992,1.0
338820.0,2.33332992,2.0
338841.0,2.33332992,1.0
338869.0,2.33332992,1.0
338872.0,2.33332992,1.0
338885.0,2.33332992,1.0
338936.0,2.33332992,1.0
338972.0,2.33332992,2.0
338986.0,2.33332992,2.0
339009.0,2.33332992,2.0
339015.0,2.33332992,1.0
339043.0,2.33332992,2.0
339050.0,2.33332992,1.0
339120.0,2.33332992,1.0
339151.0,2.33332992,1.0
339206.0,2.33332992,1.0
339215.0,2.33332992,1.0
339295.0,2.33332992,1.0
339318.0,2.33332992,1.0
339358.0,2.33332992,1.0
339363.0,2.33332992,1.0
339515.0,2.33332992,2.0
339549.0,2.33332992,1.0
339556.0,2.33332992,1.0
339586.0,2.33332992,1.0
339591.0,2.33332992,1.0
339628.0,2.33332992,1.0
339642.0,2.33332992,1.0
339661.0,2.33332992,1.0
339684.0,2.33332992,3.0
339747.0,2.33332992,2.0
339806.0,2.33332992,2.0
339826.0,2.33332992,1.0
339841.0,2.33332992,1.0
339891.0,2.33332992,1.0
339929.0,2.33332992,1.0
339944.0,2.33332992,1.0
330005.0,2.33332992,1.0
330366.0,2.33332992,1.0
330367.0,2.33332992,1.0
330515.0,2.33332992,1.0
330543.0,2.33332992,1.0
330702.0,2.33332992,1.0
330866.0,2.33332992,1.0
330884.0,2.33332992,1.0
330889.0,2.33332992,1.0
331031.0,2.33332992,1.0
331206.0,2.33332992,1.0
331416.0,2.33332992,1.0
331512.0,2.33332992,1.0
331609.0,2.33332992,1.0
331720.0,2.33332992,1.0
331756.0,2.33332992,1.0
331905.0,2.33332992,1.0
331906.0,2.33332992,1.0
331957.0,2.33332992,1.0
331982.0,2.33332992,1.0
332029.0,2.33332992,1.0
332089.0,2.33332992,1.0
332094.0,2.33332992,1.0
332192.0,2.33332992,1.0
332376.0,2.33332992,1.0
332401.0,2.33332992,1.0
332404.0,2.33332992,2.0
333081.0,2.33332992,1.0
333554.0,2.33332992,1.0
333686.0,2.33332992,1.0
333721.0,2.33332992,1.0
333809.0,2.33332992,1.0
334130.0,2.33332992,1.0
334192.0,2.33332992,1.0
334376.0,2.33332992,1.0
334421.0,2.33332992,1.0
334430.0,2.33332992,1.0
334433.0,2.33332992,1.0
334509.0,2.33332992,1.0
334758.0,2.33332992,1.0
334904.0,2.33332992,1.0
334928.0,2.33332992,1.0
335191.0,2.33332992,2.0
335239.0,2.33332992,1.0
335287.0,2.33332992,1.0
335383.0,2.33332992,1.0
335453.0,2.33332992,1.0
335542.0,2.33332992,1.0
335574.0,2.33332992,1.0
335686.0,2.33332992,1.0
335866.0,2.33332992,1.0
335973.0,2.33332992,1.0
336132.0,2.33332992,1.0
336270.0,2.33332992,1.0
336517.0,2.33332992,1.0
336590.0,2.33332992,2.0
336604.0,2.33332992,1.0
336935.0,2.33332992,1.0
337158.0,2.33332992,1.0
337255.0,2.33332992,1.0
337349.0,2.33332992,1.0
337477.0,2.33332992,1.0
337558.0,2.33332992,1.0
337752.0,2.33332992,2.0
338228.0,2.33332992,1.0
338493.0,2.33332992,1.0
338742.0,2.33332992,1.0
338898.0,2.33332992,1.0
338912.0,2.33332992,1.0
338993.0,2.33332992,1.0
339130.0,2.33332992,1.0
339133.0,2.33332992,1.0
339371.0,2.33332992,1.0
339406.0,2.33332992,1.0
339730.0,2.33332992,1.0
339924.0,2.33332992,1.0
339937.0,2.33332992,1.0
338788.0,2.33332992,1.0
340024.0,2.37373996,2.0
340032.0,2.37373996,1.0
340040.0,2.37373996,1.0
340070.0,2.37373996,1.0
340085.0,2.37373996,1.0
340106.0,2.37373996,2.0
340123.0,2.37373996,1.0
340209.0,2.37373996,1.0
340250.0,2.37373996,1.0
340328.0,2.37373996,1.0
340349.0,2.37373996,1.0
340381.0,2.37373996,1.0
340410.0,2.37373996,1.0
340441.0,2.37373996,1.0
340461.0,2.37373996,1.0
340505.0,2.37373996,1.0
340531.0,2.37373996,1.0
340551.0,2.37373996,1.0
340554.0,2.37373996,1.0
340592.0,2.37373996,1.0
340628.0,2.37373996,1.0
340653.0,2.37373996,1.0
340673.0,2.37373996,1.0
340687.0,2.37373996,1.0
340718.0,2.37373996,1.0
340725.0,2.37373996,1.0
340790.0,2.37373996,1.0
340796.0,2.37373996,1.0
340849.0,2.37373996,1.0
340896.0,2.37373996,1.0
340914.0,2.37373996,1.0
340973.0,2.37373996,2.0
340997.0,2.37373996,3.0
340998.0,2.37373996,1.0
341019.0,2.37373996,1.0
341051.0,2.37373996,1.0
341066.0,2.37373996,1.0
341099.0,2.37373996,1.0
341109.0,2.37373996,1.0
341124.0,2.37373996,2.0
341147.0,2.37373996,1.0
341192.0,2.37373996,1.0
341212.0,2.37373996,1.0
341216.0,2.37373996,1.0
341316.0,2.37373996,1.0
341486.0,2.37373996,1.0
341534.0,2.37373996,1.0
341566.0,2.37373996,1.0
341589.0,2.37373996,1.0
341611.0,2.37373996,1.0
341645.0,2.37373996,1.0
341684.0,2.37373996,1.0
341695.0,2.37373996,1.0
341713.0,2.37373996,1.0
341759.0,2.37373996,1.0
341790.0,2.37373996,1.0
341816.0,2.37373996,1.0
341875.0,2.37373996,1.0
341907.0,2.37373996,1.0
341921.0,2.37373996,2.0
341938.0,2.37373996,1.0
341972.0,2.37373996,1.0
341976.0,2.37373996,1.0
341997.0,2.37373996,1.0
342015.0,2.37373996,1.0
342026.0,2.37373996,1.0
342078.0,2.37373996,1.0
342087.0,2.37373996,1.0
342150.0,2.37373996,2.0
342156.0,2.37373996,1.0
342202.0,2.37373996,1.0
342210.0,2.37373996,1.0
342239.0,2.37373996,1.0
342339.0,2.37373996,1.0
342340.0,2.37373996,1.0
342354.0,2.37373996,1.0
342368.0,2.37373996,1.0
342372.0,2.37373996,1.0
342389.0,2.37373996,3.0
342393.0,2.37373996,1.0
342397.0,2.37373996,1.0
342403.0,2.37373996,1.0
342409.0,2.37373996,1.0
342424.0,2.37373996,1.0
342438.0,2.37373996,1.0
342503.0,2.37373996,1.0
342624.0,2.37373996,1.0
342633.0,2.37373996,1.0
342711.0,2.37373996,1.0
342736.0,2.37373996,1.0
342752.0,2.37373996,1.0
342772.0,2.37373996,1.0
342861.0,2.37373996,1.0
342872.0,2.37373996,1.0
342887.0,2.37373996,1.0
342915.0,2.37373996,1.0
342945.0,2.37373996,1.0
343019.0,2.37373996,1.0
343055.0,2.37373996,1.0
343120.0,2.37373996,1.0
343142.0,2.37373996,1.0
343170.0,2.37373996,1.0
343197.0,2.37373996,1.0
343246.0,2.37373996,1.0
343250.0,2.37373996,1.0
343254.0,2.37373996,2.0
343271.0,2.37373996,1.0
343340.0,2.37373996,1.0
343376.0,2.37373996,1.0
343381.0,2.37373996,1.0
343411.0,2.37373996,1.0
343457.0,2.37373996,1.0
343461.0,2.37373996,1.0
343495.0,2.37373996,1.0
343508.0,2.37373996,1.0
343517.0,2.37373996,1.0
343523.0,2.37373996,1.0
343529.0,2.37373996,2.0
343615.0,2.37373996,1.0
343619.0,2.37373996,1.0
343644.0,2.37373996,1.0
343653.0,2.37373996,1.0
343671.0,2.37373996,1.0
343682.0,2.37373996,1.0
343736.0,2.37373996,1.0
343775.0,2.37373996,1.0
343780.0,2.37373996,1.0
343853.0,2.37373996,1.0
343857.0,2.37373996,1.0
343886.0,2.37373996,1.0
343889.0,2.37373996,1.0
343936.0,2.37373996,1.0
343937.0,2.37373996,1.0
344004.0,2.37373996,1.0
344038.0,2.37373996,1.0
344043.0,2.37373996,1.0
344045.0,2.37373996,2.0
344135.0,2.37373996,2.0
344138.0,2.37373996,2.0
344211.0,2.37373996,1.0
344234.0,2.37373996,1.0
344274.0,2.37373996,1.0
344294.0,2.37373996,1.0
344343.0,2.37373996,2.0
344344.0,2.37373996,3.0
344408.0,2.37373996,1.0
344431.0,2.37373996,1.0
344432.0,2.37373996,1.0
344450.0,2.37373996,1.0
344476.0,2.37373996,1.0
344480.0,2.37373996,1.0
344508.0,2.37373996,1.0
344521.0,2.37373996,1.0
344570.0,2.37373996,1.0
344603.0,2.37373996,1.0
344721.0,2.37373996,1.0
344739.0,2.37373996,2.0
344802.0,2.37373996,2.0
344823.0,2.37373996,1.0
344841.0,2.37373996,1.0
344909.0,2.37373996,1.0
344936.0,2.37373996,1.0
344975.0,2.37373996,2.0
344976.0,2.37373996,1.0
344990.0,2.37373996,1.0
345022.0,2.37373996,2.0
345050.0,2.37373996,1.0
345105.0,2.37373996,2.0
345114.0,2.37373996,1.0
345146.0,2.37373996,1.0
345247.0,2.37373996,1.0
345278.0,2.37373996,1.0
345306.0,2.37373996,1.0
345314.0,2.37373996,2.0
345318.0,2.37373996,1.0
345417.0,2.37373996,1.0
345437.0,2.37373996,2.0
345456.0,2.37373996,1.0
345593.0,2.37373996,1.0
345596.0,2.37373996,2.0
345615.0,2.37373996,1.0
345626.0,2.37373996,1.0
345629.0,2.37373996,1.0
345636.0,2.37373996,1.0
345639.0,2.37373996,2.0
345672.0,2.37373996,1.0
345698.0,2.37373996,1.0
345708.0,2.37373996,1.0
345728.0,2.37373996,2.0
345747.0,2.37373996,1.0
345773.0,2.37373996,2.0
345805.0,2.37373996,1.0
345818.0,2.37373996,1.0
345844.0,2.37373996,1.0
345960.0,2.37373996,1.0
345965.0,2.37373996,1.0
345969.0,2.37373996,1.0
345989.0,2.37373996,1.0
345999.0,2.37373996,1.0
346009.0,2.37373996,1.0
346095.0,2.37373996,1.0
346101.0,2.37373996,1.0
346113.0,2.37373996,1.0
346118.0,2.37373996,1.0
346131.0,2.37373996,1.0
346179.0,2.37373996,1.0
346224.0,2.37373996,1.0
346227.0,2.37373996,1.0
346248.0,2.37373996,1.0
346388.0,2.37373996,1.0
346392.0,2.37373996,1.0
346436.0,2.37373996,1.0
346446.0,2.37373996,1.0
346450.0,2.37373996,2.0
346520.0,2.37373996,1.0
346525.0,2.37373996,1.0
346634.0,2.37373996,2.0
346636.0,2.37373996,1.0
346648.0,2.37373996,1.0
346747.0,2.37373996,2.0
346761.0,2.37373996,1.0
346790.0,2.37373996,2.0
346813.0,2.37373996,1.0
346834.0,2.37373996,1.0
346949.0,2.37373996,1.0
346969.0,2.37373996,1.0
347050.0,2.37373996,2.0
347083.0,2.37373996,1.0
347145.0,2.37373996,1.0
347150.0,2.37373996,1.0
347177.0,2.37373996,1.0
347187.0,2.37373996,2.0
347189.0,2.37373996,1.0
347210.0,2.37373996,2.0
347219.0,2.37373996,1.0
347226.0,2.37373996,3.0
347264.0,2.37373996,1.0
347276.0,2.37373996,1.0
347286.0,2.37373996,1.0
347341.0,2.37373996,1.0
347356.0,2.37373996,1.0
347406.0,2.37373996,1.0
347415.0,2.37373996,1.0
347453.0,2.37373996,1.0
347469.0,2.37373996,1.0
347487.0,2.37373996,1.0
347517.0,2.37373996,1.0
347536.0,2.37373996,1.0
347563.0,2.37373996,1.0
347565.0,2.37373996,1.0
347612.0,2.37373996,1.0
347642.0,2.37373996,1.0
347706.0,2.37373996,2.0
347714.0,2.37373996,1.0
347728.0,2.37373996,1.0
347765.0,2.37373996,1.0
347820.0,2.37373996,1.0
347829.0,2.37373996,2.0
347834.0,2.37373996,1.0
347944.0,2.37373996,1.0
348026.0,2.37373996,1.0
348031.0,2.37373996,1.0
348055.0,2.37373996,1.0
348105.0,2.37373996,1.0
348117.0,2.37373996,1.0
348163.0,2.37373996,1.0
348188.0,2.37373996,1.0
348189.0,2.37373996,1.0
348196.0,2.37373996,1.0
348205.0,2.37373996,1.0
348207.0,2.37373996,2.0
348223.0,2.37373996,1.0
348230.0,2.37373996,1.0
348234.0,2.37373996,1.0
348247.0,2.37373996,1.0
348305.0,2.37373996,1.0
348366.0,2.37373996,1.0
348413.0,2.37373996,1.0
348453.0,2.37373996,1.0
348462.0,2.37373996,1.0
348473.0,2.37373996,2.0
348475.0,2.37373996,1.0
348499.0,2.37373996,2.0
348621.0,2.37373996,1.0
348718.0,2.37373996,1.0
348796.0,2.37373996,1.0
348825.0,2.37373996,1.0
348857.0,2.37373996,1.0
348872.0,2.37373996,1.0
348897.0,2.37373996,1.0
348930.0,2.37373996,1.0
348957.0,2.37373996,1.0
348986.0,2.37373996,1.0
349020.0,2.37373996,1.0
349029.0,2.37373996,1.0
349050.0,2.37373996,1.0
349054.0,2.37373996,1.0
349096.0,2.37373996,1.0
349120.0,2.37373996,1.0
349190.0,2.37373996,1.0
349206.0,2.37373996,2.0
349215.0,2.37373996,1.0
349318.0,2.37373996,1.0
349341.0,2.37373996,1.0
349440.0,2.37373996,1.0
349515.0,2.37373996,1.0
349597.0,2.37373996,1.0
349628.0,2.37373996,1.0
349642.0,2.37373996,1.0
349684.0,2.37373996,1.0
349747.0,2.37373996,2.0
349806.0,2.37373996,1.0
349829.0,2.37373996,1.0
349891.0,2.37373996,1.0
349917.0,2.37373996,1.0
349929.0,2.37373996,2.0
349944.0,2.37373996,2.0
349981.0,2.37373996,2.0
340005.0,2.37373996,1.0
340199.0,2.37373996,1.0
340327.0,2.37373996,1.0
340400.0,2.37373996,1.0
340508.0,2.37373996,1.0
340515.0,2.37373996,1.0
340543.0,2.37373996,1.0
340681.0,2.37373996,1.0
340683.0,2.37373996,2.0
340702.0,2.37373996,1.0
340788.0,2.37373996,3.0
340870.0,2.37373996,1.0
340884.0,2.37373996,1.0
340889.0,2.37373996,1.0
341103.0,2.37373996,1.0
341266.0,2.37373996,4.0
341479.0,2.37373996,1.0
341494.0,2.37373996,1.0
341603.0,2.37373996,1.0
341687.0,2.37373996,1.0
341756.0,2.37373996,1.0
341811.0,2.37373996,1.0
341906.0,2.37373996,1.0
341908.0,2.37373996,1.0
341957.0,2.37373996,1.0
342029.0,2.37373996,1.0
342216.0,2.37373996,1.0
342331.0,2.37373996,1.0
342376.0,2.37373996,1.0
342434.0,2.37373996,1.0
343005.0,2.37373996,1.0
343088.0,2.37373996,1.0
343108.0,2.37373996,1.0
343218.0,2.37373996,1.0
343655.0,2.37373996,2.0
343809.0,2.37373996,1.0
343985.0,2.37373996,1.0
344173.0,2.37373996,1.0
344187.0,2.37373996,1.0
344255.0,2.37373996,1.0
344337.0,2.37373996,1.0
344430.0,2.37373996,1.0
344614.0,2.37373996,1.0
344811.0,2.37373996,1.0
344890.0,2.37373996,1.0
344928.0,2.37373996,1.0
344977.0,2.37373996,1.0
345159.0,2.37373996,1.0
345344.0,2.37373996,1.0
345353.0,2.37373996,1.0
345446.0,2.37373996,1.0
345451.0,2.37373996,1.0
345548.0,2.37373996,2.0
345549.0,2.37373996,2.0
345610.0,2.37373996,1.0
345621.0,2.37373996,1.0
345814.0,2.37373996,1.0
345866.0,2.37373996,1.0
345895.0,2.37373996,1.0
346166.0,2.37373996,1.0
346587.0,2.37373996,1.0
346590.0,2.37373996,1.0
346714.0,2.37373996,1.0
346767.0,2.37373996,1.0
347148.0,2.37373996,1.0
347170.0,2.37373996,1.0
347309.0,2.37373996,1.0
347348.0,2.37373996,1.0
347558.0,2.37373996,2.0
347752.0,2.37373996,1.0
347888.0,2.37373996,1.0
348276.0,2.37373996,1.0
348333.0,2.37373996,1.0
348535.0,2.37373996,1.0
348686.0,2.37373996,1.0
348691.0,2.37373996,1.0
348732.0,2.37373996,1.0
348794.0,2.37373996,1.0
348869.0,2.37373996,2.0
348898.0,2.37373996,1.0
348912.0,2.37373996,1.0
348994.0,2.37373996,1.0
349026.0,2.37373996,1.0
349039.0,2.37373996,1.0
349200.0,2.37373996,1.0
349919.0,2.37373996,1.0
349924.0,2.37373996,1.0
350365.0,2.41413999,2.0
350438.0,2.41413999,1.0
350543.0,2.41413999,2.0
350634.0,2.41413999,2.0
350810.0,2.41413999,1.0
350821.0,2.41413999,3.0
350871.0,2.41413999,2.0
351046.0,2.41413999,5.0
351494.0,2.41413999,5.0
351848.0,2.41413999,3.0
352855.0,2.41413999,1.0
353153.0,2.41413999,1.0
353303.0,2.41413999,2.0
354421.0,2.41413999,2.0
354567.0,2.41413999,2.0
355101.0,2.41413999,3.0
355200.0,2.41413999,2.0
355450.0,2.41413999,2.0
356353.0,2.41413999,1.0
356539.0,2.41413999,2.0
356540.0,2.41413999,4.0
356962.0,2.41413999,1.0
357076.0,2.41413999,1.0
357322.0,2.41413999,4.0
357356.0,2.41413999,4.0
357888.0,2.41413999,2.0
358898.0,2.41413999,1.0
358936.0,2.41413999,3.0
359009.0,2.41413999,5.0
359082.0,2.41413999,3.0
359270.0,2.41413999,4.0
359298.0,2.41413999,5.0
359585.0,2.41413999,2.0
359924.0,2.41413999,2.0
350027.0,2.41413999,2.0
350036.0,2.41413999,2.0
350085.0,2.41413999,2.0
350126.0,2.41413999,2.0
350139.0,2.41413999,1.0
350144.0,2.41413999,1.0
350307.0,2.41413999,1.0
350402.0,2.41413999,3.0
350442.0,2.41413999,1.0
350474.0,2.41413999,1.0
350505.0,2.41413999,3.0
350554.0,2.41413999,4.0
350842.0,2.41413999,1.0
350858.0,2.41413999,1.0
350913.0,2.41413999,1.0
350976.0,2.41413999,2.0
351170.0,2.41413999,1.0
351266.0,2.41413999,2.0
351289.0,2.41413999,1.0
351308.0,2.41413999,1.0
351318.0,2.41413999,1.0
351381.0,2.41413999,1.0
351416.0,2.41413999,1.0
351454.0,2.41413999,1.0
351481.0,2.41413999,1.0
351512.0,2.41413999,1.0
351602.0,2.41413999,1.0
351603.0,2.41413999,1.0
351635.0,2.41413999,1.0
351645.0,2.41413999,2.0
351874.0,2.41413999,1.0
351908.0,2.41413999,1.0
352026.0,2.41413999,1.0
352313.0,2.41413999,1.0
352331.0,2.41413999,1.0
352332.0,2.41413999,1.0
352343.0,2.41413999,1.0
352354.0,2.41413999,2.0
352397.0,2.41413999,3.0
352597.0,2.41413999,1.0
352634.0,2.41413999,2.0
352736.0,2.41413999,3.0
352766.0,2.41413999,1.0
352777.0,2.41413999,1.0
352786.0,2.41413999,1.0
352839.0,2.41413999,1.0
352862.0,2.41413999,1.0
352886.0,2.41413999,1.0
352892.0,2.41413999,2.0
352959.0,2.41413999,1.0
353124.0,2.41413999,1.0
353179.0,2.41413999,1.0
353213.0,2.41413999,4.0
353297.0,2.41413999,1.0
353305.0,2.41413999,2.0
353392.0,2.41413999,1.0
353414.0,2.41413999,1.0
353451.0,2.41413999,1.0
353474.0,2.41413999,1.0
353493.0,2.41413999,2.0
353506.0,2.41413999,1.0
353512.0,2.41413999,2.0
353626.0,2.41413999,1.0
353660.0,2.41413999,2.0
353671.0,2.41413999,1.0
353739.0,2.41413999,1.0
353753.0,2.41413999,1.0
353771.0,2.41413999,1.0
353881.0,2.41413999,1.0
353936.0,2.41413999,1.0
354034.0,2.41413999,1.0
354043.0,2.41413999,3.0
354100.0,2.41413999,1.0
354187.0,2.41413999,1.0
354251.0,2.41413999,1.0
354268.0,2.41413999,1.0
354285.0,2.41413999,1.0
354312.0,2.41413999,1.0
354472.0,2.41413999,1.0
354572.0,2.41413999,1.0
354640.0,2.41413999,2.0
354727.0,2.41413999,1.0
354811.0,2.41413999,1.0
354853.0,2.41413999,1.0
354858.0,2.41413999,1.0
354903.0,2.41413999,1.0
354906.0,2.41413999,1.0
354927.0,2.41413999,1.0
354990.0,2.41413999,2.0
355043.0,2.41413999,2.0
355088.0,2.41413999,1.0
355121.0,2.41413999,2.0
355170.0,2.41413999,1.0
355353.0,2.41413999,1.0
355448.0,2.41413999,1.0
355451.0,2.41413999,1.0
355621.0,2.41413999,2.0
355627.0,2.41413999,1.0
355767.0,2.41413999,1.0
355822.0,2.41413999,1.0
355918.0,2.41413999,1.0
355936.0,2.41413999,1.0
355955.0,2.41413999,1.0
355986.0,2.41413999,1.0
356048.0,2.41413999,1.0
356123.0,2.41413999,1.0
356184.0,2.41413999,1.0
356347.0,2.41413999,1.0
356432.0,2.41413999,3.0
356573.0,2.41413999,1.0
356590.0,2.41413999,1.0
356650.0,2.41413999,1.0
356767.0,2.41413999,1.0
356860.0,2.41413999,1.0
356969.0,2.41413999,1.0
357148.0,2.41413999,1.0
357238.0,2.41413999,1.0
357357.0,2.41413999,1.0
357358.0,2.41413999,1.0
357364.0,2.41413999,1.0
357449.0,2.41413999,1.0
357514.0,2.41413999,1.0
357543.0,2.41413999,1.0
357558.0,2.41413999,1.0
357616.0,2.41413999,1.0
357620.0,2.41413999,1.0
357626.0,2.41413999,1.0
357681.0,2.41413999,1.0
357737.0,2.41413999,1.0
357817.0,2.41413999,1.0
357833.0,2.41413999,1.0
358146.0,2.41413999,2.0
358188.0,2.41413999,4.0
358304.0,2.41413999,1.0
358322.0,2.41413999,1.0
358392.0,2.41413999,1.0
358468.0,2.41413999,1.0
358580.0,2.41413999,1.0
358591.0,2.41413999,1.0
358686.0,2.41413999,1.0
358718.0,2.41413999,1.0
358752.0,2.41413999,1.0
358777.0,2.41413999,1.0
358788.0,2.41413999,1.0
358802.0,2.41413999,1.0
358814.0,2.41413999,2.0
358841.0,2.41413999,1.0
358846.0,2.41413999,1.0
358872.0,2.41413999,3.0
358904.0,2.41413999,1.0
358917.0,2.41413999,1.0
358993.0,2.41413999,1.0
359015.0,2.41413999,3.0
359031.0,2.41413999,1.0
359086.0,2.41413999,1.0
359185.0,2.41413999,3.0
359241.0,2.41413999,1.0
359316.0,2.41413999,1.0
359406.0,2.41413999,1.0
359447.0,2.41413999,2.0
359533.0,2.41413999,1.0
359591.0,2.41413999,3.0
359730.0,2.41413999,1.0
359847.0,2.41413999,1.0
359937.0,2.41413999,1.0
350508.0,2.41413999,4.0
350551.0,2.41413999,1.0
350725.0,2.41413999,2.0
351316.0,2.41413999,1.0
351563.0,2.41413999,1.0
351790.0,2.41413999,2.0
352557.0,2.41413999,3.0
352760.0,2.41413999,3.0
353088.0,2.41413999,3.0
353197.0,2.41413999,2.0
353454.0,2.41413999,3.0
354165.0,2.41413999,3.0
354890.0,2.41413999,1.0
355022.0,2.41413999,1.0
355278.0,2.41413999,1.0
355503.0,2.41413999,1.0
355543.0,2.41413999,2.0
355626.0,2.41413999,1.0
355895.0,2.41413999,2.0
356101.0,2.41413999,1.0
357535.0,2.41413999,1.0
357877.0,2.41413999,1.0
358307.0,2.41413999,2.0
358678.0,2.41413999,1.0
359295.0,2.41413999,2.0
359981.0,2.41413999,1.0
355521.0,2.41413999,2.0
354701.0,2.41413999,1.0
357834.0,2.41413999,1.0
359515.0,2.41413999,1.0
360024.0,2.45455003,1.0
360032.0,2.45455003,2.0
360085.0,2.45455003,2.0
360199.0,2.45455003,2.0
360235.0,2.45455003,2.0
360238.0,2.45455003,1.0
360373.0,2.45455003,2.0
360389.0,2.45455003,2.0
360508.0,2.45455003,2.0
360620.0,2.45455003,2.0
360628.0,2.45455003,2.0
360653.0,2.45455003,2.0
360673.0,2.45455003,1.0
360680.0,2.45455003,1.0
360737.0,2.45455003,2.0
360783.0,2.45455003,1.0
360788.0,2.45455003,3.0
360796.0,2.45455003,2.0
360876.0,2.45455003,2.0
360982.0,2.45455003,2.0
361000.0,2.45455003,3.0
361103.0,2.45455003,1.0
361106.0,2.45455003,2.0
361156.0,2.45455003,1.0
361202.0,2.45455003,2.0
361288.0,2.45455003,1.0
361341.0,2.45455003,3.0
361432.0,2.45455003,2.0
361458.0,2.45455003,2.0
361645.0,2.45455003,2.0
361730.0,2.45455003,2.0
361986.0,2.45455003,1.0
362062.0,2.45455003,1.0
362094.0,2.45455003,1.0
362192.0,2.45455003,1.0
362216.0,2.45455003,2.0
362239.0,2.45455003,1.0
362264.0,2.45455003,2.0
362273.0,2.45455003,2.0
362339.0,2.45455003,2.0
362409.0,2.45455003,2.0
362413.0,2.45455003,2.0
362753.0,2.45455003,1.0
362775.0,2.45455003,1.0
362892.0,2.45455003,2.0
363027.0,2.45455003,1.0
363218.0,2.45455003,1.0
363246.0,2.45455003,1.0
363254.0,2.45455003,2.0
363314.0,2.45455003,2.0
363340.0,2.45455003,1.0
363411.0,2.45455003,1.0
363414.0,2.45455003,2.0
363495.0,2.45455003,4.0
363508.0,2.45455003,2.0
363649.0,2.45455003,1.0
363717.0,2.45455003,1.0
363818.0,2.45455003,2.0
363937.0,2.45455003,2.0
363977.0,2.45455003,3.0
363996.0,2.45455003,2.0
364001.0,2.45455003,1.0
364004.0,2.45455003,2.0
364054.0,2.45455003,2.0
364096.0,2.45455003,2.0
364103.0,2.45455003,2.0
364203.0,2.45455003,3.0
364237.0,2.45455003,2.0
364251.0,2.45455003,2.0
364408.0,2.45455003,3.0
364455.0,2.45455003,2.0
364508.0,2.45455003,1.0
364518.0,2.45455003,2.0
364543.0,2.45455003,2.0
364546.0,2.45455003,2.0
364549.0,2.45455003,1.0
364572.0,2.45455003,2.0
364603.0,2.45455003,2.0
364616.0,2.45455003,1.0
364823.0,2.45455003,2.0
364839.0,2.45455003,2.0
364841.0,2.45455003,1.0
365005.0,2.45455003,1.0
365030.0,2.45455003,1.0
365069.0,2.45455003,1.0
365074.0,2.45455003,3.0
365159.0,2.45455003,1.0
365204.0,2.45455003,2.0
365253.0,2.45455003,4.0
365278.0,2.45455003,2.0
365429.0,2.45455003,2.0
365465.0,2.45455003,2.0
365474.0,2.45455003,2.0
365543.0,2.45455003,2.0
365549.0,2.45455003,2.0
365574.0,2.45455003,1.0
365608.0,2.45455003,1.0
365698.0,2.45455003,1.0
365728.0,2.45455003,2.0
365815.0,2.45455003,3.0
365989.0,2.45455003,3.0
366180.0,2.45455003,3.0
366199.0,2.45455003,2.0
366266.0,2.45455003,1.0
366295.0,2.45455003,2.0
366326.0,2.45455003,2.0
366337.0,2.45455003,2.0
366388.0,2.45455003,1.0
366446.0,2.45455003,1.0
366517.0,2.45455003,1.0
366556.0,2.45455003,1.0
366761.0,2.45455003,2.0
367089.0,2.45455003,1.0
367145.0,2.45455003,1.0
367177.0,2.45455003,1.0
367189.0,2.45455003,2.0
367341.0,2.45455003,2.0
367415.0,2.45455003,4.0
367590.0,2.45455003,1.0
367622.0,2.45455003,2.0
367636.0,2.45455003,1.0
367699.0,2.45455003,3.0
367761.0,2.45455003,2.0
367778.0,2.45455003,1.0
367819.0,2.45455003,1.0
367877.0,2.45455003,4.0
367892.0,2.45455003,1.0
367903.0,2.45455003,1.0
367990.0,2.45455003,1.0
367991.0,2.45455003,2.0
368041.0,2.45455003,3.0
368105.0,2.45455003,3.0
368117.0,2.45455003,1.0
368144.0,2.45455003,1.0
368171.0,2.45455003,2.0
368230.0,2.45455003,1.0
368305.0,2.45455003,3.0
368453.0,2.45455003,2.0
368469.0,2.45455003,2.0
368473.0,2.45455003,3.0
368475.0,2.45455003,1.0
368621.0,2.45455003,2.0
368623.0,2.45455003,1.0
368718.0,2.45455003,3.0
368814.0,2.45455003,2.0
368820.0,2.45455003,3.0
368897.0,2.45455003,2.0
368986.0,2.45455003,2.0
369029.0,2.45455003,2.0
369218.0,2.45455003,1.0
369220.0,2.45455003,1.0
369233.0,2.45455003,1.0
369320.0,2.45455003,2.0
369363.0,2.45455003,1.0
369447.0,2.45455003,2.0
369527.0,2.45455003,2.0
369684.0,2.45455003,2.0
369723.0,2.45455003,1.0
369929.0,2.45455003,4.0
360741.0,2.45455003,1.0
360998.0,2.45455003,1.0
361907.0,2.45455003,1.0
362711.0,2.45455003,1.0
361124.0,2.45455003,1.0
363213.0,2.45455003,1.0
367852.0,2.45455003,1.0
370005.0,2.49495006,1.0
370024.0,2.49495006,1.0
370032.0,2.49495006,1.0
370036.0,2.49495006,1.0
370040.0,2.49495006,1.0
370063.0,2.49495006,1.0
370070.0,2.49495006,1.0
370081.0,2.49495006,1.0
370107.0,2.49495006,1.0
370109.0,2.49495006,1.0
370136.0,2.49495006,1.0
370235.0,2.49495006,1.0
370238.0,2.49495006,1.0
370277.0,2.49495006,1.0
370366.0,2.49495006,1.0
370383.0,2.49495006,1.0
370388.0,2.49495006,1.0
370439.0,2.49495006,1.0
370452.0,2.49495006,1.0
370474.0,2.49495006,1.0
370515.0,2.49495006,1.0
370543.0,2.49495006,1.0
370551.0,2.49495006,1.0
370554.0,2.49495006,1.0
370585.0,2.49495006,2.0
370592.0,2.49495006,1.0
370620.0,2.49495006,1.0
370628.0,2.49495006,1.0
370642.0,2.49495006,1.0
370665.0,2.49495006,1.0
370673.0,2.49495006,1.0
370681.0,2.49495006,1.0
370683.0,2.49495006,1.0
370702.0,2.49495006,1.0
370725.0,2.49495006,1.0
370737.0,2.49495006,1.0
370754.0,2.49495006,4.0
370756.0,2.49495006,1.0
370783.0,2.49495006,1.0
370788.0,2.49495006,1.0
370846.0,2.49495006,4.0
370849.0,2.49495006,1.0
370870.0,2.49495006,1.0
370876.0,2.49495006,1.0
370889.0,2.49495006,1.0
370904.0,2.49495006,1.0
370906.0,2.49495006,1.0
370914.0,2.49495006,2.0
370973.0,2.49495006,2.0
370976.0,2.49495006,1.0
371000.0,2.49495006,1.0
371031.0,2.49495006,1.0
371046.0,2.49495006,1.0
371048.0,2.49495006,4.0
371078.0,2.49495006,4.0
371099.0,2.49495006,1.0
371103.0,2.49495006,1.0
371108.0,2.49495006,1.0
371124.0,2.49495006,1.0
371147.0,2.49495006,1.0
371151.0,2.49495006,1.0
371179.0,2.49495006,1.0
371202.0,2.49495006,1.0
371212.0,2.49495006,1.0
371216.0,2.49495006,1.0
371247.0,2.49495006,1.0
371282.0,2.49495006,1.0
371341.0,2.49495006,2.0
371396.0,2.49495006,1.0
371416.0,2.49495006,1.0
371427.0,2.49495006,1.0
371453.0,2.49495006,1.0
371458.0,2.49495006,1.0
371479.0,2.49495006,1.0
371512.0,2.49495006,1.0
371535.0,2.49495006,1.0
371537.0,2.49495006,1.0
371568.0,2.49495006,1.0
371585.0,2.49495006,1.0
371609.0,2.49495006,1.0
371629.0,2.49495006,1.0
371720.0,2.49495006,1.0
371756.0,2.49495006,1.0
371790.0,2.49495006,1.0
371811.0,2.49495006,1.0
371824.0,2.49495006,1.0
371826.0,2.49495006,1.0
371906.0,2.49495006,1.0
371921.0,2.49495006,1.0
371938.0,2.49495006,1.0
371957.0,2.49495006,1.0
371964.0,2.49495006,1.0
371982.0,2.49495006,1.0
371997.0,2.49495006,1.0
372026.0,2.49495006,1.0
372043.0,2.49495006,1.0
372047.0,2.49495006,1.0
372062.0,2.49495006,1.0
372075.0,2.49495006,1.0
372078.0,2.49495006,1.0
372087.0,2.49495006,1.0
372089.0,2.49495006,1.0
372094.0,2.49495006,1.0
372150.0,2.49495006,1.0
372156.0,2.49495006,1.0
372173.0,2.49495006,1.0
372177.0,2.49495006,4.0
372192.0,2.49495006,1.0
372210.0,2.49495006,1.0
372216.0,2.49495006,1.0
372239.0,2.49495006,1.0
372303.0,2.49495006,1.0
372318.0,2.49495006,1.0
372331.0,2.49495006,1.0
372368.0,2.49495006,1.0
372372.0,2.49495006,1.0
372401.0,2.49495006,1.0
372403.0,2.49495006,1.0
372413.0,2.49495006,1.0
372414.0,2.49495006,1.0
372434.0,2.49495006,1.0
372438.0,2.49495006,1.0
372461.0,2.49495006,1.0
372483.0,2.49495006,1.0
372557.0,2.49495006,1.0
372571.0,2.49495006,1.0
372624.0,2.49495006,1.0
372633.0,2.49495006,1.0
372634.0,2.49495006,1.0
372646.0,2.49495006,1.0
372716.0,2.49495006,1.0
372725.0,2.49495006,1.0
372726.0,2.49495006,1.0
372736.0,2.49495006,1.0
372738.0,2.49495006,1.0
372760.0,2.49495006,1.0
372764.0,2.49495006,1.0
372766.0,2.49495006,1.0
372812.0,2.49495006,1.0
372816.0,2.49495006,1.0
372820.0,2.49495006,1.0
372829.0,2.49495006,1.0
372830.0,2.49495006,1.0
372861.0,2.49495006,1.0
372871.0,2.49495006,1.0
372872.0,2.49495006,1.0
372887.0,2.49495006,1.0
372915.0,2.49495006,1.0
373005.0,2.49495006,1.0
373019.0,2.49495006,1.0
373027.0,2.49495006,1.0
373093.0,2.49495006,1.0
373108.0,2.49495006,1.0
373110.0,2.49495006,1.0
373145.0,2.49495006,1.0
373147.0,2.49495006,1.0
373162.0,2.49495006,1.0
373197.0,2.49495006,1.0
373203.0,2.49495006,1.0
373205.0,2.49495006,1.0
373246.0,2.49495006,1.0
373252.0,2.49495006,1.0
373254.0,2.49495006,1.0
373271.0,2.49495006,1.0
373290.0,2.49495006,1.0
373300.0,2.49495006,2.0
373340.0,2.49495006,1.0
373341.0,2.49495006,3.0
373363.0,2.49495006,1.0
373376.0,2.49495006,1.0
373411.0,2.49495006,1.0
373414.0,2.49495006,1.0
373454.0,2.49495006,1.0
373471.0,2.49495006,1.0
373492.0,2.49495006,1.0
373495.0,2.49495006,1.0
373512.0,2.49495006,1.0
373517.0,2.49495006,2.0
373530.0,2.49495006,1.0
373550.0,2.49495006,1.0
373552.0,2.49495006,1.0
373568.0,2.49495006,1.0
373653.0,2.49495006,1.0
373655.0,2.49495006,1.0
373660.0,2.49495006,1.0
373682.0,2.49495006,1.0
373686.0,2.49495006,1.0
373696.0,2.49495006,1.0
373711.0,2.49495006,2.0
373721.0,2.49495006,1.0
373818.0,2.49495006,1.0
373847.0,2.49495006,1.0
373857.0,2.49495006,2.0
373886.0,2.49495006,1.0
373889.0,2.49495006,1.0
373936.0,2.49495006,3.0
373972.0,2.49495006,1.0
373977.0,2.49495006,1.0
373984.0,2.49495006,1.0
373985.0,2.49495006,1.0
373996.0,2.49495006,2.0
374001.0,2.49495006,1.0
374004.0,2.49495006,1.0
374023.0,2.49495006,1.0
374025.0,2.49495006,1.0
374045.0,2.49495006,1.0
374096.0,2.49495006,1.0
374103.0,2.49495006,1.0
374107.0,2.49495006,1.0
374130.0,2.49495006,1.0
374135.0,2.49495006,1.0
374171.0,2.49495006,1.0
374184.0,2.49495006,1.0
374192.0,2.49495006,1.0
374232.0,2.49495006,1.0
374253.0,2.49495006,1.0
374262.0,2.49495006,1.0
374264.0,2.49495006,1.0
374274.0,2.49495006,3.0
374281.0,2.49495006,1.0
374285.0,2.49495006,1.0
374308.0,2.49495006,1.0
374343.0,2.49495006,1.0
374344.0,2.49495006,3.0
374345.0,2.49495006,1.0
374348.0,2.49495006,1.0
374352.0,2.49495006,3.0
374364.0,2.49495006,1.0
374376.0,2.49495006,1.0
374421.0,2.49495006,1.0
374430.0,2.49495006,1.0
374455.0,2.49495006,1.0
374480.0,2.49495006,1.0
374509.0,2.49495006,1.0
374521.0,2.49495006,1.0
374543.0,2.49495006,1.0
374546.0,2.49495006,1.0
374549.0,2.49495006,4.0
374572.0,2.49495006,2.0
374579.0,2.49495006,1.0
374615.0,2.49495006,1.0
374640.0,2.49495006,1.0
374691.0,2.49495006,1.0
374739.0,2.49495006,2.0
374780.0,2.49495006,1.0
374784.0,2.49495006,1.0
374811.0,2.49495006,1.0
374823.0,2.49495006,1.0
374839.0,2.49495006,1.0
374890.0,2.49495006,1.0
374917.0,2.49495006,2.0
374966.0,2.49495006,3.0
374975.0,2.49495006,2.0
375005.0,2.49495006,1.0
375022.0,2.49495006,1.0
375043.0,2.49495006,1.0
375050.0,2.49495006,1.0
375051.0,2.49495006,1.0
375068.0,2.49495006,1.0
375069.0,2.49495006,1.0
375074.0,2.49495006,2.0
375105.0,2.49495006,1.0
375159.0,2.49495006,2.0
375160.0,2.49495006,1.0
375200.0,2.49495006,1.0
375204.0,2.49495006,1.0
375212.0,2.49495006,1.0
375235.0,2.49495006,1.0
375239.0,2.49495006,1.0
375253.0,2.49495006,1.0
375278.0,2.49495006,1.0
375287.0,2.49495006,1.0
375306.0,2.49495006,1.0
375314.0,2.49495006,1.0
375318.0,2.49495006,1.0
375328.0,2.49495006,1.0
375344.0,2.49495006,1.0
375353.0,2.49495006,1.0
375357.0,2.49495006,1.0
375401.0,2.49495006,1.0
375407.0,2.49495006,1.0
375429.0,2.49495006,1.0
375437.0,2.49495006,1.0
375438.0,2.49495006,1.0
375446.0,2.49495006,1.0
375465.0,2.49495006,1.0
375534.0,2.49495006,2.0
375542.0,2.49495006,1.0
375543.0,2.49495006,1.0
375548.0,2.49495006,1.0
375549.0,2.49495006,1.0
375555.0,2.49495006,1.0
375608.0,2.49495006,1.0
375610.0,2.49495006,1.0
375615.0,2.49495006,1.0
375621.0,2.49495006,1.0
375626.0,2.49495006,2.0
375686.0,2.49495006,1.0
375698.0,2.49495006,1.0
375728.0,2.49495006,1.0
375773.0,2.49495006,1.0
375805.0,2.49495006,1.0
375814.0,2.49495006,1.0
375818.0,2.49495006,3.0
375856.0,2.49495006,1.0
375936.0,2.49495006,1.0
375945.0,2.49495006,1.0
375965.0,2.49495006,1.0
375973.0,2.49495006,1.0
375989.0,2.49495006,1.0
376009.0,2.49495006,1.0
376013.0,2.49495006,1.0
376057.0,2.49495006,1.0
376062.0,2.49495006,1.0
376095.0,2.49495006,1.0
376101.0,2.49495006,1.0
376172.0,2.49495006,1.0
376180.0,2.49495006,1.0
376205.0,2.49495006,1.0
376224.0,2.49495006,1.0
376295.0,2.49495006,1.0
376322.0,2.49495006,1.0
376344.0,2.49495006,2.0
376353.0,2.49495006,1.0
376392.0,2.49495006,1.0
376410.0,2.49495006,1.0
376446.0,2.49495006,1.0
376450.0,2.49495006,1.0
376506.0,2.49495006,1.0
376517.0,2.49495006,1.0
376520.0,2.49495006,1.0
376525.0,2.49495006,1.0
376536.0,2.49495006,1.0
376540.0,2.49495006,1.0
376556.0,2.49495006,1.0
376587.0,2.49495006,1.0
376590.0,2.49495006,1.0
376592.0,2.49495006,1.0
376602.0,2.49495006,1.0
376794.0,2.49495006,1.0
376813.0,2.49495006,1.0
376820.0,2.49495006,1.0
376876.0,2.49495006,1.0
376935.0,2.49495006,1.0
376969.0,2.49495006,1.0
376974.0,2.49495006,1.0
377083.0,2.49495006,1.0
377089.0,2.49495006,1.0
377148.0,2.49495006,1.0
377150.0,2.49495006,1.0
377158.0,2.49495006,1.0
377170.0,2.49495006,2.0
377177.0,2.49495006,1.0
377187.0,2.49495006,1.0
377189.0,2.49495006,1.0
377210.0,2.49495006,2.0
377226.0,2.49495006,1.0
377238.0,2.49495006,1.0
377264.0,2.49495006,1.0
377273.0,2.49495006,1.0
377286.0,2.49495006,1.0
377298.0,2.49495006,1.0
377308.0,2.49495006,1.0
377309.0,2.49495006,1.0
377322.0,2.49495006,1.0
377324.0,2.49495006,1.0
377341.0,2.49495006,1.0
377348.0,2.49495006,1.0
377349.0,2.49495006,1.0
377357.0,2.49495006,1.0
377366.0,2.49495006,1.0
377369.0,2.49495006,3.0
377385.0,2.49495006,1.0
377406.0,2.49495006,3.0
377415.0,2.49495006,2.0
377426.0,2.49495006,1.0
377434.0,2.49495006,1.0
377471.0,2.49495006,1.0
377477.0,2.49495006,1.0
377482.0,2.49495006,2.0
377487.0,2.49495006,1.0
377525.0,2.49495006,2.0
377558.0,2.49495006,1.0
377612.0,2.49495006,3.0
377620.0,2.49495006,1.0
377636.0,2.49495006,1.0
377659.0,2.49495006,1.0
377710.0,2.49495006,1.0
377711.0,2.49495006,1.0
377721.0,2.49495006,1.0
377752.0,2.49495006,1.0
377765.0,2.49495006,1.0
377773.0,2.49495006,1.0
377817.0,2.49495006,1.0
377819.0,2.49495006,1.0
377829.0,2.49495006,1.0
377840.0,2.49495006,1.0
377852.0,2.49495006,1.0
377877.0,2.49495006,3.0
377881.0,2.49495006,1.0
377892.0,2.49495006,1.0
377957.0,2.49495006,1.0
377966.0,2.49495006,1.0
377991.0,2.49495006,1.0
378025.0,2.49495006,1.0
378041.0,2.49495006,1.0
378050.0,2.49495006,1.0
378055.0,2.49495006,1.0
378062.0,2.49495006,1.0
378117.0,2.49495006,1.0
378123.0,2.49495006,1.0
378144.0,2.49495006,1.0
378171.0,2.49495006,1.0
378228.0,2.49495006,1.0
378233.0,2.49495006,1.0
378245.0,2.49495006,1.0
378254.0,2.49495006,1.0
378333.0,2.49495006,1.0
378352.0,2.49495006,1.0
378388.0,2.49495006,1.0
378462.0,2.49495006,1.0
378469.0,2.49495006,1.0
378473.0,2.49495006,1.0
378493.0,2.49495006,1.0
378499.0,2.49495006,1.0
378540.0,2.49495006,1.0
378565.0,2.49495006,1.0
378621.0,2.49495006,1.0
378623.0,2.49495006,1.0
378678.0,2.49495006,1.0
378679.0,2.49495006,1.0
378691.0,2.49495006,1.0
378718.0,2.49495006,1.0
378742.0,2.49495006,1.0
378752.0,2.49495006,1.0
378769.0,2.49495006,1.0
378783.0,2.49495006,1.0
378794.0,2.49495006,1.0
378795.0,2.49495006,1.0
378814.0,2.49495006,1.0
378841.0,2.49495006,1.0
378857.0,2.49495006,2.0
378869.0,2.49495006,1.0
378885.0,2.49495006,1.0
378897.0,2.49495006,1.0
378930.0,2.49495006,1.0
378993.0,2.49495006,1.0
378994.0,2.49495006,1.0
379009.0,2.49495006,1.0
379015.0,2.49495006,3.0
379017.0,2.49495006,1.0
379026.0,2.49495006,1.0
379082.0,2.49495006,1.0
379096.0,2.49495006,1.0
379130.0,2.49495006,1.0
379151.0,2.49495006,1.0
379189.0,2.49495006,1.0
379190.0,2.49495006,1.0
379200.0,2.49495006,1.0
379233.0,2.49495006,1.0
379241.0,2.49495006,1.0
379270.0,2.49495006,1.0
379298.0,2.49495006,1.0
379320.0,2.49495006,1.0
379338.0,2.49495006,1.0
379363.0,2.49495006,1.0
379371.0,2.49495006,1.0
379406.0,2.49495006,1.0
379408.0,2.49495006,2.0
379434.0,2.49495006,3.0
379440.0,2.49495006,3.0
379477.0,2.49495006,1.0
379510.0,2.49495006,1.0
379560.0,2.49495006,1.0
379585.0,2.49495006,1.0
379681.0,2.49495006,1.0
379682.0,2.49495006,1.0
379684.0,2.49495006,1.0
379693.0,2.49495006,1.0
379754.0,2.49495006,1.0
379806.0,2.49495006,1.0
379857.0,2.49495006,1.0
379919.0,2.49495006,1.0
379929.0,2.49495006,1.0
372397.0,2.49495006,3.0
375844.0,2.49495006,2.0
379661.0,2.49495006,1.0
380024.0,2.53535008,1.0
380040.0,2.53535008,1.0
380081.0,2.53535008,1.0
380109.0,2.53535008,1.0
380128.0,2.53535008,1.0
380199.0,2.53535008,2.0
380204.0,2.53535008,1.0
380316.0,2.53535008,2.0
380381.0,2.53535008,1.0
380400.0,2.53535008,1.0
380508.0,2.53535008,3.0
380515.0,2.53535008,2.0
380551.0,2.53535008,2.0
380554.0,2.53535008,2.0
380653.0,2.53535008,1.0
380681.0,2.53535008,3.0
380737.0,2.53535008,5.0
380846.0,2.53535008,3.0
380849.0,2.53535008,1.0
380914.0,2.53535008,5.0
380982.0,2.53535008,1.0
381046.0,2.53535008,2.0
381124.0,2.53535008,1.0
381202.0,2.53535008,2.0
381238.0,2.53535008,2.0
381453.0,2.53535008,1.0
381609.0,2.53535008,1.0
381623.0,2.53535008,1.0
381629.0,2.53535008,2.0
381695.0,2.53535008,1.0
381790.0,2.53535008,1.0
381811.0,2.53535008,1.0
381824.0,2.53535008,2.0
381826.0,2.53535008,1.0
381905.0,2.53535008,1.0
381957.0,2.53535008,1.0
381982.0,2.53535008,1.0
382029.0,2.53535008,1.0
382062.0,2.53535008,1.0
382075.0,2.53535008,1.0
382269.0,2.53535008,1.0
382331.0,2.53535008,2.0
382340.0,2.53535008,3.0
382368.0,2.53535008,1.0
382438.0,2.53535008,1.0
382646.0,2.53535008,1.0
382807.0,2.53535008,1.0
382812.0,2.53535008,1.0
382820.0,2.53535008,1.0
382837.0,2.53535008,3.0
382894.0,2.53535008,2.0
383005.0,2.53535008,1.0
383019.0,2.53535008,2.0
383027.0,2.53535008,1.0
383085.0,2.53535008,1.0
383088.0,2.53535008,1.0
383121.0,2.53535008,1.0
383205.0,2.53535008,2.0
383213.0,2.53535008,1.0
383252.0,2.53535008,2.0
383303.0,2.53535008,2.0
383310.0,2.53535008,1.0
383340.0,2.53535008,1.0
383341.0,2.53535008,1.0
383454.0,2.53535008,3.0
383512.0,2.53535008,2.0
383518.0,2.53535008,1.0
383529.0,2.53535008,2.0
383566.0,2.53535008,1.0
383686.0,2.53535008,1.0
383775.0,2.53535008,4.0
383818.0,2.53535008,1.0
383857.0,2.53535008,2.0
383886.0,2.53535008,1.0
383889.0,2.53535008,1.0
383972.0,2.53535008,4.0
383985.0,2.53535008,1.0
384046.0,2.53535008,1.0
384050.0,2.53535008,1.0
384165.0,2.53535008,1.0
384237.0,2.53535008,2.0
384255.0,2.53535008,1.0
384258.0,2.53535008,1.0
384264.0,2.53535008,1.0
384281.0,2.53535008,2.0
384285.0,2.53535008,5.0
384343.0,2.53535008,1.0
384352.0,2.53535008,2.0
384446.0,2.53535008,1.0
384508.0,2.53535008,1.0
384549.0,2.53535008,2.0
384572.0,2.53535008,2.0
384590.0,2.53535008,1.0
384603.0,2.53535008,2.0
384615.0,2.53535008,1.0
384737.0,2.53535008,2.0
384841.0,2.53535008,1.0
384909.0,2.53535008,1.0
384966.0,2.53535008,1.0
384977.0,2.53535008,2.0
385043.0,2.53535008,2.0
385135.0,2.53535008,1.0
385146.0,2.53535008,4.0
385200.0,2.53535008,1.0
385287.0,2.53535008,1.0
385306.0,2.53535008,1.0
385318.0,2.53535008,1.0
385353.0,2.53535008,1.0
385383.0,2.53535008,1.0
385410.0,2.53535008,1.0
385453.0,2.53535008,1.0
385488.0,2.53535008,4.0
385503.0,2.53535008,1.0
385574.0,2.53535008,1.0
385709.0,2.53535008,1.0
385867.0,2.53535008,1.0
385950.0,2.53535008,4.0
385973.0,2.53535008,1.0
386009.0,2.53535008,1.0
386062.0,2.53535008,1.0
386131.0,2.53535008,1.0
386166.0,2.53535008,2.0
386172.0,2.53535008,2.0
386180.0,2.53535008,1.0
386224.0,2.53535008,1.0
386326.0,2.53535008,2.0
386337.0,2.53535008,2.0
386388.0,2.53535008,1.0
386407.0,2.53535008,1.0
386432.0,2.53535008,2.0
386446.0,2.53535008,2.0
386465.0,2.53535008,1.0
386483.0,2.53535008,2.0
386536.0,2.53535008,1.0
386556.0,2.53535008,3.0
386587.0,2.53535008,1.0
386613.0,2.53535008,1.0
386660.0,2.53535008,1.0
386820.0,2.53535008,3.0
386876.0,2.53535008,1.0
386935.0,2.53535008,1.0
387050.0,2.53535008,4.0
387126.0,2.53535008,2.0
387158.0,2.53535008,1.0
387210.0,2.53535008,1.0
387214.0,2.53535008,1.0
387308.0,2.53535008,3.0
387349.0,2.53535008,1.0
387482.0,2.53535008,2.0
387487.0,2.53535008,1.0
387520.0,2.53535008,2.0
387565.0,2.53535008,1.0
387714.0,2.53535008,1.0
387734.0,2.53535008,1.0
387761.0,2.53535008,1.0
387847.0,2.53535008,4.0
387948.0,2.53535008,2.0
387957.0,2.53535008,1.0
388025.0,2.53535008,1.0
388026.0,2.53535008,4.0
388189.0,2.53535008,2.0
388205.0,2.53535008,2.0
388223.0,2.53535008,1.0
388247.0,2.53535008,1.0
388352.0,2.53535008,1.0
388467.0,2.53535008,1.0
388623.0,2.53535008,1.0
388769.0,2.53535008,6.0
388857.0,2.53535008,3.0
388885.0,2.53535008,1.0
388936.0,2.53535008,3.0
388994.0,2.53535008,1.0
389050.0,2.53535008,1.0
389085.0,2.53535008,1.0
389177.0,2.53535008,2.0
389206.0,2.53535008,4.0
389218.0,2.53535008,1.0
389233.0,2.53535008,1.0
389363.0,2.53535008,1.0
389381.0,2.53535008,1.0
389560.0,2.53535008,1.0
389642.0,2.53535008,1.0
389684.0,2.53535008,1.0
389730.0,2.53535008,1.0
389937.0,2.53535008,1.0
389981.0,2.53535008,2.0
380027.0,2.53535008,1.0
380505.0,2.53535008,1.0
380525.0,2.53535008,1.0
380592.0,2.53535008,1.0
380642.0,2.53535008,1.0
380683.0,2.53535008,1.0
380687.0,2.53535008,1.0
380837.0,2.53535008,1.0
380913.0,2.53535008,2.0
381000.0,2.53535008,1.0
381158.0,2.53535008,1.0
381427.0,2.53535008,1.0
381580.0,2.53535008,2.0
381848.0,2.53535008,1.0
382026.0,2.53535008,1.0
382352.0,2.53535008,1.0
382568.0,2.53535008,2.0
382861.0,2.53535008,1.0
382886.0,2.53535008,1.0
383459.0,2.53535008,1.0
383461.0,2.53535008,2.0
383474.0,2.53535008,1.0
383827.0,2.53535008,1.0
383936.0,2.53535008,2.0
384043.0,2.53535008,1.0
384059.0,2.53535008,1.0
384349.0,2.53535008,1.0
385660.0,2.53535008,1.0
385747.0,2.53535008,1.0
386347.0,2.53535008,1.0
386539.0,2.53535008,1.0
386928.0,2.53535008,1.0
387226.0,2.53535008,1.0
387612.0,2.53535008,1.0
388188.0,2.53535008,1.0
388322.0,2.53535008,1.0
389565.0,2.53535008,1.0
389661.0,2.53535008,1.0
390024.0,2.57575989,1.0
390027.0,2.57575989,1.0
390032.0,2.57575989,1.0
390036.0,2.57575989,1.0
390064.0,2.57575989,1.0
390080.0,2.57575989,1.0
390106.0,2.57575989,1.0
390123.0,2.57575989,1.0
390126.0,2.57575989,1.0
390235.0,2.57575989,2.0
390278.0,2.57575989,1.0
390291.0,2.57575989,1.0
390316.0,2.57575989,1.0
390346.0,2.57575989,1.0
390388.0,2.57575989,1.0
390461.0,2.57575989,1.0
390474.0,2.57575989,1.0
390505.0,2.57575989,1.0
390543.0,2.57575989,1.0
390551.0,2.57575989,1.0
390620.0,2.57575989,1.0
390642.0,2.57575989,1.0
390665.0,2.57575989,1.0
390680.0,2.57575989,1.0
390683.0,2.57575989,1.0
390730.0,2.57575989,1.0
390737.0,2.57575989,1.0
390760.0,2.57575989,1.0
390788.0,2.57575989,2.0
390800.0,2.57575989,1.0
390821.0,2.57575989,1.0
390837.0,2.57575989,1.0
390841.0,2.57575989,2.0
390846.0,2.57575989,1.0
390884.0,2.57575989,1.0
390889.0,2.57575989,1.0
390896.0,2.57575989,1.0
390913.0,2.57575989,1.0
390914.0,2.57575989,1.0
390973.0,2.57575989,2.0
390976.0,2.57575989,1.0
390982.0,2.57575989,1.0
391000.0,2.57575989,1.0
391008.0,2.57575989,1.0
391021.0,2.57575989,1.0
391023.0,2.57575989,1.0
391041.0,2.57575989,1.0
391046.0,2.57575989,1.0
391078.0,2.57575989,1.0
391118.0,2.57575989,3.0
391124.0,2.57575989,1.0
391147.0,2.57575989,1.0
391158.0,2.57575989,1.0
391200.0,2.57575989,1.0
391202.0,2.57575989,1.0
391203.0,2.57575989,1.0
391206.0,2.57575989,1.0
391212.0,2.57575989,2.0
391238.0,2.57575989,1.0
391285.0,2.57575989,1.0
391298.0,2.57575989,1.0
391316.0,2.57575989,1.0
391341.0,2.57575989,2.0
391350.0,2.57575989,1.0
391354.0,2.57575989,1.0
391390.0,2.57575989,1.0
391396.0,2.57575989,1.0
391403.0,2.57575989,1.0
391448.0,2.57575989,1.0
391454.0,2.57575989,1.0
391479.0,2.57575989,1.0
391494.0,2.57575989,4.0
391546.0,2.57575989,1.0
391572.0,2.57575989,1.0
391576.0,2.57575989,1.0
391585.0,2.57575989,1.0
391589.0,2.57575989,1.0
391602.0,2.57575989,1.0
391603.0,2.57575989,1.0
391645.0,2.57575989,2.0
391687.0,2.57575989,1.0
391730.0,2.57575989,2.0
391741.0,2.57575989,1.0
391777.0,2.57575989,1.0
391790.0,2.57575989,3.0
391826.0,2.57575989,1.0
391848.0,2.57575989,1.0
391938.0,2.57575989,1.0
391964.0,2.57575989,1.0
392031.0,2.57575989,1.0
392043.0,2.57575989,1.0
392087.0,2.57575989,1.0
392150.0,2.57575989,1.0
392187.0,2.57575989,1.0
392273.0,2.57575989,1.0
392313.0,2.57575989,1.0
392318.0,2.57575989,3.0
392331.0,2.57575989,1.0
392339.0,2.57575989,1.0
392343.0,2.57575989,1.0
392352.0,2.57575989,1.0
392354.0,2.57575989,1.0
392358.0,2.57575989,1.0
392368.0,2.57575989,1.0
392376.0,2.57575989,1.0
392389.0,2.57575989,1.0
392397.0,2.57575989,1.0
392401.0,2.57575989,1.0
392404.0,2.57575989,1.0
392434.0,2.57575989,1.0
392461.0,2.57575989,1.0
392557.0,2.57575989,1.0
392568.0,2.57575989,1.0
392576.0,2.57575989,1.0
392633.0,2.57575989,6.0
392634.0,2.57575989,1.0
392702.0,2.57575989,1.0
392716.0,2.57575989,1.0
392725.0,2.57575989,1.0
392736.0,2.57575989,1.0
392760.0,2.57575989,1.0
392786.0,2.57575989,1.0
392818.0,2.57575989,1.0
392819.0,2.57575989,1.0
392825.0,2.57575989,1.0
392861.0,2.57575989,1.0
392862.0,2.57575989,1.0
392872.0,2.57575989,1.0
392875.0,2.57575989,1.0
392886.0,2.57575989,1.0
392915.0,2.57575989,2.0
392945.0,2.57575989,1.0
392949.0,2.57575989,1.0
393027.0,2.57575989,1.0
393048.0,2.57575989,1.0
393055.0,2.57575989,1.0
393088.0,2.57575989,1.0
393120.0,2.57575989,1.0
393142.0,2.57575989,1.0
393145.0,2.57575989,1.0
393162.0,2.57575989,1.0
393205.0,2.57575989,1.0
393213.0,2.57575989,1.0
393218.0,2.57575989,1.0
393240.0,2.57575989,1.0
393246.0,2.57575989,1.0
393251.0,2.57575989,1.0
393254.0,2.57575989,1.0
393271.0,2.57575989,1.0
393287.0,2.57575989,1.0
393303.0,2.57575989,1.0
393305.0,2.57575989,1.0
393341.0,2.57575989,1.0
393392.0,2.57575989,1.0
393410.0,2.57575989,1.0
393414.0,2.57575989,1.0
393426.0,2.57575989,1.0
393454.0,2.57575989,1.0
393459.0,2.57575989,1.0
393461.0,2.57575989,1.0
393474.0,2.57575989,1.0
393493.0,2.57575989,1.0
393495.0,2.57575989,1.0
393501.0,2.57575989,1.0
393517.0,2.57575989,1.0
393550.0,2.57575989,1.0
393568.0,2.57575989,1.0
393577.0,2.57575989,1.0
393682.0,2.57575989,1.0
393717.0,2.57575989,1.0
393745.0,2.57575989,1.0
393771.0,2.57575989,1.0
393775.0,2.57575989,1.0
393813.0,2.57575989,1.0
393818.0,2.57575989,1.0
393881.0,2.57575989,1.0
393889.0,2.57575989,1.0
393944.0,2.57575989,1.0
393984.0,2.57575989,1.0
393985.0,2.57575989,1.0
393994.0,2.57575989,1.0
393995.0,2.57575989,1.0
394001.0,2.57575989,1.0
394004.0,2.57575989,1.0
394025.0,2.57575989,1.0
394028.0,2.57575989,1.0
394034.0,2.57575989,1.0
394043.0,2.57575989,1.0
394045.0,2.57575989,1.0
394103.0,2.57575989,1.0
394107.0,2.57575989,1.0
394135.0,2.57575989,1.0
394165.0,2.57575989,1.0
394184.0,2.57575989,1.0
394203.0,2.57575989,2.0
394237.0,2.57575989,1.0
394251.0,2.57575989,1.0
394262.0,2.57575989,1.0
394281.0,2.57575989,1.0
394285.0,2.57575989,1.0
394288.0,2.57575989,1.0
394294.0,2.57575989,1.0
394308.0,2.57575989,1.0
394343.0,2.57575989,1.0
394344.0,2.57575989,1.0
394348.0,2.57575989,1.0
394349.0,2.57575989,1.0
394362.0,2.57575989,1.0
394364.0,2.57575989,1.0
394407.0,2.57575989,2.0
394421.0,2.57575989,1.0
394424.0,2.57575989,1.0
394430.0,2.57575989,1.0
394431.0,2.57575989,1.0
394432.0,2.57575989,1.0
394546.0,2.57575989,1.0
394572.0,2.57575989,1.0
394579.0,2.57575989,1.0
394614.0,2.57575989,1.0
394615.0,2.57575989,4.0
394616.0,2.57575989,1.0
394640.0,2.57575989,1.0
394654.0,2.57575989,1.0
394675.0,2.57575989,1.0
394691.0,2.57575989,1.0
394704.0,2.57575989,1.0
394737.0,2.57575989,1.0
394741.0,2.57575989,1.0
394758.0,2.57575989,1.0
394780.0,2.57575989,3.0
394802.0,2.57575989,1.0
394866.0,2.57575989,1.0
394890.0,2.57575989,1.0
394906.0,2.57575989,1.0
394917.0,2.57575989,1.0
394927.0,2.57575989,1.0
394928.0,2.57575989,1.0
394977.0,2.57575989,1.0
394990.0,2.57575989,1.0
395030.0,2.57575989,3.0
395074.0,2.57575989,1.0
395088.0,2.57575989,1.0
395101.0,2.57575989,1.0
395159.0,2.57575989,1.0
395160.0,2.57575989,3.0
395204.0,2.57575989,2.0
395212.0,2.57575989,2.0
395253.0,2.57575989,1.0
395314.0,2.57575989,1.0
395344.0,2.57575989,2.0
395353.0,2.57575989,1.0
395357.0,2.57575989,1.0
395419.0,2.57575989,1.0
395446.0,2.57575989,1.0
395451.0,2.57575989,1.0
395470.0,2.57575989,1.0
395474.0,2.57575989,1.0
395488.0,2.57575989,1.0
395503.0,2.57575989,3.0
395521.0,2.57575989,1.0
395540.0,2.57575989,1.0
395555.0,2.57575989,1.0
395610.0,2.57575989,1.0
395621.0,2.57575989,1.0
395626.0,2.57575989,1.0
395642.0,2.57575989,1.0
395652.0,2.57575989,1.0
395728.0,2.57575989,1.0
395747.0,2.57575989,1.0
395756.0,2.57575989,1.0
395767.0,2.57575989,1.0
395773.0,2.57575989,1.0
395785.0,2.57575989,1.0
395803.0,2.57575989,1.0
395815.0,2.57575989,1.0
395818.0,2.57575989,1.0
395856.0,2.57575989,2.0
395936.0,2.57575989,2.0
395941.0,2.57575989,1.0
395969.0,2.57575989,1.0
396046.0,2.57575989,1.0
396048.0,2.57575989,1.0
396059.0,2.57575989,1.0
396095.0,2.57575989,1.0
396113.0,2.57575989,1.0
396118.0,2.57575989,1.0
396162.0,2.57575989,1.0
396166.0,2.57575989,1.0
396180.0,2.57575989,2.0
396227.0,2.57575989,1.0
396270.0,2.57575989,1.0
396276.0,2.57575989,1.0
396308.0,2.57575989,1.0
396322.0,2.57575989,2.0
396326.0,2.57575989,1.0
396337.0,2.57575989,5.0
396344.0,2.57575989,1.0
396347.0,2.57575989,1.0
396410.0,2.57575989,1.0
396432.0,2.57575989,1.0
396483.0,2.57575989,1.0
396519.0,2.57575989,1.0
396540.0,2.57575989,1.0
396556.0,2.57575989,1.0
396573.0,2.57575989,1.0
396584.0,2.57575989,1.0
396590.0,2.57575989,1.0
396634.0,2.57575989,1.0
396650.0,2.57575989,1.0
396707.0,2.57575989,1.0
396818.0,2.57575989,1.0
396840.0,2.57575989,1.0
396859.0,2.57575989,1.0
396860.0,2.57575989,1.0
396888.0,2.57575989,1.0
396913.0,2.57575989,1.0
396949.0,2.57575989,1.0
396967.0,2.57575989,1.0
396969.0,2.57575989,1.0
396973.0,2.57575989,1.0
397080.0,2.57575989,1.0
397126.0,2.57575989,3.0
397148.0,2.57575989,1.0
397170.0,2.57575989,1.0
397177.0,2.57575989,1.0
397187.0,2.57575989,1.0
397238.0,2.57575989,1.0
397305.0,2.57575989,1.0
397308.0,2.57575989,5.0
397309.0,2.57575989,1.0
397357.0,2.57575989,1.0
397364.0,2.57575989,1.0
397406.0,2.57575989,1.0
397415.0,2.57575989,1.0
397427.0,2.57575989,1.0
397434.0,2.57575989,1.0
397453.0,2.57575989,1.0
397466.0,2.57575989,1.0
397471.0,2.57575989,1.0
397482.0,2.57575989,1.0
397535.0,2.57575989,1.0
397558.0,2.57575989,1.0
397612.0,2.57575989,1.0
397626.0,2.57575989,1.0
397642.0,2.57575989,1.0
397659.0,2.57575989,1.0
397699.0,2.57575989,1.0
397701.0,2.57575989,1.0
397711.0,2.57575989,1.0
397761.0,2.57575989,1.0
397829.0,2.57575989,5.0
397840.0,2.57575989,1.0
397847.0,2.57575989,1.0
397877.0,2.57575989,1.0
397878.0,2.57575989,1.0
397923.0,2.57575989,1.0
397991.0,2.57575989,1.0
398008.0,2.57575989,1.0
398031.0,2.57575989,1.0
398050.0,2.57575989,1.0
398082.0,2.57575989,1.0
398086.0,2.57575989,1.0
398088.0,2.57575989,1.0
398105.0,2.57575989,3.0
398123.0,2.57575989,1.0
398146.0,2.57575989,1.0
398171.0,2.57575989,1.0
398259.0,2.57575989,1.0
398276.0,2.57575989,1.0
398304.0,2.57575989,1.0
398305.0,2.57575989,2.0
398307.0,2.57575989,1.0
398356.0,2.57575989,1.0
398453.0,2.57575989,1.0
398462.0,2.57575989,4.0
398469.0,2.57575989,1.0
398473.0,2.57575989,1.0
398493.0,2.57575989,1.0
398513.0,2.57575989,1.0
398519.0,2.57575989,1.0
398686.0,2.57575989,1.0
398691.0,2.57575989,1.0
398742.0,2.57575989,1.0
398752.0,2.57575989,1.0
398769.0,2.57575989,1.0
398777.0,2.57575989,1.0
398783.0,2.57575989,5.0
398788.0,2.57575989,1.0
398795.0,2.57575989,1.0
398796.0,2.57575989,1.0
398814.0,2.57575989,3.0
398829.0,2.57575989,1.0
398833.0,2.57575989,1.0
398857.0,2.57575989,1.0
398869.0,2.57575989,1.0
398897.0,2.57575989,1.0
398930.0,2.57575989,1.0
398933.0,2.57575989,1.0
398936.0,2.57575989,1.0
398972.0,2.57575989,1.0
398993.0,2.57575989,1.0
398994.0,2.57575989,1.0
399009.0,2.57575989,1.0
399026.0,2.57575989,2.0
399039.0,2.57575989,1.0
399043.0,2.57575989,2.0
399050.0,2.57575989,1.0
399054.0,2.57575989,1.0
399059.0,2.57575989,1.0
399068.0,2.57575989,1.0
399096.0,2.57575989,1.0
399133.0,2.57575989,1.0
399151.0,2.57575989,1.0
399154.0,2.57575989,1.0
399177.0,2.57575989,1.0
399185.0,2.57575989,1.0
399202.0,2.57575989,1.0
399233.0,2.57575989,1.0
399241.0,2.57575989,1.0
399298.0,2.57575989,3.0
399321.0,2.57575989,1.0
399338.0,2.57575989,1.0
399353.0,2.57575989,1.0
399371.0,2.57575989,1.0
399381.0,2.57575989,1.0
399477.0,2.57575989,1.0
399510.0,2.57575989,1.0
399533.0,2.57575989,1.0
399547.0,2.57575989,1.0
399550.0,2.57575989,1.0
399565.0,2.57575989,1.0
399586.0,2.57575989,1.0
399622.0,2.57575989,1.0
399658.0,2.57575989,1.0
399684.0,2.57575989,1.0
399723.0,2.57575989,3.0
399730.0,2.57575989,1.0
399754.0,2.57575989,1.0
399824.0,2.57575989,1.0
399826.0,2.57575989,1.0
399857.0,2.57575989,1.0
399891.0,2.57575989,3.0
399937.0,2.57575989,1.0
400024.0,2.61615992,2.0
400036.0,2.61615992,3.0
400128.0,2.61615992,1.0
400254.0,2.61615992,1.0
400389.0,2.61615992,2.0
400425.0,2.61615992,2.0
400438.0,2.61615992,1.0
400452.0,2.61615992,1.0
400453.0,2.61615992,1.0
400543.0,2.61615992,1.0
400551.0,2.61615992,2.0
400585.0,2.61615992,1.0
400592.0,2.61615992,4.0
400620.0,2.61615992,4.0
400628.0,2.61615992,2.0
400681.0,2.61615992,2.0
400737.0,2.61615992,2.0
400756.0,2.61615992,2.0
400783.0,2.61615992,2.0
400849.0,2.61615992,1.0
400870.0,2.61615992,3.0
400876.0,2.61615992,2.0
400999.0,2.61615992,1.0
401108.0,2.61615992,2.0
401151.0,2.61615992,2.0
401202.0,2.61615992,3.0
401396.0,2.61615992,1.0
401436.0,2.61615992,1.0
401453.0,2.61615992,1.0
401563.0,2.61615992,3.0
401568.0,2.61615992,1.0
401600.0,2.61615992,2.0
401720.0,2.61615992,1.0
401756.0,2.61615992,1.0
401777.0,2.61615992,2.0
401788.0,2.61615992,1.0
401790.0,2.61615992,2.0
401811.0,2.61615992,2.0
401824.0,2.61615992,1.0
401826.0,2.61615992,2.0
402043.0,2.61615992,4.0
402047.0,2.61615992,3.0
402318.0,2.61615992,2.0
402368.0,2.61615992,2.0
402434.0,2.61615992,1.0
402438.0,2.61615992,1.0
402646.0,2.61615992,1.0
402818.0,2.61615992,1.0
402830.0,2.61615992,2.0
402887.0,2.61615992,1.0
402892.0,2.61615992,4.0
402915.0,2.61615992,1.0
402975.0,2.61615992,1.0
403110.0,2.61615992,3.0
403197.0,2.61615992,3.0
403300.0,2.61615992,3.0
403310.0,2.61615992,1.0
403329.0,2.61615992,1.0
403411.0,2.61615992,3.0
403454.0,2.61615992,3.0
403457.0,2.61615992,2.0
403508.0,2.61615992,1.0
403518.0,2.61615992,1.0
403554.0,2.61615992,1.0
403566.0,2.61615992,1.0
403628.0,2.61615992,1.0
403682.0,2.61615992,3.0
403800.0,2.61615992,1.0
403804.0,2.61615992,1.0
403818.0,2.61615992,3.0
403847.0,2.61615992,2.0
403851.0,2.61615992,1.0
403889.0,2.61615992,2.0
403941.0,2.61615992,1.0
404001.0,2.61615992,1.0
404023.0,2.61615992,2.0
404028.0,2.61615992,2.0
404029.0,2.61615992,1.0
404171.0,2.61615992,2.0
404184.0,2.61615992,2.0
404253.0,2.61615992,1.0
404258.0,2.61615992,1.0
404262.0,2.61615992,3.0
404285.0,2.61615992,1.0
404337.0,2.61615992,2.0
404343.0,2.61615992,2.0
404430.0,2.61615992,1.0
404431.0,2.61615992,4.0
404433.0,2.61615992,1.0
404455.0,2.61615992,2.0
404521.0,2.61615992,1.0
404543.0,2.61615992,2.0
404549.0,2.61615992,2.0
404570.0,2.61615992,1.0
404694.0,2.61615992,1.0
404737.0,2.61615992,2.0
404839.0,2.61615992,2.0
404909.0,2.61615992,1.0
404966.0,2.61615992,2.0
404977.0,2.61615992,1.0
405043.0,2.61615992,2.0
405146.0,2.61615992,4.0
405159.0,2.61615992,3.0
405239.0,2.61615992,1.0
405278.0,2.61615992,1.0
405287.0,2.61615992,1.0
405306.0,2.61615992,1.0
405314.0,2.61615992,1.0
405383.0,2.61615992,1.0
405407.0,2.61615992,2.0
405482.0,2.61615992,1.0
405542.0,2.61615992,1.0
405733.0,2.61615992,1.0
405756.0,2.61615992,2.0
405870.0,2.61615992,1.0
405950.0,2.61615992,3.0
405973.0,2.61615992,1.0
406062.0,2.61615992,2.0
406131.0,2.61615992,1.0
406172.0,2.61615992,2.0
406180.0,2.61615992,1.0
406334.0,2.61615992,1.0
406344.0,2.61615992,1.0
406353.0,2.61615992,1.0
406388.0,2.61615992,1.0
406392.0,2.61615992,1.0
406436.0,2.61615992,3.0
406450.0,2.61615992,2.0
406477.0,2.61615992,1.0
406483.0,2.61615992,2.0
406540.0,2.61615992,4.0
406592.0,2.61615992,1.0
406634.0,2.61615992,3.0
406660.0,2.61615992,1.0
406911.0,2.61615992,1.0
406953.0,2.61615992,2.0
406962.0,2.61615992,1.0
407083.0,2.61615992,2.0
407089.0,2.61615992,2.0
407138.0,2.61615992,1.0
407170.0,2.61615992,1.0
407253.0,2.61615992,1.0
407255.0,2.61615992,1.0
407324.0,2.61615992,2.0
407366.0,2.61615992,1.0
407487.0,2.61615992,2.0
407520.0,2.61615992,2.0
407535.0,2.61615992,2.0
407623.0,2.61615992,1.0
407701.0,2.61615992,2.0
407761.0,2.61615992,2.0
407773.0,2.61615992,1.0
407847.0,2.61615992,3.0
407859.0,2.61615992,2.0
407966.0,2.61615992,2.0
408026.0,2.61615992,3.0
408031.0,2.61615992,3.0
408062.0,2.61615992,2.0
408088.0,2.61615992,2.0
408144.0,2.61615992,1.0
408189.0,2.61615992,1.0
408205.0,2.61615992,2.0
408207.0,2.61615992,3.0
408223.0,2.61615992,2.0
408230.0,2.61615992,1.0
408333.0,2.61615992,2.0
408352.0,2.61615992,2.0
408356.0,2.61615992,2.0
408475.0,2.61615992,1.0
408794.0,2.61615992,2.0
408898.0,2.61615992,1.0
408936.0,2.61615992,1.0
409015.0,2.61615992,2.0
409017.0,2.61615992,2.0
409133.0,2.61615992,1.0
409320.0,2.61615992,2.0
409321.0,2.61615992,2.0
409353.0,2.61615992,2.0
409658.0,2.61615992,3.0
409678.0,2.61615992,1.0
409693.0,2.61615992,1.0
409727.0,2.61615992,1.0
409730.0,2.61615992,1.0
409753.0,2.61615992,1.0
402264.0,2.61615992,2.0
402339.0,2.61615992,3.0
402568.0,2.61615992,3.0
402978.0,2.61615992,2.0
403517.0,2.61615992,2.0
406840.0,2.61615992,3.0
409829.0,2.61615992,2.0
400291.0,2.61615992,1.0
400346.0,2.61615992,1.0
400402.0,2.61615992,1.0
400474.0,2.61615992,1.0
400505.0,2.61615992,2.0
400913.0,2.61615992,1.0
401048.0,2.61615992,1.0
401580.0,2.61615992,1.0
401585.0,2.61615992,1.0
401589.0,2.61615992,1.0
401645.0,2.61615992,1.0
401921.0,2.61615992,1.0
401938.0,2.61615992,1.0
401997.0,2.61615992,1.0
402150.0,2.61615992,1.0
402557.0,2.61615992,1.0
402777.0,2.61615992,1.0
402819.0,2.61615992,1.0
402837.0,2.61615992,1.0
402871.0,2.61615992,1.0
403071.0,2.61615992,1.0
403271.0,2.61615992,1.0
403314.0,2.61615992,1.0
403461.0,2.61615992,2.0
404034.0,2.61615992,1.0
404165.0,2.61615992,1.0
404237.0,2.61615992,1.0
404294.0,2.61615992,1.0
404616.0,2.61615992,1.0
404721.0,2.61615992,1.0
405354.0,2.61615992,1.0
405357.0,2.61615992,1.0
405660.0,2.61615992,1.0
406227.0,2.61615992,2.0
406410.0,2.61615992,1.0
407453.0,2.61615992,1.0
407525.0,2.61615992,1.0
407612.0,2.61615992,1.0
407728.0,2.61615992,1.0
407765.0,2.61615992,1.0
408055.0,2.61615992,1.0
408259.0,2.61615992,1.0
409043.0,2.61615992,1.0
409085.0,2.61615992,1.0
409591.0,2.61615992,1.0
409919.0,2.61615992,1.0
400080.0,2.61615992,1.0
400976.0,2.61615992,1.0
402352.0,2.61615992,1.0
403745.0,2.61615992,1.0
403850.0,2.61615992,1.0
404522.0,2.61615992,1.0
404579.0,2.61615992,1.0
405212.0,2.61615992,1.0
405540.0,2.61615992,1.0
406166.0,2.61615992,1.0
406573.0,2.61615992,1.0
407238.0,2.61615992,1.0
407357.0,2.61615992,1.0
410027.0,2.65656996,2.0
410036.0,2.65656996,2.0
410085.0,2.65656996,3.0
410346.0,2.65656996,2.0
410474.0,2.65656996,3.0
410592.0,2.65656996,3.0
410620.0,2.65656996,3.0
410642.0,2.65656996,2.0
410665.0,2.65656996,2.0
410683.0,2.65656996,2.0
410730.0,2.65656996,1.0
410737.0,2.65656996,3.0
410790.0,2.65656996,1.0
410800.0,2.65656996,2.0
410896.0,2.65656996,2.0
411000.0,2.65656996,3.0
411019.0,2.65656996,1.0
411041.0,2.65656996,3.0
411106.0,2.65656996,1.0
411132.0,2.65656996,1.0
411138.0,2.65656996,1.0
411202.0,2.65656996,2.0
411308.0,2.65656996,2.0
411354.0,2.65656996,2.0
411449.0,2.65656996,1.0
411983.0,2.65656996,2.0
412087.0,2.65656996,3.0
412210.0,2.65656996,2.0
412239.0,2.65656996,2.0
412264.0,2.65656996,2.0
412271.0,2.65656996,3.0
412368.0,2.65656996,2.0
412404.0,2.65656996,3.0
412413.0,2.65656996,2.0
412716.0,2.65656996,2.0
412775.0,2.65656996,1.0
412786.0,2.65656996,1.0
412819.0,2.65656996,2.0
412826.0,2.65656996,1.0
413089.0,2.65656996,3.0
413459.0,2.65656996,2.0
413492.0,2.65656996,3.0
413501.0,2.65656996,1.0
413527.0,2.65656996,1.0
413577.0,2.65656996,2.0
413711.0,2.65656996,3.0
413809.0,2.65656996,2.0
413972.0,2.65656996,3.0
413982.0,2.65656996,1.0
413995.0,2.65656996,2.0
413996.0,2.65656996,2.0
414045.0,2.65656996,3.0
414059.0,2.65656996,2.0
414096.0,2.65656996,3.0
414211.0,2.65656996,1.0
414237.0,2.65656996,3.0
414274.0,2.65656996,3.0
414407.0,2.65656996,3.0
414476.0,2.65656996,2.0
414546.0,2.65656996,3.0
414575.0,2.65656996,1.0
414579.0,2.65656996,2.0
414603.0,2.65656996,2.0
414637.0,2.65656996,1.0
414691.0,2.65656996,3.0
414866.0,2.65656996,3.0
414890.0,2.65656996,3.0
414906.0,2.65656996,1.0
414909.0,2.65656996,1.0
415044.0,2.65656996,2.0
415051.0,2.65656996,3.0
415146.0,2.65656996,3.0
415157.0,2.65656996,1.0
415212.0,2.65656996,2.0
415253.0,2.65656996,1.0
415260.0,2.65656996,1.0
415407.0,2.65656996,3.0
415446.0,2.65656996,3.0
415488.0,2.65656996,2.0
415521.0,2.65656996,2.0
415540.0,2.65656996,2.0
415548.0,2.65656996,3.0
415642.0,2.65656996,2.0
415893.0,2.65656996,2.0
415941.0,2.65656996,1.0
415989.0,2.65656996,3.0
416162.0,2.65656996,2.0
416166.0,2.65656996,2.0
416227.0,2.65656996,2.0
416266.0,2.65656996,2.0
416410.0,2.65656996,3.0
416436.0,2.65656996,2.0
416483.0,2.65656996,3.0
416707.0,2.65656996,2.0
416747.0,2.65656996,1.0
416969.0,2.65656996,2.0
416986.0,2.65656996,3.0
417308.0,2.65656996,3.0
417415.0,2.65656996,3.0
417482.0,2.65656996,2.0
417520.0,2.65656996,3.0
417525.0,2.65656996,3.0
417563.0,2.65656996,1.0
417682.0,2.65656996,1.0
417706.0,2.65656996,2.0
417711.0,2.65656996,3.0
417761.0,2.65656996,2.0
417778.0,2.65656996,3.0
417870.0,2.65656996,1.0
417881.0,2.65656996,1.0
418026.0,2.65656996,2.0
418082.0,2.65656996,2.0
418163.0,2.65656996,1.0
418276.0,2.65656996,3.0
418304.0,2.65656996,2.0
418305.0,2.65656996,3.0
418436.0,2.65656996,1.0
418485.0,2.65656996,1.0
418678.0,2.65656996,3.0
418679.0,2.65656996,1.0
418691.0,2.65656996,3.0
418805.0,2.65656996,3.0
418868.0,2.65656996,1.0
418869.0,2.65656996,3.0
418986.0,2.65656996,1.0
419050.0,2.65656996,2.0
419054.0,2.65656996,2.0
419059.0,2.65656996,2.0
419068.0,2.65656996,2.0
419250.0,2.65656996,1.0
419320.0,2.65656996,3.0
419510.0,2.65656996,2.0
419527.0,2.65656996,1.0
419658.0,2.65656996,2.0
419723.0,2.65656996,3.0
419749.0,2.65656996,1.0
419841.0,2.65656996,3.0
419891.0,2.65656996,2.0
410388.0,2.65656996,2.0
410389.0,2.65656996,1.0
410681.0,2.65656996,1.0
410837.0,2.65656996,1.0
410982.0,2.65656996,1.0
411046.0,2.65656996,1.0
411200.0,2.65656996,1.0
411256.0,2.65656996,1.0
411585.0,2.65656996,1.0
411730.0,2.65656996,1.0
411777.0,2.65656996,1.0
411921.0,2.65656996,1.0
411964.0,2.65656996,1.0
411997.0,2.65656996,1.0
412043.0,2.65656996,1.0
412150.0,2.65656996,1.0
412273.0,2.65656996,1.0
412340.0,2.65656996,1.0
412424.0,2.65656996,1.0
412557.0,2.65656996,1.0
412766.0,2.65656996,1.0
412777.0,2.65656996,1.0
412861.0,2.65656996,1.0
412978.0,2.65656996,1.0
413055.0,2.65656996,1.0
413071.0,2.65656996,1.0
413218.0,2.65656996,1.0
413305.0,2.65656996,1.0
413461.0,2.65656996,1.0
413474.0,2.65656996,1.0
413530.0,2.65656996,1.0
413813.0,2.65656996,1.0
413818.0,2.65656996,1.0
413944.0,2.65656996,1.0
414034.0,2.65656996,1.0
414103.0,2.65656996,1.0
414165.0,2.65656996,1.0
414251.0,2.65656996,1.0
414281.0,2.65656996,1.0
414721.0,2.65656996,1.0
414741.0,2.65656996,1.0
414990.0,2.65656996,1.0
415030.0,2.65656996,1.0
415652.0,2.65656996,1.0
415660.0,2.65656996,1.0
415818.0,2.65656996,1.0
415895.0,2.65656996,1.0
416046.0,2.65656996,1.0
416241.0,2.65656996,1.0
416322.0,2.65656996,1.0
416326.0,2.65656996,1.0
416347.0,2.65656996,1.0
416432.0,2.65656996,1.0
416540.0,2.65656996,1.0
416556.0,2.65656996,1.0
416634.0,2.65656996,1.0
416818.0,2.65656996,1.0
416913.0,2.65656996,1.0
417226.0,2.65656996,1.0
417238.0,2.65656996,1.0
417341.0,2.65656996,1.0
417535.0,2.65656996,1.0
417612.0,2.65656996,1.0
417721.0,2.65656996,1.0
417728.0,2.65656996,1.0
417752.0,2.65656996,1.0
417765.0,2.65656996,1.0
417829.0,2.65656996,1.0
418031.0,2.65656996,1.0
418086.0,2.65656996,1.0
418105.0,2.65656996,1.0
418535.0,2.65656996,1.0
419015.0,2.65656996,1.0
419085.0,2.65656996,1.0
419185.0,2.65656996,1.0
419321.0,2.65656996,1.0
419661.0,2.65656996,1.0
419828.0,2.65656996,1.0
419829.0,2.65656996,1.0
420027.0,2.69696999,1.0
420207.0,2.69696999,1.0
420278.0,2.69696999,2.0
420291.0,2.69696999,1.0
420334.0,2.69696999,1.0
420367.0,2.69696999,1.0
420403.0,2.69696999,1.0
420438.0,2.69696999,1.0
420439.0,2.69696999,1.0
420461.0,2.69696999,2.0
420505.0,2.69696999,1.0
420541.0,2.69696999,1.0
420543.0,2.69696999,2.0
420727.0,2.69696999,1.0
420730.0,2.69696999,1.0
420866.0,2.69696999,1.0
420884.0,2.69696999,2.0
421008.0,2.69696999,2.0
421203.0,2.69696999,1.0
421226.0,2.69696999,1.0
421318.0,2.69696999,1.0
421354.0,2.69696999,1.0
421396.0,2.69696999,2.0
421406.0,2.69696999,1.0
421537.0,2.69696999,2.0
421544.0,2.69696999,1.0
421563.0,2.69696999,2.0
421568.0,2.69696999,1.0
421580.0,2.69696999,2.0
421741.0,2.69696999,2.0
421906.0,2.69696999,3.0
421944.0,2.69696999,1.0
421957.0,2.69696999,1.0
422312.0,2.69696999,1.0
422365.0,2.69696999,1.0
422542.0,2.69696999,1.0
422726.0,2.69696999,1.0
422861.0,2.69696999,2.0
422878.0,2.69696999,1.0
422959.0,2.69696999,1.0
422974.0,2.69696999,1.0
422978.0,2.69696999,2.0
423071.0,2.69696999,1.0
423081.0,2.69696999,1.0
423106.0,2.69696999,1.0
423203.0,2.69696999,3.0
423251.0,2.69696999,2.0
423275.0,2.69696999,1.0
423276.0,2.69696999,1.0
423297.0,2.69696999,1.0
423300.0,2.69696999,2.0
423310.0,2.69696999,1.0
423436.0,2.69696999,1.0
423451.0,2.69696999,1.0
423513.0,2.69696999,1.0
423517.0,2.69696999,2.0
423554.0,2.69696999,1.0
423566.0,2.69696999,3.0
423672.0,2.69696999,1.0
423944.0,2.69696999,1.0
423953.0,2.69696999,1.0
423987.0,2.69696999,1.0
423994.0,2.69696999,1.0
424045.0,2.69696999,2.0
424047.0,2.69696999,1.0
424173.0,2.69696999,1.0
424232.0,2.69696999,1.0
424294.0,2.69696999,2.0
424412.0,2.69696999,1.0
424567.0,2.69696999,1.0
424590.0,2.69696999,3.0
424597.0,2.69696999,1.0
424758.0,2.69696999,1.0
424811.0,2.69696999,1.0
424943.0,2.69696999,1.0
425030.0,2.69696999,2.0
425101.0,2.69696999,1.0
425204.0,2.69696999,2.0
425239.0,2.69696999,1.0
425327.0,2.69696999,1.0
425379.0,2.69696999,1.0
425419.0,2.69696999,3.0
425435.0,2.69696999,1.0
425437.0,2.69696999,2.0
425470.0,2.69696999,1.0
425474.0,2.69696999,2.0
425532.0,2.69696999,1.0
425542.0,2.69696999,1.0
425566.0,2.69696999,1.0
425582.0,2.69696999,1.0
425639.0,2.69696999,2.0
425807.0,2.69696999,1.0
425814.0,2.69696999,2.0
425815.0,2.69696999,2.0
425886.0,2.69696999,1.0
425969.0,2.69696999,1.0
426029.0,2.69696999,1.0
426071.0,2.69696999,1.0
426118.0,2.69696999,1.0
426156.0,2.69696999,1.0
426347.0,2.69696999,1.0
426464.0,2.69696999,1.0
426519.0,2.69696999,1.0
426551.0,2.69696999,1.0
426574.0,2.69696999,1.0
426584.0,2.69696999,1.0
426634.0,2.69696999,2.0
426650.0,2.69696999,1.0
426814.0,2.69696999,1.0
426860.0,2.69696999,2.0
426935.0,2.69696999,1.0
426967.0,2.69696999,1.0
427050.0,2.69696999,2.0
427080.0,2.69696999,1.0
427238.0,2.69696999,1.0
427309.0,2.69696999,1.0
427415.0,2.69696999,2.0
427500.0,2.69696999,1.0
427616.0,2.69696999,3.0
427710.0,2.69696999,2.0
427879.0,2.69696999,2.0
427923.0,2.69696999,1.0
428015.0,2.69696999,1.0
428154.0,2.69696999,1.0
428187.0,2.69696999,1.0
428277.0,2.69696999,1.0
428405.0,2.69696999,1.0
428497.0,2.69696999,1.0
428553.0,2.69696999,1.0
428570.0,2.69696999,2.0
428759.0,2.69696999,1.0
428898.0,2.69696999,3.0
428904.0,2.69696999,1.0
428910.0,2.69696999,1.0
428993.0,2.69696999,2.0
429039.0,2.69696999,1.0
429177.0,2.69696999,2.0
429218.0,2.69696999,2.0
429319.0,2.69696999,1.0
429381.0,2.69696999,2.0
429460.0,2.69696999,1.0
429547.0,2.69696999,1.0
429550.0,2.69696999,1.0
429565.0,2.69696999,1.0
429586.0,2.69696999,2.0
429661.0,2.69696999,1.0
429681.0,2.69696999,2.0
429841.0,2.69696999,2.0
429847.0,2.69696999,1.0
429919.0,2.69696999,3.0
429932.0,2.69696999,1.0
420024.0,2.69696999,1.0
420040.0,2.69696999,1.0
420109.0,2.69696999,1.0
420136.0,2.69696999,1.0
420238.0,2.69696999,1.0
420316.0,2.69696999,1.0
420373.0,2.69696999,1.0
420400.0,2.69696999,1.0
420585.0,2.69696999,1.0
420592.0,2.69696999,1.0
420620.0,2.69696999,1.0
420665.0,2.69696999,2.0
420681.0,2.69696999,1.0
420737.0,2.69696999,1.0
420783.0,2.69696999,1.0
420837.0,2.69696999,1.0
420841.0,2.69696999,1.0
420846.0,2.69696999,1.0
420870.0,2.69696999,1.0
420914.0,2.69696999,1.0
420973.0,2.69696999,1.0
421046.0,2.69696999,1.0
421078.0,2.69696999,2.0
421108.0,2.69696999,1.0
421156.0,2.69696999,1.0
421238.0,2.69696999,1.0
421316.0,2.69696999,1.0
421479.0,2.69696999,1.0
421486.0,2.69696999,1.0
421572.0,2.69696999,2.0
421576.0,2.69696999,1.0
421585.0,2.69696999,1.0
421645.0,2.69696999,1.0
421695.0,2.69696999,1.0
421824.0,2.69696999,1.0
421964.0,2.69696999,1.0
421982.0,2.69696999,2.0
422047.0,2.69696999,1.0
422216.0,2.69696999,1.0
422368.0,2.69696999,1.0
422389.0,2.69696999,1.0
422404.0,2.69696999,1.0
422461.0,2.69696999,1.0
422503.0,2.69696999,1.0
422568.0,2.69696999,1.0
422571.0,2.69696999,1.0
422633.0,2.69696999,1.0
422634.0,2.69696999,1.0
422764.0,2.69696999,1.0
422777.0,2.69696999,1.0
422871.0,2.69696999,2.0
422894.0,2.69696999,1.0
423019.0,2.69696999,1.0
423027.0,2.69696999,1.0
423108.0,2.69696999,1.0
423110.0,2.69696999,1.0
423142.0,2.69696999,1.0
423162.0,2.69696999,1.0
423290.0,2.69696999,1.0
423302.0,2.69696999,1.0
423340.0,2.69696999,1.0
423376.0,2.69696999,1.0
423392.0,2.69696999,1.0
423414.0,2.69696999,1.0
423454.0,2.69696999,2.0
423493.0,2.69696999,1.0
423512.0,2.69696999,1.0
423529.0,2.69696999,1.0
423530.0,2.69696999,1.0
423550.0,2.69696999,1.0
423711.0,2.69696999,1.0
423809.0,2.69696999,1.0
423813.0,2.69696999,1.0
423857.0,2.69696999,1.0
423889.0,2.69696999,1.0
423977.0,2.69696999,1.0
423984.0,2.69696999,1.0
424135.0,2.69696999,1.0
424138.0,2.69696999,1.0
424165.0,2.69696999,1.0
424171.0,2.69696999,1.0
424237.0,2.69696999,1.0
424308.0,2.69696999,1.0
424345.0,2.69696999,1.0
424348.0,2.69696999,1.0
424352.0,2.69696999,1.0
424364.0,2.69696999,1.0
424408.0,2.69696999,1.0
424430.0,2.69696999,1.0
424518.0,2.69696999,1.0
424543.0,2.69696999,1.0
424614.0,2.69696999,1.0
424866.0,2.69696999,1.0
424936.0,2.69696999,1.0
424966.0,2.69696999,1.0
425050.0,2.69696999,1.0
425051.0,2.69696999,1.0
425105.0,2.69696999,1.0
425160.0,2.69696999,1.0
425191.0,2.69696999,1.0
425353.0,2.69696999,1.0
425357.0,2.69696999,1.0
425390.0,2.69696999,1.0
425407.0,2.69696999,1.0
425543.0,2.69696999,1.0
425596.0,2.69696999,1.0
425728.0,2.69696999,1.0
425803.0,2.69696999,1.0
425945.0,2.69696999,1.0
426009.0,2.69696999,1.0
426276.0,2.69696999,1.0
426337.0,2.69696999,1.0
426344.0,2.69696999,1.0
426388.0,2.69696999,1.0
426432.0,2.69696999,1.0
426446.0,2.69696999,1.0
426465.0,2.69696999,1.0
426520.0,2.69696999,1.0
426540.0,2.69696999,1.0
426556.0,2.69696999,1.0
426813.0,2.69696999,1.0
426986.0,2.69696999,1.0
427083.0,2.69696999,1.0
427170.0,2.69696999,1.0
427255.0,2.69696999,1.0
427520.0,2.69696999,1.0
427694.0,2.69696999,1.0
427699.0,2.69696999,1.0
427701.0,2.69696999,1.0
427706.0,2.69696999,1.0
427752.0,2.69696999,1.0
427773.0,2.69696999,1.0
427829.0,2.69696999,1.0
427941.0,2.69696999,1.0
427943.0,2.69696999,1.0
427957.0,2.69696999,1.0
428041.0,2.69696999,1.0
428088.0,2.69696999,1.0
428171.0,2.69696999,1.0
428207.0,2.69696999,1.0
428230.0,2.69696999,1.0
428247.0,2.69696999,1.0
428356.0,2.69696999,1.0
428469.0,2.69696999,1.0
428473.0,2.69696999,1.0
428493.0,2.69696999,1.0
428499.0,2.69696999,1.0
428678.0,2.69696999,1.0
428691.0,2.69696999,1.0
428725.0,2.69696999,1.0
428769.0,2.69696999,1.0
428783.0,2.69696999,1.0
428795.0,2.69696999,1.0
429009.0,2.69696999,1.0
429015.0,2.69696999,1.0
429026.0,2.69696999,1.0
429085.0,2.69696999,1.0
429189.0,2.69696999,1.0
429320.0,2.69696999,1.0
429321.0,2.69696999,1.0
429353.0,2.69696999,1.0
429434.0,2.69696999,1.0
429477.0,2.69696999,1.0
429622.0,2.69696999,1.0
429626.0,2.69696999,1.0
429747.0,2.69696999,1.0
429754.0,2.69696999,1.0
429857.0,2.69696999,1.0
429944.0,2.69696999,1.0
429981.0,2.69696999,1.0
424823.0,2.69696999,1.0
429727.0,2.69696999,1.0
429917.0,2.69696999,1.0
423671.0,2.69696999,1.0
425893.0,2.69696999,1.0
430024.0,2.73737001,2.0
430032.0,2.73737001,1.0
430040.0,2.73737001,2.0
430085.0,2.73737001,1.0
430120.0,2.73737001,1.0
430244.0,2.73737001,1.0
430388.0,2.73737001,1.0
430425.0,2.73737001,1.0
430474.0,2.73737001,1.0
430551.0,2.73737001,2.0
430592.0,2.73737001,1.0
430628.0,2.73737001,1.0
430680.0,2.73737001,1.0
430687.0,2.73737001,1.0
430725.0,2.73737001,1.0
430737.0,2.73737001,1.0
430754.0,2.73737001,3.0
430796.0,2.73737001,1.0
430800.0,2.73737001,1.0
430837.0,2.73737001,1.0
430841.0,2.73737001,2.0
430982.0,2.73737001,1.0
430997.0,2.73737001,1.0
431000.0,2.73737001,1.0
431008.0,2.73737001,1.0
431051.0,2.73737001,1.0
431099.0,2.73737001,1.0
431106.0,2.73737001,1.0
431124.0,2.73737001,1.0
431138.0,2.73737001,1.0
431156.0,2.73737001,1.0
431200.0,2.73737001,1.0
431282.0,2.73737001,1.0
431308.0,2.73737001,1.0
431341.0,2.73737001,1.0
431436.0,2.73737001,1.0
431458.0,2.73737001,1.0
431479.0,2.73737001,1.0
431563.0,2.73737001,1.0
431576.0,2.73737001,1.0
431580.0,2.73737001,1.0
431695.0,2.73737001,1.0
431713.0,2.73737001,1.0
431730.0,2.73737001,1.0
431781.0,2.73737001,1.0
431824.0,2.73737001,1.0
431907.0,2.73737001,1.0
431921.0,2.73737001,1.0
431938.0,2.73737001,1.0
431986.0,2.73737001,1.0
431997.0,2.73737001,1.0
432015.0,2.73737001,1.0
432026.0,2.73737001,1.0
432047.0,2.73737001,1.0
432087.0,2.73737001,1.0
432173.0,2.73737001,1.0
432177.0,2.73737001,1.0
432210.0,2.73737001,1.0
432239.0,2.73737001,1.0
432264.0,2.73737001,1.0
432271.0,2.73737001,1.0
432273.0,2.73737001,1.0
432324.0,2.73737001,1.0
432339.0,2.73737001,1.0
432340.0,2.73737001,1.0
432368.0,2.73737001,1.0
432397.0,2.73737001,1.0
432424.0,2.73737001,1.0
432571.0,2.73737001,2.0
432624.0,2.73737001,1.0
432633.0,2.73737001,1.0
432702.0,2.73737001,1.0
432711.0,2.73737001,1.0
432716.0,2.73737001,1.0
432725.0,2.73737001,2.0
432736.0,2.73737001,1.0
432760.0,2.73737001,2.0
432861.0,2.73737001,1.0
432862.0,2.73737001,1.0
432872.0,2.73737001,1.0
432887.0,2.73737001,1.0
432978.0,2.73737001,1.0
433019.0,2.73737001,2.0
433063.0,2.73737001,1.0
433142.0,2.73737001,1.0
433145.0,2.73737001,1.0
433197.0,2.73737001,1.0
433252.0,2.73737001,3.0
433254.0,2.73737001,2.0
433314.0,2.73737001,1.0
433340.0,2.73737001,2.0
433363.0,2.73737001,1.0
433376.0,2.73737001,1.0
433411.0,2.73737001,1.0
433454.0,2.73737001,1.0
433492.0,2.73737001,1.0
433495.0,2.73737001,1.0
433508.0,2.73737001,1.0
433517.0,2.73737001,1.0
433588.0,2.73737001,1.0
433644.0,2.73737001,1.0
433653.0,2.73737001,1.0
433671.0,2.73737001,1.0
433711.0,2.73737001,1.0
433771.0,2.73737001,1.0
433777.0,2.73737001,1.0
433813.0,2.73737001,1.0
433818.0,2.73737001,2.0
433936.0,2.73737001,1.0
433972.0,2.73737001,3.0
433977.0,2.73737001,1.0
433984.0,2.73737001,3.0
433995.0,2.73737001,1.0
433996.0,2.73737001,1.0
434004.0,2.73737001,1.0
434015.0,2.73737001,1.0
434043.0,2.73737001,1.0
434045.0,2.73737001,1.0
434054.0,2.73737001,1.0
434135.0,2.73737001,1.0
434262.0,2.73737001,2.0
434343.0,2.73737001,2.0
434362.0,2.73737001,1.0
434364.0,2.73737001,4.0
434408.0,2.73737001,3.0
434431.0,2.73737001,1.0
434437.0,2.73737001,1.0
434546.0,2.73737001,1.0
434603.0,2.73737001,1.0
434737.0,2.73737001,1.0
434739.0,2.73737001,1.0
434741.0,2.73737001,1.0
434802.0,2.73737001,1.0
434834.0,2.73737001,1.0
434866.0,2.73737001,1.0
434890.0,2.73737001,1.0
434936.0,2.73737001,1.0
434975.0,2.73737001,2.0
434990.0,2.73737001,1.0
435022.0,2.73737001,2.0
435074.0,2.73737001,1.0
435223.0,2.73737001,1.0
435278.0,2.73737001,1.0
435318.0,2.73737001,1.0
435354.0,2.73737001,1.0
435429.0,2.73737001,1.0
435488.0,2.73737001,1.0
435503.0,2.73737001,2.0
435521.0,2.73737001,1.0
435534.0,2.73737001,1.0
435543.0,2.73737001,1.0
435642.0,2.73737001,1.0
435652.0,2.73737001,1.0
435660.0,2.73737001,1.0
435708.0,2.73737001,1.0
435728.0,2.73737001,2.0
435805.0,2.73737001,3.0
435815.0,2.73737001,1.0
435818.0,2.73737001,1.0
435844.0,2.73737001,1.0
435969.0,2.73737001,1.0
436113.0,2.73737001,1.0
436118.0,2.73737001,1.0
436125.0,2.73737001,1.0
436131.0,2.73737001,1.0
436162.0,2.73737001,1.0
436224.0,2.73737001,1.0
436227.0,2.73737001,1.0
436241.0,2.73737001,1.0
436295.0,2.73737001,2.0
436326.0,2.73737001,1.0
436337.0,2.73737001,1.0
436347.0,2.73737001,1.0
436520.0,2.73737001,1.0
436525.0,2.73737001,1.0
436540.0,2.73737001,1.0
436636.0,2.73737001,1.0
436648.0,2.73737001,1.0
436747.0,2.73737001,1.0
436818.0,2.73737001,1.0
436840.0,2.73737001,1.0
436986.0,2.73737001,1.0
437083.0,2.73737001,2.0
437150.0,2.73737001,1.0
437187.0,2.73737001,1.0
437189.0,2.73737001,1.0
437197.0,2.73737001,1.0
437219.0,2.73737001,1.0
437226.0,2.73737001,1.0
437264.0,2.73737001,1.0
437286.0,2.73737001,1.0
437298.0,2.73737001,1.0
437322.0,2.73737001,1.0
437341.0,2.73737001,1.0
437356.0,2.73737001,1.0
437366.0,2.73737001,1.0
437415.0,2.73737001,1.0
437453.0,2.73737001,1.0
437487.0,2.73737001,1.0
437525.0,2.73737001,1.0
437535.0,2.73737001,1.0
437536.0,2.73737001,1.0
437563.0,2.73737001,1.0
437565.0,2.73737001,1.0
437622.0,2.73737001,1.0
437626.0,2.73737001,1.0
437642.0,2.73737001,1.0
437659.0,2.73737001,3.0
437699.0,2.73737001,1.0
437701.0,2.73737001,1.0
437714.0,2.73737001,1.0
437728.0,2.73737001,1.0
437773.0,2.73737001,2.0
437817.0,2.73737001,1.0
437820.0,2.73737001,1.0
437847.0,2.73737001,2.0
437859.0,2.73737001,1.0
437877.0,2.73737001,2.0
437879.0,2.73737001,1.0
437881.0,2.73737001,1.0
437957.0,2.73737001,2.0
437966.0,2.73737001,1.0
438031.0,2.73737001,1.0
438041.0,2.73737001,1.0
438058.0,2.73737001,1.0
438113.0,2.73737001,1.0
438117.0,2.73737001,1.0
438146.0,2.73737001,1.0
438207.0,2.73737001,1.0
438305.0,2.73737001,1.0
438307.0,2.73737001,1.0
438356.0,2.73737001,1.0
438453.0,2.73737001,2.0
438462.0,2.73737001,1.0
438621.0,2.73737001,1.0
438718.0,2.73737001,1.0
438805.0,2.73737001,1.0
438820.0,2.73737001,1.0
438857.0,2.73737001,1.0
438879.0,2.73737001,1.0
438885.0,2.73737001,1.0
438897.0,2.73737001,1.0
438930.0,2.73737001,1.0
438972.0,2.73737001,1.0
439015.0,2.73737001,1.0
439029.0,2.73737001,1.0
439050.0,2.73737001,1.0
439054.0,2.73737001,1.0
439068.0,2.73737001,1.0
439085.0,2.73737001,1.0
439215.0,2.73737001,1.0
439220.0,2.73737001,1.0
439363.0,2.73737001,1.0
439385.0,2.73737001,1.0
439510.0,2.73737001,1.0
439527.0,2.73737001,1.0
439549.0,2.73737001,1.0
439591.0,2.73737001,1.0
439622.0,2.73737001,3.0
439658.0,2.73737001,1.0
439661.0,2.73737001,1.0
439693.0,2.73737001,1.0
439826.0,2.73737001,1.0
439829.0,2.73737001,1.0
439858.0,2.73737001,1.0
439891.0,2.73737001,1.0
439917.0,2.73737001,1.0
439919.0,2.73737001,1.0
439929.0,2.73737001,1.0
430005.0,2.73737001,1.0
430199.0,2.73737001,1.0
430366.0,2.73737001,1.0
430367.0,2.73737001,1.0
430452.0,2.73737001,1.0
430585.0,2.73737001,1.0
430702.0,2.73737001,1.0
430756.0,2.73737001,1.0
430889.0,2.73737001,1.0
431108.0,2.73737001,1.0
431206.0,2.73737001,1.0
431629.0,2.73737001,1.0
431982.0,2.73737001,1.0
432089.0,2.73737001,1.0
432192.0,2.73737001,1.0
432216.0,2.73737001,1.0
432269.0,2.73737001,1.0
432372.0,2.73737001,1.0
432400.0,2.73737001,1.0
432894.0,2.73737001,1.0
433147.0,2.73737001,1.0
433310.0,2.73737001,1.0
433552.0,2.73737001,1.0
433628.0,2.73737001,1.0
433686.0,2.73737001,1.0
433697.0,2.73737001,1.0
433809.0,2.73737001,1.0
433985.0,2.73737001,1.0
434029.0,2.73737001,1.0
434126.0,2.73737001,1.0
434130.0,2.73737001,1.0
434192.0,2.73737001,1.0
434421.0,2.73737001,1.0
434424.0,2.73737001,1.0
434521.0,2.73737001,1.0
434572.0,2.73737001,1.0
434590.0,2.73737001,1.0
434614.0,2.73737001,1.0
434758.0,2.73737001,1.0
434784.0,2.73737001,1.0
434904.0,2.73737001,1.0
434929.0,2.73737001,1.0
435200.0,2.73737001,1.0
435239.0,2.73737001,1.0
435287.0,2.73737001,1.0
435379.0,2.73737001,1.0
435410.0,2.73737001,1.0
435446.0,2.73737001,1.0
435621.0,2.73737001,1.0
435698.0,2.73737001,1.0
435973.0,2.73737001,1.0
436013.0,2.73737001,1.0
436205.0,2.73737001,1.0
436517.0,2.73737001,1.0
436556.0,2.73737001,1.0
436813.0,2.73737001,1.0
437170.0,2.73737001,1.0
437324.0,2.73737001,1.0
437348.0,2.73737001,1.0
437349.0,2.73737001,1.0
437385.0,2.73737001,1.0
437558.0,2.73737001,1.0
437620.0,2.73737001,1.0
437734.0,2.73737001,1.0
437888.0,2.73737001,1.0
438088.0,2.73737001,1.0
438228.0,2.73737001,1.0
438254.0,2.73737001,1.0
438333.0,2.73737001,1.0
438461.0,2.73737001,1.0
438898.0,2.73737001,1.0
438993.0,2.73737001,1.0
439189.0,2.73737001,1.0
439200.0,2.73737001,1.0
439241.0,2.73737001,1.0
439338.0,2.73737001,1.0
439540.0,2.73737001,1.0
439682.0,2.73737001,1.0
430620.0,2.73737001,1.0
431118.0,2.73737001,1.0
433341.0,2.73737001,1.0
435401.0,2.73737001,1.0
437694.0,2.73737001,1.0
440027.0,2.77778006,1.0
440036.0,2.77778006,2.0
440085.0,2.77778006,2.0
440199.0,2.77778006,2.0
440235.0,2.77778006,2.0
440389.0,2.77778006,2.0
440525.0,2.77778006,1.0
440592.0,2.77778006,2.0
440683.0,2.77778006,1.0
440690.0,2.77778006,1.0
440725.0,2.77778006,3.0
440730.0,2.77778006,1.0
440737.0,2.77778006,3.0
440760.0,2.77778006,1.0
440788.0,2.77778006,1.0
440837.0,2.77778006,2.0
440870.0,2.77778006,2.0
440884.0,2.77778006,1.0
440913.0,2.77778006,2.0
440914.0,2.77778006,3.0
440973.0,2.77778006,3.0
441023.0,2.77778006,1.0
441118.0,2.77778006,1.0
441138.0,2.77778006,1.0
441139.0,2.77778006,1.0
441147.0,2.77778006,2.0
441202.0,2.77778006,2.0
441203.0,2.77778006,2.0
441298.0,2.77778006,1.0
441406.0,2.77778006,1.0
441454.0,2.77778006,1.0
441536.0,2.77778006,1.0
441576.0,2.77778006,4.0
441777.0,2.77778006,3.0
441986.0,2.77778006,2.0
441997.0,2.77778006,2.0
442043.0,2.77778006,2.0
442047.0,2.77778006,3.0
442299.0,2.77778006,1.0
442303.0,2.77778006,2.0
442318.0,2.77778006,2.0
442331.0,2.77778006,1.0
442339.0,2.77778006,3.0
442343.0,2.77778006,1.0
442376.0,2.77778006,1.0
442461.0,2.77778006,2.0
442568.0,2.77778006,2.0
442576.0,2.77778006,1.0
442819.0,2.77778006,2.0
442861.0,2.77778006,2.0
442862.0,2.77778006,1.0
442872.0,2.77778006,3.0
442886.0,2.77778006,2.0
442894.0,2.77778006,1.0
443088.0,2.77778006,2.0
443089.0,2.77778006,2.0
443142.0,2.77778006,3.0
443240.0,2.77778006,1.0
443314.0,2.77778006,2.0
443411.0,2.77778006,2.0
443414.0,2.77778006,1.0
443492.0,2.77778006,2.0
443493.0,2.77778006,1.0
443495.0,2.77778006,2.0
443501.0,2.77778006,1.0
443517.0,2.77778006,2.0
443544.0,2.77778006,2.0
443550.0,2.77778006,3.0
443655.0,2.77778006,1.0
443745.0,2.77778006,1.0
443827.0,2.77778006,1.0
443850.0,2.77778006,1.0
443944.0,2.77778006,2.0
443994.0,2.77778006,1.0
443996.0,2.77778006,3.0
444004.0,2.77778006,2.0
444015.0,2.77778006,2.0
444025.0,2.77778006,2.0
444107.0,2.77778006,1.0
444130.0,2.77778006,1.0
444187.0,2.77778006,1.0
444211.0,2.77778006,2.0
444232.0,2.77778006,1.0
444264.0,2.77778006,2.0
444274.0,2.77778006,2.0
444308.0,2.77778006,2.0
444364.0,2.77778006,3.0
444431.0,2.77778006,2.0
444476.0,2.77778006,2.0
444484.0,2.77778006,1.0
444522.0,2.77778006,1.0
444546.0,2.77778006,2.0
444549.0,2.77778006,2.0
444572.0,2.77778006,1.0
444603.0,2.77778006,2.0
444616.0,2.77778006,2.0
444739.0,2.77778006,2.0
444802.0,2.77778006,3.0
444822.0,2.77778006,2.0
444831.0,2.77778006,1.0
444833.0,2.77778006,1.0
444990.0,2.77778006,2.0
445005.0,2.77778006,1.0
445044.0,2.77778006,2.0
445051.0,2.77778006,2.0
445074.0,2.77778006,3.0
445088.0,2.77778006,1.0
445146.0,2.77778006,2.0
445160.0,2.77778006,2.0
445200.0,2.77778006,1.0
445204.0,2.77778006,1.0
445328.0,2.77778006,1.0
445344.0,2.77778006,2.0
445354.0,2.77778006,2.0
445390.0,2.77778006,3.0
445401.0,2.77778006,1.0
445437.0,2.77778006,1.0
445450.0,2.77778006,1.0
445451.0,2.77778006,1.0
445465.0,2.77778006,2.0
445474.0,2.77778006,2.0
445488.0,2.77778006,2.0
445543.0,2.77778006,2.0
445621.0,2.77778006,1.0
445749.0,2.77778006,1.0
445803.0,2.77778006,1.0
445844.0,2.77778006,2.0
445866.0,2.77778006,1.0
445944.0,2.77778006,1.0
445945.0,2.77778006,1.0
446095.0,2.77778006,3.0
446109.0,2.77778006,1.0
446162.0,2.77778006,2.0
446180.0,2.77778006,1.0
446241.0,2.77778006,2.0
446270.0,2.77778006,1.0
446337.0,2.77778006,3.0
446347.0,2.77778006,2.0
446520.0,2.77778006,2.0
446590.0,2.77778006,1.0
446648.0,2.77778006,2.0
446650.0,2.77778006,1.0
446767.0,2.77778006,1.0
446814.0,2.77778006,2.0
446935.0,2.77778006,1.0
446969.0,2.77778006,2.0
446973.0,2.77778006,1.0
447050.0,2.77778006,3.0
447210.0,2.77778006,1.0
447226.0,2.77778006,2.0
447298.0,2.77778006,3.0
447308.0,2.77778006,2.0
447453.0,2.77778006,2.0
447471.0,2.77778006,3.0
447482.0,2.77778006,1.0
447514.0,2.77778006,2.0
447535.0,2.77778006,3.0
447636.0,2.77778006,1.0
447673.0,2.77778006,1.0
447694.0,2.77778006,2.0
447699.0,2.77778006,2.0
447701.0,2.77778006,2.0
447721.0,2.77778006,2.0
447737.0,2.77778006,1.0
447761.0,2.77778006,3.0
447765.0,2.77778006,2.0
447847.0,2.77778006,2.0
447852.0,2.77778006,1.0
447879.0,2.77778006,2.0
447917.0,2.77778006,2.0
447991.0,2.77778006,1.0
448026.0,2.77778006,2.0
448050.0,2.77778006,1.0
448088.0,2.77778006,2.0
448161.0,2.77778006,1.0
448259.0,2.77778006,2.0
448276.0,2.77778006,2.0
448392.0,2.77778006,1.0
448468.0,2.77778006,1.0
448513.0,2.77778006,2.0
448679.0,2.77778006,1.0
448686.0,2.77778006,1.0
448691.0,2.77778006,2.0
448796.0,2.77778006,2.0
448857.0,2.77778006,2.0
448868.0,2.77778006,1.0
448921.0,2.77778006,1.0
449009.0,2.77778006,2.0
449015.0,2.77778006,3.0
449026.0,2.77778006,1.0
449039.0,2.77778006,1.0
449086.0,2.77778006,1.0
449133.0,2.77778006,1.0
449202.0,2.77778006,1.0
449234.0,2.77778006,1.0
449270.0,2.77778006,3.0
449298.0,2.77778006,1.0
449381.0,2.77778006,1.0
449389.0,2.77778006,1.0
449556.0,2.77778006,2.0
449658.0,2.77778006,3.0
449723.0,2.77778006,2.0
449824.0,2.77778006,1.0
449842.0,2.77778006,1.0
449919.0,2.77778006,2.0
449924.0,2.77778006,1.0
449929.0,2.77778006,3.0
440505.0,2.77778006,1.0
440754.0,2.77778006,1.0
440982.0,2.77778006,1.0
441048.0,2.77778006,1.0
441282.0,2.77778006,1.0
441341.0,2.77778006,1.0
441600.0,2.77778006,1.0
441679.0,2.77778006,1.0
441938.0,2.77778006,1.0
442087.0,2.77778006,1.0
442173.0,2.77778006,1.0
442239.0,2.77778006,1.0
442273.0,2.77778006,1.0
442340.0,2.77778006,1.0
442352.0,2.77778006,1.0
442389.0,2.77778006,1.0
442397.0,2.77778006,1.0
442725.0,2.77778006,1.0
442837.0,2.77778006,1.0
442871.0,2.77778006,1.0
443252.0,2.77778006,1.0
443588.0,2.77778006,1.0
443682.0,2.77778006,1.0
443972.0,2.77778006,1.0
444165.0,2.77778006,1.0
444237.0,2.77778006,1.0
444281.0,2.77778006,1.0
444294.0,2.77778006,1.0
444348.0,2.77778006,1.0
444721.0,2.77778006,1.0
444936.0,2.77778006,1.0
445429.0,2.77778006,1.0
445521.0,2.77778006,1.0
445596.0,2.77778006,1.0
445615.0,2.77778006,1.0
445660.0,2.77778006,1.0
445818.0,2.77778006,1.0
445950.0,2.77778006,1.0
446113.0,2.77778006,1.0
446227.0,2.77778006,1.0
446266.0,2.77778006,1.0
446322.0,2.77778006,1.0
446450.0,2.77778006,1.0
446483.0,2.77778006,1.0
447341.0,2.77778006,1.0
447520.0,2.77778006,1.0
447612.0,2.77778006,1.0
447706.0,2.77778006,1.0
447728.0,2.77778006,1.0
447778.0,2.77778006,1.0
448031.0,2.77778006,1.0
448105.0,2.77778006,1.0
448146.0,2.77778006,1.0
448205.0,2.77778006,1.0
448305.0,2.77778006,1.0
448366.0,2.77778006,1.0
448777.0,2.77778006,1.0
449043.0,2.77778006,1.0
449050.0,2.77778006,1.0
449059.0,2.77778006,1.0
449206.0,2.77778006,1.0
449295.0,2.77778006,1.0
449408.0,2.77778006,1.0
449628.0,2.77778006,1.0
449684.0,2.77778006,1.0
449829.0,2.77778006,1.0
449917.0,2.77778006,1.0
450024.0,2.81818008,1.0
450036.0,2.81818008,2.0
450081.0,2.81818008,1.0
450107.0,2.81818008,1.0
450123.0,2.81818008,3.0
450199.0,2.81818008,1.0
450328.0,2.81818008,1.0
450334.0,2.81818008,2.0
450373.0,2.81818008,1.0
450389.0,2.81818008,1.0
450425.0,2.81818008,1.0
450551.0,2.81818008,1.0
450554.0,2.81818008,3.0
450592.0,2.81818008,2.0
450620.0,2.81818008,2.0
450642.0,2.81818008,2.0
450680.0,2.81818008,2.0
450681.0,2.81818008,3.0
450718.0,2.81818008,1.0
450725.0,2.81818008,3.0
450788.0,2.81818008,4.0
450849.0,2.81818008,1.0
450876.0,2.81818008,1.0
450884.0,2.81818008,2.0
450973.0,2.81818008,1.0
450997.0,2.81818008,2.0
450998.0,2.81818008,1.0
451046.0,2.81818008,1.0
451078.0,2.81818008,4.0
451106.0,2.81818008,1.0
451138.0,2.81818008,1.0
451158.0,2.81818008,2.0
451200.0,2.81818008,3.0
451216.0,2.81818008,2.0
451396.0,2.81818008,1.0
451427.0,2.81818008,2.0
451436.0,2.81818008,1.0
451563.0,2.81818008,1.0
451572.0,2.81818008,1.0
451576.0,2.81818008,1.0
451580.0,2.81818008,1.0
451603.0,2.81818008,1.0
451695.0,2.81818008,1.0
451713.0,2.81818008,1.0
451741.0,2.81818008,3.0
451777.0,2.81818008,1.0
451907.0,2.81818008,1.0
451964.0,2.81818008,3.0
451972.0,2.81818008,1.0
452094.0,2.81818008,2.0
452206.0,2.81818008,1.0
452264.0,2.81818008,1.0
452273.0,2.81818008,1.0
452368.0,2.81818008,1.0
452409.0,2.81818008,1.0
452461.0,2.81818008,1.0
452711.0,2.81818008,1.0
452716.0,2.81818008,1.0
452736.0,2.81818008,1.0
452761.0,2.81818008,1.0
452764.0,2.81818008,2.0
452818.0,2.81818008,1.0
452825.0,2.81818008,1.0
452862.0,2.81818008,2.0
452871.0,2.81818008,3.0
452872.0,2.81818008,1.0
452892.0,2.81818008,1.0
452915.0,2.81818008,1.0
453027.0,2.81818008,1.0
453093.0,2.81818008,2.0
453218.0,2.81818008,3.0
453246.0,2.81818008,1.0
453251.0,2.81818008,2.0
453252.0,2.81818008,1.0
453254.0,2.81818008,1.0
453305.0,2.81818008,2.0
453314.0,2.81818008,2.0
453319.0,2.81818008,1.0
453341.0,2.81818008,2.0
453411.0,2.81818008,1.0
453414.0,2.81818008,3.0
453474.0,2.81818008,1.0
453492.0,2.81818008,1.0
453566.0,2.81818008,2.0
453655.0,2.81818008,2.0
453711.0,2.81818008,1.0
453717.0,2.81818008,2.0
453745.0,2.81818008,2.0
453771.0,2.81818008,3.0
453775.0,2.81818008,1.0
453777.0,2.81818008,3.0
453813.0,2.81818008,3.0
453984.0,2.81818008,1.0
453995.0,2.81818008,2.0
453996.0,2.81818008,2.0
454034.0,2.81818008,1.0
454096.0,2.81818008,1.0
454103.0,2.81818008,1.0
454135.0,2.81818008,1.0
454171.0,2.81818008,1.0
454179.0,2.81818008,1.0
454203.0,2.81818008,1.0
454233.0,2.81818008,1.0
454253.0,2.81818008,2.0
454255.0,2.81818008,1.0
454352.0,2.81818008,1.0
454362.0,2.81818008,1.0
454408.0,2.81818008,1.0
454431.0,2.81818008,1.0
454432.0,2.81818008,2.0
454437.0,2.81818008,1.0
454461.0,2.81818008,1.0
454476.0,2.81818008,1.0
454549.0,2.81818008,1.0
454654.0,2.81818008,1.0
454741.0,2.81818008,1.0
454966.0,2.81818008,4.0
455022.0,2.81818008,1.0
455044.0,2.81818008,1.0
455051.0,2.81818008,1.0
455074.0,2.81818008,1.0
455191.0,2.81818008,2.0
455357.0,2.81818008,1.0
455482.0,2.81818008,1.0
455521.0,2.81818008,1.0
455534.0,2.81818008,2.0
455543.0,2.81818008,1.0
455629.0,2.81818008,1.0
455698.0,2.81818008,2.0
455747.0,2.81818008,1.0
455818.0,2.81818008,2.0
455874.0,2.81818008,1.0
455893.0,2.81818008,1.0
455936.0,2.81818008,2.0
455945.0,2.81818008,1.0
455969.0,2.81818008,3.0
456057.0,2.81818008,1.0
456101.0,2.81818008,1.0
456113.0,2.81818008,1.0
456131.0,2.81818008,1.0
456166.0,2.81818008,3.0
456179.0,2.81818008,1.0
456180.0,2.81818008,2.0
456266.0,2.81818008,1.0
456270.0,2.81818008,3.0
456322.0,2.81818008,3.0
456392.0,2.81818008,1.0
456410.0,2.81818008,1.0
456432.0,2.81818008,2.0
456446.0,2.81818008,1.0
456540.0,2.81818008,2.0
456602.0,2.81818008,1.0
456632.0,2.81818008,1.0
456634.0,2.81818008,3.0
456636.0,2.81818008,1.0
456790.0,2.81818008,2.0
456818.0,2.81818008,2.0
456888.0,2.81818008,1.0
456949.0,2.81818008,2.0
456953.0,2.81818008,1.0
457210.0,2.81818008,1.0
457298.0,2.81818008,1.0
457356.0,2.81818008,2.0
457415.0,2.81818008,1.0
457434.0,2.81818008,2.0
457466.0,2.81818008,1.0
457536.0,2.81818008,1.0
457590.0,2.81818008,2.0
457706.0,2.81818008,1.0
457711.0,2.81818008,2.0
457820.0,2.81818008,1.0
457829.0,2.81818008,1.0
457877.0,2.81818008,1.0
457878.0,2.81818008,2.0
457917.0,2.81818008,3.0
457957.0,2.81818008,1.0
457990.0,2.81818008,1.0
458026.0,2.81818008,1.0
458031.0,2.81818008,1.0
458041.0,2.81818008,2.0
458058.0,2.81818008,1.0
458062.0,2.81818008,1.0
458088.0,2.81818008,1.0
458171.0,2.81818008,3.0
458188.0,2.81818008,1.0
458189.0,2.81818008,1.0
458234.0,2.81818008,1.0
458388.0,2.81818008,1.0
458493.0,2.81818008,3.0
458752.0,2.81818008,1.0
458783.0,2.81818008,1.0
458787.0,2.81818008,1.0
458796.0,2.81818008,1.0
458857.0,2.81818008,1.0
458885.0,2.81818008,1.0
458936.0,2.81818008,2.0
459009.0,2.81818008,3.0
459015.0,2.81818008,1.0
459017.0,2.81818008,1.0
459026.0,2.81818008,1.0
459068.0,2.81818008,1.0
459096.0,2.81818008,2.0
459233.0,2.81818008,1.0
459295.0,2.81818008,1.0
459318.0,2.81818008,1.0
459320.0,2.81818008,1.0
459358.0,2.81818008,1.0
459385.0,2.81818008,1.0
459440.0,2.81818008,1.0
459591.0,2.81818008,1.0
459628.0,2.81818008,1.0
459642.0,2.81818008,1.0
459693.0,2.81818008,1.0
459723.0,2.81818008,2.0
459747.0,2.81818008,2.0
459806.0,2.81818008,1.0
450207.0,2.81818008,1.0
450543.0,2.81818008,1.0
451756.0,2.81818008,1.0
453392.0,2.81818008,1.0
453850.0,2.81818008,1.0
454833.0,2.81818008,1.0
454943.0,2.81818008,1.0
455941.0,2.81818008,1.0
456584.0,2.81818008,1.0
456767.0,2.81818008,1.0
456967.0,2.81818008,1.0
457148.0,2.81818008,1.0
457199.0,2.81818008,1.0
457620.0,2.81818008,1.0
458050.0,2.81818008,1.0
458679.0,2.81818008,1.0
459533.0,2.81818008,1.0
459842.0,2.81818008,1.0
459937.0,2.81818008,1.0
460024.0,2.85858989,1.0
460027.0,2.85858989,1.0
460040.0,2.85858989,2.0
460081.0,2.85858989,2.0
460109.0,2.85858989,1.0
460136.0,2.85858989,2.0
460210.0,2.85858989,2.0
460381.0,2.85858989,1.0
460400.0,2.85858989,2.0
460439.0,2.85858989,2.0
460551.0,2.85858989,2.0
460554.0,2.85858989,3.0
460585.0,2.85858989,2.0
460620.0,2.85858989,2.0
460628.0,2.85858989,2.0
460681.0,2.85858989,1.0
460683.0,2.85858989,1.0
460725.0,2.85858989,2.0
460727.0,2.85858989,2.0
460837.0,2.85858989,2.0
460884.0,2.85858989,2.0
460896.0,2.85858989,1.0
460904.0,2.85858989,2.0
460997.0,2.85858989,1.0
461008.0,2.85858989,2.0
461078.0,2.85858989,1.0
461108.0,2.85858989,1.0
461124.0,2.85858989,4.0
461156.0,2.85858989,1.0
461206.0,2.85858989,1.0
461288.0,2.85858989,2.0
461390.0,2.85858989,1.0
461576.0,2.85858989,2.0
461600.0,2.85858989,2.0
461603.0,2.85858989,1.0
461790.0,2.85858989,2.0
461811.0,2.85858989,1.0
461921.0,2.85858989,1.0
461938.0,2.85858989,1.0
461986.0,2.85858989,1.0
462043.0,2.85858989,1.0
462047.0,2.85858989,1.0
462087.0,2.85858989,1.0
462089.0,2.85858989,1.0
462150.0,2.85858989,1.0
462156.0,2.85858989,2.0
462173.0,2.85858989,1.0
462177.0,2.85858989,1.0
462303.0,2.85858989,1.0
462340.0,2.85858989,1.0
462372.0,2.85858989,2.0
462376.0,2.85858989,2.0
462389.0,2.85858989,1.0
462568.0,2.85858989,2.0
462702.0,2.85858989,1.0
462725.0,2.85858989,3.0
462760.0,2.85858989,1.0
462861.0,2.85858989,1.0
462892.0,2.85858989,1.0
462915.0,2.85858989,2.0
463048.0,2.85858989,1.0
463145.0,2.85858989,1.0
463147.0,2.85858989,2.0
463162.0,2.85858989,1.0
463203.0,2.85858989,1.0
463205.0,2.85858989,1.0
463246.0,2.85858989,2.0
463251.0,2.85858989,1.0
463302.0,2.85858989,2.0
463310.0,2.85858989,1.0
463341.0,2.85858989,1.0
463392.0,2.85858989,2.0
463411.0,2.85858989,2.0
463414.0,2.85858989,1.0
463492.0,2.85858989,1.0
463493.0,2.85858989,1.0
463544.0,2.85858989,1.0
463644.0,2.85858989,1.0
463682.0,2.85858989,1.0
463745.0,2.85858989,1.0
463775.0,2.85858989,1.0
463809.0,2.85858989,1.0
463813.0,2.85858989,1.0
463937.0,2.85858989,1.0
463972.0,2.85858989,2.0
463977.0,2.85858989,4.0
463985.0,2.85858989,2.0
464023.0,2.85858989,2.0
464034.0,2.85858989,2.0
464096.0,2.85858989,1.0
464103.0,2.85858989,1.0
464251.0,2.85858989,3.0
464285.0,2.85858989,2.0
464343.0,2.85858989,1.0
464344.0,2.85858989,4.0
464352.0,2.85858989,2.0
464362.0,2.85858989,3.0
464364.0,2.85858989,2.0
464421.0,2.85858989,1.0
464430.0,2.85858989,2.0
464518.0,2.85858989,1.0
464549.0,2.85858989,2.0
464579.0,2.85858989,1.0
464590.0,2.85858989,2.0
464603.0,2.85858989,4.0
464780.0,2.85858989,1.0
464802.0,2.85858989,1.0
464866.0,2.85858989,1.0
464909.0,2.85858989,2.0
464936.0,2.85858989,1.0
464976.0,2.85858989,1.0
465005.0,2.85858989,2.0
465022.0,2.85858989,1.0
465159.0,2.85858989,1.0
465160.0,2.85858989,1.0
465314.0,2.85858989,1.0
465318.0,2.85858989,2.0
465328.0,2.85858989,2.0
465353.0,2.85858989,1.0
465354.0,2.85858989,1.0
465419.0,2.85858989,1.0
465474.0,2.85858989,1.0
465488.0,2.85858989,1.0
465503.0,2.85858989,1.0
465574.0,2.85858989,2.0
465621.0,2.85858989,1.0
465652.0,2.85858989,1.0
465728.0,2.85858989,1.0
465805.0,2.85858989,2.0
465950.0,2.85858989,4.0
465965.0,2.85858989,3.0
466062.0,2.85858989,2.0
466101.0,2.85858989,1.0
466125.0,2.85858989,1.0
466205.0,2.85858989,2.0
466227.0,2.85858989,1.0
466241.0,2.85858989,1.0
466276.0,2.85858989,2.0
466337.0,2.85858989,1.0
466410.0,2.85858989,1.0
466465.0,2.85858989,2.0
466520.0,2.85858989,1.0
466540.0,2.85858989,1.0
466648.0,2.85858989,1.0
466790.0,2.85858989,2.0
466814.0,2.85858989,1.0
466973.0,2.85858989,1.0
467126.0,2.85858989,3.0
467187.0,2.85858989,1.0
467238.0,2.85858989,1.0
467255.0,2.85858989,1.0
467298.0,2.85858989,2.0
467309.0,2.85858989,1.0
467322.0,2.85858989,3.0
467349.0,2.85858989,2.0
467434.0,2.85858989,2.0
467466.0,2.85858989,1.0
467482.0,2.85858989,2.0
467520.0,2.85858989,1.0
467525.0,2.85858989,1.0
467563.0,2.85858989,4.0
467590.0,2.85858989,2.0
467612.0,2.85858989,1.0
467694.0,2.85858989,2.0
467710.0,2.85858989,2.0
467721.0,2.85858989,1.0
467765.0,2.85858989,3.0
467778.0,2.85858989,1.0
467817.0,2.85858989,2.0
467943.0,2.85858989,2.0
467991.0,2.85858989,2.0
468026.0,2.85858989,1.0
468041.0,2.85858989,2.0
468050.0,2.85858989,1.0
468055.0,2.85858989,1.0
468117.0,2.85858989,1.0
468123.0,2.85858989,1.0
468189.0,2.85858989,2.0
468233.0,2.85858989,2.0
468305.0,2.85858989,2.0
468307.0,2.85858989,3.0
468469.0,2.85858989,1.0
468513.0,2.85858989,2.0
468679.0,2.85858989,1.0
468820.0,2.85858989,1.0
468829.0,2.85858989,1.0
468841.0,2.85858989,1.0
468898.0,2.85858989,1.0
468921.0,2.85858989,1.0
468972.0,2.85858989,1.0
469082.0,2.85858989,2.0
469085.0,2.85858989,1.0
469130.0,2.85858989,2.0
469133.0,2.85858989,1.0
469151.0,2.85858989,1.0
469218.0,2.85858989,2.0
469233.0,2.85858989,2.0
469408.0,2.85858989,2.0
469434.0,2.85858989,1.0
469515.0,2.85858989,1.0
469549.0,2.85858989,3.0
469591.0,2.85858989,2.0
469681.0,2.85858989,1.0
469684.0,2.85858989,2.0
469730.0,2.85858989,1.0
469747.0,2.85858989,2.0
469754.0,2.85858989,2.0
469828.0,2.85858989,1.0
469891.0,2.85858989,1.0
460705.0,2.85858989,1.0
461031.0,2.85858989,1.0
464376.0,2.85858989,1.0
466013.0,2.85858989,1.0
469775.0,2.85858989,1.0
470024.0,2.89898992,2.0
470036.0,2.89898992,1.0
470085.0,2.89898992,1.0
470210.0,2.89898992,1.0
470235.0,2.89898992,1.0
470346.0,2.89898992,2.0
470373.0,2.89898992,1.0
470389.0,2.89898992,1.0
470439.0,2.89898992,1.0
470551.0,2.89898992,1.0
470554.0,2.89898992,2.0
470585.0,2.89898992,2.0
470592.0,2.89898992,3.0
470620.0,2.89898992,2.0
470634.0,2.89898992,1.0
470665.0,2.89898992,1.0
470687.0,2.89898992,3.0
470690.0,2.89898992,2.0
470737.0,2.89898992,1.0
470754.0,2.89898992,3.0
470760.0,2.89898992,1.0
470783.0,2.89898992,2.0
470870.0,2.89898992,3.0
470973.0,2.89898992,1.0
470982.0,2.89898992,4.0
470997.0,2.89898992,3.0
471046.0,2.89898992,1.0
471078.0,2.89898992,5.0
471099.0,2.89898992,3.0
471147.0,2.89898992,1.0
471158.0,2.89898992,3.0
471238.0,2.89898992,1.0
471286.0,2.89898992,1.0
471316.0,2.89898992,1.0
471396.0,2.89898992,1.0
471580.0,2.89898992,1.0
471602.0,2.89898992,1.0
471603.0,2.89898992,1.0
471777.0,2.89898992,1.0
471820.0,2.89898992,1.0
471906.0,2.89898992,1.0
471964.0,2.89898992,1.0
472026.0,2.89898992,1.0
472031.0,2.89898992,1.0
472043.0,2.89898992,1.0
472047.0,2.89898992,5.0
472177.0,2.89898992,2.0
472273.0,2.89898992,1.0
472318.0,2.89898992,4.0
472331.0,2.89898992,1.0
472557.0,2.89898992,1.0
472568.0,2.89898992,2.0
472576.0,2.89898992,2.0
472633.0,2.89898992,1.0
472702.0,2.89898992,1.0
472861.0,2.89898992,1.0
472886.0,2.89898992,1.0
472892.0,2.89898992,2.0
473124.0,2.89898992,1.0
473142.0,2.89898992,1.0
473162.0,2.89898992,1.0
473218.0,2.89898992,2.0
473240.0,2.89898992,1.0
473297.0,2.89898992,1.0
473303.0,2.89898992,1.0
473341.0,2.89898992,2.0
473392.0,2.89898992,1.0
473414.0,2.89898992,1.0
473493.0,2.89898992,3.0
473544.0,2.89898992,2.0
473550.0,2.89898992,1.0
473644.0,2.89898992,1.0
473672.0,2.89898992,1.0
473686.0,2.89898992,1.0
473717.0,2.89898992,2.0
473745.0,2.89898992,1.0
473881.0,2.89898992,1.0
473889.0,2.89898992,3.0
473994.0,2.89898992,1.0
474001.0,2.89898992,2.0
474004.0,2.89898992,3.0
474043.0,2.89898992,2.0
474045.0,2.89898992,1.0
474165.0,2.89898992,4.0
474262.0,2.89898992,3.0
474281.0,2.89898992,3.0
474285.0,2.89898992,1.0
474288.0,2.89898992,1.0
474294.0,2.89898992,3.0
474337.0,2.89898992,2.0
474432.0,2.89898992,3.0
474455.0,2.89898992,1.0
474472.0,2.89898992,1.0
474476.0,2.89898992,4.0
474614.0,2.89898992,1.0
474616.0,2.89898992,2.0
474704.0,2.89898992,1.0
474727.0,2.89898992,1.0
474737.0,2.89898992,4.0
474780.0,2.89898992,2.0
474822.0,2.89898992,2.0
474890.0,2.89898992,3.0
475030.0,2.89898992,1.0
475043.0,2.89898992,2.0
475074.0,2.89898992,2.0
475088.0,2.89898992,1.0
475157.0,2.89898992,1.0
475159.0,2.89898992,2.0
475170.0,2.89898992,1.0
475191.0,2.89898992,1.0
475200.0,2.89898992,1.0
475212.0,2.89898992,1.0
475344.0,2.89898992,1.0
475429.0,2.89898992,3.0
475451.0,2.89898992,1.0
475521.0,2.89898992,2.0
475548.0,2.89898992,3.0
475549.0,2.89898992,1.0
475660.0,2.89898992,4.0
475663.0,2.89898992,2.0
475747.0,2.89898992,1.0
475767.0,2.89898992,1.0
475785.0,2.89898992,1.0
475815.0,2.89898992,1.0
475818.0,2.89898992,1.0
475895.0,2.89898992,1.0
475936.0,2.89898992,1.0
475950.0,2.89898992,2.0
475989.0,2.89898992,1.0
476095.0,2.89898992,1.0
476123.0,2.89898992,1.0
476125.0,2.89898992,2.0
476241.0,2.89898992,1.0
476344.0,2.89898992,1.0
476410.0,2.89898992,1.0
476436.0,2.89898992,4.0
476590.0,2.89898992,1.0
476686.0,2.89898992,2.0
476767.0,2.89898992,1.0
476859.0,2.89898992,2.0
476860.0,2.89898992,1.0
476928.0,2.89898992,2.0
476967.0,2.89898992,1.0
476969.0,2.89898992,4.0
476970.0,2.89898992,1.0
476973.0,2.89898992,1.0
477029.0,2.89898992,1.0
477177.0,2.89898992,2.0
477210.0,2.89898992,2.0
477226.0,2.89898992,1.0
477255.0,2.89898992,1.0
477273.0,2.89898992,2.0
477286.0,2.89898992,5.0
477305.0,2.89898992,2.0
477357.0,2.89898992,1.0
477358.0,2.89898992,1.0
477385.0,2.89898992,1.0
477427.0,2.89898992,1.0
477471.0,2.89898992,4.0
477514.0,2.89898992,2.0
477612.0,2.89898992,1.0
477642.0,2.89898992,2.0
477701.0,2.89898992,2.0
477728.0,2.89898992,4.0
477737.0,2.89898992,1.0
477752.0,2.89898992,1.0
477840.0,2.89898992,1.0
477878.0,2.89898992,2.0
477923.0,2.89898992,1.0
477991.0,2.89898992,1.0
477994.0,2.89898992,1.0
478008.0,2.89898992,1.0
478105.0,2.89898992,3.0
478171.0,2.89898992,2.0
478177.0,2.89898992,1.0
478333.0,2.89898992,1.0
478352.0,2.89898992,2.0
478356.0,2.89898992,1.0
478453.0,2.89898992,1.0
478462.0,2.89898992,2.0
478473.0,2.89898992,1.0
478570.0,2.89898992,2.0
478691.0,2.89898992,3.0
478725.0,2.89898992,1.0
478742.0,2.89898992,1.0
478805.0,2.89898992,2.0
478820.0,2.89898992,4.0
478912.0,2.89898992,1.0
478993.0,2.89898992,1.0
479039.0,2.89898992,1.0
479085.0,2.89898992,1.0
479092.0,2.89898992,1.0
479151.0,2.89898992,1.0
479154.0,2.89898992,1.0
479160.0,2.89898992,2.0
479177.0,2.89898992,2.0
479200.0,2.89898992,1.0
479202.0,2.89898992,1.0
479320.0,2.89898992,1.0
479321.0,2.89898992,1.0
479338.0,2.89898992,1.0
479408.0,2.89898992,2.0
479626.0,2.89898992,1.0
479723.0,2.89898992,3.0
479929.0,2.89898992,1.0
472015.0,2.89898992,1.0
472438.0,2.89898992,2.0
473937.0,2.89898992,1.0
474211.0,2.89898992,2.0
477197.0,2.89898992,1.0
477300.0,2.89898992,3.0
478986.0,2.89898992,1.0
479318.0,2.89898992,1.0
479858.0,2.89898992,1.0
474345.0,2.89898992,1.0
480027.0,2.93938994,2.0
480063.0,2.93938994,1.0
480235.0,2.93938994,2.0
480592.0,2.93938994,2.0
480690.0,2.93938994,1.0
480725.0,2.93938994,1.0
480730.0,2.93938994,1.0
480737.0,2.93938994,3.0
480788.0,2.93938994,2.0
480837.0,2.93938994,2.0
480884.0,2.93938994,2.0
480889.0,2.93938994,2.0
480973.0,2.93938994,4.0
480976.0,2.93938994,1.0
480982.0,2.93938994,3.0
481048.0,2.93938994,4.0
481147.0,2.93938994,2.0
481158.0,2.93938994,3.0
481266.0,2.93938994,3.0
481396.0,2.93938994,3.0
481494.0,2.93938994,2.0
481572.0,2.93938994,3.0
481600.0,2.93938994,3.0
481645.0,2.93938994,4.0
482273.0,2.93938994,2.0
482339.0,2.93938994,2.0
482354.0,2.93938994,2.0
482413.0,2.93938994,3.0
482434.0,2.93938994,2.0
482461.0,2.93938994,2.0
482633.0,2.93938994,2.0
482764.0,2.93938994,1.0
482818.0,2.93938994,2.0
482819.0,2.93938994,2.0
483005.0,2.93938994,2.0
483063.0,2.93938994,2.0
483088.0,2.93938994,3.0
483093.0,2.93938994,2.0
483110.0,2.93938994,2.0
483363.0,2.93938994,2.0
483550.0,2.93938994,2.0
483771.0,2.93938994,2.0
483809.0,2.93938994,3.0
483889.0,2.93938994,1.0
483936.0,2.93938994,2.0
484130.0,2.93938994,1.0
484255.0,2.93938994,2.0
484264.0,2.93938994,2.0
484281.0,2.93938994,2.0
484285.0,2.93938994,1.0
484352.0,2.93938994,4.0
484364.0,2.93938994,2.0
484407.0,2.93938994,2.0
484546.0,2.93938994,2.0
484614.0,2.93938994,1.0
484780.0,2.93938994,3.0
484917.0,2.93938994,3.0
484976.0,2.93938994,3.0
485005.0,2.93938994,2.0
485022.0,2.93938994,2.0
485030.0,2.93938994,2.0
485043.0,2.93938994,2.0
485051.0,2.93938994,2.0
485088.0,2.93938994,2.0
485253.0,2.93938994,2.0
485314.0,2.93938994,2.0
485540.0,2.93938994,2.0
485542.0,2.93938994,2.0
485555.0,2.93938994,2.0
485610.0,2.93938994,2.0
485639.0,2.93938994,2.0
485642.0,2.93938994,2.0
485818.0,2.93938994,2.0
485969.0,2.93938994,2.0
485989.0,2.93938994,4.0
486046.0,2.93938994,2.0
486059.0,2.93938994,1.0
486241.0,2.93938994,2.0
486347.0,2.93938994,2.0
486573.0,2.93938994,2.0
486860.0,2.93938994,4.0
486913.0,2.93938994,4.0
486970.0,2.93938994,1.0
487050.0,2.93938994,1.0
487226.0,2.93938994,2.0
487322.0,2.93938994,2.0
487466.0,2.93938994,1.0
487471.0,2.93938994,2.0
487728.0,2.93938994,2.0
487888.0,2.93938994,1.0
488008.0,2.93938994,1.0
488233.0,2.93938994,1.0
488245.0,2.93938994,2.0
488276.0,2.93938994,2.0
488305.0,2.93938994,2.0
488473.0,2.93938994,1.0
488513.0,2.93938994,2.0
488535.0,2.93938994,2.0
488691.0,2.93938994,3.0
488718.0,2.93938994,3.0
488732.0,2.93938994,3.0
488796.0,2.93938994,3.0
488829.0,2.93938994,2.0
488897.0,2.93938994,2.0
488921.0,2.93938994,2.0
489133.0,2.93938994,1.0
489206.0,2.93938994,4.0
489218.0,2.93938994,2.0
489320.0,2.93938994,3.0
489371.0,2.93938994,2.0
489440.0,2.93938994,2.0
489549.0,2.93938994,2.0
489550.0,2.93938994,1.0
489684.0,2.93938994,1.0
489828.0,2.93938994,2.0
482177.0,2.93938994,1.0
482271.0,2.93938994,1.0
482424.0,2.93938994,1.0
483142.0,2.93938994,1.0
483777.0,2.93938994,1.0
484691.0,2.93938994,1.0
485815.0,2.93938994,1.0
485945.0,2.93938994,1.0
486118.0,2.93938994,1.0
486227.0,2.93938994,1.0
486648.0,2.93938994,1.0
487177.0,2.93938994,1.0
487406.0,2.93938994,1.0
487699.0,2.93938994,1.0
487765.0,2.93938994,1.0
488259.0,2.93938994,1.0
488795.0,2.93938994,1.0
489015.0,2.93938994,1.0
489059.0,2.93938994,1.0
481282.0,2.93938994,1.0
490024.0,2.97979999,1.0
490027.0,2.97979999,1.0
490040.0,2.97979999,1.0
490085.0,2.97979999,2.0
490199.0,2.97979999,3.0
490235.0,2.97979999,1.0
490238.0,2.97979999,1.0
490373.0,2.97979999,1.0
490381.0,2.97979999,1.0
490474.0,2.97979999,1.0
490525.0,2.97979999,1.0
490642.0,2.97979999,1.0
490665.0,2.97979999,3.0
490680.0,2.97979999,1.0
490681.0,2.97979999,3.0
490687.0,2.97979999,1.0
490690.0,2.97979999,1.0
490725.0,2.97979999,1.0
490730.0,2.97979999,1.0
490783.0,2.97979999,2.0
490788.0,2.97979999,3.0
490837.0,2.97979999,1.0
490841.0,2.97979999,4.0
490846.0,2.97979999,2.0
490849.0,2.97979999,1.0
490914.0,2.97979999,5.0
490982.0,2.97979999,1.0
491046.0,2.97979999,1.0
491078.0,2.97979999,3.0
491099.0,2.97979999,3.0
491147.0,2.97979999,1.0
491158.0,2.97979999,1.0
491161.0,2.97979999,1.0
491203.0,2.97979999,1.0
491238.0,2.97979999,1.0
491282.0,2.97979999,3.0
491308.0,2.97979999,1.0
491396.0,2.97979999,2.0
491454.0,2.97979999,1.0
491512.0,2.97979999,3.0
491576.0,2.97979999,6.0
491790.0,2.97979999,1.0
491848.0,2.97979999,1.0
492029.0,2.97979999,1.0
492087.0,2.97979999,1.0
492271.0,2.97979999,1.0
492273.0,2.97979999,1.0
492318.0,2.97979999,1.0
492331.0,2.97979999,1.0
492339.0,2.97979999,1.0
492343.0,2.97979999,1.0
492352.0,2.97979999,1.0
492354.0,2.97979999,1.0
492358.0,2.97979999,1.0
492401.0,2.97979999,1.0
492413.0,2.97979999,1.0
492461.0,2.97979999,1.0
492503.0,2.97979999,1.0
492571.0,2.97979999,2.0
492576.0,2.97979999,1.0
492736.0,2.97979999,1.0
492820.0,2.97979999,1.0
492837.0,2.97979999,1.0
492861.0,2.97979999,2.0
492871.0,2.97979999,3.0
492875.0,2.97979999,1.0
492894.0,2.97979999,1.0
492978.0,2.97979999,1.0
493093.0,2.97979999,1.0
493108.0,2.97979999,1.0
493162.0,2.97979999,1.0
493203.0,2.97979999,1.0
493252.0,2.97979999,1.0
493363.0,2.97979999,1.0
493376.0,2.97979999,1.0
493411.0,2.97979999,1.0
493459.0,2.97979999,1.0
493461.0,2.97979999,1.0
493493.0,2.97979999,1.0
493514.0,2.97979999,2.0
493517.0,2.97979999,1.0
493529.0,2.97979999,1.0
493530.0,2.97979999,3.0
493619.0,2.97979999,1.0
493644.0,2.97979999,3.0
493717.0,2.97979999,1.0
493827.0,2.97979999,1.0
493972.0,2.97979999,2.0
493977.0,2.97979999,1.0
494001.0,2.97979999,1.0
494015.0,2.97979999,1.0
494038.0,2.97979999,1.0
494045.0,2.97979999,2.0
494096.0,2.97979999,1.0
494103.0,2.97979999,1.0
494107.0,2.97979999,1.0
494192.0,2.97979999,3.0
494211.0,2.97979999,1.0
494232.0,2.97979999,1.0
494251.0,2.97979999,1.0
494285.0,2.97979999,2.0
494308.0,2.97979999,2.0
494312.0,2.97979999,1.0
494349.0,2.97979999,1.0
494352.0,2.97979999,1.0
494408.0,2.97979999,1.0
494509.0,2.97979999,1.0
494579.0,2.97979999,1.0
494616.0,2.97979999,1.0
494640.0,2.97979999,5.0
494701.0,2.97979999,1.0
494704.0,2.97979999,1.0
494721.0,2.97979999,1.0
494727.0,2.97979999,1.0
494741.0,2.97979999,1.0
494802.0,2.97979999,2.0
494890.0,2.97979999,1.0
494917.0,2.97979999,1.0
494966.0,2.97979999,2.0
494976.0,2.97979999,1.0
494977.0,2.97979999,1.0
494990.0,2.97979999,3.0
495059.0,2.97979999,1.0
495146.0,2.97979999,1.0
495159.0,2.97979999,1.0
495204.0,2.97979999,1.0
495253.0,2.97979999,2.0
495278.0,2.97979999,2.0
495314.0,2.97979999,1.0
495344.0,2.97979999,1.0
495390.0,2.97979999,4.0
495401.0,2.97979999,2.0
495521.0,2.97979999,1.0
495534.0,2.97979999,2.0
495549.0,2.97979999,2.0
495555.0,2.97979999,1.0
495610.0,2.97979999,1.0
495621.0,2.97979999,1.0
495626.0,2.97979999,2.0
495639.0,2.97979999,3.0
495652.0,2.97979999,1.0
495660.0,2.97979999,1.0
495756.0,2.97979999,1.0
495818.0,2.97979999,2.0
495844.0,2.97979999,1.0
495856.0,2.97979999,1.0
495969.0,2.97979999,1.0
496046.0,2.97979999,1.0
496101.0,2.97979999,1.0
496113.0,2.97979999,1.0
496125.0,2.97979999,2.0
496199.0,2.97979999,1.0
496344.0,2.97979999,4.0
496347.0,2.97979999,1.0
496450.0,2.97979999,1.0
496525.0,2.97979999,1.0
496539.0,2.97979999,1.0
496540.0,2.97979999,1.0
496556.0,2.97979999,1.0
496573.0,2.97979999,1.0
496634.0,2.97979999,2.0
496648.0,2.97979999,1.0
496767.0,2.97979999,1.0
496818.0,2.97979999,1.0
496973.0,2.97979999,1.0
496986.0,2.97979999,1.0
497126.0,2.97979999,1.0
497170.0,2.97979999,1.0
497255.0,2.97979999,1.0
497268.0,2.97979999,1.0
497286.0,2.97979999,1.0
497300.0,2.97979999,1.0
497437.0,2.97979999,1.0
497453.0,2.97979999,1.0
497525.0,2.97979999,2.0
497612.0,2.97979999,1.0
497642.0,2.97979999,1.0
497659.0,2.97979999,1.0
497710.0,2.97979999,1.0
497711.0,2.97979999,1.0
497721.0,2.97979999,1.0
497728.0,2.97979999,2.0
497752.0,2.97979999,1.0
497761.0,2.97979999,1.0
497778.0,2.97979999,1.0
497829.0,2.97979999,1.0
497878.0,2.97979999,1.0
497888.0,2.97979999,1.0
497941.0,2.97979999,1.0
497957.0,2.97979999,1.0
497990.0,2.97979999,1.0
498008.0,2.97979999,1.0
498026.0,2.97979999,2.0
498031.0,2.97979999,2.0
498086.0,2.97979999,1.0
498088.0,2.97979999,3.0
498123.0,2.97979999,1.0
498188.0,2.97979999,1.0
498228.0,2.97979999,1.0
498233.0,2.97979999,1.0
498245.0,2.97979999,1.0
498276.0,2.97979999,1.0
498352.0,2.97979999,1.0
498473.0,2.97979999,2.0
498535.0,2.97979999,1.0
498679.0,2.97979999,1.0
498686.0,2.97979999,1.0
498691.0,2.97979999,1.0
498718.0,2.97979999,1.0
498777.0,2.97979999,1.0
498783.0,2.97979999,4.0
498805.0,2.97979999,1.0
498857.0,2.97979999,1.0
498898.0,2.97979999,1.0
498912.0,2.97979999,1.0
498921.0,2.97979999,1.0
499009.0,2.97979999,1.0
499043.0,2.97979999,2.0
499096.0,2.97979999,2.0
499220.0,2.97979999,1.0
499320.0,2.97979999,2.0
499321.0,2.97979999,1.0
499338.0,2.97979999,1.0
499353.0,2.97979999,1.0
499408.0,2.97979999,1.0
499440.0,2.97979999,1.0
499510.0,2.97979999,1.0
499591.0,2.97979999,1.0
499661.0,2.97979999,1.0
499684.0,2.97979999,1.0
499723.0,2.97979999,1.0
499841.0,2.97979999,2.0
499857.0,2.97979999,5.0
500024.0,3.02020001,2.0
500032.0,3.02020001,1.0
500070.0,3.02020001,1.0
500120.0,3.02020001,2.0
500136.0,3.02020001,1.0
500199.0,3.02020001,1.0
500316.0,3.02020001,1.0
500344.0,3.02020001,1.0
500383.0,3.02020001,1.0
500402.0,3.02020001,2.0
500515.0,3.02020001,1.0
500525.0,3.02020001,1.0
500531.0,3.02020001,1.0
500543.0,3.02020001,1.0
500551.0,3.02020001,1.0
500554.0,3.02020001,2.0
500585.0,3.02020001,1.0
500620.0,3.02020001,1.0
500628.0,3.02020001,1.0
500665.0,3.02020001,1.0
500673.0,3.02020001,1.0
500681.0,3.02020001,1.0
500683.0,3.02020001,1.0
500687.0,3.02020001,1.0
500690.0,3.02020001,1.0
500754.0,3.02020001,6.0
500783.0,3.02020001,1.0
500836.0,3.02020001,1.0
500841.0,3.02020001,3.0
500846.0,3.02020001,3.0
500849.0,3.02020001,1.0
500913.0,3.02020001,3.0
500914.0,3.02020001,3.0
500997.0,3.02020001,1.0
501000.0,3.02020001,1.0
501046.0,3.02020001,3.0
501078.0,3.02020001,1.0
501122.0,3.02020001,1.0
501151.0,3.02020001,2.0
501179.0,3.02020001,1.0
501212.0,3.02020001,3.0
501427.0,3.02020001,1.0
501436.0,3.02020001,1.0
501537.0,3.02020001,2.0
501576.0,3.02020001,1.0
501580.0,3.02020001,1.0
501585.0,3.02020001,1.0
501695.0,3.02020001,1.0
501713.0,3.02020001,1.0
501730.0,3.02020001,1.0
501777.0,3.02020001,5.0
501781.0,3.02020001,1.0
501790.0,3.02020001,2.0
501906.0,3.02020001,1.0
501964.0,3.02020001,1.0
501972.0,3.02020001,1.0
501997.0,3.02020001,4.0
502015.0,3.02020001,1.0
502026.0,3.02020001,1.0
502192.0,3.02020001,1.0
502264.0,3.02020001,1.0
502271.0,3.02020001,2.0
502299.0,3.02020001,1.0
502324.0,3.02020001,1.0
502339.0,3.02020001,1.0
502403.0,3.02020001,1.0
502404.0,3.02020001,1.0
502438.0,3.02020001,1.0
502461.0,3.02020001,2.0
502571.0,3.02020001,1.0
502633.0,3.02020001,1.0
502760.0,3.02020001,1.0
502764.0,3.02020001,1.0
502775.0,3.02020001,1.0
502777.0,3.02020001,1.0
502816.0,3.02020001,1.0
502818.0,3.02020001,1.0
502825.0,3.02020001,1.0
502830.0,3.02020001,1.0
502837.0,3.02020001,1.0
502861.0,3.02020001,1.0
502862.0,3.02020001,1.0
502892.0,3.02020001,2.0
502978.0,3.02020001,1.0
503019.0,3.02020001,1.0
503088.0,3.02020001,2.0
503147.0,3.02020001,1.0
503162.0,3.02020001,1.0
503218.0,3.02020001,1.0
503246.0,3.02020001,1.0
503302.0,3.02020001,1.0
503305.0,3.02020001,1.0
503392.0,3.02020001,1.0
503411.0,3.02020001,2.0
503414.0,3.02020001,3.0
503454.0,3.02020001,1.0
503495.0,3.02020001,1.0
503512.0,3.02020001,1.0
503514.0,3.02020001,3.0
503517.0,3.02020001,1.0
503552.0,3.02020001,1.0
503619.0,3.02020001,1.0
503696.0,3.02020001,1.0
503777.0,3.02020001,2.0
503847.0,3.02020001,1.0
503857.0,3.02020001,2.0
503886.0,3.02020001,1.0
503889.0,3.02020001,1.0
503936.0,3.02020001,2.0
503972.0,3.02020001,2.0
503985.0,3.02020001,1.0
504023.0,3.02020001,1.0
504034.0,3.02020001,1.0
504046.0,3.02020001,1.0
504054.0,3.02020001,1.0
504059.0,3.02020001,2.0
504096.0,3.02020001,2.0
504251.0,3.02020001,2.0
504262.0,3.02020001,1.0
504274.0,3.02020001,1.0
504285.0,3.02020001,1.0
504294.0,3.02020001,3.0
504343.0,3.02020001,1.0
504348.0,3.02020001,2.0
504364.0,3.02020001,3.0
504407.0,3.02020001,2.0
504508.0,3.02020001,1.0
504521.0,3.02020001,1.0
504543.0,3.02020001,1.0
504546.0,3.02020001,1.0
504603.0,3.02020001,2.0
504615.0,3.02020001,2.0
504640.0,3.02020001,1.0
504654.0,3.02020001,2.0
504701.0,3.02020001,1.0
504737.0,3.02020001,1.0
504822.0,3.02020001,1.0
504823.0,3.02020001,1.0
504966.0,3.02020001,1.0
504975.0,3.02020001,1.0
505022.0,3.02020001,1.0
505030.0,3.02020001,1.0
505044.0,3.02020001,1.0
505069.0,3.02020001,1.0
505074.0,3.02020001,1.0
505204.0,3.02020001,1.0
505212.0,3.02020001,1.0
505314.0,3.02020001,1.0
505353.0,3.02020001,1.0
505390.0,3.02020001,1.0
505407.0,3.02020001,2.0
505429.0,3.02020001,1.0
505437.0,3.02020001,1.0
505488.0,3.02020001,1.0
505503.0,3.02020001,1.0
505548.0,3.02020001,1.0
505574.0,3.02020001,1.0
505756.0,3.02020001,1.0
505773.0,3.02020001,1.0
505814.0,3.02020001,1.0
505818.0,3.02020001,6.0
505856.0,3.02020001,1.0
505989.0,3.02020001,2.0
506059.0,3.02020001,1.0
506101.0,3.02020001,1.0
506125.0,3.02020001,1.0
506180.0,3.02020001,1.0
506248.0,3.02020001,1.0
506266.0,3.02020001,1.0
506276.0,3.02020001,1.0
506295.0,3.02020001,4.0
506322.0,3.02020001,1.0
506337.0,3.02020001,3.0
506450.0,3.02020001,1.0
506483.0,3.02020001,1.0
506517.0,3.02020001,1.0
506520.0,3.02020001,1.0
506536.0,3.02020001,1.0
506540.0,3.02020001,2.0
506573.0,3.02020001,2.0
506587.0,3.02020001,1.0
506648.0,3.02020001,2.0
506747.0,3.02020001,2.0
506790.0,3.02020001,1.0
506814.0,3.02020001,2.0
506820.0,3.02020001,1.0
506834.0,3.02020001,1.0
506859.0,3.02020001,1.0
506974.0,3.02020001,1.0
507089.0,3.02020001,1.0
507150.0,3.02020001,1.0
507177.0,3.02020001,6.0
507187.0,3.02020001,3.0
507189.0,3.02020001,1.0
507253.0,3.02020001,1.0
507255.0,3.02020001,1.0
507286.0,3.02020001,2.0
507322.0,3.02020001,1.0
507366.0,3.02020001,1.0
507453.0,3.02020001,1.0
507487.0,3.02020001,2.0
507538.0,3.02020001,1.0
507636.0,3.02020001,1.0
507706.0,3.02020001,2.0
507710.0,3.02020001,1.0
507711.0,3.02020001,1.0
507714.0,3.02020001,1.0
507773.0,3.02020001,1.0
507817.0,3.02020001,1.0
507829.0,3.02020001,1.0
507881.0,3.02020001,1.0
507943.0,3.02020001,2.0
507957.0,3.02020001,1.0
507966.0,3.02020001,1.0
507990.0,3.02020001,1.0
508058.0,3.02020001,1.0
508080.0,3.02020001,3.0
508188.0,3.02020001,2.0
508189.0,3.02020001,1.0
508245.0,3.02020001,1.0
508304.0,3.02020001,1.0
508388.0,3.02020001,1.0
508462.0,3.02020001,1.0
508469.0,3.02020001,6.0
508473.0,3.02020001,1.0
508679.0,3.02020001,1.0
508691.0,3.02020001,1.0
508783.0,3.02020001,1.0
508869.0,3.02020001,1.0
508993.0,3.02020001,1.0
509059.0,3.02020001,4.0
509133.0,3.02020001,1.0
509151.0,3.02020001,1.0
509169.0,3.02020001,1.0
509185.0,3.02020001,1.0
509190.0,3.02020001,1.0
509320.0,3.02020001,1.0
509385.0,3.02020001,1.0
509447.0,3.02020001,2.0
509477.0,3.02020001,1.0
509494.0,3.02020001,1.0
509515.0,3.02020001,1.0
509626.0,3.02020001,1.0
509642.0,3.02020001,1.0
509828.0,3.02020001,1.0
509841.0,3.02020001,3.0
509857.0,3.02020001,2.0
509891.0,3.02020001,1.0
509919.0,3.02020001,1.0
509929.0,3.02020001,1.0
509944.0,3.02020001,1.0
510024.0,3.06061006,3.0
510032.0,3.06061006,1.0
510038.0,3.06061006,1.0
510070.0,3.06061006,2.0
510085.0,3.06061006,1.0
510107.0,3.06061006,3.0
510123.0,3.06061006,1.0
510277.0,3.06061006,1.0
510278.0,3.06061006,1.0
510344.0,3.06061006,2.0
510373.0,3.06061006,4.0
510441.0,3.06061006,2.0
510452.0,3.06061006,1.0
510453.0,3.06061006,1.0
510461.0,3.06061006,3.0
510505.0,3.06061006,2.0
510508.0,3.06061006,2.0
510531.0,3.06061006,1.0
510543.0,3.06061006,1.0
510580.0,3.06061006,1.0
510583.0,3.06061006,1.0
510620.0,3.06061006,1.0
510628.0,3.06061006,3.0
510653.0,3.06061006,2.0
510702.0,3.06061006,1.0
510725.0,3.06061006,1.0
510783.0,3.06061006,1.0
510790.0,3.06061006,3.0
510795.0,3.06061006,1.0
510796.0,3.06061006,1.0
510849.0,3.06061006,1.0
510876.0,3.06061006,3.0
510884.0,3.06061006,2.0
510904.0,3.06061006,1.0
510914.0,3.06061006,1.0
511031.0,3.06061006,1.0
511063.0,3.06061006,1.0
511106.0,3.06061006,3.0
511124.0,3.06061006,4.0
511290.0,3.06061006,2.0
511316.0,3.06061006,1.0
511396.0,3.06061006,1.0
511436.0,3.06061006,3.0
511439.0,3.06061006,2.0
511460.0,3.06061006,1.0
511479.0,3.06061006,2.0
511486.0,3.06061006,1.0
511537.0,3.06061006,1.0
511572.0,3.06061006,2.0
511576.0,3.06061006,1.0
511589.0,3.06061006,2.0
511600.0,3.06061006,1.0
511609.0,3.06061006,1.0
511611.0,3.06061006,2.0
511619.0,3.06061006,1.0
511695.0,3.06061006,1.0
511713.0,3.06061006,1.0
511721.0,3.06061006,1.0
511777.0,3.06061006,1.0
511781.0,3.06061006,1.0
511811.0,3.06061006,2.0
511816.0,3.06061006,2.0
511907.0,3.06061006,1.0
511997.0,3.06061006,2.0
512043.0,3.06061006,1.0
512047.0,3.06061006,1.0
512062.0,3.06061006,1.0
512087.0,3.06061006,2.0
512094.0,3.06061006,1.0
512156.0,3.06061006,1.0
512271.0,3.06061006,1.0
512273.0,3.06061006,1.0
512339.0,3.06061006,1.0
512389.0,3.06061006,1.0
512438.0,3.06061006,1.0
512453.0,3.06061006,1.0
512461.0,3.06061006,1.0
512511.0,3.06061006,1.0
512624.0,3.06061006,3.0
512627.0,3.06061006,1.0
512646.0,3.06061006,1.0
512716.0,3.06061006,2.0
512725.0,3.06061006,1.0
512736.0,3.06061006,1.0
512738.0,3.06061006,1.0
512760.0,3.06061006,1.0
512772.0,3.06061006,3.0
512775.0,3.06061006,3.0
512777.0,3.06061006,1.0
512825.0,3.06061006,1.0
512826.0,3.06061006,1.0
512872.0,3.06061006,3.0
512901.0,3.06061006,1.0
512915.0,3.06061006,1.0
513027.0,3.06061006,1.0
513048.0,3.06061006,1.0
513088.0,3.06061006,2.0
513093.0,3.06061006,1.0
513110.0,3.06061006,1.0
513120.0,3.06061006,2.0
513197.0,3.06061006,1.0
513205.0,3.06061006,1.0
513246.0,3.06061006,4.0
513251.0,3.06061006,1.0
513329.0,3.06061006,1.0
513376.0,3.06061006,2.0
513381.0,3.06061006,1.0
513411.0,3.06061006,1.0
513414.0,3.06061006,1.0
513493.0,3.06061006,1.0
513518.0,3.06061006,1.0
513544.0,3.06061006,2.0
513550.0,3.06061006,3.0
513568.0,3.06061006,3.0
513588.0,3.06061006,2.0
513615.0,3.06061006,3.0
513631.0,3.06061006,1.0
513653.0,3.06061006,3.0
513696.0,3.06061006,1.0
513736.0,3.06061006,1.0
513793.0,3.06061006,1.0
513800.0,3.06061006,1.0
513857.0,3.06061006,1.0
513936.0,3.06061006,1.0
513937.0,3.06061006,1.0
513977.0,3.06061006,2.0
514001.0,3.06061006,1.0
514006.0,3.06061006,1.0
514015.0,3.06061006,3.0
514043.0,3.06061006,3.0
514054.0,3.06061006,3.0
514059.0,3.06061006,2.0
514165.0,3.06061006,1.0
514211.0,3.06061006,2.0
514251.0,3.06061006,3.0
514253.0,3.06061006,1.0
514262.0,3.06061006,1.0
514274.0,3.06061006,1.0
514281.0,3.06061006,1.0
514294.0,3.06061006,2.0
514337.0,3.06061006,1.0
514343.0,3.06061006,3.0
514345.0,3.06061006,1.0
514364.0,3.06061006,1.0
514431.0,3.06061006,1.0
514432.0,3.06061006,2.0
514433.0,3.06061006,1.0
514437.0,3.06061006,1.0
514508.0,3.06061006,3.0
514543.0,3.06061006,1.0
514546.0,3.06061006,1.0
514590.0,3.06061006,1.0
514614.0,3.06061006,1.0
514691.0,3.06061006,1.0
514701.0,3.06061006,1.0
514834.0,3.06061006,3.0
514890.0,3.06061006,2.0
514936.0,3.06061006,2.0
514975.0,3.06061006,1.0
515050.0,3.06061006,1.0
515051.0,3.06061006,1.0
515053.0,3.06061006,1.0
515069.0,3.06061006,1.0
515278.0,3.06061006,3.0
515287.0,3.06061006,1.0
515314.0,3.06061006,1.0
515429.0,3.06061006,2.0
515456.0,3.06061006,3.0
515482.0,3.06061006,2.0
515574.0,3.06061006,1.0
515593.0,3.06061006,1.0
515749.0,3.06061006,1.0
515814.0,3.06061006,1.0
515815.0,3.06061006,1.0
515844.0,3.06061006,2.0
515848.0,3.06061006,2.0
515856.0,3.06061006,1.0
515874.0,3.06061006,3.0
515989.0,3.06061006,2.0
516012.0,3.06061006,2.0
516030.0,3.06061006,1.0
516046.0,3.06061006,1.0
516057.0,3.06061006,1.0
516062.0,3.06061006,1.0
516095.0,3.06061006,3.0
516113.0,3.06061006,3.0
516118.0,3.06061006,2.0
516125.0,3.06061006,1.0
516172.0,3.06061006,1.0
516177.0,3.06061006,1.0
516199.0,3.06061006,3.0
516224.0,3.06061006,2.0
516227.0,3.06061006,1.0
516270.0,3.06061006,1.0
516295.0,3.06061006,2.0
516322.0,3.06061006,3.0
516334.0,3.06061006,1.0
516392.0,3.06061006,1.0
516436.0,3.06061006,1.0
516446.0,3.06061006,1.0
516506.0,3.06061006,1.0
516525.0,3.06061006,1.0
516540.0,3.06061006,3.0
516546.0,3.06061006,1.0
516632.0,3.06061006,1.0
516634.0,3.06061006,4.0
516761.0,3.06061006,1.0
516820.0,3.06061006,3.0
516834.0,3.06061006,2.0
516840.0,3.06061006,2.0
516974.0,3.06061006,1.0
517083.0,3.06061006,2.0
517189.0,3.06061006,2.0
517210.0,3.06061006,1.0
517253.0,3.06061006,1.0
517264.0,3.06061006,2.0
517300.0,3.06061006,2.0
517308.0,3.06061006,1.0
517324.0,3.06061006,1.0
517366.0,3.06061006,2.0
517369.0,3.06061006,1.0
517434.0,3.06061006,2.0
517437.0,3.06061006,1.0
517453.0,3.06061006,2.0
517466.0,3.06061006,2.0
517535.0,3.06061006,2.0
517538.0,3.06061006,2.0
517659.0,3.06061006,1.0
517694.0,3.06061006,1.0
517710.0,3.06061006,1.0
517711.0,3.06061006,2.0
517819.0,3.06061006,1.0
517829.0,3.06061006,2.0
517834.0,3.06061006,1.0
517859.0,3.06061006,2.0
517877.0,3.06061006,4.0
517881.0,3.06061006,1.0
517892.0,3.06061006,1.0
517941.0,3.06061006,1.0
517943.0,3.06061006,1.0
517990.0,3.06061006,1.0
518062.0,3.06061006,1.0
518205.0,3.06061006,2.0
518436.0,3.06061006,3.0
518473.0,3.06061006,1.0
518499.0,3.06061006,1.0
518752.0,3.06061006,1.0
518841.0,3.06061006,3.0
518857.0,3.06061006,1.0
518869.0,3.06061006,2.0
518879.0,3.06061006,2.0
518885.0,3.06061006,1.0
518930.0,3.06061006,1.0
518936.0,3.06061006,2.0
519014.0,3.06061006,1.0
519029.0,3.06061006,1.0
519059.0,3.06061006,1.0
519096.0,3.06061006,1.0
519120.0,3.06061006,2.0
519133.0,3.06061006,1.0
519169.0,3.06061006,1.0
519189.0,3.06061006,1.0
519218.0,3.06061006,1.0
519238.0,3.06061006,1.0
519295.0,3.06061006,1.0
519320.0,3.06061006,1.0
519434.0,3.06061006,1.0
519440.0,3.06061006,3.0
519516.0,3.06061006,1.0
519527.0,3.06061006,2.0
519556.0,3.06061006,3.0
519626.0,3.06061006,1.0
519693.0,3.06061006,3.0
519841.0,3.06061006,1.0
519891.0,3.06061006,2.0
519961.0,3.06061006,2.0
519981.0,3.06061006,1.0
519999.0,3.06061006,1.0
510126.0,3.06061006,1.0
511256.0,3.06061006,1.0
512352.0,3.06061006,1.0
512819.0,3.06061006,1.0
513055.0,3.06061006,1.0
513319.0,3.06061006,1.0
513577.0,3.06061006,1.0
513777.0,3.06061006,1.0
514831.0,3.06061006,1.0
515044.0,3.06061006,1.0
515629.0,3.06061006,1.0
516686.0,3.06061006,1.0
517755.0,3.06061006,1.0
517870.0,3.06061006,1.0
518304.0,3.06061006,1.0
518703.0,3.06061006,1.0
518805.0,3.06061006,1.0
520062.0,3.10101008,1.0
520366.0,3.10101008,1.0
520452.0,3.10101008,1.0
520453.0,3.10101008,1.0
520508.0,3.10101008,1.0
520515.0,3.10101008,1.0
520604.0,3.10101008,1.0
520642.0,3.10101008,2.0
520665.0,3.10101008,2.0
520754.0,3.10101008,2.0
520866.0,3.10101008,1.0
520871.0,3.10101008,1.0
520876.0,3.10101008,2.0
520982.0,3.10101008,2.0
520997.0,3.10101008,1.0
521238.0,3.10101008,2.0
521572.0,3.10101008,2.0
521756.0,3.10101008,1.0
521957.0,3.10101008,1.0
521982.0,3.10101008,1.0
522150.0,3.10101008,1.0
522192.0,3.10101008,1.0
522343.0,3.10101008,1.0
522372.0,3.10101008,2.0
522389.0,3.10101008,3.0
522400.0,3.10101008,1.0
522403.0,3.10101008,2.0
522894.0,3.10101008,2.0
523005.0,3.10101008,1.0
523038.0,3.10101008,1.0
523088.0,3.10101008,2.0
523093.0,3.10101008,2.0
523218.0,3.10101008,2.0
523274.0,3.10101008,1.0
523310.0,3.10101008,1.0
523392.0,3.10101008,1.0
523514.0,3.10101008,2.0
523529.0,3.10101008,2.0
523626.0,3.10101008,1.0
523628.0,3.10101008,1.0
523818.0,3.10101008,2.0
523987.0,3.10101008,1.0
523996.0,3.10101008,2.0
524001.0,3.10101008,1.0
524187.0,3.10101008,1.0
524192.0,3.10101008,2.0
524348.0,3.10101008,2.0
524352.0,3.10101008,2.0
524421.0,3.10101008,1.0
524430.0,3.10101008,1.0
524579.0,3.10101008,1.0
524642.0,3.10101008,1.0
524661.0,3.10101008,1.0
524691.0,3.10101008,1.0
524975.0,3.10101008,2.0
525239.0,3.10101008,1.0
525314.0,3.10101008,2.0
525419.0,3.10101008,1.0
525453.0,3.10101008,1.0
525549.0,3.10101008,1.0
525596.0,3.10101008,3.0
526062.0,3.10101008,2.0
526205.0,3.10101008,2.0
526326.0,3.10101008,2.0
526353.0,3.10101008,1.0
526464.0,3.10101008,1.0
526506.0,3.10101008,1.0
526517.0,3.10101008,1.0
526556.0,3.10101008,2.0
526587.0,3.10101008,1.0
526714.0,3.10101008,1.0
526813.0,3.10101008,2.0
526974.0,3.10101008,1.0
527080.0,3.10101008,1.0
527138.0,3.10101008,1.0
527199.0,3.10101008,1.0
527255.0,3.10101008,1.0
527336.0,3.10101008,1.0
527348.0,3.10101008,1.0
527500.0,3.10101008,1.0
527701.0,3.10101008,1.0
527737.0,3.10101008,1.0
527877.0,3.10101008,3.0
527888.0,3.10101008,1.0
528025.0,3.10101008,1.0
528177.0,3.10101008,1.0
528228.0,3.10101008,1.0
528276.0,3.10101008,1.0
528334.0,3.10101008,1.0
528335.0,3.10101008,1.0
528540.0,3.10101008,1.0
528829.0,3.10101008,1.0
528934.0,3.10101008,1.0
529190.0,3.10101008,2.0
529540.0,3.10101008,1.0
520024.0,3.10101008,1.0
520032.0,3.10101008,1.0
520085.0,3.10101008,1.0
520109.0,3.10101008,1.0
520328.0,3.10101008,1.0
520474.0,3.10101008,1.0
520551.0,3.10101008,1.0
520554.0,3.10101008,1.0
520592.0,3.10101008,1.0
520653.0,3.10101008,1.0
521106.0,3.10101008,1.0
521147.0,3.10101008,1.0
521156.0,3.10101008,1.0
521288.0,3.10101008,1.0
521458.0,3.10101008,1.0
521580.0,3.10101008,1.0
521684.0,3.10101008,1.0
521730.0,3.10101008,1.0
521790.0,3.10101008,1.0
521964.0,3.10101008,1.0
521986.0,3.10101008,1.0
522026.0,3.10101008,1.0
522078.0,3.10101008,1.0
522087.0,3.10101008,1.0
522156.0,3.10101008,1.0
522271.0,3.10101008,1.0
522368.0,3.10101008,1.0
522571.0,3.10101008,1.0
522725.0,3.10101008,1.0
522777.0,3.10101008,1.0
522861.0,3.10101008,1.0
523019.0,3.10101008,1.0
523063.0,3.10101008,1.0
523120.0,3.10101008,1.0
523142.0,3.10101008,1.0
523290.0,3.10101008,1.0
523302.0,3.10101008,1.0
523340.0,3.10101008,1.0
523381.0,3.10101008,1.0
523411.0,3.10101008,1.0
523492.0,3.10101008,1.0
523550.0,3.10101008,1.0
523568.0,3.10101008,1.0
523937.0,3.10101008,1.0
524004.0,3.10101008,1.0
524025.0,3.10101008,1.0
524034.0,3.10101008,1.0
524135.0,3.10101008,1.0
524171.0,3.10101008,1.0
524274.0,3.10101008,1.0
524285.0,3.10101008,1.0
524431.0,3.10101008,1.0
524543.0,3.10101008,1.0
524546.0,3.10101008,1.0
524615.0,3.10101008,1.0
524640.0,3.10101008,1.0
524701.0,3.10101008,1.0
524866.0,3.10101008,1.0
525022.0,3.10101008,1.0
525059.0,3.10101008,1.0
525068.0,3.10101008,1.0
525146.0,3.10101008,2.0
525247.0,3.10101008,1.0
525357.0,3.10101008,1.0
525429.0,3.10101008,1.0
525437.0,3.10101008,1.0
525488.0,3.10101008,1.0
525503.0,3.10101008,1.0
525636.0,3.10101008,1.0
525660.0,3.10101008,1.0
525773.0,3.10101008,1.0
525803.0,3.10101008,1.0
525815.0,3.10101008,1.0
525999.0,3.10101008,1.0
526009.0,3.10101008,1.0
526131.0,3.10101008,1.0
526224.0,3.10101008,1.0
526295.0,3.10101008,1.0
526322.0,3.10101008,1.0
526410.0,3.10101008,1.0
526520.0,3.10101008,1.0
526525.0,3.10101008,1.0
526634.0,3.10101008,1.0
526648.0,3.10101008,2.0
526820.0,3.10101008,1.0
526840.0,3.10101008,2.0
527145.0,3.10101008,1.0
527286.0,3.10101008,1.0
527300.0,3.10101008,1.0
527341.0,3.10101008,1.0
527415.0,3.10101008,1.0
527694.0,3.10101008,1.0
527699.0,3.10101008,1.0
527728.0,3.10101008,1.0
527765.0,3.10101008,1.0
527834.0,3.10101008,1.0
528031.0,3.10101008,1.0
528113.0,3.10101008,2.0
528117.0,3.10101008,1.0
528207.0,3.10101008,1.0
528352.0,3.10101008,2.0
528388.0,3.10101008,1.0
528473.0,3.10101008,1.0
528565.0,3.10101008,1.0
528857.0,3.10101008,1.0
528885.0,3.10101008,1.0
528986.0,3.10101008,1.0
529043.0,3.10101008,1.0
529085.0,3.10101008,1.0
529151.0,3.10101008,1.0
529270.0,3.10101008,1.0
529440.0,3.10101008,2.0
529515.0,3.10101008,1.0
529591.0,3.10101008,1.0
529642.0,3.10101008,1.0
529841.0,3.10101008,1.0
529891.0,3.10101008,1.0
529929.0,3.10101008,1.0
529944.0,3.10101008,1.0
529981.0,3.10101008,1.0
520383.0,3.10101008,1.0
530024.0,3.14141011,2.0
530032.0,3.14141011,1.0
530070.0,3.14141011,2.0
530209.0,3.14141011,1.0
530328.0,3.14141011,1.0
530334.0,3.14141011,1.0
530388.0,3.14141011,1.0
530410.0,3.14141011,1.0
530505.0,3.14141011,1.0
530508.0,3.14141011,3.0
530525.0,3.14141011,1.0
530531.0,3.14141011,1.0
530561.0,3.14141011,1.0
530642.0,3.14141011,1.0
530653.0,3.14141011,1.0
530680.0,3.14141011,1.0
530681.0,3.14141011,3.0
530683.0,3.14141011,1.0
530687.0,3.14141011,2.0
530760.0,3.14141011,1.0
530870.0,3.14141011,3.0
530935.0,3.14141011,1.0
530997.0,3.14141011,4.0
530998.0,3.14141011,1.0
531019.0,3.14141011,1.0
531041.0,3.14141011,1.0
531066.0,3.14141011,1.0
531132.0,3.14141011,1.0
531151.0,3.14141011,2.0
531192.0,3.14141011,1.0
531216.0,3.14141011,2.0
531432.0,3.14141011,1.0
531545.0,3.14141011,1.0
531585.0,3.14141011,1.0
531684.0,3.14141011,1.0
531759.0,3.14141011,1.0
531790.0,3.14141011,5.0
531816.0,3.14141011,1.0
531824.0,3.14141011,1.0
531921.0,3.14141011,1.0
531972.0,3.14141011,1.0
531986.0,3.14141011,1.0
531997.0,3.14141011,1.0
532283.0,3.14141011,1.0
532324.0,3.14141011,1.0
532337.0,3.14141011,1.0
532340.0,3.14141011,2.0
532352.0,3.14141011,1.0
532587.0,3.14141011,1.0
532711.0,3.14141011,1.0
532819.0,3.14141011,1.0
532861.0,3.14141011,2.0
532862.0,3.14141011,1.0
532915.0,3.14141011,1.0
532945.0,3.14141011,1.0
532989.0,3.14141011,1.0
533055.0,3.14141011,2.0
533063.0,3.14141011,4.0
533302.0,3.14141011,2.0
533305.0,3.14141011,1.0
533345.0,3.14141011,1.0
533376.0,3.14141011,1.0
533423.0,3.14141011,1.0
533457.0,3.14141011,1.0
533461.0,3.14141011,1.0
533474.0,3.14141011,1.0
533523.0,3.14141011,1.0
533529.0,3.14141011,2.0
533544.0,3.14141011,1.0
533629.0,3.14141011,1.0
533653.0,3.14141011,2.0
533658.0,3.14141011,1.0
533717.0,3.14141011,1.0
533857.0,3.14141011,2.0
533977.0,3.14141011,2.0
534015.0,3.14141011,3.0
534034.0,3.14141011,2.0
534038.0,3.14141011,1.0
534043.0,3.14141011,2.0
534059.0,3.14141011,2.0
534119.0,3.14141011,1.0
534237.0,3.14141011,2.0
534253.0,3.14141011,2.0
534262.0,3.14141011,4.0
534408.0,3.14141011,2.0
534480.0,3.14141011,1.0
534484.0,3.14141011,1.0
534522.0,3.14141011,1.0
534546.0,3.14141011,2.0
534570.0,3.14141011,1.0
534575.0,3.14141011,1.0
534765.0,3.14141011,1.0
534822.0,3.14141011,2.0
534867.0,3.14141011,1.0
534870.0,3.14141011,1.0
534890.0,3.14141011,3.0
534909.0,3.14141011,1.0
535050.0,3.14141011,2.0
535278.0,3.14141011,2.0
535448.0,3.14141011,1.0
535488.0,3.14141011,2.0
535615.0,3.14141011,2.0
535629.0,3.14141011,1.0
535660.0,3.14141011,2.0
535728.0,3.14141011,1.0
535848.0,3.14141011,1.0
535965.0,3.14141011,1.0
536113.0,3.14141011,1.0
536123.0,3.14141011,1.0
536149.0,3.14141011,1.0
536248.0,3.14141011,2.0
536326.0,3.14141011,3.0
536450.0,3.14141011,2.0
536456.0,3.14141011,1.0
536525.0,3.14141011,1.0
536560.0,3.14141011,1.0
536602.0,3.14141011,2.0
536757.0,3.14141011,1.0
536793.0,3.14141011,1.0
536834.0,3.14141011,1.0
536850.0,3.14141011,1.0
536860.0,3.14141011,5.0
536909.0,3.14141011,1.0
536913.0,3.14141011,1.0
537022.0,3.14141011,1.0
537083.0,3.14141011,2.0
537121.0,3.14141011,1.0
537177.0,3.14141011,4.0
537189.0,3.14141011,1.0
537197.0,3.14141011,2.0
537226.0,3.14141011,1.0
537276.0,3.14141011,1.0
537334.0,3.14141011,1.0
537366.0,3.14141011,1.0
537429.0,3.14141011,1.0
537437.0,3.14141011,1.0
537487.0,3.14141011,2.0
537514.0,3.14141011,2.0
537535.0,3.14141011,3.0
537612.0,3.14141011,2.0
537687.0,3.14141011,1.0
537755.0,3.14141011,1.0
537778.0,3.14141011,2.0
537834.0,3.14141011,2.0
537943.0,3.14141011,1.0
538014.0,3.14141011,1.0
538026.0,3.14141011,1.0
538041.0,3.14141011,1.0
538086.0,3.14141011,1.0
538264.0,3.14141011,1.0
538305.0,3.14141011,1.0
538322.0,3.14141011,1.0
538462.0,3.14141011,1.0
538565.0,3.14141011,2.0
538678.0,3.14141011,2.0
538691.0,3.14141011,3.0
538769.0,3.14141011,2.0
538787.0,3.14141011,1.0
538805.0,3.14141011,1.0
538818.0,3.14141011,1.0
538835.0,3.14141011,1.0
538843.0,3.14141011,1.0
538846.0,3.14141011,1.0
538869.0,3.14141011,1.0
539020.0,3.14141011,1.0
539270.0,3.14141011,1.0
539387.0,3.14141011,2.0
539556.0,3.14141011,2.0
539597.0,3.14141011,1.0
539661.0,3.14141011,1.0
539673.0,3.14141011,1.0
539857.0,3.14141011,1.0
530123.0,3.14141011,1.0
530554.0,3.14141011,1.0
530592.0,3.14141011,1.0
531537.0,3.14141011,1.0
532043.0,3.14141011,2.0
532047.0,3.14141011,1.0
532892.0,3.14141011,1.0
533246.0,3.14141011,1.0
533530.0,3.14141011,2.0
534028.0,3.14141011,1.0
534917.0,3.14141011,1.0
536520.0,3.14141011,1.0
537694.0,3.14141011,1.0
537699.0,3.14141011,1.0
538473.0,3.14141011,1.0
538841.0,3.14141011,1.0
540866.0,3.18181992,1.0
541046.0,3.18181992,2.0
541427.0,3.18181992,2.0
542150.0,3.18181992,4.0
543809.0,3.18181992,2.0
544203.0,3.18181992,4.0
545621.0,3.18181992,2.0
545626.0,3.18181992,3.0
546432.0,3.18181992,2.0
547255.0,3.18181992,2.0
547710.0,3.18181992,2.0
548829.0,3.18181992,1.0
549218.0,3.18181992,2.0
549857.0,3.18181992,4.0
540551.0,3.18181992,1.0
540554.0,3.18181992,1.0
540687.0,3.18181992,1.0
540737.0,3.18181992,1.0
540754.0,3.18181992,2.0
540973.0,3.18181992,2.0
541048.0,3.18181992,1.0
541156.0,3.18181992,2.0
541350.0,3.18181992,1.0
542177.0,3.18181992,1.0
542354.0,3.18181992,2.0
542871.0,3.18181992,1.0
543145.0,3.18181992,1.0
543644.0,3.18181992,1.0
543775.0,3.18181992,1.0
543936.0,3.18181992,1.0
543972.0,3.18181992,1.0
543977.0,3.18181992,1.0
544103.0,3.18181992,2.0
544165.0,3.18181992,2.0
544237.0,3.18181992,1.0
544251.0,3.18181992,1.0
544264.0,3.18181992,1.0
544364.0,3.18181992,1.0
544407.0,3.18181992,1.0
544408.0,3.18181992,2.0
544603.0,3.18181992,1.0
544721.0,3.18181992,1.0
545357.0,3.18181992,1.0
545503.0,3.18181992,1.0
545856.0,3.18181992,1.0
546636.0,3.18181992,1.0
546814.0,3.18181992,1.0
546969.0,3.18181992,1.0
547226.0,3.18181992,1.0
547273.0,3.18181992,1.0
547711.0,3.18181992,2.0
547778.0,3.18181992,1.0
547834.0,3.18181992,1.0
547941.0,3.18181992,1.0
548055.0,3.18181992,1.0
548117.0,3.18181992,1.0
548305.0,3.18181992,1.0
548930.0,3.18181992,2.0
549015.0,3.18181992,2.0
549054.0,3.18181992,1.0
549206.0,3.18181992,1.0
549220.0,3.18181992,1.0
549387.0,3.18181992,1.0
543300.0,3.18181992,1.0
545050.0,3.18181992,1.0
550024.0,3.22221994,1.0
550032.0,3.22221994,1.0
550040.0,3.22221994,1.0
550064.0,3.22221994,1.0
550109.0,3.22221994,1.0
550244.0,3.22221994,1.0
550307.0,3.22221994,1.0
550344.0,3.22221994,1.0
550402.0,3.22221994,1.0
550410.0,3.22221994,1.0
550474.0,3.22221994,1.0
550568.0,3.22221994,1.0
550680.0,3.22221994,1.0
550687.0,3.22221994,1.0
550718.0,3.22221994,1.0
550725.0,3.22221994,1.0
550737.0,3.22221994,2.0
550741.0,3.22221994,1.0
550754.0,3.22221994,1.0
550783.0,3.22221994,1.0
550796.0,3.22221994,1.0
550800.0,3.22221994,1.0
550896.0,3.22221994,1.0
550913.0,3.22221994,1.0
550973.0,3.22221994,1.0
551008.0,3.22221994,2.0
551041.0,3.22221994,1.0
551066.0,3.22221994,1.0
551099.0,3.22221994,1.0
551106.0,3.22221994,1.0
551124.0,3.22221994,2.0
551132.0,3.22221994,1.0
551151.0,3.22221994,1.0
551158.0,3.22221994,1.0
551200.0,3.22221994,1.0
551203.0,3.22221994,2.0
551212.0,3.22221994,1.0
551216.0,3.22221994,1.0
551256.0,3.22221994,1.0
551288.0,3.22221994,1.0
551290.0,3.22221994,1.0
551308.0,3.22221994,1.0
551341.0,3.22221994,4.0
551436.0,3.22221994,1.0
551439.0,3.22221994,1.0
551458.0,3.22221994,1.0
551537.0,3.22221994,2.0
551576.0,3.22221994,2.0
551580.0,3.22221994,1.0
551611.0,3.22221994,1.0
551679.0,3.22221994,1.0
551684.0,3.22221994,1.0
551713.0,3.22221994,1.0
551777.0,3.22221994,1.0
551781.0,3.22221994,1.0
551790.0,3.22221994,1.0
551907.0,3.22221994,1.0
551972.0,3.22221994,1.0
551976.0,3.22221994,1.0
551997.0,3.22221994,1.0
552087.0,3.22221994,1.0
552173.0,3.22221994,1.0
552177.0,3.22221994,1.0
552202.0,3.22221994,1.0
552264.0,3.22221994,1.0
552271.0,3.22221994,1.0
552273.0,3.22221994,1.0
552299.0,3.22221994,1.0
552303.0,3.22221994,1.0
552324.0,3.22221994,1.0
552339.0,3.22221994,1.0
552354.0,3.22221994,1.0
552358.0,3.22221994,1.0
552368.0,3.22221994,1.0
552389.0,3.22221994,1.0
552393.0,3.22221994,1.0
552397.0,3.22221994,1.0
552409.0,3.22221994,1.0
552413.0,3.22221994,3.0
552424.0,3.22221994,1.0
552438.0,3.22221994,1.0
552571.0,3.22221994,1.0
552576.0,3.22221994,1.0
552624.0,3.22221994,1.0
552633.0,3.22221994,1.0
552736.0,3.22221994,1.0
552752.0,3.22221994,1.0
552760.0,3.22221994,1.0
552766.0,3.22221994,2.0
552772.0,3.22221994,1.0
552775.0,3.22221994,1.0
552819.0,3.22221994,1.0
552825.0,3.22221994,1.0
552826.0,3.22221994,1.0
552887.0,3.22221994,1.0
552915.0,3.22221994,1.0
552978.0,3.22221994,1.0
552989.0,3.22221994,1.0
553019.0,3.22221994,3.0
553055.0,3.22221994,1.0
553063.0,3.22221994,1.0
553088.0,3.22221994,1.0
553089.0,3.22221994,1.0
553145.0,3.22221994,1.0
553254.0,3.22221994,1.0
553271.0,3.22221994,1.0
553305.0,3.22221994,1.0
553319.0,3.22221994,1.0
553401.0,3.22221994,1.0
553457.0,3.22221994,1.0
553517.0,3.22221994,1.0
553529.0,3.22221994,1.0
553568.0,3.22221994,1.0
553577.0,3.22221994,1.0
553644.0,3.22221994,2.0
553653.0,3.22221994,1.0
553682.0,3.22221994,1.0
553736.0,3.22221994,1.0
553771.0,3.22221994,1.0
553775.0,3.22221994,1.0
553777.0,3.22221994,1.0
553813.0,3.22221994,1.0
553853.0,3.22221994,1.0
553857.0,3.22221994,3.0
553889.0,3.22221994,2.0
553936.0,3.22221994,1.0
553937.0,3.22221994,1.0
553972.0,3.22221994,1.0
553977.0,3.22221994,1.0
553982.0,3.22221994,1.0
553995.0,3.22221994,1.0
553996.0,3.22221994,1.0
554004.0,3.22221994,1.0
554034.0,3.22221994,1.0
554045.0,3.22221994,1.0
554054.0,3.22221994,1.0
554059.0,3.22221994,1.0
554135.0,3.22221994,1.0
554211.0,3.22221994,1.0
554233.0,3.22221994,1.0
554234.0,3.22221994,1.0
554251.0,3.22221994,1.0
554253.0,3.22221994,1.0
554262.0,3.22221994,3.0
554274.0,3.22221994,1.0
554294.0,3.22221994,1.0
554358.0,3.22221994,1.0
554407.0,3.22221994,1.0
554408.0,3.22221994,1.0
554431.0,3.22221994,3.0
554432.0,3.22221994,1.0
554437.0,3.22221994,1.0
554450.0,3.22221994,1.0
554499.0,3.22221994,1.0
554528.0,3.22221994,1.0
554546.0,3.22221994,1.0
554549.0,3.22221994,1.0
554615.0,3.22221994,1.0
554616.0,3.22221994,1.0
554701.0,3.22221994,1.0
554741.0,3.22221994,1.0
554802.0,3.22221994,2.0
554876.0,3.22221994,1.0
554909.0,3.22221994,2.0
554975.0,3.22221994,1.0
554976.0,3.22221994,2.0
555030.0,3.22221994,1.0
555044.0,3.22221994,1.0
555050.0,3.22221994,2.0
555060.0,3.22221994,1.0
555223.0,3.22221994,1.0
555253.0,3.22221994,1.0
555278.0,3.22221994,1.0
555304.0,3.22221994,1.0
555305.0,3.22221994,1.0
555306.0,3.22221994,1.0
555318.0,3.22221994,4.0
555429.0,3.22221994,1.0
555448.0,3.22221994,1.0
555456.0,3.22221994,1.0
555488.0,3.22221994,1.0
555503.0,3.22221994,1.0
555534.0,3.22221994,1.0
555543.0,3.22221994,1.0
555573.0,3.22221994,1.0
555596.0,3.22221994,3.0
555626.0,3.22221994,1.0
555639.0,3.22221994,1.0
555663.0,3.22221994,2.0
555672.0,3.22221994,1.0
555767.0,3.22221994,1.0
555818.0,3.22221994,1.0
555844.0,3.22221994,1.0
555874.0,3.22221994,1.0
555893.0,3.22221994,1.0
555969.0,3.22221994,1.0
555989.0,3.22221994,1.0
556012.0,3.22221994,1.0
556113.0,3.22221994,1.0
556118.0,3.22221994,1.0
556125.0,3.22221994,1.0
556131.0,3.22221994,1.0
556162.0,3.22221994,1.0
556172.0,3.22221994,1.0
556199.0,3.22221994,1.0
556248.0,3.22221994,1.0
556295.0,3.22221994,1.0
556322.0,3.22221994,1.0
556326.0,3.22221994,1.0
556333.0,3.22221994,1.0
556347.0,3.22221994,1.0
556388.0,3.22221994,1.0
556456.0,3.22221994,1.0
556525.0,3.22221994,1.0
556634.0,3.22221994,1.0
556636.0,3.22221994,1.0
556648.0,3.22221994,1.0
556686.0,3.22221994,1.0
556814.0,3.22221994,1.0
556818.0,3.22221994,1.0
556820.0,3.22221994,1.0
556834.0,3.22221994,1.0
556969.0,3.22221994,2.0
557177.0,3.22221994,1.0
557189.0,3.22221994,1.0
557197.0,3.22221994,1.0
557219.0,3.22221994,1.0
557226.0,3.22221994,1.0
557264.0,3.22221994,1.0
557300.0,3.22221994,1.0
557334.0,3.22221994,1.0
557341.0,3.22221994,1.0
557366.0,3.22221994,1.0
557406.0,3.22221994,1.0
557415.0,3.22221994,1.0
557453.0,3.22221994,1.0
557466.0,3.22221994,1.0
557487.0,3.22221994,1.0
557535.0,3.22221994,1.0
557565.0,3.22221994,1.0
557612.0,3.22221994,1.0
557626.0,3.22221994,1.0
557642.0,3.22221994,1.0
557721.0,3.22221994,1.0
557728.0,3.22221994,1.0
557765.0,3.22221994,1.0
557778.0,3.22221994,1.0
557820.0,3.22221994,1.0
557829.0,3.22221994,1.0
557847.0,3.22221994,3.0
557870.0,3.22221994,1.0
557879.0,3.22221994,1.0
558031.0,3.22221994,1.0
558041.0,3.22221994,1.0
558117.0,3.22221994,1.0
558188.0,3.22221994,1.0
558196.0,3.22221994,1.0
558234.0,3.22221994,1.0
558247.0,3.22221994,1.0
558307.0,3.22221994,1.0
558322.0,3.22221994,1.0
558352.0,3.22221994,1.0
558356.0,3.22221994,3.0
558359.0,3.22221994,1.0
558366.0,3.22221994,1.0
558388.0,3.22221994,1.0
558436.0,3.22221994,1.0
558462.0,3.22221994,1.0
558469.0,3.22221994,1.0
558546.0,3.22221994,1.0
558621.0,3.22221994,1.0
558636.0,3.22221994,1.0
558678.0,3.22221994,1.0
558691.0,3.22221994,1.0
558703.0,3.22221994,1.0
558718.0,3.22221994,1.0
558752.0,3.22221994,1.0
558777.0,3.22221994,1.0
558787.0,3.22221994,1.0
558795.0,3.22221994,1.0
558796.0,3.22221994,3.0
558805.0,3.22221994,1.0
558841.0,3.22221994,1.0
558857.0,3.22221994,1.0
558869.0,3.22221994,2.0
558872.0,3.22221994,1.0
558897.0,3.22221994,3.0
558972.0,3.22221994,1.0
559020.0,3.22221994,1.0
559043.0,3.22221994,1.0
559050.0,3.22221994,2.0
559054.0,3.22221994,1.0
559059.0,3.22221994,1.0
559068.0,3.22221994,1.0
559154.0,3.22221994,1.0
559215.0,3.22221994,1.0
559220.0,3.22221994,1.0
559270.0,3.22221994,1.0
559358.0,3.22221994,1.0
559363.0,3.22221994,1.0
559385.0,3.22221994,1.0
559408.0,3.22221994,1.0
559510.0,3.22221994,1.0
559515.0,3.22221994,1.0
559566.0,3.22221994,1.0
559628.0,3.22221994,1.0
559642.0,3.22221994,1.0
559747.0,3.22221994,1.0
559749.0,3.22221994,1.0
559917.0,3.22221994,1.0
559961.0,3.22221994,1.0
551202.0,3.22221994,1.0
556986.0,3.22221994,1.0
558088.0,3.22221994,1.0
560024.0,3.26262999,2.0
560027.0,3.26262999,1.0
560036.0,3.26262999,1.0
560063.0,3.26262999,1.0
560070.0,3.26262999,1.0
560136.0,3.26262999,1.0
560235.0,3.26262999,2.0
560268.0,3.26262999,1.0
560334.0,3.26262999,1.0
560439.0,3.26262999,1.0
560508.0,3.26262999,1.0
560515.0,3.26262999,1.0
560551.0,3.26262999,2.0
560620.0,3.26262999,2.0
560681.0,3.26262999,1.0
560683.0,3.26262999,1.0
560690.0,3.26262999,1.0
560702.0,3.26262999,1.0
560725.0,3.26262999,2.0
560727.0,3.26262999,1.0
560737.0,3.26262999,2.0
560754.0,3.26262999,2.0
560783.0,3.26262999,1.0
560788.0,3.26262999,2.0
560841.0,3.26262999,1.0
560846.0,3.26262999,2.0
560849.0,3.26262999,1.0
560870.0,3.26262999,1.0
560884.0,3.26262999,2.0
560889.0,3.26262999,1.0
560904.0,3.26262999,1.0
561000.0,3.26262999,1.0
561046.0,3.26262999,1.0
561078.0,3.26262999,1.0
561103.0,3.26262999,1.0
561108.0,3.26262999,1.0
561118.0,3.26262999,1.0
561122.0,3.26262999,1.0
561124.0,3.26262999,2.0
561147.0,3.26262999,1.0
561179.0,3.26262999,1.0
561202.0,3.26262999,2.0
561206.0,3.26262999,1.0
561212.0,3.26262999,2.0
561238.0,3.26262999,2.0
561266.0,3.26262999,1.0
561286.0,3.26262999,1.0
561341.0,3.26262999,1.0
561396.0,3.26262999,2.0
561448.0,3.26262999,1.0
561486.0,3.26262999,1.0
561494.0,3.26262999,1.0
561537.0,3.26262999,1.0
561568.0,3.26262999,1.0
561600.0,3.26262999,1.0
561687.0,3.26262999,1.0
561741.0,3.26262999,1.0
561756.0,3.26262999,1.0
561790.0,3.26262999,1.0
561826.0,3.26262999,1.0
561906.0,3.26262999,1.0
561921.0,3.26262999,1.0
561964.0,3.26262999,2.0
561997.0,3.26262999,1.0
562026.0,3.26262999,1.0
562029.0,3.26262999,1.0
562043.0,3.26262999,1.0
562150.0,3.26262999,1.0
562192.0,3.26262999,1.0
562210.0,3.26262999,1.0
562216.0,3.26262999,1.0
562273.0,3.26262999,1.0
562303.0,3.26262999,2.0
562318.0,3.26262999,1.0
562331.0,3.26262999,1.0
562343.0,3.26262999,1.0
562376.0,3.26262999,1.0
562389.0,3.26262999,1.0
562404.0,3.26262999,1.0
562413.0,3.26262999,2.0
562414.0,3.26262999,1.0
562434.0,3.26262999,1.0
562461.0,3.26262999,1.0
562483.0,3.26262999,1.0
562503.0,3.26262999,1.0
562511.0,3.26262999,2.0
562557.0,3.26262999,1.0
562568.0,3.26262999,1.0
562633.0,3.26262999,1.0
562634.0,3.26262999,1.0
562753.0,3.26262999,1.0
562760.0,3.26262999,1.0
562764.0,3.26262999,1.0
562777.0,3.26262999,1.0
562786.0,3.26262999,1.0
562818.0,3.26262999,1.0
562837.0,3.26262999,1.0
562861.0,3.26262999,1.0
562949.0,3.26262999,2.0
562978.0,3.26262999,1.0
563005.0,3.26262999,1.0
563019.0,3.26262999,1.0
563048.0,3.26262999,2.0
563063.0,3.26262999,1.0
563071.0,3.26262999,1.0
563088.0,3.26262999,1.0
563089.0,3.26262999,1.0
563108.0,3.26262999,1.0
563110.0,3.26262999,1.0
563162.0,3.26262999,1.0
563197.0,3.26262999,1.0
563213.0,3.26262999,1.0
563246.0,3.26262999,1.0
563251.0,3.26262999,1.0
563254.0,3.26262999,1.0
563271.0,3.26262999,1.0
563300.0,3.26262999,1.0
563303.0,3.26262999,1.0
563314.0,3.26262999,1.0
563341.0,3.26262999,2.0
563454.0,3.26262999,2.0
563474.0,3.26262999,1.0
563517.0,3.26262999,1.0
563550.0,3.26262999,1.0
563566.0,3.26262999,1.0
563568.0,3.26262999,1.0
563577.0,3.26262999,1.0
563655.0,3.26262999,1.0
563660.0,3.26262999,1.0
563711.0,3.26262999,2.0
563745.0,3.26262999,1.0
563777.0,3.26262999,1.0
563818.0,3.26262999,2.0
563827.0,3.26262999,1.0
563850.0,3.26262999,1.0
563857.0,3.26262999,2.0
563889.0,3.26262999,1.0
563977.0,3.26262999,1.0
563984.0,3.26262999,2.0
563985.0,3.26262999,1.0
563996.0,3.26262999,1.0
564004.0,3.26262999,1.0
564023.0,3.26262999,1.0
564028.0,3.26262999,1.0
564045.0,3.26262999,1.0
564107.0,3.26262999,1.0
564138.0,3.26262999,2.0
564184.0,3.26262999,1.0
564203.0,3.26262999,2.0
564232.0,3.26262999,1.0
564237.0,3.26262999,1.0
564264.0,3.26262999,2.0
564274.0,3.26262999,1.0
564281.0,3.26262999,2.0
564285.0,3.26262999,1.0
564294.0,3.26262999,1.0
564308.0,3.26262999,1.0
564312.0,3.26262999,1.0
564343.0,3.26262999,2.0
564345.0,3.26262999,1.0
564348.0,3.26262999,2.0
564349.0,3.26262999,1.0
564408.0,3.26262999,1.0
564424.0,3.26262999,1.0
564430.0,3.26262999,1.0
564431.0,3.26262999,1.0
564455.0,3.26262999,1.0
564476.0,3.26262999,1.0
564509.0,3.26262999,1.0
564518.0,3.26262999,1.0
564549.0,3.26262999,1.0
564590.0,3.26262999,1.0
564603.0,3.26262999,1.0
564614.0,3.26262999,1.0
564691.0,3.26262999,2.0
564704.0,3.26262999,1.0
564739.0,3.26262999,1.0
564741.0,3.26262999,1.0
564802.0,3.26262999,1.0
564904.0,3.26262999,1.0
564966.0,3.26262999,1.0
564976.0,3.26262999,1.0
565030.0,3.26262999,1.0
565043.0,3.26262999,2.0
565051.0,3.26262999,2.0
565074.0,3.26262999,2.0
565088.0,3.26262999,1.0
565159.0,3.26262999,2.0
565200.0,3.26262999,1.0
565314.0,3.26262999,1.0
565344.0,3.26262999,1.0
565353.0,3.26262999,1.0
565354.0,3.26262999,1.0
565357.0,3.26262999,1.0
565390.0,3.26262999,2.0
565465.0,3.26262999,1.0
565488.0,3.26262999,1.0
565503.0,3.26262999,1.0
565534.0,3.26262999,1.0
565540.0,3.26262999,1.0
565543.0,3.26262999,1.0
565548.0,3.26262999,1.0
565555.0,3.26262999,1.0
565574.0,3.26262999,1.0
565608.0,3.26262999,1.0
565610.0,3.26262999,1.0
565621.0,3.26262999,1.0
565626.0,3.26262999,2.0
565686.0,3.26262999,1.0
565749.0,3.26262999,2.0
565756.0,3.26262999,2.0
565815.0,3.26262999,1.0
565895.0,3.26262999,1.0
565936.0,3.26262999,1.0
565945.0,3.26262999,2.0
565950.0,3.26262999,2.0
565969.0,3.26262999,1.0
566009.0,3.26262999,2.0
566048.0,3.26262999,1.0
566059.0,3.26262999,1.0
566095.0,3.26262999,1.0
566101.0,3.26262999,2.0
566118.0,3.26262999,1.0
566166.0,3.26262999,1.0
566180.0,3.26262999,2.0
566266.0,3.26262999,1.0
566322.0,3.26262999,1.0
566326.0,3.26262999,1.0
566337.0,3.26262999,2.0
566344.0,3.26262999,2.0
566388.0,3.26262999,1.0
566432.0,3.26262999,1.0
566520.0,3.26262999,1.0
566539.0,3.26262999,1.0
566540.0,3.26262999,1.0
566556.0,3.26262999,1.0
566573.0,3.26262999,1.0
566634.0,3.26262999,1.0
566648.0,3.26262999,1.0
566790.0,3.26262999,1.0
566820.0,3.26262999,1.0
566840.0,3.26262999,1.0
566859.0,3.26262999,1.0
566860.0,3.26262999,1.0
567080.0,3.26262999,1.0
567083.0,3.26262999,2.0
567089.0,3.26262999,1.0
567170.0,3.26262999,1.0
567177.0,3.26262999,1.0
567187.0,3.26262999,2.0
567210.0,3.26262999,2.0
567214.0,3.26262999,1.0
567226.0,3.26262999,1.0
567238.0,3.26262999,1.0
567255.0,3.26262999,1.0
567268.0,3.26262999,1.0
567309.0,3.26262999,1.0
567322.0,3.26262999,1.0
567341.0,3.26262999,1.0
567357.0,3.26262999,1.0
567385.0,3.26262999,1.0
567415.0,3.26262999,1.0
567427.0,3.26262999,1.0
567520.0,3.26262999,2.0
567563.0,3.26262999,1.0
567590.0,3.26262999,1.0
567612.0,3.26262999,1.0
567620.0,3.26262999,1.0
567636.0,3.26262999,1.0
567699.0,3.26262999,1.0
567721.0,3.26262999,1.0
567752.0,3.26262999,1.0
567761.0,3.26262999,1.0
567773.0,3.26262999,1.0
567778.0,3.26262999,1.0
567819.0,3.26262999,1.0
567840.0,3.26262999,1.0
567859.0,3.26262999,1.0
567877.0,3.26262999,1.0
567888.0,3.26262999,1.0
567990.0,3.26262999,1.0
567991.0,3.26262999,1.0
568005.0,3.26262999,1.0
568025.0,3.26262999,1.0
568050.0,3.26262999,1.0
568062.0,3.26262999,1.0
568080.0,3.26262999,1.0
568086.0,3.26262999,1.0
568088.0,3.26262999,1.0
568105.0,3.26262999,1.0
568123.0,3.26262999,1.0
568146.0,3.26262999,1.0
568228.0,3.26262999,1.0
568230.0,3.26262999,1.0
568276.0,3.26262999,1.0
568305.0,3.26262999,1.0
568307.0,3.26262999,2.0
568333.0,3.26262999,1.0
568352.0,3.26262999,1.0
568356.0,3.26262999,1.0
568453.0,3.26262999,1.0
568469.0,3.26262999,1.0
568493.0,3.26262999,1.0
568678.0,3.26262999,2.0
568679.0,3.26262999,1.0
568686.0,3.26262999,1.0
568691.0,3.26262999,1.0
568703.0,3.26262999,1.0
568718.0,3.26262999,1.0
568725.0,3.26262999,2.0
568742.0,3.26262999,1.0
568752.0,3.26262999,1.0
568769.0,3.26262999,1.0
568783.0,3.26262999,1.0
568788.0,3.26262999,1.0
568794.0,3.26262999,1.0
568795.0,3.26262999,1.0
568841.0,3.26262999,1.0
568869.0,3.26262999,1.0
568930.0,3.26262999,1.0
568936.0,3.26262999,1.0
569009.0,3.26262999,2.0
569017.0,3.26262999,1.0
569026.0,3.26262999,1.0
569039.0,3.26262999,1.0
569050.0,3.26262999,1.0
569130.0,3.26262999,1.0
569133.0,3.26262999,1.0
569151.0,3.26262999,1.0
569177.0,3.26262999,1.0
569189.0,3.26262999,1.0
569202.0,3.26262999,1.0
569206.0,3.26262999,1.0
569233.0,3.26262999,1.0
569270.0,3.26262999,2.0
569321.0,3.26262999,1.0
569353.0,3.26262999,1.0
569381.0,3.26262999,1.0
569477.0,3.26262999,2.0
569510.0,3.26262999,1.0
569586.0,3.26262999,1.0
569661.0,3.26262999,1.0
569681.0,3.26262999,2.0
569684.0,3.26262999,1.0
569754.0,3.26262999,2.0
569824.0,3.26262999,1.0
569828.0,3.26262999,2.0
569937.0,3.26262999,1.0
570866.0,3.30303001,1.0
571212.0,3.30303001,4.0
571563.0,3.30303001,6.0
572483.0,3.30303001,1.0
573514.0,3.30303001,5.0
574046.0,3.30303001,1.0
574433.0,3.30303001,1.0
574737.0,3.30303001,5.0
576059.0,3.30303001,3.0
576062.0,3.30303001,4.0
576587.0,3.30303001,1.0
576953.0,3.30303001,2.0
577437.0,3.30303001,2.0
577711.0,3.30303001,6.0
578189.0,3.30303001,4.0
570032.0,3.30303001,1.0
570085.0,3.30303001,1.0
570136.0,3.30303001,1.0
570210.0,3.30303001,1.0
570585.0,3.30303001,1.0
570592.0,3.30303001,2.0
570620.0,3.30303001,4.0
570754.0,3.30303001,4.0
570783.0,3.30303001,1.0
570982.0,3.30303001,3.0
570997.0,3.30303001,3.0
571106.0,3.30303001,1.0
571108.0,3.30303001,3.0
571436.0,3.30303001,1.0
571486.0,3.30303001,1.0
572015.0,3.30303001,1.0
572210.0,3.30303001,1.0
572271.0,3.30303001,1.0
572318.0,3.30303001,4.0
572339.0,3.30303001,4.0
572354.0,3.30303001,2.0
572503.0,3.30303001,1.0
572764.0,3.30303001,3.0
572818.0,3.30303001,2.0
573290.0,3.30303001,1.0
573376.0,3.30303001,2.0
573517.0,3.30303001,2.0
573653.0,3.30303001,1.0
573936.0,3.30303001,2.0
573972.0,3.30303001,2.0
573984.0,3.30303001,1.0
574045.0,3.30303001,2.0
574096.0,3.30303001,1.0
574165.0,3.30303001,2.0
574184.0,3.30303001,1.0
574192.0,3.30303001,2.0
574345.0,3.30303001,1.0
574476.0,3.30303001,2.0
574508.0,3.30303001,1.0
574521.0,3.30303001,1.0
574546.0,3.30303001,1.0
574739.0,3.30303001,3.0
575022.0,3.30303001,1.0
575030.0,3.30303001,2.0
575146.0,3.30303001,4.0
575318.0,3.30303001,1.0
575357.0,3.30303001,2.0
575437.0,3.30303001,2.0
575446.0,3.30303001,4.0
575465.0,3.30303001,2.0
575596.0,3.30303001,1.0
575698.0,3.30303001,1.0
575936.0,3.30303001,2.0
576180.0,3.30303001,1.0
577189.0,3.30303001,1.0
577356.0,3.30303001,2.0
577406.0,3.30303001,2.0
577659.0,3.30303001,2.0
577706.0,3.30303001,2.0
577721.0,3.30303001,2.0
577834.0,3.30303001,1.0
577941.0,3.30303001,2.0
578205.0,3.30303001,1.0
578276.0,3.30303001,3.0
578352.0,3.30303001,2.0
578769.0,3.30303001,2.0
578820.0,3.30303001,1.0
578930.0,3.30303001,1.0
579015.0,3.30303001,2.0
579096.0,3.30303001,1.0
579298.0,3.30303001,3.0
579447.0,3.30303001,1.0
579510.0,3.30303001,2.0
579658.0,3.30303001,3.0
579828.0,3.30303001,2.0
580027.0,3.34343004,1.0
580040.0,3.34343004,1.0
580383.0,3.34343004,1.0
580402.0,3.34343004,1.0
580474.0,3.34343004,1.0
580525.0,3.34343004,1.0
580665.0,3.34343004,2.0
580680.0,3.34343004,1.0
580681.0,3.34343004,2.0
580687.0,3.34343004,1.0
580690.0,3.34343004,1.0
580754.0,3.34343004,2.0
580800.0,3.34343004,1.0
580846.0,3.34343004,2.0
580870.0,3.34343004,2.0
580976.0,3.34343004,1.0
581046.0,3.34343004,2.0
581051.0,3.34343004,1.0
581078.0,3.34343004,2.0
581156.0,3.34343004,2.0
581158.0,3.34343004,1.0
581212.0,3.34343004,2.0
581266.0,3.34343004,2.0
581439.0,3.34343004,1.0
581486.0,3.34343004,2.0
582047.0,3.34343004,2.0
582078.0,3.34343004,1.0
582177.0,3.34343004,1.0
582264.0,3.34343004,1.0
582318.0,3.34343004,2.0
582339.0,3.34343004,2.0
582340.0,3.34343004,1.0
582354.0,3.34343004,2.0
582571.0,3.34343004,2.0
582777.0,3.34343004,1.0
582837.0,3.34343004,3.0
582862.0,3.34343004,1.0
582872.0,3.34343004,2.0
583145.0,3.34343004,1.0
583345.0,3.34343004,1.0
583454.0,3.34343004,2.0
583459.0,3.34343004,1.0
583514.0,3.34343004,2.0
583529.0,3.34343004,2.0
583568.0,3.34343004,2.0
583775.0,3.34343004,2.0
583972.0,3.34343004,2.0
583984.0,3.34343004,2.0
584015.0,3.34343004,2.0
584025.0,3.34343004,1.0
584034.0,3.34343004,1.0
584038.0,3.34343004,1.0
584043.0,3.34343004,1.0
584171.0,3.34343004,2.0
584203.0,3.34343004,2.0
584262.0,3.34343004,2.0
584281.0,3.34343004,2.0
584285.0,3.34343004,2.0
584407.0,3.34343004,1.0
584476.0,3.34343004,1.0
584546.0,3.34343004,1.0
584615.0,3.34343004,3.0
584654.0,3.34343004,2.0
584691.0,3.34343004,2.0
584701.0,3.34343004,1.0
584739.0,3.34343004,2.0
584802.0,3.34343004,2.0
584966.0,3.34343004,2.0
584976.0,3.34343004,1.0
585146.0,3.34343004,2.0
585253.0,3.34343004,2.0
585318.0,3.34343004,1.0
585353.0,3.34343004,2.0
585354.0,3.34343004,1.0
585482.0,3.34343004,1.0
585540.0,3.34343004,1.0
585639.0,3.34343004,2.0
585652.0,3.34343004,1.0
585803.0,3.34343004,2.0
585805.0,3.34343004,2.0
585950.0,3.34343004,2.0
586101.0,3.34343004,2.0
586166.0,3.34343004,2.0
586322.0,3.34343004,4.0
586326.0,3.34343004,2.0
586388.0,3.34343004,1.0
586436.0,3.34343004,1.0
586450.0,3.34343004,1.0
586634.0,3.34343004,2.0
586747.0,3.34343004,1.0
586814.0,3.34343004,1.0
586967.0,3.34343004,1.0
586969.0,3.34343004,1.0
587286.0,3.34343004,2.0
587520.0,3.34343004,2.0
587706.0,3.34343004,2.0
587714.0,3.34343004,1.0
587721.0,3.34343004,2.0
587728.0,3.34343004,1.0
587773.0,3.34343004,1.0
587859.0,3.34343004,2.0
587879.0,3.34343004,1.0
587917.0,3.34343004,2.0
588031.0,3.34343004,1.0
588041.0,3.34343004,2.0
588086.0,3.34343004,2.0
588117.0,3.34343004,1.0
588230.0,3.34343004,1.0
588352.0,3.34343004,1.0
588462.0,3.34343004,2.0
588565.0,3.34343004,2.0
588570.0,3.34343004,1.0
588752.0,3.34343004,2.0
588795.0,3.34343004,2.0
588879.0,3.34343004,1.0
588885.0,3.34343004,1.0
588897.0,3.34343004,2.0
589050.0,3.34343004,1.0
589220.0,3.34343004,1.0
589321.0,3.34343004,2.0
589363.0,3.34343004,1.0
589434.0,3.34343004,2.0
589447.0,3.34343004,2.0
589515.0,3.34343004,1.0
589622.0,3.34343004,2.0
589681.0,3.34343004,2.0
589693.0,3.34343004,2.0
589891.0,3.34343004,2.0
589919.0,3.34343004,2.0
580024.0,3.34343004,1.0
580235.0,3.34343004,1.0
580238.0,3.34343004,1.0
580737.0,3.34343004,1.0
580841.0,3.34343004,1.0
580884.0,3.34343004,1.0
581099.0,3.34343004,1.0
581124.0,3.34343004,1.0
581316.0,3.34343004,1.0
581576.0,3.34343004,1.0
581811.0,3.34343004,1.0
581826.0,3.34343004,1.0
581921.0,3.34343004,1.0
582043.0,3.34343004,1.0
582150.0,3.34343004,1.0
582303.0,3.34343004,1.0
582404.0,3.34343004,1.0
582503.0,3.34343004,1.0
582511.0,3.34343004,1.0
583063.0,3.34343004,1.0
583108.0,3.34343004,1.0
583246.0,3.34343004,1.0
583254.0,3.34343004,1.0
583341.0,3.34343004,1.0
583363.0,3.34343004,1.0
583512.0,3.34343004,1.0
583566.0,3.34343004,1.0
583660.0,3.34343004,1.0
584001.0,3.34343004,1.0
584138.0,3.34343004,1.0
584184.0,3.34343004,1.0
584237.0,3.34343004,1.0
584348.0,3.34343004,1.0
584364.0,3.34343004,1.0
584614.0,3.34343004,1.0
584890.0,3.34343004,1.0
584917.0,3.34343004,1.0
584975.0,3.34343004,1.0
585051.0,3.34343004,1.0
585074.0,3.34343004,1.0
585105.0,3.34343004,1.0
585191.0,3.34343004,1.0
585204.0,3.34343004,1.0
585446.0,3.34343004,1.0
585451.0,3.34343004,1.0
585474.0,3.34343004,1.0
585503.0,3.34343004,1.0
585608.0,3.34343004,1.0
585610.0,3.34343004,1.0
585621.0,3.34343004,1.0
585728.0,3.34343004,1.0
585815.0,3.34343004,1.0
586059.0,3.34343004,1.0
586062.0,3.34343004,1.0
586180.0,3.34343004,1.0
586483.0,3.34343004,1.0
586592.0,3.34343004,1.0
586986.0,3.34343004,1.0
587050.0,3.34343004,1.0
587089.0,3.34343004,1.0
587255.0,3.34343004,1.0
587434.0,3.34343004,1.0
587616.0,3.34343004,1.0
587636.0,3.34343004,1.0
587710.0,3.34343004,1.0
587752.0,3.34343004,1.0
587761.0,3.34343004,1.0
587819.0,3.34343004,1.0
587829.0,3.34343004,1.0
587941.0,3.34343004,1.0
587990.0,3.34343004,1.0
587991.0,3.34343004,1.0
588171.0,3.34343004,1.0
588245.0,3.34343004,1.0
588276.0,3.34343004,1.0
588678.0,3.34343004,1.0
588732.0,3.34343004,1.0
589026.0,3.34343004,1.0
589133.0,3.34343004,1.0
589353.0,3.34343004,1.0
589381.0,3.34343004,1.0
589682.0,3.34343004,1.0
589828.0,3.34343004,1.0
589857.0,3.34343004,1.0
590024.0,3.38384008,2.0
590036.0,3.38384008,2.0
590081.0,3.38384008,1.0
590107.0,3.38384008,1.0
590126.0,3.38384008,1.0
590209.0,3.38384008,1.0
590210.0,3.38384008,2.0
590344.0,3.38384008,1.0
590346.0,3.38384008,1.0
590383.0,3.38384008,2.0
590402.0,3.38384008,1.0
590461.0,3.38384008,2.0
590554.0,3.38384008,2.0
590585.0,3.38384008,2.0
590592.0,3.38384008,1.0
590620.0,3.38384008,2.0
590642.0,3.38384008,2.0
590653.0,3.38384008,1.0
590687.0,3.38384008,1.0
590718.0,3.38384008,1.0
590741.0,3.38384008,1.0
590754.0,3.38384008,2.0
590756.0,3.38384008,1.0
590783.0,3.38384008,2.0
590846.0,3.38384008,2.0
590914.0,3.38384008,2.0
590982.0,3.38384008,2.0
590997.0,3.38384008,2.0
591041.0,3.38384008,1.0
591051.0,3.38384008,1.0
591066.0,3.38384008,1.0
591106.0,3.38384008,1.0
591122.0,3.38384008,1.0
591124.0,3.38384008,2.0
591147.0,3.38384008,3.0
591266.0,3.38384008,2.0
591308.0,3.38384008,1.0
591350.0,3.38384008,1.0
591572.0,3.38384008,2.0
591576.0,3.38384008,2.0
591580.0,3.38384008,2.0
591713.0,3.38384008,1.0
591730.0,3.38384008,2.0
591781.0,3.38384008,1.0
591790.0,3.38384008,1.0
591964.0,3.38384008,2.0
591986.0,3.38384008,1.0
591997.0,3.38384008,1.0
592026.0,3.38384008,2.0
592043.0,3.38384008,2.0
592047.0,3.38384008,2.0
592062.0,3.38384008,1.0
592078.0,3.38384008,1.0
592156.0,3.38384008,1.0
592173.0,3.38384008,1.0
592239.0,3.38384008,1.0
592299.0,3.38384008,1.0
592303.0,3.38384008,2.0
592354.0,3.38384008,2.0
592404.0,3.38384008,2.0
592438.0,3.38384008,1.0
592461.0,3.38384008,3.0
592511.0,3.38384008,2.0
592568.0,3.38384008,1.0
592764.0,3.38384008,2.0
592819.0,3.38384008,1.0
592826.0,3.38384008,1.0
592872.0,3.38384008,2.0
593019.0,3.38384008,2.0
593071.0,3.38384008,2.0
593093.0,3.38384008,2.0
593197.0,3.38384008,1.0
593213.0,3.38384008,2.0
593251.0,3.38384008,2.0
593252.0,3.38384008,2.0
593254.0,3.38384008,2.0
593302.0,3.38384008,2.0
593305.0,3.38384008,1.0
593381.0,3.38384008,1.0
593461.0,3.38384008,1.0
593514.0,3.38384008,2.0
593517.0,3.38384008,2.0
593552.0,3.38384008,1.0
593568.0,3.38384008,2.0
593588.0,3.38384008,1.0
593615.0,3.38384008,1.0
593619.0,3.38384008,1.0
593717.0,3.38384008,1.0
593736.0,3.38384008,1.0
593771.0,3.38384008,1.0
593857.0,3.38384008,2.0
593886.0,3.38384008,1.0
593889.0,3.38384008,2.0
593972.0,3.38384008,2.0
593977.0,3.38384008,1.0
593996.0,3.38384008,2.0
594038.0,3.38384008,1.0
594184.0,3.38384008,2.0
594211.0,3.38384008,1.0
594233.0,3.38384008,1.0
594234.0,3.38384008,1.0
594253.0,3.38384008,1.0
594264.0,3.38384008,2.0
594343.0,3.38384008,2.0
594348.0,3.38384008,2.0
594364.0,3.38384008,2.0
594408.0,3.38384008,2.0
594521.0,3.38384008,1.0
594546.0,3.38384008,1.0
594549.0,3.38384008,1.0
594615.0,3.38384008,2.0
594654.0,3.38384008,2.0
594721.0,3.38384008,1.0
594890.0,3.38384008,2.0
594909.0,3.38384008,1.0
594966.0,3.38384008,2.0
594975.0,3.38384008,2.0
595030.0,3.38384008,2.0
595043.0,3.38384008,2.0
595050.0,3.38384008,2.0
595059.0,3.38384008,1.0
595060.0,3.38384008,1.0
595223.0,3.38384008,1.0
595437.0,3.38384008,2.0
595474.0,3.38384008,2.0
595482.0,3.38384008,1.0
595574.0,3.38384008,2.0
595593.0,3.38384008,1.0
595626.0,3.38384008,2.0
595639.0,3.38384008,2.0
595652.0,3.38384008,1.0
595708.0,3.38384008,1.0
595773.0,3.38384008,2.0
595803.0,3.38384008,2.0
595805.0,3.38384008,2.0
595844.0,3.38384008,1.0
595874.0,3.38384008,1.0
595893.0,3.38384008,1.0
596046.0,3.38384008,2.0
596095.0,3.38384008,2.0
596118.0,3.38384008,1.0
596205.0,3.38384008,1.0
596227.0,3.38384008,1.0
596266.0,3.38384008,1.0
596276.0,3.38384008,2.0
596326.0,3.38384008,2.0
596450.0,3.38384008,1.0
596525.0,3.38384008,2.0
596540.0,3.38384008,2.0
596634.0,3.38384008,2.0
596636.0,3.38384008,1.0
596761.0,3.38384008,1.0
596793.0,3.38384008,1.0
596813.0,3.38384008,1.0
596814.0,3.38384008,2.0
596834.0,3.38384008,1.0
596860.0,3.38384008,2.0
596969.0,3.38384008,1.0
596986.0,3.38384008,2.0
597050.0,3.38384008,2.0
597083.0,3.38384008,1.0
597126.0,3.38384008,2.0
597145.0,3.38384008,1.0
597150.0,3.38384008,2.0
597177.0,3.38384008,1.0
597187.0,3.38384008,2.0
597276.0,3.38384008,1.0
597300.0,3.38384008,1.0
597324.0,3.38384008,1.0
597356.0,3.38384008,2.0
597366.0,3.38384008,1.0
597525.0,3.38384008,1.0
597565.0,3.38384008,2.0
597590.0,3.38384008,2.0
597612.0,3.38384008,2.0
597659.0,3.38384008,2.0
597694.0,3.38384008,2.0
597711.0,3.38384008,2.0
597761.0,3.38384008,2.0
597829.0,3.38384008,2.0
597834.0,3.38384008,1.0
597944.0,3.38384008,1.0
598026.0,3.38384008,1.0
598088.0,3.38384008,2.0
598113.0,3.38384008,2.0
598163.0,3.38384008,1.0
598171.0,3.38384008,2.0
598188.0,3.38384008,1.0
598233.0,3.38384008,2.0
598247.0,3.38384008,1.0
598352.0,3.38384008,1.0
598436.0,3.38384008,1.0
598453.0,3.38384008,2.0
598469.0,3.38384008,2.0
598475.0,3.38384008,1.0
598570.0,3.38384008,1.0
598623.0,3.38384008,1.0
598769.0,3.38384008,2.0
598777.0,3.38384008,1.0
598805.0,3.38384008,1.0
598814.0,3.38384008,2.0
598841.0,3.38384008,1.0
598857.0,3.38384008,1.0
598885.0,3.38384008,1.0
598972.0,3.38384008,2.0
598986.0,3.38384008,1.0
599015.0,3.38384008,2.0
599043.0,3.38384008,1.0
599096.0,3.38384008,2.0
599120.0,3.38384008,1.0
599447.0,3.38384008,2.0
599510.0,3.38384008,1.0
599626.0,3.38384008,3.0
599681.0,3.38384008,2.0
599806.0,3.38384008,1.0
599841.0,3.38384008,2.0
590005.0,3.38384008,1.0
590063.0,3.38384008,1.0
590388.0,3.38384008,1.0
590543.0,3.38384008,1.0
590870.0,3.38384008,1.0
590976.0,3.38384008,1.0
591048.0,3.38384008,1.0
591099.0,3.38384008,1.0
591103.0,3.38384008,1.0
591200.0,3.38384008,1.0
591206.0,3.38384008,1.0
591238.0,3.38384008,1.0
591316.0,3.38384008,1.0
591741.0,3.38384008,1.0
591811.0,3.38384008,1.0
591824.0,3.38384008,1.0
591906.0,3.38384008,1.0
592029.0,3.38384008,1.0
592216.0,3.38384008,1.0
592318.0,3.38384008,1.0
592434.0,3.38384008,1.0
592634.0,3.38384008,1.0
593005.0,3.38384008,1.0
593027.0,3.38384008,1.0
593048.0,3.38384008,1.0
593108.0,3.38384008,1.0
593162.0,3.38384008,1.0
593205.0,3.38384008,1.0
593300.0,3.38384008,1.0
593414.0,3.38384008,1.0
593495.0,3.38384008,1.0
593529.0,3.38384008,1.0
593660.0,3.38384008,1.0
593686.0,3.38384008,1.0
593775.0,3.38384008,1.0
593827.0,3.38384008,1.0
594130.0,3.38384008,1.0
594232.0,3.38384008,1.0
594285.0,3.38384008,1.0
594344.0,3.38384008,1.0
594424.0,3.38384008,1.0
594455.0,3.38384008,1.0
594579.0,3.38384008,1.0
594704.0,3.38384008,1.0
594802.0,3.38384008,1.0
594928.0,3.38384008,1.0
595005.0,3.38384008,1.0
595051.0,3.38384008,1.0
595204.0,3.38384008,1.0
595212.0,3.38384008,1.0
595253.0,3.38384008,1.0
595344.0,3.38384008,1.0
595353.0,3.38384008,1.0
595354.0,3.38384008,1.0
595407.0,3.38384008,1.0
595419.0,3.38384008,1.0
595596.0,3.38384008,1.0
595756.0,3.38384008,1.0
595866.0,3.38384008,1.0
595945.0,3.38384008,1.0
595973.0,3.38384008,1.0
596048.0,3.38384008,1.0
596062.0,3.38384008,1.0
596166.0,3.38384008,1.0
596592.0,3.38384008,1.0
596767.0,3.38384008,1.0
597089.0,3.38384008,1.0
597170.0,3.38384008,1.0
597226.0,3.38384008,1.0
597255.0,3.38384008,1.0
597348.0,3.38384008,1.0
597357.0,3.38384008,1.0
597434.0,3.38384008,1.0
597482.0,3.38384008,1.0
597558.0,3.38384008,1.0
597620.0,3.38384008,1.0
597752.0,3.38384008,1.0
597840.0,3.38384008,1.0
598025.0,3.38384008,1.0
598207.0,3.38384008,1.0
598228.0,3.38384008,1.0
598259.0,3.38384008,1.0
598473.0,3.38384008,1.0
598678.0,3.38384008,1.0
598732.0,3.38384008,1.0
598788.0,3.38384008,1.0
598921.0,3.38384008,1.0
598993.0,3.38384008,1.0
598994.0,3.38384008,1.0
599017.0,3.38384008,1.0
599133.0,3.38384008,1.0
599200.0,3.38384008,1.0
599206.0,3.38384008,1.0
599338.0,3.38384008,1.0
599353.0,3.38384008,1.0
599371.0,3.38384008,1.0
599622.0,3.38384008,1.0
599723.0,3.38384008,1.0
599730.0,3.38384008,1.0
599754.0,3.38384008,1.0
599828.0,3.38384008,1.0
599919.0,3.38384008,1.0
599937.0,3.38384008,1.0
600027.0,3.42424011,2.0
600106.0,3.42424011,1.0
600210.0,3.42424011,1.0
600250.0,3.42424011,1.0
600461.0,3.42424011,1.0
600554.0,3.42424011,1.0
600634.0,3.42424011,1.0
600737.0,3.42424011,2.0
600754.0,3.42424011,2.0
600783.0,3.42424011,1.0
600821.0,3.42424011,1.0
600837.0,3.42424011,1.0
600870.0,3.42424011,2.0
600913.0,3.42424011,2.0
600914.0,3.42424011,2.0
600982.0,3.42424011,1.0
600997.0,3.42424011,3.0
601000.0,3.42424011,2.0
601008.0,3.42424011,2.0
601118.0,3.42424011,2.0
601203.0,3.42424011,1.0
601212.0,3.42424011,1.0
601238.0,3.42424011,1.0
601396.0,3.42424011,4.0
601416.0,3.42424011,1.0
601512.0,3.42424011,1.0
601572.0,3.42424011,4.0
601824.0,3.42424011,1.0
601938.0,3.42424011,4.0
602318.0,3.42424011,1.0
602413.0,3.42424011,1.0
602557.0,3.42424011,1.0
602568.0,3.42424011,1.0
602766.0,3.42424011,1.0
602819.0,3.42424011,1.0
602861.0,3.42424011,2.0
602871.0,3.42424011,3.0
602886.0,3.42424011,2.0
603142.0,3.42424011,3.0
603305.0,3.42424011,2.0
603392.0,3.42424011,1.0
603411.0,3.42424011,1.0
603454.0,3.42424011,1.0
603745.0,3.42424011,1.0
604130.0,3.42424011,1.0
604135.0,3.42424011,1.0
604192.0,3.42424011,1.0
604237.0,3.42424011,2.0
604281.0,3.42424011,4.0
604285.0,3.42424011,2.0
604518.0,3.42424011,2.0
604691.0,3.42424011,3.0
604721.0,3.42424011,2.0
604737.0,3.42424011,1.0
604739.0,3.42424011,1.0
604741.0,3.42424011,1.0
604917.0,3.42424011,2.0
604928.0,3.42424011,1.0
604936.0,3.42424011,1.0
604975.0,3.42424011,1.0
605043.0,3.42424011,1.0
605051.0,3.42424011,2.0
605159.0,3.42424011,1.0
605253.0,3.42424011,1.0
605357.0,3.42424011,2.0
605450.0,3.42424011,1.0
605503.0,3.42424011,3.0
605540.0,3.42424011,2.0
605542.0,3.42424011,1.0
605543.0,3.42424011,1.0
605548.0,3.42424011,2.0
605574.0,3.42424011,1.0
605610.0,3.42424011,1.0
605747.0,3.42424011,1.0
605803.0,3.42424011,2.0
605815.0,3.42424011,3.0
605818.0,3.42424011,3.0
606046.0,3.42424011,1.0
606059.0,3.42424011,1.0
606166.0,3.42424011,1.0
606172.0,3.42424011,1.0
606295.0,3.42424011,1.0
606337.0,3.42424011,3.0
606344.0,3.42424011,1.0
606859.0,3.42424011,2.0
606913.0,3.42424011,2.0
607187.0,3.42424011,1.0
607309.0,3.42424011,1.0
607535.0,3.42424011,2.0
607701.0,3.42424011,4.0
607706.0,3.42424011,4.0
607761.0,3.42424011,1.0
607817.0,3.42424011,1.0
607829.0,3.42424011,1.0
607877.0,3.42424011,1.0
608189.0,3.42424011,1.0
608513.0,3.42424011,1.0
608679.0,3.42424011,2.0
608703.0,3.42424011,1.0
608820.0,3.42424011,1.0
608898.0,3.42424011,1.0
609043.0,3.42424011,1.0
609096.0,3.42424011,2.0
609177.0,3.42424011,1.0
609185.0,3.42424011,2.0
609233.0,3.42424011,1.0
609371.0,3.42424011,1.0
609408.0,3.42424011,1.0
609440.0,3.42424011,2.0
609549.0,3.42424011,2.0
609556.0,3.42424011,2.0
609591.0,3.42424011,2.0
609622.0,3.42424011,1.0
609723.0,3.42424011,2.0
609824.0,3.42424011,2.0
609841.0,3.42424011,1.0
609924.0,3.42424011,1.0
609937.0,3.42424011,1.0
609944.0,3.42424011,1.0
610032.0,3.46464992,2.0
610081.0,3.46464992,1.0
610204.0,3.46464992,1.0
610531.0,3.46464992,1.0
610543.0,3.46464992,1.0
610554.0,3.46464992,2.0
610583.0,3.46464992,1.0
610620.0,3.46464992,1.0
610665.0,3.46464992,2.0
610673.0,3.46464992,1.0
610846.0,3.46464992,1.0
610853.0,3.46464992,1.0
610904.0,3.46464992,1.0
610914.0,3.46464992,3.0
610973.0,3.46464992,2.0
611031.0,3.46464992,1.0
611078.0,3.46464992,5.0
611147.0,3.46464992,1.0
611216.0,3.46464992,2.0
611282.0,3.46464992,2.0
611458.0,3.46464992,1.0
611600.0,3.46464992,2.0
611603.0,3.46464992,1.0
611684.0,3.46464992,1.0
611695.0,3.46464992,1.0
611788.0,3.46464992,1.0
611905.0,3.46464992,1.0
611906.0,3.46464992,1.0
611920.0,3.46464992,1.0
611938.0,3.46464992,3.0
611972.0,3.46464992,1.0
612026.0,3.46464992,1.0
612188.0,3.46464992,1.0
612403.0,3.46464992,2.0
612409.0,3.46464992,1.0
612414.0,3.46464992,1.0
612760.0,3.46464992,2.0
612915.0,3.46464992,2.0
613079.0,3.46464992,1.0
613120.0,3.46464992,2.0
613121.0,3.46464992,1.0
613254.0,3.46464992,2.0
613471.0,3.46464992,1.0
613493.0,3.46464992,1.0
613552.0,3.46464992,1.0
613566.0,3.46464992,1.0
613649.0,3.46464992,1.0
613660.0,3.46464992,1.0
613717.0,3.46464992,1.0
613851.0,3.46464992,1.0
613972.0,3.46464992,2.0
614001.0,3.46464992,1.0
614015.0,3.46464992,2.0
614023.0,3.46464992,2.0
614025.0,3.46464992,1.0
614028.0,3.46464992,3.0
614046.0,3.46464992,1.0
614171.0,3.46464992,1.0
614233.0,3.46464992,1.0
614431.0,3.46464992,3.0
614476.0,3.46464992,2.0
614521.0,3.46464992,1.0
614839.0,3.46464992,1.0
614866.0,3.46464992,3.0
614917.0,3.46464992,2.0
614929.0,3.46464992,1.0
615114.0,3.46464992,1.0
615278.0,3.46464992,2.0
615318.0,3.46464992,2.0
615503.0,3.46464992,1.0
615615.0,3.46464992,1.0
615636.0,3.46464992,1.0
615867.0,3.46464992,1.0
616095.0,3.46464992,1.0
616131.0,3.46464992,1.0
616276.0,3.46464992,1.0
616506.0,3.46464992,1.0
616604.0,3.46464992,1.0
616794.0,3.46464992,1.0
616859.0,3.46464992,1.0
616876.0,3.46464992,1.0
616911.0,3.46464992,1.0
617014.0,3.46464992,1.0
617126.0,3.46464992,2.0
617210.0,3.46464992,2.0
617221.0,3.46464992,1.0
617336.0,3.46464992,1.0
617426.0,3.46464992,1.0
617434.0,3.46464992,1.0
617437.0,3.46464992,1.0
617520.0,3.46464992,3.0
617563.0,3.46464992,2.0
617623.0,3.46464992,1.0
617694.0,3.46464992,2.0
617699.0,3.46464992,2.0
617847.0,3.46464992,2.0
617991.0,3.46464992,1.0
618026.0,3.46464992,1.0
618062.0,3.46464992,1.0
618105.0,3.46464992,1.0
618205.0,3.46464992,1.0
618245.0,3.46464992,1.0
618388.0,3.46464992,1.0
618453.0,3.46464992,3.0
618769.0,3.46464992,2.0
618820.0,3.46464992,2.0
618857.0,3.46464992,2.0
618897.0,3.46464992,1.0
619043.0,3.46464992,3.0
619169.0,3.46464992,1.0
619434.0,3.46464992,3.0
619626.0,3.46464992,1.0
619684.0,3.46464992,2.0
610402.0,3.46464992,2.0
610754.0,3.46464992,3.0
612354.0,3.46464992,1.0
614237.0,3.46464992,2.0
614348.0,3.46464992,1.0
614739.0,3.46464992,1.0
615446.0,3.46464992,2.0
616113.0,3.46464992,2.0
617701.0,3.46464992,1.0
618869.0,3.46464992,2.0
610683.0,3.46464992,1.0
610690.0,3.46464992,1.0
612177.0,3.46464992,1.0
613671.0,3.46464992,1.0
615451.0,3.46464992,1.0
616347.0,3.46464992,1.0
616573.0,3.46464992,1.0
618570.0,3.46464992,1.0
618703.0,3.46464992,1.0
618872.0,3.46464992,1.0
619556.0,3.46464992,1.0
620032.0,3.50504994,1.0
620199.0,3.50504994,3.0
620207.0,3.50504994,1.0
620307.0,3.50504994,1.0
620316.0,3.50504994,1.0
620344.0,3.50504994,1.0
620392.0,3.50504994,1.0
620441.0,3.50504994,1.0
620461.0,3.50504994,1.0
620474.0,3.50504994,1.0
620487.0,3.50504994,1.0
620490.0,3.50504994,1.0
620508.0,3.50504994,3.0
620551.0,3.50504994,2.0
620592.0,3.50504994,2.0
620642.0,3.50504994,1.0
620665.0,3.50504994,3.0
620680.0,3.50504994,1.0
620681.0,3.50504994,2.0
620754.0,3.50504994,5.0
620837.0,3.50504994,1.0
620841.0,3.50504994,3.0
620896.0,3.50504994,1.0
620913.0,3.50504994,2.0
620982.0,3.50504994,1.0
621000.0,3.50504994,1.0
621008.0,3.50504994,1.0
621032.0,3.50504994,1.0
621048.0,3.50504994,1.0
621104.0,3.50504994,1.0
621132.0,3.50504994,1.0
621156.0,3.50504994,3.0
621192.0,3.50504994,1.0
621290.0,3.50504994,1.0
621354.0,3.50504994,1.0
621427.0,3.50504994,1.0
621436.0,3.50504994,1.0
621536.0,3.50504994,1.0
621566.0,3.50504994,1.0
621572.0,3.50504994,2.0
621576.0,3.50504994,2.0
621602.0,3.50504994,1.0
621666.0,3.50504994,1.0
621677.0,3.50504994,1.0
621695.0,3.50504994,1.0
621730.0,3.50504994,4.0
621754.0,3.50504994,1.0
621777.0,3.50504994,3.0
621790.0,3.50504994,1.0
621874.0,3.50504994,1.0
621921.0,3.50504994,1.0
621983.0,3.50504994,1.0
621986.0,3.50504994,1.0
622173.0,3.50504994,3.0
622239.0,3.50504994,1.0
622264.0,3.50504994,2.0
622273.0,3.50504994,2.0
622294.0,3.50504994,1.0
622413.0,3.50504994,1.0
622424.0,3.50504994,1.0
622711.0,3.50504994,1.0
622716.0,3.50504994,1.0
622719.0,3.50504994,1.0
622752.0,3.50504994,1.0
622760.0,3.50504994,1.0
622775.0,3.50504994,2.0
622777.0,3.50504994,1.0
622819.0,3.50504994,1.0
622834.0,3.50504994,1.0
622837.0,3.50504994,3.0
622872.0,3.50504994,4.0
622875.0,3.50504994,1.0
622886.0,3.50504994,1.0
622894.0,3.50504994,1.0
622945.0,3.50504994,1.0
623218.0,3.50504994,2.0
623240.0,3.50504994,1.0
623250.0,3.50504994,1.0
623252.0,3.50504994,2.0
623305.0,3.50504994,1.0
623319.0,3.50504994,1.0
623332.0,3.50504994,1.0
623401.0,3.50504994,1.0
623423.0,3.50504994,1.0
623492.0,3.50504994,1.0
623514.0,3.50504994,1.0
623682.0,3.50504994,1.0
623711.0,3.50504994,5.0
623731.0,3.50504994,1.0
623736.0,3.50504994,1.0
623745.0,3.50504994,1.0
623767.0,3.50504994,1.0
623777.0,3.50504994,3.0
623944.0,3.50504994,1.0
623977.0,3.50504994,3.0
623984.0,3.50504994,2.0
623994.0,3.50504994,1.0
624025.0,3.50504994,1.0
624054.0,3.50504994,1.0
624096.0,3.50504994,1.0
624171.0,3.50504994,2.0
624234.0,3.50504994,1.0
624253.0,3.50504994,3.0
624352.0,3.50504994,2.0
624408.0,3.50504994,3.0
624432.0,3.50504994,1.0
624450.0,3.50504994,1.0
624455.0,3.50504994,2.0
624480.0,3.50504994,1.0
624499.0,3.50504994,1.0
624520.0,3.50504994,1.0
624546.0,3.50504994,1.0
624603.0,3.50504994,1.0
624702.0,3.50504994,1.0
624780.0,3.50504994,1.0
624802.0,3.50504994,2.0
624866.0,3.50504994,2.0
624981.0,3.50504994,1.0
625074.0,3.50504994,2.0
625101.0,3.50504994,1.0
625121.0,3.50504994,1.0
625122.0,3.50504994,1.0
625170.0,3.50504994,1.0
625260.0,3.50504994,1.0
625319.0,3.50504994,1.0
625354.0,3.50504994,2.0
625357.0,3.50504994,1.0
625448.0,3.50504994,1.0
625521.0,3.50504994,1.0
625543.0,3.50504994,1.0
625549.0,3.50504994,3.0
625660.0,3.50504994,1.0
625663.0,3.50504994,1.0
625767.0,3.50504994,1.0
625844.0,3.50504994,1.0
625893.0,3.50504994,1.0
625895.0,3.50504994,1.0
625941.0,3.50504994,1.0
625965.0,3.50504994,2.0
626048.0,3.50504994,1.0
626072.0,3.50504994,1.0
626113.0,3.50504994,1.0
626123.0,3.50504994,1.0
626131.0,3.50504994,1.0
626162.0,3.50504994,2.0
626172.0,3.50504994,3.0
626179.0,3.50504994,1.0
626241.0,3.50504994,1.0
626248.0,3.50504994,2.0
626308.0,3.50504994,1.0
626337.0,3.50504994,2.0
626347.0,3.50504994,1.0
626388.0,3.50504994,2.0
626432.0,3.50504994,1.0
626556.0,3.50504994,3.0
626648.0,3.50504994,3.0
626650.0,3.50504994,1.0
626657.0,3.50504994,1.0
626707.0,3.50504994,1.0
626805.0,3.50504994,1.0
626837.0,3.50504994,1.0
626909.0,3.50504994,1.0
626969.0,3.50504994,1.0
626970.0,3.50504994,1.0
627086.0,3.50504994,1.0
627145.0,3.50504994,1.0
627189.0,3.50504994,1.0
627197.0,3.50504994,1.0
627273.0,3.50504994,2.0
627322.0,3.50504994,2.0
627334.0,3.50504994,1.0
627341.0,3.50504994,1.0
627364.0,3.50504994,1.0
627369.0,3.50504994,1.0
627525.0,3.50504994,2.0
627535.0,3.50504994,1.0
627537.0,3.50504994,1.0
627543.0,3.50504994,1.0
627624.0,3.50504994,1.0
627626.0,3.50504994,1.0
627728.0,3.50504994,2.0
627778.0,3.50504994,1.0
627797.0,3.50504994,1.0
627829.0,3.50504994,1.0
627834.0,3.50504994,1.0
627878.0,3.50504994,1.0
627881.0,3.50504994,1.0
627947.0,3.50504994,1.0
627966.0,3.50504994,1.0
628026.0,3.50504994,1.0
628076.0,3.50504994,1.0
628082.0,3.50504994,1.0
628086.0,3.50504994,1.0
628304.0,3.50504994,1.0
628352.0,3.50504994,1.0
628469.0,3.50504994,1.0
628537.0,3.50504994,1.0
628580.0,3.50504994,1.0
628678.0,3.50504994,1.0
628691.0,3.50504994,1.0
628700.0,3.50504994,1.0
628732.0,3.50504994,1.0
628796.0,3.50504994,1.0
628879.0,3.50504994,2.0
629015.0,3.50504994,2.0
629047.0,3.50504994,1.0
629120.0,3.50504994,1.0
629160.0,3.50504994,1.0
629185.0,3.50504994,2.0
629217.0,3.50504994,1.0
629220.0,3.50504994,1.0
629250.0,3.50504994,1.0
629295.0,3.50504994,1.0
629321.0,3.50504994,4.0
629387.0,3.50504994,1.0
629434.0,3.50504994,3.0
629527.0,3.50504994,1.0
629549.0,3.50504994,3.0
629550.0,3.50504994,1.0
629622.0,3.50504994,3.0
629658.0,3.50504994,3.0
629723.0,3.50504994,1.0
629847.0,3.50504994,1.0
629917.0,3.50504994,1.0
620024.0,3.50504994,2.0
620123.0,3.50504994,1.0
620515.0,3.50504994,1.0
620585.0,3.50504994,2.0
620846.0,3.50504994,1.0
620914.0,3.50504994,1.0
621982.0,3.50504994,1.0
623027.0,3.50504994,2.0
623108.0,3.50504994,2.0
623251.0,3.50504994,1.0
623341.0,3.50504994,1.0
623414.0,3.50504994,2.0
623568.0,3.50504994,1.0
623653.0,3.50504994,1.0
623813.0,3.50504994,1.0
623985.0,3.50504994,1.0
624184.0,3.50504994,2.0
624255.0,3.50504994,2.0
624977.0,3.50504994,1.0
625043.0,3.50504994,2.0
625747.0,3.50504994,1.0
625936.0,3.50504994,2.0
626101.0,3.50504994,1.0
626276.0,3.50504994,2.0
626813.0,3.50504994,1.0
627482.0,3.50504994,1.0
627636.0,3.50504994,2.0
627840.0,3.50504994,1.0
627948.0,3.50504994,2.0
627957.0,3.50504994,1.0
628171.0,3.50504994,1.0
628453.0,3.50504994,2.0
628930.0,3.50504994,1.0
628936.0,3.50504994,1.0
629626.0,3.50504994,1.0
630032.0,3.54544997,1.0
630107.0,3.54544997,1.0
630235.0,3.54544997,2.0
630250.0,3.54544997,1.0
630402.0,3.54544997,1.0
630554.0,3.54544997,1.0
630628.0,3.54544997,1.0
630754.0,3.54544997,1.0
630783.0,3.54544997,1.0
630788.0,3.54544997,2.0
630841.0,3.54544997,2.0
630846.0,3.54544997,1.0
630914.0,3.54544997,2.0
630973.0,3.54544997,2.0
631000.0,3.54544997,1.0
631008.0,3.54544997,1.0
631118.0,3.54544997,3.0
631238.0,3.54544997,2.0
631436.0,3.54544997,1.0
631454.0,3.54544997,1.0
631563.0,3.54544997,1.0
631585.0,3.54544997,2.0
631790.0,3.54544997,2.0
631983.0,3.54544997,1.0
632318.0,3.54544997,1.0
632503.0,3.54544997,2.0
632764.0,3.54544997,1.0
632886.0,3.54544997,1.0
632894.0,3.54544997,1.0
632949.0,3.54544997,1.0
633063.0,3.54544997,1.0
633142.0,3.54544997,1.0
633213.0,3.54544997,3.0
633218.0,3.54544997,1.0
633414.0,3.54544997,2.0
633493.0,3.54544997,1.0
633512.0,3.54544997,2.0
633517.0,3.54544997,1.0
633936.0,3.54544997,1.0
634253.0,3.54544997,1.0
634294.0,3.54544997,1.0
634343.0,3.54544997,2.0
634348.0,3.54544997,1.0
634407.0,3.54544997,1.0
634408.0,3.54544997,2.0
634615.0,3.54544997,2.0
634739.0,3.54544997,1.0
634890.0,3.54544997,1.0
634976.0,3.54544997,1.0
635005.0,3.54544997,2.0
635030.0,3.54544997,1.0
635191.0,3.54544997,2.0
635223.0,3.54544997,1.0
635253.0,3.54544997,1.0
635390.0,3.54544997,1.0
635401.0,3.54544997,2.0
635596.0,3.54544997,3.0
635642.0,3.54544997,1.0
635747.0,3.54544997,1.0
635749.0,3.54544997,3.0
635803.0,3.54544997,2.0
635805.0,3.54544997,2.0
635815.0,3.54544997,2.0
635856.0,3.54544997,1.0
635895.0,3.54544997,1.0
636101.0,3.54544997,1.0
636125.0,3.54544997,1.0
636162.0,3.54544997,1.0
636322.0,3.54544997,1.0
636450.0,3.54544997,1.0
636634.0,3.54544997,2.0
636648.0,3.54544997,1.0
637083.0,3.54544997,1.0
637273.0,3.54544997,2.0
637298.0,3.54544997,1.0
637308.0,3.54544997,1.0
637471.0,3.54544997,1.0
637616.0,3.54544997,2.0
637728.0,3.54544997,1.0
637817.0,3.54544997,1.0
637943.0,3.54544997,2.0
638031.0,3.54544997,1.0
638207.0,3.54544997,1.0
638678.0,3.54544997,3.0
638691.0,3.54544997,1.0
638897.0,3.54544997,1.0
638972.0,3.54544997,1.0
639009.0,3.54544997,3.0
639321.0,3.54544997,1.0
639682.0,3.54544997,2.0
639754.0,3.54544997,1.0
639981.0,3.54544997,1.0
640032.0,3.58586001,2.0
640063.0,3.58586001,1.0
640106.0,3.58586001,2.0
640123.0,3.58586001,1.0
640209.0,3.58586001,1.0
640238.0,3.58586001,1.0
640373.0,3.58586001,1.0
640389.0,3.58586001,1.0
640620.0,3.58586001,1.0
640628.0,3.58586001,1.0
640642.0,3.58586001,1.0
640653.0,3.58586001,1.0
640673.0,3.58586001,1.0
640680.0,3.58586001,1.0
640687.0,3.58586001,1.0
640725.0,3.58586001,2.0
640737.0,3.58586001,2.0
640783.0,3.58586001,1.0
640788.0,3.58586001,1.0
640790.0,3.58586001,1.0
640796.0,3.58586001,1.0
640870.0,3.58586001,4.0
640997.0,3.58586001,2.0
640998.0,3.58586001,1.0
641099.0,3.58586001,1.0
641108.0,3.58586001,4.0
641118.0,3.58586001,2.0
641151.0,3.58586001,1.0
641202.0,3.58586001,4.0
641350.0,3.58586001,1.0
641432.0,3.58586001,1.0
641458.0,3.58586001,2.0
641645.0,3.58586001,1.0
641730.0,3.58586001,1.0
641938.0,3.58586001,1.0
641986.0,3.58586001,1.0
641997.0,3.58586001,1.0
642015.0,3.58586001,1.0
642150.0,3.58586001,2.0
642210.0,3.58586001,2.0
642264.0,3.58586001,2.0
642271.0,3.58586001,1.0
642273.0,3.58586001,2.0
642303.0,3.58586001,2.0
642397.0,3.58586001,1.0
642413.0,3.58586001,2.0
642414.0,3.58586001,1.0
642725.0,3.58586001,2.0
642764.0,3.58586001,1.0
642766.0,3.58586001,1.0
642775.0,3.58586001,2.0
642819.0,3.58586001,1.0
642825.0,3.58586001,1.0
642915.0,3.58586001,1.0
643055.0,3.58586001,2.0
643110.0,3.58586001,1.0
643246.0,3.58586001,1.0
643251.0,3.58586001,1.0
643252.0,3.58586001,1.0
643290.0,3.58586001,1.0
643300.0,3.58586001,1.0
643340.0,3.58586001,1.0
643411.0,3.58586001,1.0
643414.0,3.58586001,1.0
643493.0,3.58586001,4.0
643495.0,3.58586001,2.0
643530.0,3.58586001,1.0
643550.0,3.58586001,1.0
643644.0,3.58586001,2.0
643717.0,3.58586001,2.0
643818.0,3.58586001,1.0
643937.0,3.58586001,2.0
643972.0,3.58586001,2.0
643984.0,3.58586001,2.0
644038.0,3.58586001,1.0
644045.0,3.58586001,2.0
644054.0,3.58586001,2.0
644096.0,3.58586001,2.0
644184.0,3.58586001,1.0
644251.0,3.58586001,1.0
644281.0,3.58586001,1.0
644352.0,3.58586001,3.0
644430.0,3.58586001,1.0
644455.0,3.58586001,3.0
644508.0,3.58586001,1.0
644518.0,3.58586001,3.0
644528.0,3.58586001,1.0
644701.0,3.58586001,2.0
644737.0,3.58586001,1.0
644739.0,3.58586001,2.0
644741.0,3.58586001,2.0
644966.0,3.58586001,2.0
644990.0,3.58586001,1.0
645022.0,3.58586001,1.0
645043.0,3.58586001,1.0
645044.0,3.58586001,3.0
645074.0,3.58586001,2.0
645159.0,3.58586001,1.0
645160.0,3.58586001,1.0
645344.0,3.58586001,1.0
645353.0,3.58586001,1.0
645357.0,3.58586001,1.0
645407.0,3.58586001,2.0
645446.0,3.58586001,1.0
645465.0,3.58586001,1.0
645482.0,3.58586001,2.0
645503.0,3.58586001,1.0
645521.0,3.58586001,2.0
645555.0,3.58586001,1.0
645626.0,3.58586001,2.0
645636.0,3.58586001,1.0
645639.0,3.58586001,1.0
645756.0,3.58586001,3.0
645805.0,3.58586001,1.0
645936.0,3.58586001,1.0
645999.0,3.58586001,2.0
646009.0,3.58586001,1.0
646131.0,3.58586001,2.0
646162.0,3.58586001,2.0
646205.0,3.58586001,1.0
646266.0,3.58586001,1.0
646295.0,3.58586001,1.0
646322.0,3.58586001,1.0
646326.0,3.58586001,1.0
646388.0,3.58586001,2.0
646410.0,3.58586001,1.0
646432.0,3.58586001,1.0
646465.0,3.58586001,1.0
646520.0,3.58586001,1.0
646592.0,3.58586001,1.0
646648.0,3.58586001,3.0
647050.0,3.58586001,1.0
647089.0,3.58586001,2.0
647150.0,3.58586001,1.0
647276.0,3.58586001,1.0
647286.0,3.58586001,1.0
647348.0,3.58586001,1.0
647453.0,3.58586001,2.0
647514.0,3.58586001,1.0
647520.0,3.58586001,1.0
647535.0,3.58586001,2.0
647536.0,3.58586001,1.0
647701.0,3.58586001,2.0
647710.0,3.58586001,1.0
647728.0,3.58586001,1.0
647761.0,3.58586001,2.0
647773.0,3.58586001,2.0
647817.0,3.58586001,3.0
647819.0,3.58586001,1.0
647859.0,3.58586001,1.0
647877.0,3.58586001,2.0
647903.0,3.58586001,1.0
647943.0,3.58586001,1.0
647991.0,3.58586001,1.0
648026.0,3.58586001,1.0
648031.0,3.58586001,2.0
648055.0,3.58586001,1.0
648088.0,3.58586001,1.0
648188.0,3.58586001,2.0
648230.0,3.58586001,1.0
648304.0,3.58586001,2.0
648305.0,3.58586001,3.0
648307.0,3.58586001,1.0
648453.0,3.58586001,2.0
648462.0,3.58586001,3.0
648493.0,3.58586001,1.0
648621.0,3.58586001,1.0
648718.0,3.58586001,2.0
648725.0,3.58586001,1.0
648732.0,3.58586001,1.0
648795.0,3.58586001,1.0
648820.0,3.58586001,2.0
648897.0,3.58586001,2.0
649017.0,3.58586001,1.0
649082.0,3.58586001,1.0
649085.0,3.58586001,1.0
649096.0,3.58586001,1.0
649206.0,3.58586001,2.0
649233.0,3.58586001,1.0
649363.0,3.58586001,1.0
649434.0,3.58586001,3.0
649477.0,3.58586001,1.0
649515.0,3.58586001,1.0
649628.0,3.58586001,1.0
649658.0,3.58586001,3.0
649841.0,3.58586001,2.0
649857.0,3.58586001,1.0
649944.0,3.58586001,2.0
649981.0,3.58586001,2.0
650024.0,3.62626004,1.0
650040.0,3.62626004,1.0
650081.0,3.62626004,1.0
650109.0,3.62626004,1.0
650204.0,3.62626004,1.0
650328.0,3.62626004,1.0
650373.0,3.62626004,1.0
650381.0,3.62626004,1.0
650389.0,3.62626004,1.0
650441.0,3.62626004,1.0
650531.0,3.62626004,1.0
650543.0,3.62626004,2.0
650551.0,3.62626004,2.0
650583.0,3.62626004,1.0
650585.0,3.62626004,1.0
650620.0,3.62626004,1.0
650628.0,3.62626004,1.0
650665.0,3.62626004,2.0
650673.0,3.62626004,1.0
650741.0,3.62626004,1.0
650837.0,3.62626004,3.0
650841.0,3.62626004,3.0
650846.0,3.62626004,1.0
650884.0,3.62626004,1.0
650904.0,3.62626004,1.0
650906.0,3.62626004,1.0
650999.0,3.62626004,1.0
651108.0,3.62626004,2.0
651151.0,3.62626004,2.0
651179.0,3.62626004,2.0
651212.0,3.62626004,2.0
651534.0,3.62626004,1.0
651535.0,3.62626004,1.0
651563.0,3.62626004,1.0
651572.0,3.62626004,1.0
651576.0,3.62626004,1.0
651600.0,3.62626004,1.0
651645.0,3.62626004,2.0
651695.0,3.62626004,1.0
651713.0,3.62626004,1.0
651720.0,3.62626004,1.0
651730.0,3.62626004,2.0
651741.0,3.62626004,1.0
651790.0,3.62626004,1.0
651824.0,3.62626004,1.0
651905.0,3.62626004,1.0
651906.0,3.62626004,1.0
651938.0,3.62626004,3.0
651964.0,3.62626004,1.0
652089.0,3.62626004,1.0
652192.0,3.62626004,1.0
652264.0,3.62626004,1.0
652354.0,3.62626004,1.0
652404.0,3.62626004,2.0
652503.0,3.62626004,1.0
652634.0,3.62626004,1.0
652646.0,3.62626004,1.0
652725.0,3.62626004,1.0
652760.0,3.62626004,2.0
652812.0,3.62626004,1.0
652816.0,3.62626004,1.0
652820.0,3.62626004,1.0
652830.0,3.62626004,1.0
652837.0,3.62626004,3.0
652887.0,3.62626004,1.0
653063.0,3.62626004,1.0
653108.0,3.62626004,2.0
653120.0,3.62626004,1.0
653162.0,3.62626004,3.0
653197.0,3.62626004,2.0
653203.0,3.62626004,1.0
653205.0,3.62626004,2.0
653213.0,3.62626004,2.0
653300.0,3.62626004,3.0
653363.0,3.62626004,2.0
653392.0,3.62626004,2.0
653411.0,3.62626004,1.0
653493.0,3.62626004,1.0
653495.0,3.62626004,1.0
653544.0,3.62626004,2.0
653628.0,3.62626004,1.0
653660.0,3.62626004,1.0
653671.0,3.62626004,2.0
653696.0,3.62626004,1.0
653711.0,3.62626004,1.0
653717.0,3.62626004,2.0
653741.0,3.62626004,1.0
653775.0,3.62626004,3.0
653857.0,3.62626004,1.0
653936.0,3.62626004,2.0
653972.0,3.62626004,2.0
653977.0,3.62626004,2.0
654045.0,3.62626004,2.0
654130.0,3.62626004,2.0
654165.0,3.62626004,1.0
654179.0,3.62626004,1.0
654203.0,3.62626004,2.0
654211.0,3.62626004,1.0
654308.0,3.62626004,1.0
654343.0,3.62626004,1.0
654348.0,3.62626004,2.0
654408.0,3.62626004,1.0
654430.0,3.62626004,1.0
654431.0,3.62626004,3.0
654433.0,3.62626004,1.0
654528.0,3.62626004,1.0
654543.0,3.62626004,1.0
654546.0,3.62626004,1.0
654615.0,3.62626004,2.0
654654.0,3.62626004,1.0
654739.0,3.62626004,2.0
654928.0,3.62626004,3.0
654929.0,3.62626004,1.0
655005.0,3.62626004,2.0
655050.0,3.62626004,1.0
655051.0,3.62626004,1.0
655069.0,3.62626004,1.0
655105.0,3.62626004,1.0
655287.0,3.62626004,1.0
655318.0,3.62626004,2.0
655328.0,3.62626004,1.0
655482.0,3.62626004,1.0
655503.0,3.62626004,1.0
655534.0,3.62626004,1.0
655542.0,3.62626004,2.0
655549.0,3.62626004,2.0
655636.0,3.62626004,1.0
655803.0,3.62626004,1.0
655805.0,3.62626004,1.0
655815.0,3.62626004,1.0
655867.0,3.62626004,1.0
655874.0,3.62626004,1.0
655945.0,3.62626004,2.0
655950.0,3.62626004,1.0
655973.0,3.62626004,1.0
656009.0,3.62626004,2.0
656118.0,3.62626004,2.0
656125.0,3.62626004,1.0
656172.0,3.62626004,2.0
656180.0,3.62626004,4.0
656205.0,3.62626004,1.0
656224.0,3.62626004,1.0
656295.0,3.62626004,1.0
656337.0,3.62626004,3.0
656353.0,3.62626004,1.0
656388.0,3.62626004,1.0
656432.0,3.62626004,2.0
656446.0,3.62626004,1.0
656450.0,3.62626004,1.0
656506.0,3.62626004,1.0
656536.0,3.62626004,1.0
656602.0,3.62626004,1.0
656813.0,3.62626004,2.0
656859.0,3.62626004,3.0
656973.0,3.62626004,2.0
656974.0,3.62626004,1.0
657126.0,3.62626004,1.0
657170.0,3.62626004,2.0
657214.0,3.62626004,1.0
657298.0,3.62626004,1.0
657341.0,3.62626004,2.0
657348.0,3.62626004,2.0
657349.0,3.62626004,1.0
657356.0,3.62626004,2.0
657390.0,3.62626004,1.0
657415.0,3.62626004,2.0
657434.0,3.62626004,1.0
657520.0,3.62626004,2.0
657558.0,3.62626004,2.0
657563.0,3.62626004,1.0
657590.0,3.62626004,1.0
657616.0,3.62626004,2.0
657667.0,3.62626004,1.0
657694.0,3.62626004,4.0
657773.0,3.62626004,1.0
657840.0,3.62626004,1.0
657847.0,3.62626004,3.0
657881.0,3.62626004,1.0
657941.0,3.62626004,1.0
657944.0,3.62626004,1.0
657990.0,3.62626004,1.0
657991.0,3.62626004,2.0
658005.0,3.62626004,1.0
658026.0,3.62626004,1.0
658031.0,3.62626004,1.0
658062.0,3.62626004,1.0
658144.0,3.62626004,1.0
658146.0,3.62626004,1.0
658223.0,3.62626004,1.0
658473.0,3.62626004,2.0
658499.0,3.62626004,1.0
658636.0,3.62626004,1.0
658734.0,3.62626004,1.0
658769.0,3.62626004,1.0
658841.0,3.62626004,1.0
659009.0,3.62626004,3.0
659015.0,3.62626004,3.0
659029.0,3.62626004,1.0
659082.0,3.62626004,1.0
659133.0,3.62626004,2.0
659206.0,3.62626004,1.0
659233.0,3.62626004,1.0
659241.0,3.62626004,1.0
659270.0,3.62626004,2.0
659320.0,3.62626004,1.0
659338.0,3.62626004,1.0
659381.0,3.62626004,2.0
659434.0,3.62626004,4.0
659510.0,3.62626004,1.0
659626.0,3.62626004,1.0
659642.0,3.62626004,1.0
659681.0,3.62626004,2.0
659682.0,3.62626004,3.0
659747.0,3.62626004,1.0
659806.0,3.62626004,1.0
659857.0,3.62626004,2.0
650027.0,3.62626004,1.0
650207.0,3.62626004,1.0
650327.0,3.62626004,1.0
650525.0,3.62626004,1.0
650683.0,3.62626004,1.0
650687.0,3.62626004,1.0
650690.0,3.62626004,1.0
650821.0,3.62626004,1.0
651023.0,3.62626004,1.0
651354.0,3.62626004,1.0
651754.0,3.62626004,1.0
652187.0,3.62626004,1.0
652216.0,3.62626004,1.0
652786.0,3.62626004,1.0
652959.0,3.62626004,1.0
653056.0,3.62626004,1.0
653287.0,3.62626004,1.0
653297.0,3.62626004,1.0
653303.0,3.62626004,1.0
653410.0,3.62626004,1.0
653459.0,3.62626004,1.0
653686.0,3.62626004,1.0
653944.0,3.62626004,1.0
654107.0,3.62626004,1.0
654312.0,3.62626004,1.0
654424.0,3.62626004,1.0
654522.0,3.62626004,1.0
654811.0,3.62626004,1.0
654977.0,3.62626004,1.0
655030.0,3.62626004,1.0
655088.0,3.62626004,1.0
655160.0,3.62626004,1.0
655212.0,3.62626004,1.0
655642.0,3.62626004,1.0
655767.0,3.62626004,1.0
655969.0,3.62626004,1.0
656308.0,3.62626004,1.0
656574.0,3.62626004,1.0
656650.0,3.62626004,1.0
656707.0,3.62626004,1.0
656970.0,3.62626004,1.0
658008.0,3.62626004,1.0
658123.0,3.62626004,1.0
658333.0,3.62626004,1.0
658703.0,3.62626004,1.0
658777.0,3.62626004,1.0
658933.0,3.62626004,1.0
659026.0,3.62626004,1.0
659730.0,3.62626004,1.0
660032.0,3.66667008,1.0
660036.0,3.66667008,2.0
660064.0,3.66667008,2.0
660107.0,3.66667008,2.0
660235.0,3.66667008,2.0
660250.0,3.66667008,1.0
660268.0,3.66667008,1.0
660389.0,3.66667008,1.0
660400.0,3.66667008,1.0
660461.0,3.66667008,1.0
660515.0,3.66667008,1.0
660585.0,3.66667008,2.0
660681.0,3.66667008,1.0
660683.0,3.66667008,1.0
660687.0,3.66667008,1.0
660702.0,3.66667008,1.0
660725.0,3.66667008,3.0
660737.0,3.66667008,2.0
660783.0,3.66667008,2.0
660841.0,3.66667008,2.0
660846.0,3.66667008,2.0
660876.0,3.66667008,1.0
660884.0,3.66667008,1.0
660889.0,3.66667008,1.0
660896.0,3.66667008,1.0
661000.0,3.66667008,5.0
661108.0,3.66667008,1.0
661122.0,3.66667008,2.0
661124.0,3.66667008,3.0
661147.0,3.66667008,1.0
661202.0,3.66667008,1.0
661216.0,3.66667008,2.0
661238.0,3.66667008,2.0
661341.0,3.66667008,2.0
661396.0,3.66667008,1.0
661436.0,3.66667008,3.0
661479.0,3.66667008,1.0
661563.0,3.66667008,1.0
661589.0,3.66667008,3.0
661679.0,3.66667008,1.0
661756.0,3.66667008,1.0
661964.0,3.66667008,1.0
662271.0,3.66667008,3.0
662273.0,3.66667008,1.0
662339.0,3.66667008,1.0
662340.0,3.66667008,2.0
662404.0,3.66667008,1.0
662438.0,3.66667008,2.0
662461.0,3.66667008,2.0
662503.0,3.66667008,2.0
662511.0,3.66667008,1.0
662557.0,3.66667008,4.0
662568.0,3.66667008,1.0
662571.0,3.66667008,2.0
662725.0,3.66667008,2.0
662775.0,3.66667008,1.0
662777.0,3.66667008,1.0
662825.0,3.66667008,3.0
663055.0,3.66667008,2.0
663093.0,3.66667008,1.0
663108.0,3.66667008,1.0
663120.0,3.66667008,3.0
663145.0,3.66667008,2.0
663162.0,3.66667008,1.0
663197.0,3.66667008,1.0
663341.0,3.66667008,1.0
663414.0,3.66667008,1.0
663644.0,3.66667008,2.0
663653.0,3.66667008,1.0
663682.0,3.66667008,1.0
663775.0,3.66667008,3.0
663777.0,3.66667008,1.0
663857.0,3.66667008,2.0
663889.0,3.66667008,1.0
663936.0,3.66667008,3.0
663977.0,3.66667008,1.0
663996.0,3.66667008,3.0
664001.0,3.66667008,1.0
664004.0,3.66667008,1.0
664045.0,3.66667008,1.0
664138.0,3.66667008,2.0
664237.0,3.66667008,1.0
664251.0,3.66667008,1.0
664281.0,3.66667008,2.0
664345.0,3.66667008,2.0
664352.0,3.66667008,3.0
664364.0,3.66667008,1.0
664407.0,3.66667008,1.0
664408.0,3.66667008,1.0
664480.0,3.66667008,2.0
664518.0,3.66667008,2.0
664521.0,3.66667008,2.0
664546.0,3.66667008,2.0
664615.0,3.66667008,2.0
664654.0,3.66667008,2.0
664691.0,3.66667008,3.0
664780.0,3.66667008,1.0
664975.0,3.66667008,3.0
665044.0,3.66667008,1.0
665069.0,3.66667008,2.0
665105.0,3.66667008,2.0
665146.0,3.66667008,3.0
665159.0,3.66667008,1.0
665160.0,3.66667008,1.0
665204.0,3.66667008,2.0
665407.0,3.66667008,3.0
665429.0,3.66667008,1.0
665437.0,3.66667008,2.0
665446.0,3.66667008,2.0
665534.0,3.66667008,1.0
665555.0,3.66667008,1.0
665596.0,3.66667008,2.0
665642.0,3.66667008,1.0
665652.0,3.66667008,3.0
665747.0,3.66667008,2.0
665773.0,3.66667008,2.0
665815.0,3.66667008,3.0
665818.0,3.66667008,2.0
666013.0,3.66667008,1.0
666062.0,3.66667008,2.0
666095.0,3.66667008,1.0
666125.0,3.66667008,1.0
666166.0,3.66667008,1.0
666180.0,3.66667008,2.0
666224.0,3.66667008,2.0
666295.0,3.66667008,1.0
666388.0,3.66667008,2.0
666525.0,3.66667008,2.0
666634.0,3.66667008,1.0
666747.0,3.66667008,2.0
666820.0,3.66667008,3.0
666840.0,3.66667008,1.0
667126.0,3.66667008,3.0
667145.0,3.66667008,3.0
667264.0,3.66667008,1.0
667298.0,3.66667008,1.0
667348.0,3.66667008,1.0
667356.0,3.66667008,1.0
667415.0,3.66667008,1.0
667471.0,3.66667008,1.0
667563.0,3.66667008,1.0
667620.0,3.66667008,1.0
667699.0,3.66667008,1.0
667711.0,3.66667008,1.0
667819.0,3.66667008,1.0
667829.0,3.66667008,1.0
667847.0,3.66667008,1.0
667859.0,3.66667008,3.0
667881.0,3.66667008,2.0
668041.0,3.66667008,2.0
668105.0,3.66667008,3.0
668146.0,3.66667008,1.0
668245.0,3.66667008,1.0
668352.0,3.66667008,1.0
668388.0,3.66667008,2.0
668453.0,3.66667008,1.0
668462.0,3.66667008,1.0
668475.0,3.66667008,2.0
668691.0,3.66667008,1.0
668725.0,3.66667008,1.0
668752.0,3.66667008,2.0
668795.0,3.66667008,1.0
668805.0,3.66667008,1.0
668820.0,3.66667008,3.0
668841.0,3.66667008,2.0
668930.0,3.66667008,3.0
668993.0,3.66667008,1.0
669054.0,3.66667008,3.0
669082.0,3.66667008,1.0
669295.0,3.66667008,2.0
669338.0,3.66667008,1.0
669381.0,3.66667008,1.0
669406.0,3.66667008,1.0
669408.0,3.66667008,3.0
669434.0,3.66667008,1.0
669586.0,3.66667008,1.0
669591.0,3.66667008,3.0
669658.0,3.66667008,3.0
669723.0,3.66667008,1.0
669857.0,3.66667008,1.0
669891.0,3.66667008,3.0
669917.0,3.66667008,2.0
670024.0,3.70707011,1.0
670027.0,3.70707011,1.0
670040.0,3.70707011,1.0
670081.0,3.70707011,1.0
670109.0,3.70707011,1.0
670136.0,3.70707011,2.0
670210.0,3.70707011,2.0
670344.0,3.70707011,1.0
670383.0,3.70707011,1.0
670402.0,3.70707011,1.0
670474.0,3.70707011,2.0
670554.0,3.70707011,1.0
670592.0,3.70707011,1.0
670620.0,3.70707011,2.0
670628.0,3.70707011,1.0
670653.0,3.70707011,1.0
670665.0,3.70707011,2.0
670681.0,3.70707011,2.0
670702.0,3.70707011,1.0
670718.0,3.70707011,1.0
670737.0,3.70707011,3.0
670754.0,3.70707011,2.0
670756.0,3.70707011,2.0
670846.0,3.70707011,4.0
670913.0,3.70707011,1.0
670973.0,3.70707011,3.0
670976.0,3.70707011,3.0
670982.0,3.70707011,1.0
671078.0,3.70707011,3.0
671099.0,3.70707011,3.0
671118.0,3.70707011,1.0
671147.0,3.70707011,1.0
671151.0,3.70707011,1.0
671179.0,3.70707011,3.0
671290.0,3.70707011,1.0
671427.0,3.70707011,3.0
671585.0,3.70707011,1.0
671629.0,3.70707011,1.0
671645.0,3.70707011,1.0
671777.0,3.70707011,1.0
671824.0,3.70707011,2.0
671826.0,3.70707011,1.0
671906.0,3.70707011,1.0
671921.0,3.70707011,1.0
671938.0,3.70707011,1.0
671964.0,3.70707011,2.0
671997.0,3.70707011,1.0
672043.0,3.70707011,1.0
672047.0,3.70707011,2.0
672089.0,3.70707011,1.0
672094.0,3.70707011,1.0
672156.0,3.70707011,1.0
672173.0,3.70707011,1.0
672177.0,3.70707011,3.0
672192.0,3.70707011,1.0
672273.0,3.70707011,2.0
672303.0,3.70707011,1.0
672354.0,3.70707011,1.0
672376.0,3.70707011,3.0
672389.0,3.70707011,2.0
672571.0,3.70707011,2.0
672716.0,3.70707011,1.0
672736.0,3.70707011,2.0
672753.0,3.70707011,1.0
672764.0,3.70707011,1.0
672861.0,3.70707011,1.0
672892.0,3.70707011,1.0
672915.0,3.70707011,2.0
673048.0,3.70707011,1.0
673162.0,3.70707011,2.0
673205.0,3.70707011,1.0
673213.0,3.70707011,1.0
673251.0,3.70707011,2.0
673252.0,3.70707011,2.0
673290.0,3.70707011,1.0
673314.0,3.70707011,1.0
673392.0,3.70707011,3.0
673411.0,3.70707011,1.0
673492.0,3.70707011,1.0
673529.0,3.70707011,2.0
673588.0,3.70707011,1.0
673671.0,3.70707011,1.0
673682.0,3.70707011,1.0
673775.0,3.70707011,3.0
673809.0,3.70707011,2.0
673818.0,3.70707011,2.0
673972.0,3.70707011,2.0
673984.0,3.70707011,2.0
673985.0,3.70707011,2.0
674028.0,3.70707011,2.0
674043.0,3.70707011,1.0
674045.0,3.70707011,3.0
674130.0,3.70707011,1.0
674135.0,3.70707011,1.0
674184.0,3.70707011,1.0
674258.0,3.70707011,1.0
674308.0,3.70707011,2.0
674345.0,3.70707011,1.0
674348.0,3.70707011,3.0
674362.0,3.70707011,2.0
674364.0,3.70707011,2.0
674407.0,3.70707011,1.0
674408.0,3.70707011,2.0
674430.0,3.70707011,3.0
674433.0,3.70707011,1.0
674518.0,3.70707011,1.0
674572.0,3.70707011,2.0
674590.0,3.70707011,1.0
674603.0,3.70707011,2.0
674614.0,3.70707011,3.0
674890.0,3.70707011,1.0
674917.0,3.70707011,2.0
674966.0,3.70707011,2.0
674977.0,3.70707011,2.0
675030.0,3.70707011,3.0
675043.0,3.70707011,2.0
675204.0,3.70707011,2.0
675253.0,3.70707011,2.0
675278.0,3.70707011,1.0
675314.0,3.70707011,1.0
675328.0,3.70707011,1.0
675344.0,3.70707011,2.0
675354.0,3.70707011,3.0
675390.0,3.70707011,1.0
675401.0,3.70707011,2.0
675419.0,3.70707011,1.0
675451.0,3.70707011,1.0
675521.0,3.70707011,1.0
675534.0,3.70707011,2.0
675615.0,3.70707011,1.0
675639.0,3.70707011,1.0
675747.0,3.70707011,1.0
675749.0,3.70707011,1.0
675773.0,3.70707011,2.0
675818.0,3.70707011,3.0
675989.0,3.70707011,3.0
675999.0,3.70707011,1.0
676057.0,3.70707011,1.0
676095.0,3.70707011,1.0
676113.0,3.70707011,1.0
676125.0,3.70707011,1.0
676166.0,3.70707011,1.0
676227.0,3.70707011,1.0
676248.0,3.70707011,1.0
676266.0,3.70707011,1.0
676322.0,3.70707011,2.0
676450.0,3.70707011,1.0
676520.0,3.70707011,2.0
676525.0,3.70707011,1.0
676540.0,3.70707011,1.0
676602.0,3.70707011,1.0
676790.0,3.70707011,1.0
676813.0,3.70707011,1.0
676820.0,3.70707011,1.0
676859.0,3.70707011,3.0
677126.0,3.70707011,2.0
677145.0,3.70707011,1.0
677197.0,3.70707011,1.0
677226.0,3.70707011,1.0
677300.0,3.70707011,1.0
677308.0,3.70707011,1.0
677348.0,3.70707011,2.0
677366.0,3.70707011,1.0
677369.0,3.70707011,1.0
677520.0,3.70707011,2.0
677563.0,3.70707011,1.0
677590.0,3.70707011,1.0
677616.0,3.70707011,1.0
677622.0,3.70707011,1.0
677626.0,3.70707011,1.0
677642.0,3.70707011,1.0
677659.0,3.70707011,2.0
677721.0,3.70707011,3.0
677765.0,3.70707011,2.0
677817.0,3.70707011,1.0
677819.0,3.70707011,1.0
677840.0,3.70707011,2.0
677852.0,3.70707011,1.0
677859.0,3.70707011,2.0
677991.0,3.70707011,2.0
678041.0,3.70707011,1.0
678062.0,3.70707011,1.0
678082.0,3.70707011,1.0
678086.0,3.70707011,2.0
678088.0,3.70707011,1.0
678171.0,3.70707011,2.0
678223.0,3.70707011,1.0
678254.0,3.70707011,1.0
678333.0,3.70707011,2.0
678352.0,3.70707011,2.0
678356.0,3.70707011,2.0
678570.0,3.70707011,1.0
678691.0,3.70707011,2.0
678794.0,3.70707011,1.0
678857.0,3.70707011,1.0
678869.0,3.70707011,1.0
678897.0,3.70707011,1.0
678930.0,3.70707011,1.0
678972.0,3.70707011,2.0
679054.0,3.70707011,1.0
679130.0,3.70707011,2.0
679185.0,3.70707011,1.0
679270.0,3.70707011,1.0
679295.0,3.70707011,2.0
679434.0,3.70707011,3.0
679440.0,3.70707011,1.0
679549.0,3.70707011,3.0
679622.0,3.70707011,1.0
679626.0,3.70707011,2.0
679684.0,3.70707011,1.0
679723.0,3.70707011,1.0
679806.0,3.70707011,1.0
679828.0,3.70707011,5.0
679829.0,3.70707011,1.0
679857.0,3.70707011,1.0
679929.0,3.70707011,1.0
680040.0,3.7474699,1.0
680081.0,3.7474699,1.0
680199.0,3.7474699,1.0
680210.0,3.7474699,1.0
680235.0,3.7474699,1.0
680425.0,3.7474699,1.0
680592.0,3.7474699,1.0
680620.0,3.7474699,2.0
680628.0,3.7474699,1.0
680665.0,3.7474699,1.0
680673.0,3.7474699,1.0
680702.0,3.7474699,1.0
680718.0,3.7474699,1.0
680754.0,3.7474699,3.0
680756.0,3.7474699,1.0
680783.0,3.7474699,2.0
680849.0,3.7474699,1.0
680997.0,3.7474699,1.0
680998.0,3.7474699,1.0
681106.0,3.7474699,1.0
681156.0,3.7474699,1.0
681202.0,3.7474699,4.0
681325.0,3.7474699,1.0
681432.0,3.7474699,1.0
681458.0,3.7474699,2.0
681645.0,3.7474699,1.0
681695.0,3.7474699,1.0
681938.0,3.7474699,1.0
681986.0,3.7474699,1.0
682015.0,3.7474699,1.0
682078.0,3.7474699,1.0
682173.0,3.7474699,1.0
682210.0,3.7474699,1.0
682264.0,3.7474699,1.0
682271.0,3.7474699,1.0
682273.0,3.7474699,3.0
682318.0,3.7474699,1.0
682354.0,3.7474699,1.0
682414.0,3.7474699,2.0
682424.0,3.7474699,1.0
682725.0,3.7474699,2.0
682764.0,3.7474699,1.0
682772.0,3.7474699,1.0
682777.0,3.7474699,1.0
683251.0,3.7474699,1.0
683290.0,3.7474699,1.0
683340.0,3.7474699,1.0
683341.0,3.7474699,1.0
683411.0,3.7474699,1.0
683457.0,3.7474699,1.0
683508.0,3.7474699,1.0
683512.0,3.7474699,1.0
683550.0,3.7474699,1.0
683653.0,3.7474699,1.0
683857.0,3.7474699,2.0
683889.0,3.7474699,1.0
683937.0,3.7474699,1.0
683972.0,3.7474699,1.0
683977.0,3.7474699,1.0
684025.0,3.7474699,1.0
684034.0,3.7474699,1.0
684038.0,3.7474699,1.0
684045.0,3.7474699,1.0
684138.0,3.7474699,1.0
684165.0,3.7474699,2.0
684211.0,3.7474699,1.0
684343.0,3.7474699,2.0
684408.0,3.7474699,1.0
684433.0,3.7474699,1.0
684461.0,3.7474699,1.0
684476.0,3.7474699,1.0
684480.0,3.7474699,1.0
684521.0,3.7474699,1.0
684546.0,3.7474699,1.0
684640.0,3.7474699,1.0
684737.0,3.7474699,3.0
684739.0,3.7474699,2.0
684917.0,3.7474699,1.0
684929.0,3.7474699,1.0
685022.0,3.7474699,1.0
685030.0,3.7474699,1.0
685051.0,3.7474699,1.0
685068.0,3.7474699,1.0
685105.0,3.7474699,1.0
685146.0,3.7474699,1.0
685401.0,3.7474699,1.0
685474.0,3.7474699,1.0
685488.0,3.7474699,2.0
685534.0,3.7474699,1.0
685615.0,3.7474699,1.0
685756.0,3.7474699,1.0
685893.0,3.7474699,1.0
685969.0,3.7474699,1.0
686118.0,3.7474699,1.0
686125.0,3.7474699,1.0
686180.0,3.7474699,1.0
686224.0,3.7474699,1.0
686388.0,3.7474699,1.0
686446.0,3.7474699,1.0
686632.0,3.7474699,1.0
686634.0,3.7474699,1.0
687126.0,3.7474699,1.0
687308.0,3.7474699,3.0
687434.0,3.7474699,1.0
687520.0,3.7474699,1.0
687525.0,3.7474699,2.0
687563.0,3.7474699,1.0
687659.0,3.7474699,1.0
687699.0,3.7474699,1.0
687706.0,3.7474699,1.0
687765.0,3.7474699,3.0
687778.0,3.7474699,1.0
687817.0,3.7474699,1.0
687859.0,3.7474699,2.0
687903.0,3.7474699,1.0
687943.0,3.7474699,1.0
687990.0,3.7474699,2.0
688026.0,3.7474699,1.0
688163.0,3.7474699,1.0
688207.0,3.7474699,1.0
688254.0,3.7474699,1.0
688366.0,3.7474699,1.0
688388.0,3.7474699,1.0
688473.0,3.7474699,1.0
688565.0,3.7474699,1.0
688691.0,3.7474699,1.0
688783.0,3.7474699,1.0
688857.0,3.7474699,1.0
688972.0,3.7474699,1.0
689043.0,3.7474699,1.0
689050.0,3.7474699,1.0
689295.0,3.7474699,1.0
689341.0,3.7474699,1.0
689363.0,3.7474699,1.0
689510.0,3.7474699,1.0
689527.0,3.7474699,1.0
689806.0,3.7474699,1.0
689891.0,3.7474699,1.0
689981.0,3.7474699,1.0
690027.0,3.78787994,1.0
690029.0,3.78787994,1.0
690032.0,3.78787994,1.0
690036.0,3.78787994,1.0
690085.0,3.78787994,1.0
690199.0,3.78787994,1.0
690250.0,3.78787994,1.0
690307.0,3.78787994,1.0
690334.0,3.78787994,1.0
690344.0,3.78787994,1.0
690346.0,3.78787994,1.0
690383.0,3.78787994,1.0
690388.0,3.78787994,1.0
690461.0,3.78787994,2.0
690487.0,3.78787994,1.0
690525.0,3.78787994,1.0
690554.0,3.78787994,1.0
690568.0,3.78787994,1.0
690592.0,3.78787994,1.0
690620.0,3.78787994,1.0
690642.0,3.78787994,1.0
690680.0,3.78787994,1.0
690681.0,3.78787994,1.0
690683.0,3.78787994,1.0
690687.0,3.78787994,1.0
690725.0,3.78787994,1.0
690730.0,3.78787994,1.0
690737.0,3.78787994,1.0
690754.0,3.78787994,1.0
690800.0,3.78787994,1.0
690821.0,3.78787994,1.0
690837.0,3.78787994,1.0
690841.0,3.78787994,1.0
690870.0,3.78787994,1.0
690896.0,3.78787994,1.0
690899.0,3.78787994,1.0
690913.0,3.78787994,2.0
690997.0,3.78787994,1.0
691000.0,3.78787994,1.0
691021.0,3.78787994,1.0
691041.0,3.78787994,1.0
691046.0,3.78787994,1.0
691048.0,3.78787994,1.0
691051.0,3.78787994,1.0
691106.0,3.78787994,1.0
691108.0,3.78787994,1.0
691132.0,3.78787994,1.0
691147.0,3.78787994,1.0
691158.0,3.78787994,1.0
691170.0,3.78787994,1.0
691202.0,3.78787994,1.0
691256.0,3.78787994,1.0
691282.0,3.78787994,1.0
691298.0,3.78787994,1.0
691308.0,3.78787994,1.0
691341.0,3.78787994,1.0
691354.0,3.78787994,1.0
691403.0,3.78787994,1.0
691427.0,3.78787994,1.0
691479.0,3.78787994,1.0
691512.0,3.78787994,1.0
691536.0,3.78787994,1.0
691546.0,3.78787994,1.0
691572.0,3.78787994,1.0
691585.0,3.78787994,1.0
691600.0,3.78787994,1.0
691602.0,3.78787994,1.0
691611.0,3.78787994,1.0
691629.0,3.78787994,1.0
691666.0,3.78787994,1.0
691679.0,3.78787994,1.0
691687.0,3.78787994,1.0
691695.0,3.78787994,1.0
691754.0,3.78787994,1.0
691777.0,3.78787994,1.0
691816.0,3.78787994,1.0
691820.0,3.78787994,1.0
691848.0,3.78787994,1.0
691874.0,3.78787994,1.0
691908.0,3.78787994,1.0
691921.0,3.78787994,2.0
691938.0,3.78787994,1.0
691964.0,3.78787994,2.0
691983.0,3.78787994,1.0
691986.0,3.78787994,1.0
692031.0,3.78787994,1.0
692043.0,3.78787994,1.0
692047.0,3.78787994,1.0
692071.0,3.78787994,1.0
692087.0,3.78787994,1.0
692173.0,3.78787994,1.0
692177.0,3.78787994,1.0
692187.0,3.78787994,1.0
692210.0,3.78787994,1.0
692216.0,3.78787994,1.0
692239.0,3.78787994,1.0
692273.0,3.78787994,1.0
692313.0,3.78787994,1.0
692318.0,3.78787994,1.0
692340.0,3.78787994,1.0
692368.0,3.78787994,1.0
692404.0,3.78787994,1.0
692413.0,3.78787994,1.0
692424.0,3.78787994,2.0
692514.0,3.78787994,1.0
692576.0,3.78787994,1.0
692633.0,3.78787994,1.0
692702.0,3.78787994,1.0
692725.0,3.78787994,1.0
692736.0,3.78787994,1.0
692760.0,3.78787994,1.0
692777.0,3.78787994,1.0
692825.0,3.78787994,1.0
692837.0,3.78787994,1.0
692871.0,3.78787994,1.0
692945.0,3.78787994,1.0
692959.0,3.78787994,1.0
693071.0,3.78787994,1.0
693088.0,3.78787994,1.0
693120.0,3.78787994,1.0
693124.0,3.78787994,1.0
693142.0,3.78787994,1.0
693145.0,3.78787994,1.0
693205.0,3.78787994,1.0
693218.0,3.78787994,1.0
693240.0,3.78787994,1.0
693252.0,3.78787994,1.0
693271.0,3.78787994,1.0
693305.0,3.78787994,1.0
693319.0,3.78787994,1.0
693345.0,3.78787994,1.0
693426.0,3.78787994,1.0
693454.0,3.78787994,1.0
693459.0,3.78787994,1.0
693461.0,3.78787994,1.0
693493.0,3.78787994,1.0
693501.0,3.78787994,1.0
693514.0,3.78787994,1.0
693530.0,3.78787994,1.0
693544.0,3.78787994,1.0
693550.0,3.78787994,1.0
693568.0,3.78787994,1.0
693588.0,3.78787994,1.0
693671.0,3.78787994,1.0
693682.0,3.78787994,1.0
693711.0,3.78787994,1.0
693717.0,3.78787994,1.0
693745.0,3.78787994,1.0
693767.0,3.78787994,1.0
693771.0,3.78787994,1.0
693809.0,3.78787994,1.0
693818.0,3.78787994,1.0
693827.0,3.78787994,1.0
693850.0,3.78787994,1.0
693936.0,3.78787994,1.0
693937.0,3.78787994,1.0
693944.0,3.78787994,1.0
693972.0,3.78787994,1.0
693995.0,3.78787994,1.0
694010.0,3.78787994,1.0
694038.0,3.78787994,1.0
694043.0,3.78787994,1.0
694045.0,3.78787994,1.0
694130.0,3.78787994,1.0
694165.0,3.78787994,1.0
694171.0,3.78787994,1.0
694211.0,3.78787994,1.0
694235.0,3.78787994,1.0
694274.0,3.78787994,1.0
694281.0,3.78787994,1.0
694294.0,3.78787994,1.0
694344.0,3.78787994,1.0
694348.0,3.78787994,1.0
694349.0,3.78787994,1.0
694437.0,3.78787994,1.0
694455.0,3.78787994,1.0
694476.0,3.78787994,1.0
694499.0,3.78787994,1.0
694522.0,3.78787994,1.0
694546.0,3.78787994,1.0
694575.0,3.78787994,1.0
694579.0,3.78787994,1.0
694614.0,3.78787994,1.0
694640.0,3.78787994,2.0
694721.0,3.78787994,1.0
694741.0,3.78787994,1.0
694780.0,3.78787994,1.0
694831.0,3.78787994,1.0
694833.0,3.78787994,1.0
694917.0,3.78787994,1.0
694936.0,3.78787994,1.0
694976.0,3.78787994,1.0
694977.0,3.78787994,1.0
694990.0,3.78787994,1.0
695030.0,3.78787994,1.0
695044.0,3.78787994,1.0
695101.0,3.78787994,1.0
695121.0,3.78787994,1.0
695157.0,3.78787994,1.0
695223.0,3.78787994,1.0
695260.0,3.78787994,1.0
695305.0,3.78787994,1.0
695319.0,3.78787994,1.0
695357.0,3.78787994,1.0
695390.0,3.78787994,1.0
695407.0,3.78787994,1.0
695429.0,3.78787994,1.0
695450.0,3.78787994,1.0
695488.0,3.78787994,1.0
695543.0,3.78787994,1.0
695548.0,3.78787994,1.0
695555.0,3.78787994,1.0
695615.0,3.78787994,1.0
695642.0,3.78787994,1.0
695652.0,3.78787994,1.0
695660.0,3.78787994,1.0
695663.0,3.78787994,1.0
695747.0,3.78787994,1.0
695756.0,3.78787994,1.0
695767.0,3.78787994,1.0
695844.0,3.78787994,1.0
695893.0,3.78787994,1.0
695945.0,3.78787994,1.0
695950.0,3.78787994,1.0
695969.0,3.78787994,1.0
695987.0,3.78787994,1.0
696118.0,3.78787994,1.0
696125.0,3.78787994,1.0
696162.0,3.78787994,1.0
696166.0,3.78787994,1.0
696199.0,3.78787994,1.0
696227.0,3.78787994,1.0
696266.0,3.78787994,1.0
696322.0,3.78787994,1.0
696326.0,3.78787994,1.0
696337.0,3.78787994,1.0
696410.0,3.78787994,1.0
696432.0,3.78787994,2.0
696463.0,3.78787994,1.0
696483.0,3.78787994,1.0
696519.0,3.78787994,1.0
696540.0,3.78787994,1.0
696556.0,3.78787994,1.0
696602.0,3.78787994,1.0
696636.0,3.78787994,1.0
696648.0,3.78787994,3.0
696650.0,3.78787994,1.0
696686.0,3.78787994,1.0
696707.0,3.78787994,1.0
696767.0,3.78787994,1.0
696793.0,3.78787994,1.0
696818.0,3.78787994,1.0
696820.0,3.78787994,1.0
696850.0,3.78787994,1.0
696859.0,3.78787994,1.0
696860.0,3.78787994,1.0
696888.0,3.78787994,1.0
696909.0,3.78787994,1.0
696913.0,3.78787994,1.0
696923.0,3.78787994,1.0
696949.0,3.78787994,1.0
696967.0,3.78787994,1.0
696969.0,3.78787994,1.0
696970.0,3.78787994,1.0
696986.0,3.78787994,1.0
697148.0,3.78787994,1.0
697276.0,3.78787994,1.0
697286.0,3.78787994,1.0
697300.0,3.78787994,1.0
697305.0,3.78787994,1.0
697356.0,3.78787994,1.0
697357.0,3.78787994,1.0
697358.0,3.78787994,1.0
697363.0,3.78787994,1.0
697378.0,3.78787994,1.0
697482.0,3.78787994,2.0
697514.0,3.78787994,1.0
697520.0,3.78787994,1.0
697543.0,3.78787994,1.0
697563.0,3.78787994,1.0
697622.0,3.78787994,1.0
697642.0,3.78787994,1.0
697659.0,3.78787994,1.0
697714.0,3.78787994,1.0
697721.0,3.78787994,1.0
697728.0,3.78787994,1.0
697852.0,3.78787994,1.0
697917.0,3.78787994,1.0
697923.0,3.78787994,1.0
698026.0,3.78787994,1.0
698055.0,3.78787994,1.0
698080.0,3.78787994,1.0
698082.0,3.78787994,1.0
698086.0,3.78787994,1.0
698088.0,3.78787994,1.0
698105.0,3.78787994,1.0
698117.0,3.78787994,1.0
698146.0,3.78787994,1.0
698163.0,3.78787994,1.0
698188.0,3.78787994,1.0
698234.0,3.78787994,1.0
698259.0,3.78787994,1.0
698304.0,3.78787994,1.0
698305.0,3.78787994,1.0
698307.0,3.78787994,1.0
698322.0,3.78787994,1.0
698333.0,3.78787994,1.0
698356.0,3.78787994,1.0
698359.0,3.78787994,1.0
698366.0,3.78787994,1.0
698468.0,3.78787994,1.0
698469.0,3.78787994,1.0
698485.0,3.78787994,1.0
698493.0,3.78787994,1.0
698570.0,3.78787994,1.0
698580.0,3.78787994,1.0
698678.0,3.78787994,1.0
698679.0,3.78787994,1.0
698703.0,3.78787994,1.0
698718.0,3.78787994,1.0
698752.0,3.78787994,2.0
698788.0,3.78787994,1.0
698795.0,3.78787994,1.0
698796.0,3.78787994,1.0
698814.0,3.78787994,1.0
698857.0,3.78787994,1.0
698868.0,3.78787994,1.0
698879.0,3.78787994,1.0
698897.0,3.78787994,1.0
698904.0,3.78787994,1.0
698933.0,3.78787994,1.0
699015.0,3.78787994,1.0
699059.0,3.78787994,1.0
699068.0,3.78787994,1.0
699085.0,3.78787994,1.0
699086.0,3.78787994,1.0
699154.0,3.78787994,1.0
699160.0,3.78787994,1.0
699185.0,3.78787994,1.0
699202.0,3.78787994,1.0
699295.0,3.78787994,1.0
699353.0,3.78787994,1.0
699385.0,3.78787994,1.0
699515.0,3.78787994,1.0
699527.0,3.78787994,1.0
699550.0,3.78787994,1.0
699556.0,3.78787994,1.0
699586.0,3.78787994,1.0
699591.0,3.78787994,2.0
699626.0,3.78787994,1.0
699658.0,3.78787994,1.0
699684.0,3.78787994,1.0
699723.0,3.78787994,1.0
699749.0,3.78787994,1.0
699826.0,3.78787994,1.0
699857.0,3.78787994,1.0
699858.0,3.78787994,1.0
699891.0,3.78787994,1.0
699917.0,3.78787994,1.0
699919.0,3.78787994,1.0
699932.0,3.78787994,1.0
694975.0,3.78787994,1.0
695482.0,3.78787994,1.0
696179.0,3.78787994,1.0
697187.0,3.78787994,1.0
697264.0,3.78787994,1.0
699477.0,3.78787994,1.0
701099.0,3.82827997,4.0
701158.0,3.82827997,2.0
701416.0,3.82827997,1.0
702173.0,3.82827997,2.0
702389.0,3.82827997,4.0
704615.0,3.82827997,3.0
704917.0,3.82827997,3.0
705022.0,3.82827997,2.0
705886.0,3.82827997,1.0
706767.0,3.82827997,1.0
707126.0,3.82827997,2.0
707308.0,3.82827997,4.0
707563.0,3.82827997,2.0
708055.0,3.82827997,2.0
709447.0,3.82827997,3.0
709684.0,3.82827997,4.0
709693.0,3.82827997,1.0
700126.0,3.82827997,1.0
700461.0,3.82827997,1.0
700592.0,3.82827997,1.0
700642.0,3.82827997,1.0
700725.0,3.82827997,1.0
700982.0,3.82827997,2.0
701350.0,3.82827997,1.0
702047.0,3.82827997,1.0
702210.0,3.82827997,1.0
702397.0,3.82827997,1.0
702576.0,3.82827997,1.0
702725.0,3.82827997,1.0
702736.0,3.82827997,1.0
702945.0,3.82827997,1.0
703252.0,3.82827997,1.0
703411.0,3.82827997,1.0
703711.0,3.82827997,1.0
703818.0,3.82827997,1.0
703984.0,3.82827997,1.0
703995.0,3.82827997,1.0
704059.0,3.82827997,1.0
704262.0,3.82827997,1.0
704364.0,3.82827997,1.0
704407.0,3.82827997,1.0
704408.0,3.82827997,2.0
704432.0,3.82827997,1.0
704616.0,3.82827997,1.0
704976.0,3.82827997,1.0
705030.0,3.82827997,1.0
705555.0,3.82827997,1.0
705747.0,3.82827997,1.0
705893.0,3.82827997,1.0
705969.0,3.82827997,1.0
706450.0,3.82827997,1.0
706969.0,3.82827997,1.0
707286.0,3.82827997,1.0
707453.0,3.82827997,1.0
707471.0,3.82827997,1.0
707535.0,3.82827997,1.0
707612.0,3.82827997,1.0
708205.0,3.82827997,1.0
708305.0,3.82827997,1.0
708307.0,3.82827997,1.0
708570.0,3.82827997,1.0
708805.0,3.82827997,1.0
709068.0,3.82827997,1.0
709220.0,3.82827997,1.0
709363.0,3.82827997,1.0
709440.0,3.82827997,1.0
709549.0,3.82827997,1.0
707694.0,3.82827997,1.0
710027.0,3.86869001,1.0
710036.0,3.86869001,1.0
710126.0,3.86869001,1.0
710207.0,3.86869001,1.0
710334.0,3.86869001,1.0
710344.0,3.86869001,1.0
710383.0,3.86869001,1.0
710461.0,3.86869001,2.0
710568.0,3.86869001,1.0
710592.0,3.86869001,2.0
710634.0,3.86869001,1.0
710665.0,3.86869001,1.0
710687.0,3.86869001,1.0
710690.0,3.86869001,1.0
710737.0,3.86869001,2.0
710754.0,3.86869001,1.0
710896.0,3.86869001,1.0
710913.0,3.86869001,1.0
711008.0,3.86869001,1.0
711041.0,3.86869001,1.0
711046.0,3.86869001,2.0
711139.0,3.86869001,1.0
711200.0,3.86869001,1.0
711286.0,3.86869001,1.0
711611.0,3.86869001,1.0
711695.0,3.86869001,1.0
711781.0,3.86869001,1.0
711826.0,3.86869001,1.0
711908.0,3.86869001,1.0
711921.0,3.86869001,1.0
711977.0,3.86869001,1.0
711983.0,3.86869001,1.0
711986.0,3.86869001,1.0
712047.0,3.86869001,1.0
712177.0,3.86869001,1.0
712239.0,3.86869001,1.0
712264.0,3.86869001,1.0
712404.0,3.86869001,1.0
712430.0,3.86869001,1.0
712716.0,3.86869001,1.0
712775.0,3.86869001,1.0
712945.0,3.86869001,1.0
713055.0,3.86869001,1.0
713110.0,3.86869001,1.0
713135.0,3.86869001,1.0
713213.0,3.86869001,2.0
713218.0,3.86869001,1.0
713319.0,3.86869001,1.0
713410.0,3.86869001,1.0
713459.0,3.86869001,1.0
713474.0,3.86869001,1.0
713514.0,3.86869001,1.0
713527.0,3.86869001,1.0
713530.0,3.86869001,1.0
713655.0,3.86869001,1.0
713682.0,3.86869001,1.0
713818.0,3.86869001,2.0
713859.0,3.86869001,1.0
714004.0,3.86869001,2.0
714043.0,3.86869001,1.0
714103.0,3.86869001,1.0
714130.0,3.86869001,1.0
714165.0,3.86869001,1.0
714171.0,3.86869001,2.0
714192.0,3.86869001,2.0
714237.0,3.86869001,1.0
714349.0,3.86869001,1.0
714352.0,3.86869001,2.0
714362.0,3.86869001,2.0
714499.0,3.86869001,1.0
714518.0,3.86869001,1.0
714546.0,3.86869001,1.0
714549.0,3.86869001,1.0
714575.0,3.86869001,1.0
714704.0,3.86869001,1.0
714721.0,3.86869001,1.0
714876.0,3.86869001,1.0
714996.0,3.86869001,1.0
715044.0,3.86869001,1.0
715051.0,3.86869001,1.0
715088.0,3.86869001,1.0
715160.0,3.86869001,1.0
715278.0,3.86869001,1.0
715354.0,3.86869001,1.0
715390.0,3.86869001,1.0
715446.0,3.86869001,2.0
715540.0,3.86869001,1.0
715543.0,3.86869001,2.0
715844.0,3.86869001,1.0
715969.0,3.86869001,1.0
716162.0,3.86869001,1.0
716197.0,3.86869001,1.0
716241.0,3.86869001,1.0
716347.0,3.86869001,1.0
716463.0,3.86869001,1.0
716650.0,3.86869001,1.0
716707.0,3.86869001,1.0
716747.0,3.86869001,1.0
716793.0,3.86869001,1.0
716913.0,3.86869001,1.0
716928.0,3.86869001,1.0
716969.0,3.86869001,1.0
716986.0,3.86869001,1.0
717083.0,3.86869001,1.0
717177.0,3.86869001,2.0
717238.0,3.86869001,1.0
717279.0,3.86869001,1.0
717298.0,3.86869001,1.0
717300.0,3.86869001,1.0
717322.0,3.86869001,1.0
717358.0,3.86869001,1.0
717453.0,3.86869001,1.0
717514.0,3.86869001,1.0
717520.0,3.86869001,2.0
717525.0,3.86869001,1.0
717612.0,3.86869001,2.0
717701.0,3.86869001,1.0
717755.0,3.86869001,1.0
717761.0,3.86869001,1.0
717765.0,3.86869001,1.0
718088.0,3.86869001,1.0
718105.0,3.86869001,1.0
718117.0,3.86869001,1.0
718188.0,3.86869001,1.0
718205.0,3.86869001,1.0
718322.0,3.86869001,1.0
718468.0,3.86869001,1.0
718535.0,3.86869001,1.0
718553.0,3.86869001,1.0
718718.0,3.86869001,2.0
718788.0,3.86869001,1.0
718820.0,3.86869001,1.0
718868.0,3.86869001,1.0
718872.0,3.86869001,1.0
718930.0,3.86869001,1.0
718933.0,3.86869001,1.0
719086.0,3.86869001,1.0
719202.0,3.86869001,1.0
719385.0,3.86869001,1.0
719547.0,3.86869001,1.0
719556.0,3.86869001,1.0
719661.0,3.86869001,1.0
719826.0,3.86869001,1.0
719828.0,3.86869001,2.0
717050.0,3.86869001,3.0
710914.0,3.86869001,1.0
711316.0,3.86869001,2.0
711964.0,3.86869001,1.0
713644.0,3.86869001,1.0
715022.0,3.86869001,1.0
717877.0,3.86869001,1.0
718936.0,3.86869001,2.0
713660.0,3.86869001,1.0
720388.0,3.90909004,2.0
720508.0,3.90909004,3.0
720680.0,3.90909004,2.0
720741.0,3.90909004,1.0
720935.0,3.90909004,1.0
720973.0,3.90909004,3.0
721046.0,3.90909004,2.0
721820.0,3.90909004,1.0
722087.0,3.90909004,2.0
722303.0,3.90909004,2.0
722354.0,3.90909004,3.0
723492.0,3.90909004,2.0
723577.0,3.90909004,2.0
723937.0,3.90909004,2.0
724028.0,3.90909004,3.0
724045.0,3.90909004,2.0
724059.0,3.90909004,2.0
724274.0,3.90909004,2.0
724480.0,3.90909004,1.0
724549.0,3.90909004,2.0
725407.0,3.90909004,3.0
725417.0,3.90909004,1.0
726241.0,3.90909004,2.0
726456.0,3.90909004,1.0
726790.0,3.90909004,2.0
727083.0,3.90909004,2.0
727356.0,3.90909004,3.0
728188.0,3.90909004,2.0
728307.0,3.90909004,4.0
728519.0,3.90909004,1.0
728783.0,3.90909004,3.0
728787.0,3.90909004,1.0
729250.0,3.90909004,1.0
729829.0,3.90909004,2.0
720120.0,3.90909004,1.0
720199.0,3.90909004,1.0
720505.0,3.90909004,1.0
720620.0,3.90909004,1.0
720628.0,3.90909004,1.0
720665.0,3.90909004,1.0
720837.0,3.90909004,1.0
720841.0,3.90909004,1.0
721118.0,3.90909004,1.0
721158.0,3.90909004,1.0
721202.0,3.90909004,1.0
721396.0,3.90909004,1.0
721572.0,3.90909004,1.0
721576.0,3.90909004,1.0
721603.0,3.90909004,1.0
721790.0,3.90909004,1.0
721826.0,3.90909004,1.0
721964.0,3.90909004,1.0
722026.0,3.90909004,1.0
722340.0,3.90909004,1.0
722368.0,3.90909004,1.0
722634.0,3.90909004,1.0
722887.0,3.90909004,1.0
722892.0,3.90909004,1.0
723048.0,3.90909004,1.0
723071.0,3.90909004,1.0
723108.0,3.90909004,1.0
723110.0,3.90909004,1.0
723197.0,3.90909004,1.0
723290.0,3.90909004,1.0
723341.0,3.90909004,1.0
723414.0,3.90909004,1.0
723454.0,3.90909004,1.0
723495.0,3.90909004,1.0
723512.0,3.90909004,1.0
723568.0,3.90909004,1.0
723682.0,3.90909004,1.0
723813.0,3.90909004,1.0
723996.0,3.90909004,1.0
724043.0,3.90909004,1.0
724138.0,3.90909004,1.0
724253.0,3.90909004,1.0
724262.0,3.90909004,1.0
724264.0,3.90909004,1.0
724476.0,3.90909004,1.0
724518.0,3.90909004,1.0
724780.0,3.90909004,1.0
724890.0,3.90909004,1.0
724966.0,3.90909004,1.0
725022.0,3.90909004,1.0
725030.0,3.90909004,1.0
725223.0,3.90909004,1.0
725451.0,3.90909004,1.0
725615.0,3.90909004,1.0
725639.0,3.90909004,1.0
726046.0,3.90909004,1.0
726062.0,3.90909004,1.0
726436.0,3.90909004,1.0
726450.0,3.90909004,1.0
726483.0,3.90909004,1.0
726520.0,3.90909004,1.0
726813.0,3.90909004,1.0
726814.0,3.90909004,1.0
727126.0,3.90909004,1.0
727273.0,3.90909004,1.0
727453.0,3.90909004,1.0
727487.0,3.90909004,1.0
727612.0,3.90909004,1.0
727616.0,3.90909004,1.0
727721.0,3.90909004,1.0
727941.0,3.90909004,1.0
728041.0,3.90909004,1.0
728105.0,3.90909004,1.0
728205.0,3.90909004,1.0
728469.0,3.90909004,1.0
728513.0,3.90909004,1.0
728621.0,3.90909004,1.0
728718.0,3.90909004,1.0
728732.0,3.90909004,1.0
728796.0,3.90909004,1.0
728879.0,3.90909004,1.0
728897.0,3.90909004,1.0
728930.0,3.90909004,1.0
729295.0,3.90909004,1.0
729381.0,3.90909004,1.0
729440.0,3.90909004,1.0
729549.0,3.90909004,1.0
729919.0,3.90909004,1.0
729944.0,3.90909004,1.0
730461.0,3.94949007,3.0
730837.0,3.94949007,5.0
731041.0,3.94949007,2.0
731124.0,3.94949007,5.0
731290.0,3.94949007,1.0
731986.0,3.94949007,2.0
732264.0,3.94949007,2.0
732389.0,3.94949007,3.0
733251.0,3.94949007,3.0
733550.0,3.94949007,3.0
733771.0,3.94949007,2.0
734096.0,3.94949007,2.0
734431.0,3.94949007,3.0
734432.0,3.94949007,2.0
734691.0,3.94949007,3.0
736095.0,3.94949007,3.0
736347.0,3.94949007,2.0
736602.0,3.94949007,2.0
736913.0,3.94949007,3.0
737255.0,3.94949007,2.0
737322.0,3.94949007,2.0
737699.0,3.94949007,5.0
737765.0,3.94949007,3.0
738795.0,3.94949007,4.0
738936.0,3.94949007,3.0
739133.0,3.94949007,2.0
739151.0,3.94949007,3.0
739684.0,3.94949007,5.0
739857.0,3.94949007,4.0
735608.0,3.94949007,1.0
730024.0,3.94949007,1.0
730554.0,3.94949007,1.0
730687.0,3.94949007,1.0
730737.0,3.94949007,1.0
730754.0,3.94949007,2.0
730913.0,3.94949007,1.0
731938.0,3.94949007,1.0
732271.0,3.94949007,1.0
732825.0,3.94949007,1.0
733197.0,3.94949007,1.0
733252.0,3.94949007,2.0
733376.0,3.94949007,1.0
733568.0,3.94949007,1.0
733711.0,3.94949007,1.0
734262.0,3.94949007,1.0
734264.0,3.94949007,2.0
734285.0,3.94949007,2.0
734308.0,3.94949007,1.0
736540.0,3.94949007,1.0
736814.0,3.94949007,1.0
736969.0,3.94949007,1.0
737226.0,3.94949007,1.0
737406.0,3.94949007,2.0
737612.0,3.94949007,1.0
737701.0,3.94949007,2.0
739015.0,3.94949007,1.0
739270.0,3.94949007,1.0
740400.0,3.98990011,2.0
740680.0,3.98990011,2.0
740683.0,3.98990011,2.0
740737.0,3.98990011,4.0
740837.0,3.98990011,3.0
740906.0,3.98990011,1.0
740913.0,3.98990011,3.0
741200.0,3.98990011,4.0
741713.0,3.98990011,1.0
741730.0,3.98990011,3.0
741938.0,3.98990011,4.0
742087.0,3.98990011,3.0
742192.0,3.98990011,2.0
742837.0,3.98990011,4.0
743736.0,3.98990011,1.0
743775.0,3.98990011,2.0
743996.0,3.98990011,3.0
744001.0,3.98990011,2.0
744255.0,3.98990011,2.0
744990.0,3.98990011,3.0
745005.0,3.98990011,2.0
745390.0,3.98990011,3.0
745773.0,3.98990011,2.0
746009.0,3.98990011,2.0
746270.0,3.98990011,3.0
746295.0,3.98990011,3.0
746388.0,3.98990011,2.0
746483.0,3.98990011,3.0
746790.0,3.98990011,2.0
747659.0,3.98990011,3.0
747773.0,3.98990011,2.0
747943.0,3.98990011,2.0
748088.0,3.98990011,3.0
748105.0,3.98990011,3.0
748621.0,3.98990011,1.0
748742.0,3.98990011,1.0
749533.0,3.98990011,1.0
749754.0,3.98990011,2.0
740024.0,3.98990011,1.0
740036.0,3.98990011,1.0
740123.0,3.98990011,1.0
740199.0,3.98990011,1.0
740381.0,3.98990011,1.0
740508.0,3.98990011,2.0
740515.0,3.98990011,1.0
740551.0,3.98990011,1.0
740592.0,3.98990011,1.0
740642.0,3.98990011,1.0
740681.0,3.98990011,1.0
741000.0,3.98990011,1.0
741156.0,3.98990011,2.0
741494.0,3.98990011,1.0
741563.0,3.98990011,1.0
742404.0,3.98990011,1.0
742764.0,3.98990011,1.0
742818.0,3.98990011,1.0
742861.0,3.98990011,1.0
743203.0,3.98990011,1.0
743213.0,3.98990011,1.0
743246.0,3.98990011,1.0
743251.0,3.98990011,1.0
743341.0,3.98990011,1.0
743454.0,3.98990011,1.0
743495.0,3.98990011,1.0
743529.0,3.98990011,1.0
743818.0,3.98990011,1.0
743972.0,3.98990011,1.0
744352.0,3.98990011,1.0
744407.0,3.98990011,1.0
744476.0,3.98990011,2.0
744866.0,3.98990011,1.0
745051.0,3.98990011,1.0
745074.0,3.98990011,1.0
745401.0,3.98990011,1.0
745543.0,3.98990011,1.0
745555.0,3.98990011,1.0
745895.0,3.98990011,1.0
746172.0,3.98990011,1.0
746180.0,3.98990011,1.0
746322.0,3.98990011,1.0
746432.0,3.98990011,1.0
746634.0,3.98990011,1.0
746860.0,3.98990011,1.0
747126.0,3.98990011,1.0
747145.0,3.98990011,1.0
747286.0,3.98990011,1.0
747298.0,3.98990011,1.0
747356.0,3.98990011,1.0
747415.0,3.98990011,1.0
747520.0,3.98990011,1.0
747699.0,3.98990011,1.0
747706.0,3.98990011,1.0
747761.0,3.98990011,1.0
747941.0,3.98990011,1.0
747990.0,3.98990011,1.0
748055.0,3.98990011,1.0
748086.0,3.98990011,1.0
748171.0,3.98990011,1.0
748233.0,3.98990011,1.0
748305.0,3.98990011,1.0
748473.0,3.98990011,1.0
748678.0,3.98990011,1.0
749026.0,3.98990011,1.0
749059.0,3.98990011,2.0
749082.0,3.98990011,1.0
749298.0,3.98990011,1.0
749321.0,3.98990011,1.0
749408.0,3.98990011,1.0
749693.0,3.98990011,1.0
749747.0,3.98990011,1.0
749841.0,3.98990011,1.0
749944.0,3.98990011,1.0
743305.0,3.98990011,1.0
743615.0,3.98990011,1.0
743771.0,3.98990011,1.0
744701.0,3.98990011,1.0
744822.0,3.98990011,1.0
746793.0,3.98990011,1.0
746949.0,3.98990011,1.0
747879.0,3.98990011,1.0
749858.0,3.98990011,1.0
750024.0,4.03030014,1.0
750027.0,4.03030014,1.0
750040.0,4.03030014,1.0
750085.0,4.03030014,1.0
750199.0,4.03030014,1.0
750235.0,4.03030014,1.0
750238.0,4.03030014,1.0
750381.0,4.03030014,1.0
750383.0,4.03030014,1.0
750474.0,4.03030014,1.0
750525.0,4.03030014,1.0
750642.0,4.03030014,1.0
750665.0,4.03030014,1.0
750680.0,4.03030014,1.0
750681.0,4.03030014,1.0
750687.0,4.03030014,1.0
750690.0,4.03030014,1.0
750756.0,4.03030014,1.0
750783.0,4.03030014,1.0
750837.0,4.03030014,1.0
750841.0,4.03030014,1.0
750846.0,4.03030014,1.0
750849.0,4.03030014,1.0
750913.0,4.03030014,2.0
751046.0,4.03030014,1.0
751078.0,4.03030014,2.0
751099.0,4.03030014,2.0
751147.0,4.03030014,1.0
751158.0,4.03030014,1.0
751179.0,4.03030014,2.0
751238.0,4.03030014,1.0
751282.0,4.03030014,3.0
751453.0,4.03030014,1.0
751494.0,4.03030014,1.0
751568.0,4.03030014,1.0
751790.0,4.03030014,1.0
752029.0,4.03030014,1.0
752043.0,4.03030014,1.0
752271.0,4.03030014,1.0
752339.0,4.03030014,1.0
752340.0,4.03030014,1.0
752354.0,4.03030014,2.0
752368.0,4.03030014,3.0
752376.0,4.03030014,1.0
752413.0,4.03030014,1.0
752511.0,4.03030014,1.0
752557.0,4.03030014,1.0
752633.0,4.03030014,2.0
752634.0,4.03030014,1.0
752825.0,4.03030014,2.0
752861.0,4.03030014,1.0
752872.0,4.03030014,2.0
752886.0,4.03030014,1.0
752892.0,4.03030014,1.0
753110.0,4.03030014,1.0
753213.0,4.03030014,1.0
753411.0,4.03030014,1.0
753414.0,4.03030014,1.0
753512.0,4.03030014,1.0
753514.0,4.03030014,1.0
753568.0,4.03030014,1.0
753577.0,4.03030014,1.0
753644.0,4.03030014,1.0
753671.0,4.03030014,2.0
753672.0,4.03030014,1.0
753886.0,4.03030014,1.0
753985.0,4.03030014,1.0
754025.0,4.03030014,1.0
754096.0,4.03030014,2.0
754107.0,4.03030014,1.0
754135.0,4.03030014,1.0
754138.0,4.03030014,1.0
754165.0,4.03030014,1.0
754251.0,4.03030014,2.0
754255.0,4.03030014,1.0
754264.0,4.03030014,1.0
754337.0,4.03030014,1.0
754345.0,4.03030014,1.0
754348.0,4.03030014,2.0
754408.0,4.03030014,1.0
754522.0,4.03030014,1.0
754614.0,4.03030014,1.0
754691.0,4.03030014,1.0
754701.0,4.03030014,2.0
754737.0,4.03030014,1.0
754739.0,4.03030014,1.0
754741.0,4.03030014,2.0
754784.0,4.03030014,1.0
754822.0,4.03030014,2.0
754966.0,4.03030014,1.0
754990.0,4.03030014,2.0
755022.0,4.03030014,1.0
755030.0,4.03030014,2.0
755043.0,4.03030014,1.0
755212.0,4.03030014,1.0
755314.0,4.03030014,1.0
755318.0,4.03030014,2.0
755354.0,4.03030014,1.0
755401.0,4.03030014,1.0
755437.0,4.03030014,2.0
755446.0,4.03030014,1.0
755549.0,4.03030014,1.0
755555.0,4.03030014,1.0
755615.0,4.03030014,2.0
755698.0,4.03030014,1.0
755747.0,4.03030014,2.0
755756.0,4.03030014,1.0
755773.0,4.03030014,1.0
755805.0,4.03030014,1.0
755950.0,4.03030014,1.0
755965.0,4.03030014,1.0
756095.0,4.03030014,2.0
756227.0,4.03030014,2.0
756295.0,4.03030014,2.0
756450.0,4.03030014,3.0
756465.0,4.03030014,1.0
756536.0,4.03030014,1.0
756556.0,4.03030014,1.0
756634.0,4.03030014,1.0
756790.0,4.03030014,1.0
756840.0,4.03030014,1.0
757148.0,4.03030014,1.0
757150.0,4.03030014,1.0
757226.0,4.03030014,1.0
757341.0,4.03030014,1.0
757349.0,4.03030014,1.0
757366.0,4.03030014,1.0
757520.0,4.03030014,1.0
757616.0,4.03030014,1.0
757721.0,4.03030014,1.0
757773.0,4.03030014,1.0
757819.0,4.03030014,1.0
757829.0,4.03030014,2.0
757840.0,4.03030014,1.0
757859.0,4.03030014,2.0
757943.0,4.03030014,1.0
757966.0,4.03030014,1.0
757991.0,4.03030014,1.0
758055.0,4.03030014,2.0
758062.0,4.03030014,3.0
758082.0,4.03030014,1.0
758086.0,4.03030014,1.0
758171.0,4.03030014,1.0
758205.0,4.03030014,2.0
758254.0,4.03030014,1.0
758276.0,4.03030014,1.0
758304.0,4.03030014,1.0
758453.0,4.03030014,1.0
758513.0,4.03030014,1.0
758703.0,4.03030014,1.0
758718.0,4.03030014,2.0
758725.0,4.03030014,1.0
758794.0,4.03030014,1.0
758795.0,4.03030014,1.0
758829.0,4.03030014,1.0
758885.0,4.03030014,1.0
758972.0,4.03030014,2.0
758986.0,4.03030014,2.0
758993.0,4.03030014,1.0
759082.0,4.03030014,1.0
759185.0,4.03030014,1.0
759295.0,4.03030014,1.0
759371.0,4.03030014,1.0
759381.0,4.03030014,1.0
759406.0,4.03030014,1.0
759510.0,4.03030014,1.0
759661.0,4.03030014,1.0
759730.0,4.03030014,1.0
759828.0,4.03030014,1.0
759937.0,4.03030014,1.0
759981.0,4.03030014,4.0
760680.0,4.07071018,3.0
760683.0,4.07071018,3.0
760760.0,4.07071018,2.0
760982.0,4.07071018,5.0
760997.0,4.07071018,4.0
762216.0,4.07071018,2.0
762313.0,4.07071018,1.0
763027.0,4.07071018,1.0
763493.0,4.07071018,4.0
763775.0,4.07071018,4.0
764130.0,4.07071018,2.0
764288.0,4.07071018,1.0
764364.0,4.07071018,4.0
764614.0,4.07071018,2.0
765181.0,4.07071018,1.0
765191.0,4.07071018,2.0
765540.0,4.07071018,3.0
765773.0,4.07071018,5.0
766464.0,4.07071018,1.0
767029.0,4.07071018,1.0
767177.0,4.07071018,4.0
767991.0,4.07071018,2.0
768333.0,4.07071018,2.0
768857.0,4.07071018,2.0
768933.0,4.07071018,1.0
769841.0,4.07071018,7.0
760024.0,4.07071018,1.0
760032.0,4.07071018,1.0
760346.0,4.07071018,1.0
760505.0,4.07071018,1.0
760508.0,4.07071018,3.0
760525.0,4.07071018,2.0
760681.0,4.07071018,2.0
760870.0,4.07071018,3.0
761041.0,4.07071018,1.0
761138.0,4.07071018,1.0
761158.0,4.07071018,2.0
761200.0,4.07071018,2.0
761216.0,4.07071018,1.0
761572.0,4.07071018,1.0
761611.0,4.07071018,1.0
761679.0,4.07071018,1.0
761713.0,4.07071018,1.0
761777.0,4.07071018,1.0
761790.0,4.07071018,3.0
761816.0,4.07071018,1.0
761820.0,4.07071018,1.0
762015.0,4.07071018,1.0
762026.0,4.07071018,1.0
762303.0,4.07071018,1.0
762571.0,4.07071018,1.0
762818.0,4.07071018,1.0
762837.0,4.07071018,1.0
762872.0,4.07071018,1.0
762875.0,4.07071018,1.0
762945.0,4.07071018,1.0
762978.0,4.07071018,1.0
763089.0,4.07071018,1.0
763254.0,4.07071018,1.0
763345.0,4.07071018,1.0
763376.0,4.07071018,1.0
763381.0,4.07071018,1.0
763461.0,4.07071018,2.0
763492.0,4.07071018,1.0
763530.0,4.07071018,2.0
763568.0,4.07071018,3.0
763853.0,4.07071018,1.0
763936.0,4.07071018,1.0
763937.0,4.07071018,1.0
763972.0,4.07071018,1.0
763977.0,4.07071018,1.0
763984.0,4.07071018,2.0
763995.0,4.07071018,2.0
764004.0,4.07071018,1.0
764059.0,4.07071018,1.0
764103.0,4.07071018,2.0
764135.0,4.07071018,3.0
764237.0,4.07071018,2.0
764348.0,4.07071018,1.0
764407.0,4.07071018,1.0
764499.0,4.07071018,1.0
764522.0,4.07071018,1.0
764721.0,4.07071018,1.0
764802.0,4.07071018,1.0
764976.0,4.07071018,1.0
765050.0,4.07071018,1.0
765318.0,4.07071018,1.0
765354.0,4.07071018,2.0
765488.0,4.07071018,1.0
765805.0,4.07071018,1.0
766162.0,4.07071018,1.0
766197.0,4.07071018,1.0
766199.0,4.07071018,1.0
766224.0,4.07071018,1.0
766241.0,4.07071018,2.0
766347.0,4.07071018,1.0
766483.0,4.07071018,3.0
766519.0,4.07071018,1.0
766602.0,4.07071018,1.0
766636.0,4.07071018,1.0
766793.0,4.07071018,1.0
766913.0,4.07071018,2.0
766967.0,4.07071018,1.0
767305.0,4.07071018,1.0
767308.0,4.07071018,2.0
767415.0,4.07071018,2.0
767466.0,4.07071018,1.0
767563.0,4.07071018,1.0
767626.0,4.07071018,2.0
767642.0,4.07071018,1.0
767659.0,4.07071018,1.0
767706.0,4.07071018,1.0
767711.0,4.07071018,1.0
767728.0,4.07071018,1.0
767820.0,4.07071018,1.0
767859.0,4.07071018,1.0
767881.0,4.07071018,1.0
767966.0,4.07071018,1.0
768082.0,4.07071018,2.0
768146.0,4.07071018,2.0
768189.0,4.07071018,1.0
768276.0,4.07071018,1.0
768307.0,4.07071018,1.0
768322.0,4.07071018,1.0
768513.0,4.07071018,1.0
768872.0,4.07071018,1.0
769050.0,4.07071018,1.0
769250.0,4.07071018,1.0
769318.0,4.07071018,1.0
769321.0,4.07071018,2.0
769642.0,4.07071018,1.0
769661.0,4.07071018,2.0
760123.0,4.07071018,1.0
760620.0,4.07071018,1.0
763048.0,4.07071018,1.0
763205.0,4.07071018,1.0
764640.0,4.07071018,1.0
767050.0,4.07071018,1.0
768493.0,4.07071018,1.0
770024.0,4.11111021,1.0
770027.0,4.11111021,1.0
770040.0,4.11111021,1.0
770085.0,4.11111021,1.0
770136.0,4.11111021,1.0
770210.0,4.11111021,1.0
770235.0,4.11111021,1.0
770373.0,4.11111021,1.0
770389.0,4.11111021,1.0
770461.0,4.11111021,1.0
770508.0,4.11111021,2.0
770642.0,4.11111021,1.0
770665.0,4.11111021,2.0
770681.0,4.11111021,2.0
770683.0,4.11111021,1.0
770725.0,4.11111021,1.0
770756.0,4.11111021,1.0
770821.0,4.11111021,2.0
770837.0,4.11111021,1.0
770841.0,4.11111021,2.0
770904.0,4.11111021,1.0
771008.0,4.11111021,1.0
771046.0,4.11111021,2.0
771048.0,4.11111021,2.0
771147.0,4.11111021,2.0
771200.0,4.11111021,1.0
771212.0,4.11111021,2.0
771354.0,4.11111021,1.0
771436.0,4.11111021,1.0
771494.0,4.11111021,3.0
771695.0,4.11111021,1.0
771777.0,4.11111021,1.0
771964.0,4.11111021,2.0
772026.0,4.11111021,1.0
772078.0,4.11111021,1.0
772173.0,4.11111021,1.0
772239.0,4.11111021,1.0
772264.0,4.11111021,1.0
772273.0,4.11111021,2.0
772303.0,4.11111021,2.0
772331.0,4.11111021,1.0
772358.0,4.11111021,1.0
772404.0,4.11111021,1.0
772413.0,4.11111021,1.0
772438.0,4.11111021,2.0
772461.0,4.11111021,1.0
772764.0,4.11111021,2.0
772818.0,4.11111021,1.0
772819.0,4.11111021,1.0
772825.0,4.11111021,2.0
772837.0,4.11111021,1.0
773108.0,4.11111021,1.0
773302.0,4.11111021,1.0
773376.0,4.11111021,1.0
773459.0,4.11111021,1.0
773492.0,4.11111021,2.0
773529.0,4.11111021,2.0
773530.0,4.11111021,2.0
773644.0,4.11111021,1.0
773745.0,4.11111021,1.0
773972.0,4.11111021,1.0
773984.0,4.11111021,1.0
774001.0,4.11111021,1.0
774015.0,4.11111021,1.0
774025.0,4.11111021,1.0
774028.0,4.11111021,1.0
774034.0,4.11111021,1.0
774135.0,4.11111021,1.0
774165.0,4.11111021,1.0
774171.0,4.11111021,2.0
774192.0,4.11111021,1.0
774255.0,4.11111021,1.0
774274.0,4.11111021,1.0
774281.0,4.11111021,2.0
774343.0,4.11111021,1.0
774362.0,4.11111021,1.0
774455.0,4.11111021,2.0
774543.0,4.11111021,1.0
774579.0,4.11111021,1.0
774590.0,4.11111021,1.0
774615.0,4.11111021,1.0
774616.0,4.11111021,2.0
774640.0,4.11111021,1.0
774654.0,4.11111021,2.0
774704.0,4.11111021,1.0
774737.0,4.11111021,2.0
774890.0,4.11111021,1.0
774928.0,4.11111021,1.0
774966.0,4.11111021,1.0
774975.0,4.11111021,3.0
774976.0,4.11111021,2.0
775204.0,4.11111021,1.0
775278.0,4.11111021,1.0
775328.0,4.11111021,1.0
775344.0,4.11111021,1.0
775474.0,4.11111021,1.0
775534.0,4.11111021,1.0
775596.0,4.11111021,1.0
775610.0,4.11111021,1.0
775626.0,4.11111021,1.0
775639.0,4.11111021,1.0
775773.0,4.11111021,1.0
775803.0,4.11111021,1.0
775936.0,4.11111021,1.0
776095.0,4.11111021,1.0
776131.0,4.11111021,1.0
776295.0,4.11111021,1.0
776347.0,4.11111021,1.0
776432.0,4.11111021,1.0
776446.0,4.11111021,1.0
776520.0,4.11111021,1.0
776573.0,4.11111021,1.0
776590.0,4.11111021,1.0
776634.0,4.11111021,1.0
777187.0,4.11111021,1.0
777210.0,4.11111021,1.0
777238.0,4.11111021,2.0
777466.0,4.11111021,1.0
777612.0,4.11111021,1.0
777636.0,4.11111021,1.0
777694.0,4.11111021,1.0
777699.0,4.11111021,3.0
777701.0,4.11111021,1.0
777706.0,4.11111021,1.0
777714.0,4.11111021,1.0
777840.0,4.11111021,1.0
777852.0,4.11111021,1.0
777877.0,4.11111021,1.0
777917.0,4.11111021,2.0
777943.0,4.11111021,2.0
777957.0,4.11111021,2.0
777966.0,4.11111021,1.0
778050.0,4.11111021,1.0
778080.0,4.11111021,2.0
778088.0,4.11111021,1.0
778188.0,4.11111021,1.0
778189.0,4.11111021,1.0
778276.0,4.11111021,1.0
778356.0,4.11111021,1.0
778462.0,4.11111021,1.0
778493.0,4.11111021,2.0
778499.0,4.11111021,1.0
778513.0,4.11111021,1.0
778678.0,4.11111021,1.0
778679.0,4.11111021,2.0
778725.0,4.11111021,1.0
778788.0,4.11111021,1.0
778829.0,4.11111021,1.0
778841.0,4.11111021,1.0
778936.0,4.11111021,1.0
779017.0,4.11111021,1.0
779026.0,4.11111021,1.0
779185.0,4.11111021,2.0
779270.0,4.11111021,1.0
779510.0,4.11111021,3.0
779658.0,4.11111021,1.0
779681.0,4.11111021,2.0
779841.0,4.11111021,2.0
779929.0,4.11111021,2.0
779981.0,4.11111021,1.0
780027.0,4.15151978,1.0
780106.0,4.15151978,2.0
780207.0,4.15151978,1.0
780235.0,4.15151978,1.0
780238.0,4.15151978,1.0
780373.0,4.15151978,1.0
780461.0,4.15151978,1.0
780515.0,4.15151978,1.0
780634.0,4.15151978,1.0
780642.0,4.15151978,1.0
780665.0,4.15151978,1.0
780680.0,4.15151978,3.0
780683.0,4.15151978,1.0
780687.0,4.15151978,1.0
780730.0,4.15151978,1.0
780788.0,4.15151978,1.0
780837.0,4.15151978,3.0
780841.0,4.15151978,1.0
780846.0,4.15151978,2.0
780914.0,4.15151978,3.0
781046.0,4.15151978,1.0
781078.0,4.15151978,3.0
781099.0,4.15151978,3.0
781161.0,4.15151978,1.0
781179.0,4.15151978,2.0
781238.0,4.15151978,1.0
781285.0,4.15151978,1.0
781416.0,4.15151978,1.0
781454.0,4.15151978,1.0
781512.0,4.15151978,1.0
781756.0,4.15151978,1.0
781938.0,4.15151978,2.0
781997.0,4.15151978,1.0
782026.0,4.15151978,1.0
782273.0,4.15151978,3.0
782303.0,4.15151978,1.0
782318.0,4.15151978,3.0
782331.0,4.15151978,1.0
782354.0,4.15151978,1.0
782404.0,4.15151978,1.0
782424.0,4.15151978,3.0
782434.0,4.15151978,1.0
782736.0,4.15151978,3.0
782777.0,4.15151978,2.0
782818.0,4.15151978,3.0
782861.0,4.15151978,1.0
783088.0,4.15151978,2.0
783303.0,4.15151978,1.0
783341.0,4.15151978,2.0
783454.0,4.15151978,2.0
783474.0,4.15151978,1.0
783512.0,4.15151978,1.0
783550.0,4.15151978,1.0
783568.0,4.15151978,1.0
783671.0,4.15151978,1.0
783775.0,4.15151978,2.0
783777.0,4.15151978,1.0
783972.0,4.15151978,3.0
783984.0,4.15151978,2.0
783994.0,4.15151978,1.0
783995.0,4.15151978,1.0
783996.0,4.15151978,1.0
784043.0,4.15151978,2.0
784059.0,4.15151978,3.0
784103.0,4.15151978,2.0
784171.0,4.15151978,2.0
784187.0,4.15151978,1.0
784192.0,4.15151978,1.0
784285.0,4.15151978,1.0
784348.0,4.15151978,3.0
784424.0,4.15151978,1.0
784455.0,4.15151978,1.0
784509.0,4.15151978,1.0
784518.0,4.15151978,1.0
784522.0,4.15151978,1.0
784549.0,4.15151978,3.0
784590.0,4.15151978,1.0
784739.0,4.15151978,2.0
784780.0,4.15151978,1.0
784802.0,4.15151978,3.0
784975.0,4.15151978,1.0
784977.0,4.15151978,1.0
785051.0,4.15151978,1.0
785059.0,4.15151978,3.0
785088.0,4.15151978,1.0
785146.0,4.15151978,2.0
785191.0,4.15151978,1.0
785200.0,4.15151978,1.0
785353.0,4.15151978,1.0
785354.0,4.15151978,1.0
785419.0,4.15151978,1.0
785451.0,4.15151978,1.0
785474.0,4.15151978,2.0
785488.0,4.15151978,3.0
785534.0,4.15151978,2.0
785542.0,4.15151978,1.0
785639.0,4.15151978,1.0
785785.0,4.15151978,1.0
785895.0,4.15151978,1.0
785941.0,4.15151978,1.0
785987.0,4.15151978,1.0
786162.0,4.15151978,2.0
786270.0,4.15151978,1.0
786432.0,4.15151978,1.0
786520.0,4.15151978,2.0
786573.0,4.15151978,1.0
786767.0,4.15151978,1.0
786860.0,4.15151978,1.0
786973.0,4.15151978,1.0
787050.0,4.15151978,1.0
787170.0,4.15151978,1.0
787273.0,4.15151978,1.0
787322.0,4.15151978,1.0
787514.0,4.15151978,1.0
787520.0,4.15151978,1.0
787535.0,4.15151978,2.0
787558.0,4.15151978,1.0
787590.0,4.15151978,1.0
787694.0,4.15151978,1.0
787706.0,4.15151978,2.0
787711.0,4.15151978,2.0
787721.0,4.15151978,1.0
787752.0,4.15151978,1.0
787765.0,4.15151978,2.0
787778.0,4.15151978,3.0
787819.0,4.15151978,2.0
787877.0,4.15151978,1.0
787878.0,4.15151978,1.0
787917.0,4.15151978,1.0
787991.0,4.15151978,1.0
788026.0,4.15151978,3.0
788050.0,4.15151978,1.0
788086.0,4.15151978,1.0
788245.0,4.15151978,1.0
788259.0,4.15151978,1.0
788356.0,4.15151978,2.0
788469.0,4.15151978,2.0
788519.0,4.15151978,1.0
788679.0,4.15151978,1.0
788686.0,4.15151978,1.0
788691.0,4.15151978,1.0
788796.0,4.15151978,2.0
788857.0,4.15151978,2.0
789017.0,4.15151978,1.0
789026.0,4.15151978,1.0
789039.0,4.15151978,1.0
789082.0,4.15151978,1.0
789096.0,4.15151978,1.0
789177.0,4.15151978,1.0
789321.0,4.15151978,3.0
789381.0,4.15151978,1.0
789533.0,4.15151978,1.0
789723.0,4.15151978,1.0
789730.0,4.15151978,1.0
789829.0,4.15151978,3.0
782173.0,4.15151978,1.0
782239.0,4.15151978,1.0
783411.0,4.15151978,1.0
784508.0,4.15151978,1.0
786131.0,4.15151978,1.0
786747.0,4.15151978,2.0
787145.0,4.15151978,2.0
787437.0,4.15151978,1.0
788247.0,4.15151978,1.0
788366.0,4.15151978,2.0
790027.0,4.1919198,1.0
790036.0,4.1919198,1.0
790126.0,4.1919198,1.0
790144.0,4.1919198,1.0
790199.0,4.1919198,1.0
790316.0,4.1919198,1.0
790442.0,4.1919198,1.0
790474.0,4.1919198,1.0
790487.0,4.1919198,1.0
790505.0,4.1919198,1.0
790543.0,4.1919198,1.0
790592.0,4.1919198,2.0
790604.0,4.1919198,1.0
790620.0,4.1919198,1.0
790681.0,4.1919198,3.0
790760.0,4.1919198,1.0
790841.0,4.1919198,1.0
790858.0,4.1919198,1.0
790896.0,4.1919198,1.0
791041.0,4.1919198,1.0
791078.0,4.1919198,1.0
791118.0,4.1919198,3.0
791285.0,4.1919198,1.0
791286.0,4.1919198,1.0
791390.0,4.1919198,1.0
791396.0,4.1919198,1.0
791562.0,4.1919198,1.0
791572.0,4.1919198,1.0
791580.0,4.1919198,2.0
791589.0,4.1919198,1.0
791666.0,4.1919198,1.0
791777.0,4.1919198,1.0
791957.0,4.1919198,1.0
791997.0,4.1919198,1.0
792026.0,4.1919198,2.0
792031.0,4.1919198,1.0
792044.0,4.1919198,1.0
792401.0,4.1919198,1.0
792404.0,4.1919198,1.0
792424.0,4.1919198,1.0
792568.0,4.1919198,1.0
792576.0,4.1919198,1.0
792634.0,4.1919198,1.0
792702.0,4.1919198,1.0
792764.0,4.1919198,1.0
792766.0,4.1919198,1.0
792862.0,4.1919198,1.0
792888.0,4.1919198,1.0
792892.0,4.1919198,1.0
792959.0,4.1919198,1.0
792978.0,4.1919198,1.0
793089.0,4.1919198,1.0
793108.0,4.1919198,1.0
793205.0,4.1919198,1.0
793251.0,4.1919198,1.0
793314.0,4.1919198,1.0
793372.0,4.1919198,1.0
793410.0,4.1919198,1.0
793426.0,4.1919198,1.0
793436.0,4.1919198,1.0
793454.0,4.1919198,1.0
793474.0,4.1919198,1.0
793495.0,4.1919198,1.0
793544.0,4.1919198,1.0
793568.0,4.1919198,1.0
793588.0,4.1919198,1.0
793626.0,4.1919198,1.0
793745.0,4.1919198,1.0
793767.0,4.1919198,1.0
793850.0,4.1919198,1.0
793881.0,4.1919198,1.0
793936.0,4.1919198,1.0
794043.0,4.1919198,1.0
794045.0,4.1919198,1.0
794102.0,4.1919198,1.0
794130.0,4.1919198,1.0
794139.0,4.1919198,1.0
794145.0,4.1919198,1.0
794171.0,4.1919198,1.0
794187.0,4.1919198,1.0
794264.0,4.1919198,1.0
794274.0,4.1919198,1.0
794344.0,4.1919198,1.0
794417.0,4.1919198,1.0
794424.0,4.1919198,1.0
794572.0,4.1919198,1.0
794614.0,4.1919198,1.0
794704.0,4.1919198,1.0
794721.0,4.1919198,1.0
794890.0,4.1919198,1.0
794927.0,4.1919198,1.0
794966.0,4.1919198,1.0
795212.0,4.1919198,1.0
795281.0,4.1919198,1.0
795357.0,4.1919198,1.0
795437.0,4.1919198,2.0
795446.0,4.1919198,1.0
795451.0,4.1919198,1.0
795532.0,4.1919198,1.0
795542.0,4.1919198,1.0
795548.0,4.1919198,1.0
795555.0,4.1919198,1.0
795608.0,4.1919198,1.0
795615.0,4.1919198,2.0
795627.0,4.1919198,1.0
795672.0,4.1919198,1.0
795728.0,4.1919198,1.0
795803.0,4.1919198,2.0
795807.0,4.1919198,1.0
795835.0,4.1919198,1.0
795950.0,4.1919198,1.0
796046.0,4.1919198,1.0
796048.0,4.1919198,1.0
796113.0,4.1919198,1.0
796118.0,4.1919198,1.0
796180.0,4.1919198,1.0
796266.0,4.1919198,2.0
796270.0,4.1919198,1.0
796337.0,4.1919198,1.0
796464.0,4.1919198,1.0
796573.0,4.1919198,1.0
796609.0,4.1919198,1.0
796793.0,4.1919198,1.0
796850.0,4.1919198,1.0
796913.0,4.1919198,1.0
796935.0,4.1919198,1.0
797050.0,4.1919198,1.0
797255.0,4.1919198,1.0
797348.0,4.1919198,1.0
797356.0,4.1919198,1.0
797364.0,4.1919198,1.0
797369.0,4.1919198,2.0
797378.0,4.1919198,1.0
797406.0,4.1919198,1.0
797482.0,4.1919198,1.0
797514.0,4.1919198,1.0
797520.0,4.1919198,1.0
797694.0,4.1919198,1.0
797752.0,4.1919198,2.0
797765.0,4.1919198,1.0
797923.0,4.1919198,1.0
797941.0,4.1919198,1.0
797948.0,4.1919198,1.0
798123.0,4.1919198,1.0
798171.0,4.1919198,1.0
798177.0,4.1919198,1.0
798188.0,4.1919198,1.0
798277.0,4.1919198,1.0
798305.0,4.1919198,1.0
798405.0,4.1919198,1.0
798462.0,4.1919198,1.0
798468.0,4.1919198,1.0
798519.0,4.1919198,1.0
798535.0,4.1919198,1.0
798686.0,4.1919198,1.0
798742.0,4.1919198,1.0
798788.0,4.1919198,1.0
798795.0,4.1919198,1.0
798805.0,4.1919198,1.0
798814.0,4.1919198,1.0
798872.0,4.1919198,1.0
798917.0,4.1919198,1.0
799009.0,4.1919198,1.0
799039.0,4.1919198,1.0
799096.0,4.1919198,1.0
799185.0,4.1919198,3.0
799253.0,4.1919198,1.0
799308.0,4.1919198,1.0
799320.0,4.1919198,1.0
799321.0,4.1919198,1.0
799405.0,4.1919198,1.0
799556.0,4.1919198,1.0
799682.0,4.1919198,1.0
799723.0,4.1919198,1.0
799826.0,4.1919198,1.0
799841.0,4.1919198,1.0
799847.0,4.1919198,1.0
799924.0,4.1919198,1.0
799932.0,4.1919198,1.0
797840.0,4.1919198,1.0
790783.0,4.1919198,1.0
790849.0,4.1919198,1.0
793619.0,4.1919198,1.0
793851.0,4.1919198,1.0
794543.0,4.1919198,1.0
795626.0,4.1919198,1.0
796012.0,4.1919198,1.0
797083.0,4.1919198,1.0
797189.0,4.1919198,1.0
797264.0,4.1919198,1.0
798623.0,4.1919198,1.0
799944.0,4.1919198,1.0
800024.0,4.23231983,1.0
800038.0,4.23231983,1.0
800070.0,4.23231983,2.0
800085.0,4.23231983,1.0
800109.0,4.23231983,2.0
800291.0,4.23231983,2.0
800346.0,4.23231983,1.0
800381.0,4.23231983,2.0
800425.0,4.23231983,1.0
800452.0,4.23231983,1.0
800461.0,4.23231983,3.0
800474.0,4.23231983,2.0
800505.0,4.23231983,3.0
800531.0,4.23231983,1.0
800554.0,4.23231983,1.0
800585.0,4.23231983,1.0
800592.0,4.23231983,3.0
800653.0,4.23231983,2.0
800659.0,4.23231983,1.0
800665.0,4.23231983,2.0
800702.0,4.23231983,1.0
800788.0,4.23231983,1.0
800790.0,4.23231983,2.0
800876.0,4.23231983,1.0
800919.0,4.23231983,1.0
800982.0,4.23231983,4.0
800999.0,4.23231983,1.0
801066.0,4.23231983,1.0
801138.0,4.23231983,2.0
801288.0,4.23231983,1.0
801290.0,4.23231983,1.0
801436.0,4.23231983,2.0
801439.0,4.23231983,1.0
801486.0,4.23231983,1.0
801537.0,4.23231983,1.0
801580.0,4.23231983,2.0
801603.0,4.23231983,1.0
801619.0,4.23231983,1.0
801645.0,4.23231983,3.0
801684.0,4.23231983,2.0
801781.0,4.23231983,1.0
801816.0,4.23231983,1.0
801824.0,4.23231983,1.0
801875.0,4.23231983,2.0
802062.0,4.23231983,1.0
802094.0,4.23231983,1.0
802161.0,4.23231983,1.0
802192.0,4.23231983,1.0
802206.0,4.23231983,1.0
802340.0,4.23231983,1.0
802393.0,4.23231983,2.0
802414.0,4.23231983,1.0
802624.0,4.23231983,1.0
802633.0,4.23231983,1.0
802646.0,4.23231983,1.0
802736.0,4.23231983,2.0
802738.0,4.23231983,1.0
802772.0,4.23231983,1.0
802775.0,4.23231983,1.0
802777.0,4.23231983,3.0
802816.0,4.23231983,1.0
802825.0,4.23231983,2.0
802826.0,4.23231983,2.0
802829.0,4.23231983,1.0
802915.0,4.23231983,2.0
803055.0,4.23231983,2.0
803063.0,4.23231983,1.0
803162.0,4.23231983,1.0
803198.0,4.23231983,1.0
803203.0,4.23231983,1.0
803290.0,4.23231983,2.0
803302.0,4.23231983,2.0
803381.0,4.23231983,2.0
803401.0,4.23231983,1.0
803411.0,4.23231983,2.0
803473.0,4.23231983,1.0
803552.0,4.23231983,1.0
803619.0,4.23231983,2.0
803671.0,4.23231983,3.0
803696.0,4.23231983,1.0
803710.0,4.23231983,1.0
803717.0,4.23231983,2.0
803780.0,4.23231983,1.0
803857.0,4.23231983,1.0
803937.0,4.23231983,2.0
803972.0,4.23231983,4.0
803977.0,4.23231983,2.0
804015.0,4.23231983,1.0
804043.0,4.23231983,1.0
804046.0,4.23231983,1.0
804096.0,4.23231983,1.0
804135.0,4.23231983,4.0
804179.0,4.23231983,1.0
804203.0,4.23231983,2.0
804345.0,4.23231983,1.0
804407.0,4.23231983,1.0
804431.0,4.23231983,1.0
804433.0,4.23231983,1.0
804437.0,4.23231983,2.0
804476.0,4.23231983,2.0
804499.0,4.23231983,1.0
804543.0,4.23231983,1.0
804603.0,4.23231983,2.0
804739.0,4.23231983,2.0
804841.0,4.23231983,1.0
804876.0,4.23231983,2.0
804929.0,4.23231983,1.0
805059.0,4.23231983,2.0
805060.0,4.23231983,2.0
805114.0,4.23231983,1.0
805223.0,4.23231983,1.0
805247.0,4.23231983,1.0
805253.0,4.23231983,1.0
805306.0,4.23231983,2.0
805318.0,4.23231983,1.0
805401.0,4.23231983,1.0
805456.0,4.23231983,1.0
805503.0,4.23231983,3.0
805521.0,4.23231983,1.0
805573.0,4.23231983,1.0
805636.0,4.23231983,1.0
805674.0,4.23231983,1.0
805728.0,4.23231983,2.0
805856.0,4.23231983,2.0
805960.0,4.23231983,1.0
806057.0,4.23231983,1.0
806113.0,4.23231983,2.0
806131.0,4.23231983,1.0
806138.0,4.23231983,1.0
806162.0,4.23231983,1.0
806177.0,4.23231983,1.0
806276.0,4.23231983,1.0
806322.0,4.23231983,2.0
806388.0,4.23231983,2.0
806398.0,4.23231983,2.0
806456.0,4.23231983,1.0
806516.0,4.23231983,1.0
806525.0,4.23231983,1.0
806592.0,4.23231983,1.0
806632.0,4.23231983,1.0
806793.0,4.23231983,2.0
806820.0,4.23231983,1.0
806860.0,4.23231983,1.0
806911.0,4.23231983,1.0
806913.0,4.23231983,3.0
806949.0,4.23231983,1.0
807031.0,4.23231983,1.0
807145.0,4.23231983,2.0
807197.0,4.23231983,2.0
807264.0,4.23231983,2.0
807349.0,4.23231983,1.0
807437.0,4.23231983,1.0
807514.0,4.23231983,1.0
807565.0,4.23231983,2.0
807590.0,4.23231983,1.0
807694.0,4.23231983,1.0
807773.0,4.23231983,1.0
807834.0,4.23231983,2.0
807859.0,4.23231983,1.0
807944.0,4.23231983,1.0
808062.0,4.23231983,1.0
808113.0,4.23231983,2.0
808117.0,4.23231983,2.0
808189.0,4.23231983,2.0
808223.0,4.23231983,1.0
808247.0,4.23231983,2.0
808265.0,4.23231983,1.0
808305.0,4.23231983,3.0
808352.0,4.23231983,1.0
808413.0,4.23231983,1.0
808499.0,4.23231983,1.0
808523.0,4.23231983,1.0
808636.0,4.23231983,1.0
808879.0,4.23231983,2.0
808930.0,4.23231983,1.0
809020.0,4.23231983,2.0
809054.0,4.23231983,1.0
809120.0,4.23231983,1.0
809130.0,4.23231983,1.0
809151.0,4.23231983,1.0
809233.0,4.23231983,1.0
809376.0,4.23231983,1.0
809440.0,4.23231983,1.0
809494.0,4.23231983,1.0
809556.0,4.23231983,1.0
809597.0,4.23231983,1.0
809626.0,4.23231983,1.0
809775.0,4.23231983,1.0
809829.0,4.23231983,2.0
809917.0,4.23231983,1.0
809929.0,4.23231983,1.0
809961.0,4.23231983,1.0
802150.0,4.23231983,1.0
803305.0,4.23231983,2.0
803771.0,4.23231983,2.0
806347.0,4.23231983,1.0
809826.0,4.23231983,1.0
801108.0,4.23231983,1.0
804237.0,4.23231983,1.0
804455.0,4.23231983,1.0
806573.0,4.23231983,1.0
808304.0,4.23231983,1.0
809434.0,4.23231983,1.0
807948.0,4.23231983,1.0
810027.0,4.27272987,1.0
810106.0,4.27272987,1.0
810238.0,4.27272987,1.0
810291.0,4.27272987,1.0
810316.0,4.27272987,1.0
810508.0,4.27272987,1.0
810620.0,4.27272987,1.0
810680.0,4.27272987,1.0
810788.0,4.27272987,1.0
810821.0,4.27272987,1.0
810837.0,4.27272987,1.0
810846.0,4.27272987,1.0
810870.0,4.27272987,1.0
810896.0,4.27272987,1.0
810976.0,4.27272987,1.0
810982.0,4.27272987,1.0
811008.0,4.27272987,1.0
811041.0,4.27272987,1.0
811046.0,4.27272987,1.0
811048.0,4.27272987,1.0
811156.0,4.27272987,1.0
811238.0,4.27272987,1.0
811266.0,4.27272987,1.0
811282.0,4.27272987,1.0
811396.0,4.27272987,1.0
811427.0,4.27272987,1.0
811454.0,4.27272987,1.0
811580.0,4.27272987,2.0
811754.0,4.27272987,1.0
811824.0,4.27272987,1.0
811921.0,4.27272987,1.0
812303.0,4.27272987,1.0
812401.0,4.27272987,1.0
812404.0,4.27272987,1.0
812511.0,4.27272987,1.0
812557.0,4.27272987,1.0
812633.0,4.27272987,1.0
812736.0,4.27272987,1.0
812786.0,4.27272987,1.0
812818.0,4.27272987,1.0
812825.0,4.27272987,1.0
812837.0,4.27272987,1.0
812861.0,4.27272987,1.0
812871.0,4.27272987,1.0
813089.0,4.27272987,1.0
813093.0,4.27272987,1.0
813341.0,4.27272987,1.0
813660.0,4.27272987,1.0
813972.0,4.27272987,1.0
814015.0,4.27272987,1.0
814025.0,4.27272987,1.0
814130.0,4.27272987,1.0
814165.0,4.27272987,1.0
814192.0,4.27272987,1.0
814203.0,4.27272987,1.0
814264.0,4.27272987,1.0
814344.0,4.27272987,1.0
814424.0,4.27272987,1.0
814522.0,4.27272987,1.0
814614.0,4.27272987,1.0
814616.0,4.27272987,1.0
814691.0,4.27272987,1.0
814704.0,4.27272987,1.0
814822.0,4.27272987,1.0
814890.0,4.27272987,1.0
814906.0,4.27272987,1.0
814990.0,4.27272987,1.0
815030.0,4.27272987,1.0
815043.0,4.27272987,1.0
815088.0,4.27272987,1.0
815160.0,4.27272987,1.0
815328.0,4.27272987,1.0
815419.0,4.27272987,1.0
815451.0,4.27272987,1.0
815465.0,4.27272987,2.0
815488.0,4.27272987,1.0
815503.0,4.27272987,1.0
815534.0,4.27272987,1.0
815543.0,4.27272987,1.0
815555.0,4.27272987,1.0
815756.0,4.27272987,1.0
815773.0,4.27272987,1.0
815803.0,4.27272987,2.0
815805.0,4.27272987,1.0
815989.0,4.27272987,1.0
816046.0,4.27272987,1.0
816162.0,4.27272987,1.0
816227.0,4.27272987,1.0
816270.0,4.27272987,1.0
816326.0,4.27272987,1.0
816337.0,4.27272987,1.0
816573.0,4.27272987,1.0
816590.0,4.27272987,1.0
816707.0,4.27272987,1.0
816859.0,4.27272987,1.0
816913.0,4.27272987,1.0
816949.0,4.27272987,1.0
816969.0,4.27272987,1.0
817187.0,4.27272987,1.0
817322.0,4.27272987,1.0
817471.0,4.27272987,1.0
817537.0,4.27272987,1.0
817701.0,4.27272987,2.0
817706.0,4.27272987,2.0
817761.0,4.27272987,1.0
817817.0,4.27272987,1.0
817829.0,4.27272987,1.0
817877.0,4.27272987,1.0
817941.0,4.27272987,1.0
818207.0,4.27272987,1.0
818703.0,4.27272987,1.0
818732.0,4.27272987,1.0
818841.0,4.27272987,1.0
818921.0,4.27272987,1.0
819054.0,4.27272987,1.0
819151.0,4.27272987,1.0
819202.0,4.27272987,1.0
819206.0,4.27272987,1.0
819253.0,4.27272987,1.0
819406.0,4.27272987,1.0
819440.0,4.27272987,1.0
819477.0,4.27272987,1.0
819591.0,4.27272987,1.0
819626.0,4.27272987,1.0
819658.0,4.27272987,1.0
819829.0,4.27272987,1.0
819857.0,4.27272987,1.0
819937.0,4.27272987,1.0
819981.0,4.27272987,1.0
820027.0,4.3131299,1.0
820036.0,4.3131299,1.0
820085.0,4.3131299,2.0
820217.0,4.3131299,1.0
820346.0,4.3131299,1.0
820388.0,4.3131299,1.0
820490.0,4.3131299,1.0
820592.0,4.3131299,3.0
820620.0,4.3131299,2.0
820642.0,4.3131299,1.0
820665.0,4.3131299,1.0
820681.0,4.3131299,1.0
820683.0,4.3131299,1.0
820730.0,4.3131299,1.0
820737.0,4.3131299,2.0
820760.0,4.3131299,1.0
820788.0,4.3131299,1.0
820790.0,4.3131299,1.0
820870.0,4.3131299,2.0
820973.0,4.3131299,1.0
820982.0,4.3131299,2.0
820997.0,4.3131299,2.0
821041.0,4.3131299,1.0
821051.0,4.3131299,1.0
821078.0,4.3131299,4.0
821138.0,4.3131299,1.0
821156.0,4.3131299,3.0
821282.0,4.3131299,3.0
821308.0,4.3131299,1.0
821381.0,4.3131299,1.0
821572.0,4.3131299,1.0
821589.0,4.3131299,2.0
821600.0,4.3131299,1.0
821602.0,4.3131299,1.0
821754.0,4.3131299,1.0
821820.0,4.3131299,1.0
822015.0,4.3131299,1.0
822026.0,4.3131299,1.0
822043.0,4.3131299,3.0
822047.0,4.3131299,1.0
822071.0,4.3131299,1.0
822087.0,4.3131299,2.0
822210.0,4.3131299,1.0
822264.0,4.3131299,1.0
822339.0,4.3131299,4.0
822340.0,4.3131299,2.0
822430.0,4.3131299,1.0
822557.0,4.3131299,2.0
822886.0,4.3131299,1.0
823110.0,4.3131299,1.0
823120.0,4.3131299,1.0
823142.0,4.3131299,1.0
823145.0,4.3131299,1.0
823205.0,4.3131299,1.0
823252.0,4.3131299,2.0
823271.0,4.3131299,1.0
823287.0,4.3131299,1.0
823314.0,4.3131299,2.0
823319.0,4.3131299,1.0
823461.0,4.3131299,2.0
823517.0,4.3131299,2.0
823568.0,4.3131299,2.0
823588.0,4.3131299,1.0
823655.0,4.3131299,1.0
823671.0,4.3131299,1.0
823711.0,4.3131299,2.0
823717.0,4.3131299,1.0
823745.0,4.3131299,1.0
823850.0,4.3131299,1.0
823857.0,4.3131299,2.0
823859.0,4.3131299,1.0
823982.0,4.3131299,1.0
823995.0,4.3131299,1.0
823996.0,4.3131299,2.0
824025.0,4.3131299,1.0
824028.0,4.3131299,1.0
824139.0,4.3131299,1.0
824234.0,4.3131299,1.0
824262.0,4.3131299,4.0
824281.0,4.3131299,2.0
824285.0,4.3131299,3.0
824294.0,4.3131299,2.0
824337.0,4.3131299,1.0
824455.0,4.3131299,1.0
824484.0,4.3131299,1.0
824499.0,4.3131299,1.0
824637.0,4.3131299,1.0
824691.0,4.3131299,1.0
824721.0,4.3131299,1.0
824737.0,4.3131299,1.0
824739.0,4.3131299,3.0
824802.0,4.3131299,1.0
824831.0,4.3131299,1.0
824876.0,4.3131299,1.0
824890.0,4.3131299,2.0
825005.0,4.3131299,1.0
825022.0,4.3131299,2.0
825051.0,4.3131299,2.0
825059.0,4.3131299,1.0
825146.0,4.3131299,2.0
825159.0,4.3131299,2.0
825181.0,4.3131299,1.0
825319.0,4.3131299,1.0
825344.0,4.3131299,1.0
825446.0,4.3131299,2.0
825521.0,4.3131299,1.0
825534.0,4.3131299,2.0
825663.0,4.3131299,1.0
825672.0,4.3131299,1.0
825803.0,4.3131299,1.0
825818.0,4.3131299,1.0
825895.0,4.3131299,1.0
825941.0,4.3131299,1.0
825965.0,4.3131299,1.0
825999.0,4.3131299,1.0
826125.0,4.3131299,3.0
826162.0,4.3131299,1.0
826241.0,4.3131299,1.0
826410.0,4.3131299,1.0
826436.0,4.3131299,3.0
826463.0,4.3131299,1.0
826747.0,4.3131299,2.0
826859.0,4.3131299,2.0
826928.0,4.3131299,1.0
826949.0,4.3131299,1.0
826969.0,4.3131299,2.0
826970.0,4.3131299,1.0
826986.0,4.3131299,1.0
827080.0,4.3131299,1.0
827187.0,4.3131299,2.0
827199.0,4.3131299,1.0
827226.0,4.3131299,2.0
827276.0,4.3131299,1.0
827298.0,4.3131299,5.0
827305.0,4.3131299,1.0
827308.0,4.3131299,2.0
827363.0,4.3131299,1.0
827378.0,4.3131299,1.0
827466.0,4.3131299,2.0
827482.0,4.3131299,1.0
827525.0,4.3131299,1.0
827626.0,4.3131299,1.0
827682.0,4.3131299,1.0
827711.0,4.3131299,4.0
827714.0,4.3131299,1.0
827721.0,4.3131299,1.0
827817.0,4.3131299,2.0
827852.0,4.3131299,1.0
827966.0,4.3131299,3.0
828086.0,4.3131299,2.0
828161.0,4.3131299,1.0
828234.0,4.3131299,1.0
828322.0,4.3131299,1.0
828333.0,4.3131299,1.0
828352.0,4.3131299,1.0
828356.0,4.3131299,1.0
828453.0,4.3131299,1.0
828468.0,4.3131299,1.0
828485.0,4.3131299,1.0
828570.0,4.3131299,1.0
828700.0,4.3131299,1.0
828725.0,4.3131299,1.0
828752.0,4.3131299,1.0
828814.0,4.3131299,1.0
828829.0,4.3131299,1.0
828921.0,4.3131299,1.0
828930.0,4.3131299,1.0
829009.0,4.3131299,1.0
829015.0,4.3131299,4.0
829050.0,4.3131299,3.0
829092.0,4.3131299,1.0
829185.0,4.3131299,1.0
829202.0,4.3131299,1.0
829253.0,4.3131299,1.0
829353.0,4.3131299,1.0
829477.0,4.3131299,1.0
829628.0,4.3131299,1.0
829826.0,4.3131299,1.0
829841.0,4.3131299,1.0
822571.0,4.3131299,2.0
827487.0,4.3131299,1.0
820783.0,4.3131299,2.0
827819.0,4.3131299,1.0
829189.0,4.3131299,1.0
830754.0,4.35353994,3.0
830870.0,4.35353994,2.0
831099.0,4.35353994,3.0
831103.0,4.35353994,3.0
831200.0,4.35353994,2.0
832389.0,4.35353994,2.0
833341.0,4.35353994,3.0
833682.0,4.35353994,3.0
833881.0,4.35353994,2.0
834255.0,4.35353994,3.0
834430.0,4.35353994,3.0
834654.0,4.35353994,3.0
835626.0,4.35353994,4.0
835636.0,4.35353994,3.0
836483.0,4.35353994,3.0
837089.0,4.35353994,3.0
837324.0,4.35353994,2.0
837415.0,4.35353994,2.0
837817.0,4.35353994,3.0
839353.0,4.35353994,2.0
830027.0,4.35353994,1.0
830136.0,4.35353994,2.0
830210.0,4.35353994,1.0
830235.0,4.35353994,1.0
830400.0,4.35353994,1.0
830585.0,4.35353994,1.0
830592.0,4.35353994,1.0
830620.0,4.35353994,2.0
830642.0,4.35353994,1.0
830681.0,4.35353994,1.0
830702.0,4.35353994,2.0
830725.0,4.35353994,2.0
830737.0,4.35353994,1.0
830756.0,4.35353994,1.0
830783.0,4.35353994,2.0
830976.0,4.35353994,1.0
830982.0,4.35353994,2.0
831046.0,4.35353994,1.0
831341.0,4.35353994,2.0
831427.0,4.35353994,1.0
831645.0,4.35353994,1.0
831730.0,4.35353994,1.0
831921.0,4.35353994,1.0
832216.0,4.35353994,1.0
832571.0,4.35353994,2.0
832894.0,4.35353994,1.0
833142.0,4.35353994,1.0
833363.0,4.35353994,1.0
833495.0,4.35353994,1.0
833857.0,4.35353994,1.0
833889.0,4.35353994,1.0
834001.0,4.35353994,2.0
834004.0,4.35353994,2.0
834264.0,4.35353994,2.0
834274.0,4.35353994,1.0
834281.0,4.35353994,1.0
834285.0,4.35353994,2.0
834308.0,4.35353994,2.0
834337.0,4.35353994,2.0
834431.0,4.35353994,1.0
834640.0,4.35353994,1.0
835005.0,4.35353994,2.0
835088.0,4.35353994,1.0
835160.0,4.35353994,1.0
835465.0,4.35353994,2.0
835747.0,4.35353994,1.0
835756.0,4.35353994,1.0
835936.0,4.35353994,1.0
836180.0,4.35353994,1.0
837083.0,4.35353994,1.0
837148.0,4.35353994,1.0
837255.0,4.35353994,1.0
837268.0,4.35353994,1.0
837309.0,4.35353994,1.0
837348.0,4.35353994,2.0
837535.0,4.35353994,2.0
837558.0,4.35353994,1.0
837659.0,4.35353994,1.0
837711.0,4.35353994,1.0
837752.0,4.35353994,1.0
837819.0,4.35353994,2.0
837829.0,4.35353994,1.0
837888.0,4.35353994,1.0
837943.0,4.35353994,2.0
838050.0,4.35353994,1.0
838230.0,4.35353994,2.0
838233.0,4.35353994,1.0
838333.0,4.35353994,1.0
838462.0,4.35353994,1.0
838473.0,4.35353994,1.0
838769.0,4.35353994,1.0
838805.0,4.35353994,1.0
838921.0,4.35353994,1.0
839050.0,4.35353994,1.0
839133.0,4.35353994,1.0
839200.0,4.35353994,1.0
839295.0,4.35353994,1.0
839321.0,4.35353994,1.0
839338.0,4.35353994,1.0
839447.0,4.35353994,1.0
839682.0,4.35353994,1.0
831458.0,4.35353994,2.0
836761.0,4.35353994,1.0
837563.0,4.35353994,1.0
837892.0,4.35353994,1.0
839363.0,4.35353994,1.0
840515.0,4.39393997,1.0
840665.0,4.39393997,1.0
840837.0,4.39393997,2.0
840846.0,4.39393997,1.0
841151.0,4.39393997,3.0
841156.0,4.39393997,2.0
841266.0,4.39393997,2.0
841572.0,4.39393997,4.0
842354.0,4.39393997,3.0
842368.0,4.39393997,2.0
844237.0,4.39393997,2.0
844701.0,4.39393997,1.0
844739.0,4.39393997,1.0
845050.0,4.39393997,2.0
845051.0,4.39393997,1.0
845328.0,4.39393997,1.0
845446.0,4.39393997,1.0
845747.0,4.39393997,2.0
846436.0,4.39393997,3.0
846446.0,4.39393997,1.0
847126.0,4.39393997,1.0
847348.0,4.39393997,1.0
847829.0,4.39393997,2.0
848062.0,4.39393997,2.0
848725.0,4.39393997,1.0
849981.0,4.39393997,3.0
848188.0,4.39393997,1.0
849747.0,4.39393997,1.0
850032.0,4.43434,2.0
850106.0,4.43434,1.0
850238.0,4.43434,1.0
850388.0,4.43434,1.0
850554.0,4.43434,3.0
850725.0,4.43434,3.0
850754.0,4.43434,2.0
850846.0,4.43434,1.0
850849.0,4.43434,1.0
850889.0,4.43434,1.0
850913.0,4.43434,2.0
851008.0,4.43434,2.0
851108.0,4.43434,1.0
851124.0,4.43434,1.0
851212.0,4.43434,2.0
851216.0,4.43434,1.0
851316.0,4.43434,1.0
851396.0,4.43434,2.0
851512.0,4.43434,1.0
851580.0,4.43434,1.0
851603.0,4.43434,1.0
851730.0,4.43434,3.0
852318.0,4.43434,2.0
852368.0,4.43434,1.0
852568.0,4.43434,1.0
852624.0,4.43434,1.0
852634.0,4.43434,1.0
852716.0,4.43434,1.0
852886.0,4.43434,2.0
852892.0,4.43434,1.0
853120.0,4.43434,2.0
853213.0,4.43434,3.0
853246.0,4.43434,1.0
853252.0,4.43434,1.0
853514.0,4.43434,2.0
853775.0,4.43434,1.0
854001.0,4.43434,1.0
854023.0,4.43434,1.0
854096.0,4.43434,2.0
854262.0,4.43434,2.0
854343.0,4.43434,1.0
854476.0,4.43434,2.0
854518.0,4.43434,1.0
854654.0,4.43434,1.0
854721.0,4.43434,2.0
854739.0,4.43434,1.0
854866.0,4.43434,1.0
854917.0,4.43434,1.0
854928.0,4.43434,1.0
854990.0,4.43434,1.0
855159.0,4.43434,1.0
855328.0,4.43434,1.0
855354.0,4.43434,2.0
855357.0,4.43434,2.0
855390.0,4.43434,1.0
855401.0,4.43434,1.0
855429.0,4.43434,2.0
855451.0,4.43434,1.0
855555.0,4.43434,2.0
855596.0,4.43434,1.0
855608.0,4.43434,1.0
855610.0,4.43434,1.0
855747.0,4.43434,1.0
855756.0,4.43434,1.0
855856.0,4.43434,2.0
855945.0,4.43434,1.0
855969.0,4.43434,2.0
856048.0,4.43434,2.0
856059.0,4.43434,1.0
856322.0,4.43434,1.0
856432.0,4.43434,1.0
856446.0,4.43434,1.0
856483.0,4.43434,2.0
856520.0,4.43434,1.0
857170.0,4.43434,1.0
857226.0,4.43434,2.0
857356.0,4.43434,2.0
857366.0,4.43434,1.0
857453.0,4.43434,1.0
857706.0,4.43434,1.0
857829.0,4.43434,1.0
857859.0,4.43434,2.0
857877.0,4.43434,1.0
858113.0,4.43434,1.0
858146.0,4.43434,4.0
858189.0,4.43434,1.0
858473.0,4.43434,2.0
858718.0,4.43434,1.0
858783.0,4.43434,1.0
858795.0,4.43434,1.0
858796.0,4.43434,3.0
858814.0,4.43434,1.0
858841.0,4.43434,2.0
859015.0,4.43434,1.0
859026.0,4.43434,1.0
859082.0,4.43434,1.0
859096.0,4.43434,4.0
859151.0,4.43434,2.0
859295.0,4.43434,2.0
859381.0,4.43434,1.0
859408.0,4.43434,2.0
859658.0,4.43434,2.0
859693.0,4.43434,1.0
859828.0,4.43434,1.0
859937.0,4.43434,1.0
850687.0,4.43434,1.0
850896.0,4.43434,1.0
851138.0,4.43434,1.0
853937.0,4.43434,1.0
854059.0,4.43434,1.0
856909.0,4.43434,1.0
859220.0,4.43434,1.0
859826.0,4.43434,1.0
860027.0,4.47475004,1.0
860085.0,4.47475004,1.0
860199.0,4.47475004,2.0
860235.0,4.47475004,1.0
860461.0,4.47475004,1.0
860515.0,4.47475004,2.0
860642.0,4.47475004,2.0
860665.0,4.47475004,2.0
860681.0,4.47475004,2.0
860683.0,4.47475004,1.0
860754.0,4.47475004,2.0
860837.0,4.47475004,1.0
860841.0,4.47475004,1.0
861041.0,4.47475004,1.0
861048.0,4.47475004,2.0
861078.0,4.47475004,1.0
861158.0,4.47475004,1.0
861161.0,4.47475004,1.0
861454.0,4.47475004,1.0
861512.0,4.47475004,2.0
861576.0,4.47475004,2.0
861777.0,4.47475004,1.0
862026.0,4.47475004,1.0
862177.0,4.47475004,1.0
862340.0,4.47475004,2.0
862345.0,4.47475004,1.0
862354.0,4.47475004,1.0
862557.0,4.47475004,3.0
862568.0,4.47475004,1.0
862786.0,4.47475004,1.0
862837.0,4.47475004,1.0
862862.0,4.47475004,1.0
863341.0,4.47475004,1.0
863454.0,4.47475004,1.0
863495.0,4.47475004,1.0
863514.0,4.47475004,1.0
863530.0,4.47475004,1.0
863568.0,4.47475004,4.0
863577.0,4.47475004,1.0
863777.0,4.47475004,1.0
864015.0,4.47475004,2.0
864025.0,4.47475004,1.0
864045.0,4.47475004,1.0
864171.0,4.47475004,1.0
864184.0,4.47475004,2.0
864264.0,4.47475004,1.0
864285.0,4.47475004,1.0
864288.0,4.47475004,1.0
864344.0,4.47475004,1.0
864455.0,4.47475004,2.0
864616.0,4.47475004,1.0
864640.0,4.47475004,2.0
864691.0,4.47475004,2.0
864727.0,4.47475004,1.0
864741.0,4.47475004,1.0
864928.0,4.47475004,2.0
864966.0,4.47475004,1.0
864975.0,4.47475004,3.0
864976.0,4.47475004,1.0
865212.0,4.47475004,1.0
865353.0,4.47475004,2.0
865354.0,4.47475004,1.0
865642.0,4.47475004,1.0
865815.0,4.47475004,1.0
865818.0,4.47475004,1.0
865950.0,4.47475004,2.0
866166.0,4.47475004,2.0
866337.0,4.47475004,2.0
866432.0,4.47475004,1.0
866483.0,4.47475004,1.0
866969.0,4.47475004,2.0
867286.0,4.47475004,1.0
867525.0,4.47475004,2.0
867721.0,4.47475004,2.0
867752.0,4.47475004,1.0
867879.0,4.47475004,1.0
868008.0,4.47475004,1.0
868080.0,4.47475004,2.0
868105.0,4.47475004,2.0
868188.0,4.47475004,2.0
868570.0,4.47475004,1.0
868725.0,4.47475004,1.0
868732.0,4.47475004,2.0
868783.0,4.47475004,2.0
868814.0,4.47475004,1.0
868869.0,4.47475004,2.0
869009.0,4.47475004,2.0
869050.0,4.47475004,1.0
869298.0,4.47475004,1.0
869381.0,4.47475004,1.0
869408.0,4.47475004,1.0
869549.0,4.47475004,1.0
869591.0,4.47475004,1.0
869754.0,4.47475004,1.0
869824.0,4.47475004,1.0
869981.0,4.47475004,3.0
860906.0,4.47475004,1.0
864187.0,4.47475004,1.0
866334.0,4.47475004,1.0
867990.0,4.47475004,2.0
868207.0,4.47475004,1.0
861282.0,4.47475004,1.0
864603.0,4.47475004,1.0
865626.0,4.47475004,1.0
867300.0,4.47475004,1.0
868565.0,4.47475004,1.0
870702.0,4.51515007,1.0
870788.0,4.51515007,3.0
870997.0,4.51515007,4.0
871118.0,4.51515007,3.0
872089.0,4.51515007,1.0
872150.0,4.51515007,3.0
872368.0,4.51515007,3.0
872634.0,4.51515007,3.0
873653.0,4.51515007,1.0
873818.0,4.51515007,4.0
874285.0,4.51515007,3.0
874518.0,4.51515007,3.0
875747.0,4.51515007,4.0
875749.0,4.51515007,2.0
876276.0,4.51515007,3.0
876540.0,4.51515007,3.0
877150.0,4.51515007,1.0
877357.0,4.51515007,2.0
879009.0,4.51515007,3.0
879447.0,4.51515007,3.0
870027.0,4.51515007,1.0
870554.0,4.51515007,1.0
870592.0,4.51515007,1.0
870620.0,4.51515007,1.0
870642.0,4.51515007,1.0
870681.0,4.51515007,2.0
870870.0,4.51515007,1.0
870884.0,4.51515007,1.0
870889.0,4.51515007,1.0
871202.0,4.51515007,1.0
871238.0,4.51515007,1.0
871354.0,4.51515007,1.0
871600.0,4.51515007,1.0
873252.0,4.51515007,1.0
873305.0,4.51515007,1.0
873474.0,4.51515007,1.0
873517.0,4.51515007,1.0
873660.0,4.51515007,1.0
873813.0,4.51515007,1.0
874308.0,4.51515007,1.0
874343.0,4.51515007,1.0
874348.0,4.51515007,1.0
874362.0,4.51515007,1.0
875191.0,4.51515007,1.0
875204.0,4.51515007,2.0
875451.0,4.51515007,2.0
875548.0,4.51515007,1.0
875608.0,4.51515007,1.0
875815.0,4.51515007,1.0
876095.0,4.51515007,1.0
876556.0,4.51515007,1.0
876840.0,4.51515007,2.0
877126.0,4.51515007,1.0
877187.0,4.51515007,1.0
877369.0,4.51515007,1.0
877453.0,4.51515007,1.0
877482.0,4.51515007,2.0
877620.0,4.51515007,1.0
877778.0,4.51515007,1.0
878080.0,4.51515007,1.0
878082.0,4.51515007,1.0
878086.0,4.51515007,1.0
878259.0,4.51515007,1.0
878453.0,4.51515007,1.0
878513.0,4.51515007,1.0
878829.0,4.51515007,1.0
878869.0,4.51515007,1.0
879096.0,4.51515007,1.0
879434.0,4.51515007,1.0
879440.0,4.51515007,2.0
880027.0,4.55556011,1.0
880036.0,4.55556011,1.0
880126.0,4.55556011,1.0
880207.0,4.55556011,1.0
880474.0,4.55556011,1.0
880508.0,4.55556011,2.0
880634.0,4.55556011,1.0
880642.0,4.55556011,1.0
880680.0,4.55556011,1.0
880681.0,4.55556011,1.0
880690.0,4.55556011,1.0
880754.0,4.55556011,1.0
880800.0,4.55556011,1.0
880821.0,4.55556011,1.0
880837.0,4.55556011,2.0
880896.0,4.55556011,1.0
881008.0,4.55556011,1.0
881021.0,4.55556011,1.0
881108.0,4.55556011,1.0
881170.0,4.55556011,1.0
881290.0,4.55556011,1.0
881350.0,4.55556011,1.0
881406.0,4.55556011,1.0
881600.0,4.55556011,1.0
881645.0,4.55556011,1.0
881908.0,4.55556011,1.0
881983.0,4.55556011,1.0
882177.0,4.55556011,1.0
882264.0,4.55556011,1.0
882354.0,4.55556011,3.0
882358.0,4.55556011,1.0
882633.0,4.55556011,2.0
882702.0,4.55556011,1.0
882888.0,4.55556011,1.0
883110.0,4.55556011,1.0
883205.0,4.55556011,1.0
883213.0,4.55556011,1.0
883314.0,4.55556011,2.0
883319.0,4.55556011,1.0
883493.0,4.55556011,1.0
883530.0,4.55556011,1.0
883588.0,4.55556011,1.0
883745.0,4.55556011,1.0
883936.0,4.55556011,1.0
884034.0,4.55556011,1.0
884288.0,4.55556011,1.0
884312.0,4.55556011,1.0
884344.0,4.55556011,2.0
884349.0,4.55556011,1.0
884364.0,4.55556011,1.0
884484.0,4.55556011,1.0
884518.0,4.55556011,1.0
884522.0,4.55556011,1.0
884704.0,4.55556011,1.0
884811.0,4.55556011,1.0
884890.0,4.55556011,1.0
884927.0,4.55556011,1.0
884928.0,4.55556011,1.0
885191.0,4.55556011,1.0
885357.0,4.55556011,1.0
885390.0,4.55556011,1.0
885549.0,4.55556011,1.0
885615.0,4.55556011,1.0
885756.0,4.55556011,1.0
885844.0,4.55556011,1.0
885989.0,4.55556011,1.0
886113.0,4.55556011,1.0
886241.0,4.55556011,1.0
886520.0,4.55556011,3.0
886539.0,4.55556011,1.0
886650.0,4.55556011,1.0
886805.0,4.55556011,1.0
886928.0,4.55556011,1.0
886970.0,4.55556011,1.0
887273.0,4.55556011,1.0
887308.0,4.55556011,1.0
887356.0,4.55556011,1.0
887415.0,4.55556011,2.0
887453.0,4.55556011,2.0
887728.0,4.55556011,1.0
887817.0,4.55556011,3.0
887878.0,4.55556011,1.0
887879.0,4.55556011,1.0
887923.0,4.55556011,1.0
888055.0,4.55556011,2.0
888188.0,4.55556011,2.0
888352.0,4.55556011,1.0
888468.0,4.55556011,1.0
888535.0,4.55556011,1.0
888732.0,4.55556011,1.0
888788.0,4.55556011,1.0
888805.0,4.55556011,1.0
888904.0,4.55556011,1.0
889026.0,4.55556011,1.0
889068.0,4.55556011,1.0
889202.0,4.55556011,1.0
889253.0,4.55556011,1.0
889440.0,4.55556011,2.0
889510.0,4.55556011,1.0
889586.0,4.55556011,1.0
887535.0,4.55556011,1.0
890653.0,4.59596014,1.0
890725.0,4.59596014,4.0
890904.0,4.59596014,2.0
891031.0,4.59596014,2.0
891216.0,4.59596014,2.0
891811.0,4.59596014,2.0
891824.0,4.59596014,3.0
893529.0,4.59596014,3.0
893800.0,4.59596014,1.0
893984.0,4.59596014,4.0
894352.0,4.59596014,4.0
894431.0,4.59596014,2.0
895353.0,4.59596014,2.0
895989.0,4.59596014,3.0
896205.0,4.59596014,2.0
896450.0,4.59596014,3.0
896748.0,4.59596014,2.0
897324.0,4.59596014,2.0
897390.0,4.59596014,1.0
898113.0,4.59596014,2.0
898245.0,4.59596014,2.0
898734.0,4.59596014,1.0
899169.0,4.59596014,1.0
899295.0,4.59596014,3.0
890024.0,4.59596014,2.0
890136.0,4.59596014,1.0
890199.0,4.59596014,1.0
890452.0,4.59596014,1.0
890508.0,4.59596014,1.0
890543.0,4.59596014,1.0
890585.0,4.59596014,1.0
890665.0,4.59596014,1.0
890841.0,4.59596014,2.0
891103.0,4.59596014,1.0
891122.0,4.59596014,1.0
891179.0,4.59596014,1.0
891730.0,4.59596014,1.0
892075.0,4.59596014,1.0
892273.0,4.59596014,2.0
892872.0,4.59596014,2.0
892878.0,4.59596014,1.0
893005.0,4.59596014,1.0
893081.0,4.59596014,1.0
893203.0,4.59596014,1.0
893392.0,4.59596014,1.0
893414.0,4.59596014,1.0
893644.0,4.59596014,2.0
893889.0,4.59596014,2.0
893996.0,4.59596014,1.0
894001.0,4.59596014,1.0
894138.0,4.59596014,1.0
894173.0,4.59596014,1.0
894348.0,4.59596014,1.0
894421.0,4.59596014,1.0
895344.0,4.59596014,1.0
896353.0,4.59596014,1.0
896446.0,4.59596014,1.0
896587.0,4.59596014,1.0
896714.0,4.59596014,1.0
896767.0,4.59596014,1.0
896790.0,4.59596014,1.0
896935.0,4.59596014,1.0
897050.0,4.59596014,2.0
897089.0,4.59596014,1.0
897255.0,4.59596014,1.0
897385.0,4.59596014,1.0
897535.0,4.59596014,1.0
898230.0,4.59596014,1.0
898467.0,4.59596014,1.0
898725.0,4.59596014,1.0
898732.0,4.59596014,1.0
899338.0,4.59596014,1.0
899681.0,4.59596014,1.0
899730.0,4.59596014,1.0
899754.0,4.59596014,1.0
899944.0,4.59596014,1.0
899981.0,4.59596014,1.0
890592.0,4.59596014,1.0
890837.0,4.59596014,1.0
893517.0,4.59596014,1.0
894028.0,4.59596014,1.0
896860.0,4.59596014,1.0
898841.0,4.59596014,1.0
901158.0,4.63636017,2.0
901563.0,4.63636017,5.0
904107.0,4.63636017,2.0
907616.0,4.63636017,2.0
907877.0,4.63636017,4.0
900027.0,4.63636017,1.0
900543.0,4.63636017,1.0
900683.0,4.63636017,1.0
900690.0,4.63636017,1.0
900788.0,4.63636017,1.0
900846.0,4.63636017,2.0
900870.0,4.63636017,1.0
901046.0,4.63636017,1.0
901048.0,4.63636017,1.0
901427.0,4.63636017,1.0
902339.0,4.63636017,2.0
902511.0,4.63636017,2.0
902837.0,4.63636017,2.0
903517.0,4.63636017,2.0
903985.0,4.63636017,1.0
904424.0,4.63636017,1.0
905540.0,4.63636017,1.0
906180.0,4.63636017,1.0
907852.0,4.63636017,1.0
908082.0,4.63636017,1.0
908783.0,4.63636017,1.0
908788.0,4.63636017,1.0
909133.0,4.63636017,1.0
902318.0,4.63636017,1.0
904352.0,4.63636017,1.0
904866.0,4.63636017,1.0
908356.0,4.63636017,1.0
909447.0,4.63636017,1.0
909658.0,4.63636017,2.0
900913.0,4.63636017,1.0
904476.0,4.63636017,1.0
910024.0,4.67677021,1.0
910040.0,4.67677021,1.0
910085.0,4.67677021,2.0
910120.0,4.67677021,1.0
910199.0,4.67677021,2.0
910210.0,4.67677021,1.0
910235.0,4.67677021,2.0
910346.0,4.67677021,1.0
910349.0,4.67677021,1.0
910388.0,4.67677021,1.0
910474.0,4.67677021,2.0
910551.0,4.67677021,1.0
910585.0,4.67677021,1.0
910592.0,4.67677021,2.0
910620.0,4.67677021,2.0
910628.0,4.67677021,1.0
910653.0,4.67677021,1.0
910665.0,4.67677021,2.0
910680.0,4.67677021,1.0
910718.0,4.67677021,1.0
910754.0,4.67677021,2.0
910756.0,4.67677021,1.0
910783.0,4.67677021,1.0
910841.0,4.67677021,3.0
910913.0,4.67677021,1.0
910973.0,4.67677021,2.0
911051.0,4.67677021,1.0
911066.0,4.67677021,1.0
911106.0,4.67677021,1.0
911122.0,4.67677021,1.0
911124.0,4.67677021,1.0
911151.0,4.67677021,2.0
911179.0,4.67677021,1.0
911216.0,4.67677021,1.0
911288.0,4.67677021,1.0
911396.0,4.67677021,2.0
911576.0,4.67677021,1.0
911600.0,4.67677021,2.0
911781.0,4.67677021,1.0
911790.0,4.67677021,1.0
911824.0,4.67677021,1.0
911907.0,4.67677021,1.0
912015.0,4.67677021,1.0
912078.0,4.67677021,1.0
912087.0,4.67677021,1.0
912150.0,4.67677021,2.0
912156.0,4.67677021,1.0
912173.0,4.67677021,2.0
912264.0,4.67677021,1.0
912339.0,4.67677021,1.0
912340.0,4.67677021,1.0
912368.0,4.67677021,3.0
912372.0,4.67677021,1.0
912511.0,4.67677021,2.0
912633.0,4.67677021,1.0
912634.0,4.67677021,2.0
912702.0,4.67677021,2.0
912716.0,4.67677021,1.0
912736.0,4.67677021,1.0
912829.0,4.67677021,1.0
912887.0,4.67677021,1.0
913120.0,4.67677021,1.0
913142.0,4.67677021,2.0
913145.0,4.67677021,1.0
913170.0,4.67677021,1.0
913197.0,4.67677021,1.0
913246.0,4.67677021,1.0
913254.0,4.67677021,1.0
913300.0,4.67677021,2.0
913302.0,4.67677021,1.0
913305.0,4.67677021,1.0
913341.0,4.67677021,1.0
913381.0,4.67677021,1.0
913492.0,4.67677021,1.0
913529.0,4.67677021,1.0
913588.0,4.67677021,1.0
913682.0,4.67677021,1.0
913775.0,4.67677021,2.0
913813.0,4.67677021,1.0
913889.0,4.67677021,1.0
913937.0,4.67677021,1.0
913944.0,4.67677021,1.0
913977.0,4.67677021,1.0
914015.0,4.67677021,1.0
914028.0,4.67677021,2.0
914034.0,4.67677021,1.0
914096.0,4.67677021,1.0
914165.0,4.67677021,1.0
914237.0,4.67677021,2.0
914285.0,4.67677021,2.0
914344.0,4.67677021,1.0
914345.0,4.67677021,2.0
914358.0,4.67677021,1.0
914362.0,4.67677021,2.0
914364.0,4.67677021,2.0
914407.0,4.67677021,1.0
914426.0,4.67677021,1.0
914432.0,4.67677021,1.0
914546.0,4.67677021,1.0
914701.0,4.67677021,1.0
914741.0,4.67677021,1.0
914802.0,4.67677021,2.0
914890.0,4.67677021,2.0
914909.0,4.67677021,2.0
914936.0,4.67677021,1.0
914976.0,4.67677021,1.0
915022.0,4.67677021,2.0
915030.0,4.67677021,2.0
915191.0,4.67677021,2.0
915247.0,4.67677021,1.0
915253.0,4.67677021,1.0
915314.0,4.67677021,1.0
915357.0,4.67677021,1.0
915390.0,4.67677021,2.0
915407.0,4.67677021,1.0
915503.0,4.67677021,1.0
915521.0,4.67677021,1.0
915534.0,4.67677021,1.0
915596.0,4.67677021,2.0
915626.0,4.67677021,1.0
915660.0,4.67677021,1.0
915698.0,4.67677021,1.0
915767.0,4.67677021,1.0
915773.0,4.67677021,1.0
915936.0,4.67677021,2.0
915945.0,4.67677021,3.0
916009.0,4.67677021,1.0
916046.0,4.67677021,1.0
916057.0,4.67677021,1.0
916062.0,4.67677021,1.0
916101.0,4.67677021,1.0
916113.0,4.67677021,1.0
916172.0,4.67677021,1.0
916180.0,4.67677021,1.0
916199.0,4.67677021,1.0
916295.0,4.67677021,1.0
916392.0,4.67677021,1.0
916437.0,4.67677021,1.0
916446.0,4.67677021,1.0
916636.0,4.67677021,1.0
916747.0,4.67677021,1.0
916761.0,4.67677021,2.0
916793.0,4.67677021,1.0
916969.0,4.67677021,1.0
917126.0,4.67677021,3.0
917150.0,4.67677021,1.0
917187.0,4.67677021,1.0
917286.0,4.67677021,2.0
917298.0,4.67677021,1.0
917308.0,4.67677021,2.0
917322.0,4.67677021,2.0
917341.0,4.67677021,1.0
917356.0,4.67677021,2.0
917466.0,4.67677021,1.0
917514.0,4.67677021,1.0
917525.0,4.67677021,1.0
917565.0,4.67677021,2.0
917612.0,4.67677021,2.0
917616.0,4.67677021,2.0
917694.0,4.67677021,1.0
917699.0,4.67677021,2.0
917711.0,4.67677021,2.0
917728.0,4.67677021,1.0
917778.0,4.67677021,2.0
917819.0,4.67677021,1.0
917820.0,4.67677021,1.0
917881.0,4.67677021,1.0
917957.0,4.67677021,1.0
918026.0,4.67677021,1.0
918055.0,4.67677021,1.0
918062.0,4.67677021,2.0
918163.0,4.67677021,1.0
918171.0,4.67677021,2.0
918207.0,4.67677021,2.0
918247.0,4.67677021,1.0
918352.0,4.67677021,1.0
918513.0,4.67677021,2.0
918636.0,4.67677021,1.0
918777.0,4.67677021,1.0
918820.0,4.67677021,1.0
918835.0,4.67677021,1.0
918885.0,4.67677021,1.0
918930.0,4.67677021,1.0
918972.0,4.67677021,1.0
919120.0,4.67677021,1.0
919233.0,4.67677021,2.0
919381.0,4.67677021,2.0
919447.0,4.67677021,2.0
919477.0,4.67677021,2.0
919527.0,4.67677021,1.0
919556.0,4.67677021,1.0
919622.0,4.67677021,1.0
919642.0,4.67677021,1.0
919661.0,4.67677021,1.0
919693.0,4.67677021,1.0
919723.0,4.67677021,2.0
919747.0,4.67677021,2.0
919981.0,4.67677021,2.0
910027.0,4.67677021,1.0
910690.0,4.67677021,1.0
910976.0,4.67677021,1.0
913218.0,4.67677021,1.0
914572.0,4.67677021,1.0
914579.0,4.67677021,1.0
915353.0,4.67677021,1.0
917482.0,4.67677021,1.0
918080.0,4.67677021,1.0
918333.0,4.67677021,1.0
919754.0,4.67677021,1.0
921000.0,4.71716976,4.0
921106.0,4.71716976,1.0
921907.0,4.71716976,1.0
922202.0,4.71716976,1.0
925626.0,4.71716976,2.0
926333.0,4.71716976,1.0
927219.0,4.71716976,1.0
928734.0,4.71716976,1.0
929681.0,4.71716976,2.0
929829.0,4.71716976,1.0
920551.0,4.71716976,1.0
920620.0,4.71716976,1.0
920665.0,4.71716976,1.0
920788.0,4.71716976,1.0
920876.0,4.71716976,1.0
920884.0,4.71716976,1.0
921147.0,4.71716976,1.0
921179.0,4.71716976,1.0
921212.0,4.71716976,1.0
921266.0,4.71716976,2.0
921600.0,4.71716976,1.0
921826.0,4.71716976,1.0
921938.0,4.71716976,2.0
922404.0,4.71716976,2.0
922949.0,4.71716976,1.0
923088.0,4.71716976,1.0
923142.0,4.71716976,1.0
923251.0,4.71716976,1.0
923376.0,4.71716976,1.0
923711.0,4.71716976,1.0
924184.0,4.71716976,1.0
924251.0,4.71716976,1.0
924262.0,4.71716976,1.0
924362.0,4.71716976,1.0
924408.0,4.71716976,1.0
924430.0,4.71716976,1.0
924640.0,4.71716976,2.0
924739.0,4.71716976,1.0
924802.0,4.71716976,1.0
924966.0,4.71716976,1.0
925005.0,4.71716976,1.0
925105.0,4.71716976,1.0
925357.0,4.71716976,1.0
925474.0,4.71716976,1.0
925621.0,4.71716976,1.0
925815.0,4.71716976,1.0
926095.0,4.71716976,1.0
926520.0,4.71716976,1.0
926592.0,4.71716976,1.0
926859.0,4.71716976,2.0
927083.0,4.71716976,1.0
927126.0,4.71716976,1.0
927226.0,4.71716976,2.0
927406.0,4.71716976,2.0
927563.0,4.71716976,1.0
927699.0,4.71716976,3.0
927701.0,4.71716976,1.0
927761.0,4.71716976,1.0
927765.0,4.71716976,1.0
927817.0,4.71716976,1.0
927847.0,4.71716976,1.0
928026.0,4.71716976,1.0
928885.0,4.71716976,1.0
928972.0,4.71716976,1.0
929085.0,4.71716976,2.0
929096.0,4.71716976,2.0
920683.0,4.71716976,1.0
921008.0,4.71716976,1.0
930032.0,4.7575798,1.0
930210.0,4.7575798,1.0
930250.0,4.7575798,1.0
930388.0,4.7575798,1.0
930389.0,4.7575798,1.0
930474.0,4.7575798,1.0
930592.0,4.7575798,1.0
930725.0,4.7575798,1.0
930737.0,4.7575798,1.0
930754.0,4.7575798,1.0
930788.0,4.7575798,1.0
930841.0,4.7575798,1.0
930884.0,4.7575798,1.0
930973.0,4.7575798,2.0
930976.0,4.7575798,1.0
930982.0,4.7575798,1.0
931099.0,4.7575798,3.0
931202.0,4.7575798,1.0
931203.0,4.7575798,1.0
931341.0,4.7575798,1.0
931350.0,4.7575798,1.0
931512.0,4.7575798,2.0
931603.0,4.7575798,1.0
931730.0,4.7575798,1.0
931824.0,4.7575798,1.0
932273.0,4.7575798,1.0
932339.0,4.7575798,1.0
932725.0,4.7575798,1.0
932825.0,4.7575798,1.0
932837.0,4.7575798,2.0
932861.0,4.7575798,1.0
932862.0,4.7575798,1.0
932872.0,4.7575798,1.0
933063.0,4.7575798,1.0
933108.0,4.7575798,1.0
933110.0,4.7575798,1.0
933303.0,4.7575798,1.0
933376.0,4.7575798,1.0
933411.0,4.7575798,1.0
933454.0,4.7575798,1.0
933461.0,4.7575798,1.0
933771.0,4.7575798,1.0
934025.0,4.7575798,1.0
934192.0,4.7575798,1.0
934237.0,4.7575798,1.0
934281.0,4.7575798,1.0
934285.0,4.7575798,1.0
934437.0,4.7575798,1.0
934616.0,4.7575798,1.0
934739.0,4.7575798,1.0
934780.0,4.7575798,1.0
934822.0,4.7575798,1.0
934866.0,4.7575798,1.0
934890.0,4.7575798,1.0
934990.0,4.7575798,1.0
935022.0,4.7575798,1.0
935030.0,4.7575798,2.0
935044.0,4.7575798,1.0
935160.0,4.7575798,1.0
935191.0,4.7575798,1.0
935465.0,4.7575798,1.0
935540.0,4.7575798,1.0
935596.0,4.7575798,1.0
935621.0,4.7575798,1.0
935626.0,4.7575798,1.0
935639.0,4.7575798,1.0
935660.0,4.7575798,1.0
935747.0,4.7575798,1.0
935856.0,4.7575798,1.0
935936.0,4.7575798,1.0
935950.0,4.7575798,1.0
935965.0,4.7575798,1.0
935969.0,4.7575798,1.0
936172.0,4.7575798,1.0
936266.0,4.7575798,1.0
936270.0,4.7575798,2.0
936326.0,4.7575798,1.0
936344.0,4.7575798,1.0
936432.0,4.7575798,2.0
936436.0,4.7575798,1.0
936648.0,4.7575798,1.0
936707.0,4.7575798,1.0
936913.0,4.7575798,1.0
936928.0,4.7575798,1.0
936967.0,4.7575798,1.0
936986.0,4.7575798,1.0
937238.0,4.7575798,1.0
937721.0,4.7575798,2.0
937778.0,4.7575798,1.0
938207.0,4.7575798,1.0
938570.0,4.7575798,1.0
938678.0,4.7575798,2.0
938703.0,4.7575798,1.0
938930.0,4.7575798,2.0
939085.0,4.7575798,1.0
939270.0,4.7575798,1.0
939295.0,4.7575798,1.0
939353.0,4.7575798,1.0
939586.0,4.7575798,1.0
939658.0,4.7575798,1.0
939681.0,4.7575798,1.0
939684.0,4.7575798,1.0
939841.0,4.7575798,2.0
939919.0,4.7575798,1.0
940032.0,4.79797983,1.0
940106.0,4.79797983,1.0
940238.0,4.79797983,1.0
940381.0,4.79797983,1.0
940554.0,4.79797983,2.0
940680.0,4.79797983,1.0
940687.0,4.79797983,1.0
940725.0,4.79797983,2.0
940737.0,4.79797983,1.0
940756.0,4.79797983,1.0
940796.0,4.79797983,1.0
940836.0,4.79797983,1.0
940849.0,4.79797983,1.0
940876.0,4.79797983,1.0
940982.0,4.79797983,2.0
941099.0,4.79797983,1.0
941118.0,4.79797983,2.0
941212.0,4.79797983,2.0
941325.0,4.79797983,1.0
941458.0,4.79797983,1.0
941534.0,4.79797983,1.0
941576.0,4.79797983,2.0
941603.0,4.79797983,2.0
942173.0,4.79797983,2.0
942239.0,4.79797983,1.0
942264.0,4.79797983,1.0
942354.0,4.79797983,1.0
942397.0,4.79797983,1.0
942413.0,4.79797983,2.0
942424.0,4.79797983,1.0
942511.0,4.79797983,1.0
942738.0,4.79797983,1.0
942871.0,4.79797983,2.0
942915.0,4.79797983,1.0
942949.0,4.79797983,2.0
943254.0,4.79797983,2.0
943508.0,4.79797983,1.0
943529.0,4.79797983,1.0
943568.0,4.79797983,1.0
943711.0,4.79797983,1.0
943775.0,4.79797983,2.0
944001.0,4.79797983,1.0
944043.0,4.79797983,1.0
944138.0,4.79797983,1.0
944211.0,4.79797983,1.0
944237.0,4.79797983,1.0
944253.0,4.79797983,1.0
944262.0,4.79797983,1.0
944344.0,4.79797983,2.0
944348.0,4.79797983,2.0
944352.0,4.79797983,2.0
944461.0,4.79797983,1.0
944521.0,4.79797983,1.0
944721.0,4.79797983,1.0
944834.0,4.79797983,1.0
944909.0,4.79797983,2.0
944929.0,4.79797983,1.0
944936.0,4.79797983,2.0
944966.0,4.79797983,1.0
944975.0,4.79797983,2.0
945005.0,4.79797983,2.0
945043.0,4.79797983,2.0
945223.0,4.79797983,1.0
945247.0,4.79797983,1.0
945429.0,4.79797983,1.0
945488.0,4.79797983,1.0
945503.0,4.79797983,2.0
945543.0,4.79797983,1.0
945555.0,4.79797983,2.0
945593.0,4.79797983,1.0
945596.0,4.79797983,1.0
945773.0,4.79797983,1.0
945803.0,4.79797983,2.0
945848.0,4.79797983,1.0
945965.0,4.79797983,1.0
945989.0,4.79797983,2.0
946012.0,4.79797983,1.0
946046.0,4.79797983,1.0
946172.0,4.79797983,1.0
946276.0,4.79797983,2.0
946450.0,4.79797983,1.0
946536.0,4.79797983,1.0
946761.0,4.79797983,1.0
946840.0,4.79797983,1.0
946953.0,4.79797983,1.0
947083.0,4.79797983,1.0
947187.0,4.79797983,1.0
947210.0,4.79797983,1.0
947298.0,4.79797983,1.0
947369.0,4.79797983,1.0
947437.0,4.79797983,1.0
947453.0,4.79797983,1.0
947694.0,4.79797983,1.0
947706.0,4.79797983,1.0
947711.0,4.79797983,2.0
947728.0,4.79797983,1.0
947877.0,4.79797983,2.0
947966.0,4.79797983,2.0
948113.0,4.79797983,1.0
948188.0,4.79797983,1.0
948207.0,4.79797983,1.0
948223.0,4.79797983,1.0
948453.0,4.79797983,1.0
948473.0,4.79797983,1.0
948565.0,4.79797983,1.0
948621.0,4.79797983,1.0
948636.0,4.79797983,1.0
948691.0,4.79797983,2.0
948783.0,4.79797983,2.0
948872.0,4.79797983,1.0
948885.0,4.79797983,1.0
948897.0,4.79797983,2.0
948972.0,4.79797983,1.0
949151.0,4.79797983,1.0
949206.0,4.79797983,2.0
949220.0,4.79797983,1.0
949358.0,4.79797983,1.0
949408.0,4.79797983,1.0
949510.0,4.79797983,1.0
949591.0,4.79797983,1.0
949622.0,4.79797983,2.0
949626.0,4.79797983,1.0
949693.0,4.79797983,1.0
949828.0,4.79797983,2.0
949929.0,4.79797983,2.0
949944.0,4.79797983,1.0
941108.0,4.79797983,1.0
945191.0,4.79797983,1.0
951151.0,4.83837986,3.0
951266.0,4.83837986,2.0
951563.0,4.83837986,4.0
955357.0,4.83837986,3.0
957881.0,4.83837986,2.0
958188.0,4.83837986,4.0
950032.0,4.83837986,1.0
950665.0,4.83837986,1.0
950754.0,4.83837986,1.0
951156.0,4.83837986,2.0
952372.0,4.83837986,1.0
952389.0,4.83837986,2.0
953197.0,4.83837986,2.0
953495.0,4.83837986,2.0
953653.0,4.83837986,2.0
953660.0,4.83837986,1.0
953857.0,4.83837986,1.0
954103.0,4.83837986,1.0
954343.0,4.83837986,1.0
954348.0,4.83837986,1.0
954352.0,4.83837986,2.0
954546.0,4.83837986,2.0
954802.0,4.83837986,2.0
954866.0,4.83837986,1.0
955043.0,4.83837986,1.0
955051.0,4.83837986,2.0
955278.0,4.83837986,1.0
955482.0,4.83837986,1.0
955488.0,4.83837986,1.0
955803.0,4.83837986,2.0
955815.0,4.83837986,1.0
956322.0,4.83837986,2.0
956465.0,4.83837986,1.0
956483.0,4.83837986,1.0
957189.0,4.83837986,1.0
957701.0,4.83837986,2.0
957819.0,4.83837986,1.0
957943.0,4.83837986,1.0
958205.0,4.83837986,2.0
958207.0,4.83837986,1.0
958307.0,4.83837986,2.0
958469.0,4.83837986,2.0
958936.0,4.83837986,1.0
958972.0,4.83837986,2.0
959151.0,4.83837986,1.0
959681.0,4.83837986,1.0
960551.0,4.8787899,1.0
960788.0,4.8787899,3.0
960997.0,4.8787899,2.0
961316.0,4.8787899,2.0
962062.0,4.8787899,1.0
962078.0,4.8787899,1.0
962339.0,4.8787899,2.0
963251.0,4.8787899,1.0
963711.0,4.8787899,2.0
964138.0,4.8787899,1.0
964184.0,4.8787899,1.0
964352.0,4.8787899,1.0
964691.0,4.8787899,1.0
965549.0,4.8787899,2.0
965555.0,4.8787899,1.0
966013.0,4.8787899,1.0
966276.0,4.8787899,1.0
966536.0,4.8787899,1.0
966790.0,4.8787899,1.0
967148.0,4.8787899,1.0
967535.0,4.8787899,2.0
968686.0,4.8787899,1.0
969029.0,4.8787899,1.0
969626.0,4.8787899,2.0
961106.0,4.8787899,1.0
971266.0,4.91918993,1.0
971479.0,4.91918993,1.0
971824.0,4.91918993,1.0
972892.0,4.91918993,1.0
975344.0,4.91918993,1.0
978869.0,4.91918993,1.0
979189.0,4.91918993,1.0
980032.0,4.95959997,1.0
980063.0,4.95959997,1.0
980107.0,4.95959997,1.0
980210.0,4.95959997,1.0
980250.0,4.95959997,1.0
980388.0,4.95959997,1.0
980389.0,4.95959997,1.0
980585.0,4.95959997,1.0
980683.0,4.95959997,1.0
980687.0,4.95959997,1.0
980725.0,4.95959997,1.0
980754.0,4.95959997,2.0
980849.0,4.95959997,1.0
980870.0,4.95959997,2.0
980896.0,4.95959997,2.0
980913.0,4.95959997,1.0
980914.0,4.95959997,2.0
981046.0,4.95959997,4.0
981147.0,4.95959997,1.0
981156.0,4.95959997,1.0
981158.0,4.95959997,2.0
981282.0,4.95959997,1.0
981308.0,4.95959997,1.0
981494.0,4.95959997,3.0
981600.0,4.95959997,1.0
981695.0,4.95959997,2.0
981790.0,4.95959997,1.0
981921.0,4.95959997,4.0
982271.0,4.95959997,1.0
982413.0,4.95959997,1.0
982511.0,4.95959997,1.0
982557.0,4.95959997,1.0
982568.0,4.95959997,1.0
982764.0,4.95959997,1.0
982818.0,4.95959997,1.0
982819.0,4.95959997,1.0
982826.0,4.95959997,1.0
982837.0,4.95959997,2.0
982915.0,4.95959997,1.0
983110.0,4.95959997,2.0
983120.0,4.95959997,1.0
983303.0,4.95959997,1.0
983376.0,4.95959997,1.0
983392.0,4.95959997,1.0
983414.0,4.95959997,1.0
984107.0,4.95959997,1.0
984192.0,4.95959997,1.0
984237.0,4.95959997,2.0
984281.0,4.95959997,2.0
984285.0,4.95959997,2.0
984352.0,4.95959997,1.0
984437.0,4.95959997,1.0
984546.0,4.95959997,1.0
984616.0,4.95959997,1.0
984737.0,4.95959997,2.0
984741.0,4.95959997,1.0
984802.0,4.95959997,1.0
984866.0,4.95959997,1.0
984977.0,4.95959997,1.0
985005.0,4.95959997,1.0
985022.0,4.95959997,1.0
985043.0,4.95959997,1.0
985159.0,4.95959997,1.0
985160.0,4.95959997,2.0
985278.0,4.95959997,1.0
985437.0,4.95959997,1.0
985488.0,4.95959997,1.0
985543.0,4.95959997,1.0
985548.0,4.95959997,3.0
985574.0,4.95959997,1.0
985596.0,4.95959997,2.0
985608.0,4.95959997,1.0
985610.0,4.95959997,1.0
985626.0,4.95959997,1.0
985642.0,4.95959997,1.0
985803.0,4.95959997,1.0
985818.0,4.95959997,2.0
985856.0,4.95959997,1.0
985874.0,4.95959997,1.0
985893.0,4.95959997,1.0
986118.0,4.95959997,1.0
986227.0,4.95959997,2.0
986270.0,4.95959997,1.0
986322.0,4.95959997,1.0
986344.0,4.95959997,1.0
986347.0,4.95959997,1.0
986590.0,4.95959997,1.0
986592.0,4.95959997,1.0
986840.0,4.95959997,1.0
986860.0,4.95959997,2.0
986949.0,4.95959997,1.0
986969.0,4.95959997,1.0
987177.0,4.95959997,1.0
987187.0,4.95959997,1.0
987300.0,4.95959997,1.0
987437.0,4.95959997,1.0
987514.0,4.95959997,1.0
987659.0,4.95959997,3.0
987694.0,4.95959997,2.0
987752.0,4.95959997,1.0
987765.0,4.95959997,1.0
987829.0,4.95959997,1.0
987877.0,4.95959997,1.0
988026.0,4.95959997,1.0
988086.0,4.95959997,1.0
988146.0,4.95959997,3.0
988171.0,4.95959997,1.0
988462.0,4.95959997,1.0
988513.0,4.95959997,2.0
988795.0,4.95959997,1.0
988872.0,4.95959997,1.0
989151.0,4.95959997,2.0
989185.0,4.95959997,1.0
989220.0,4.95959997,1.0
989363.0,4.95959997,1.0
989408.0,4.95959997,1.0
989515.0,4.95959997,1.0
989549.0,4.95959997,4.0
989556.0,4.95959997,1.0
989586.0,4.95959997,1.0
989682.0,4.95959997,2.0
989747.0,4.95959997,1.0
989917.0,4.95959997,1.0
989929.0,4.95959997,1.0
989937.0,4.95959997,1.0
990027.0,5.0,1.0
990040.0,5.0,1.0
990207.0,5.0,1.0
990238.0,5.0,1.0
990244.0,5.0,1.0
990388.0,5.0,1.0
990389.0,5.0,1.0
990461.0,5.0,1.0
990508.0,5.0,1.0
990554.0,5.0,2.0
990681.0,5.0,1.0
990683.0,5.0,1.0
990687.0,5.0,1.0
990690.0,5.0,1.0
990737.0,5.0,1.0
990821.0,5.0,1.0
990837.0,5.0,2.0
990870.0,5.0,1.0
990884.0,5.0,1.0
990896.0,5.0,1.0
990913.0,5.0,2.0
991008.0,5.0,3.0
991118.0,5.0,1.0
991138.0,5.0,1.0
991139.0,5.0,1.0
991147.0,5.0,1.0
991203.0,5.0,3.0
991212.0,5.0,1.0
991316.0,5.0,2.0
991454.0,5.0,1.0
991512.0,5.0,1.0
991576.0,5.0,2.0
991602.0,5.0,1.0
991938.0,5.0,1.0
991964.0,5.0,1.0
992173.0,5.0,1.0
992177.0,5.0,1.0
992264.0,5.0,1.0
992271.0,5.0,1.0
992273.0,5.0,1.0
992339.0,5.0,1.0
992354.0,5.0,1.0
992397.0,5.0,1.0
992413.0,5.0,2.0
992424.0,5.0,1.0
992438.0,5.0,1.0
992461.0,5.0,1.0
992503.0,5.0,1.0
992576.0,5.0,1.0
992760.0,5.0,1.0
992786.0,5.0,1.0
992818.0,5.0,1.0
992978.0,5.0,2.0
993063.0,5.0,1.0
993071.0,5.0,1.0
993089.0,5.0,2.0
993120.0,5.0,1.0
993145.0,5.0,1.0
993345.0,5.0,1.0
993414.0,5.0,1.0
993530.0,5.0,1.0
993544.0,5.0,1.0
993577.0,5.0,1.0
993588.0,5.0,1.0
993653.0,5.0,1.0
993655.0,5.0,1.0
993745.0,5.0,1.0
993775.0,5.0,1.0
993777.0,5.0,2.0
993818.0,5.0,1.0
993857.0,5.0,1.0
993889.0,5.0,1.0
993984.0,5.0,1.0
993995.0,5.0,1.0
993996.0,5.0,1.0
994034.0,5.0,1.0
994107.0,5.0,1.0
994192.0,5.0,1.0
994211.0,5.0,1.0
994262.0,5.0,2.0
994274.0,5.0,2.0
994285.0,5.0,1.0
994294.0,5.0,1.0
994362.0,5.0,2.0
994407.0,5.0,1.0
994408.0,5.0,2.0
994430.0,5.0,1.0
994518.0,5.0,1.0
994546.0,5.0,1.0
994549.0,5.0,1.0
994616.0,5.0,1.0
994721.0,5.0,1.0
994831.0,5.0,1.0
994936.0,5.0,1.0
994990.0,5.0,1.0
995005.0,5.0,2.0
995043.0,5.0,1.0
995044.0,5.0,2.0
995050.0,5.0,1.0
995051.0,5.0,2.0
995088.0,5.0,1.0
995121.0,5.0,1.0
995278.0,5.0,1.0
995306.0,5.0,1.0
995318.0,5.0,1.0
995328.0,5.0,1.0
995344.0,5.0,2.0
995465.0,5.0,1.0
995474.0,5.0,1.0
995548.0,5.0,1.0
995549.0,5.0,2.0
995626.0,5.0,1.0
995660.0,5.0,2.0
995663.0,5.0,1.0
995874.0,5.0,1.0
995895.0,5.0,1.0
995945.0,5.0,1.0
995950.0,5.0,1.0
995989.0,5.0,1.0
996046.0,5.0,1.0
996059.0,5.0,1.0
996095.0,5.0,1.0
996101.0,5.0,1.0
996118.0,5.0,1.0
996180.0,5.0,1.0
996270.0,5.0,1.0
996276.0,5.0,1.0
996295.0,5.0,1.0
996436.0,5.0,2.0
996483.0,5.0,1.0
996556.0,5.0,1.0
996573.0,5.0,1.0
996648.0,5.0,2.0
996859.0,5.0,3.0
996860.0,5.0,2.0
996967.0,5.0,1.0
997050.0,5.0,1.0
997177.0,5.0,1.0
997189.0,5.0,1.0
997298.0,5.0,1.0
997357.0,5.0,1.0
997415.0,5.0,2.0
997471.0,5.0,1.0
997520.0,5.0,1.0
997642.0,5.0,1.0
997694.0,5.0,2.0
997706.0,5.0,1.0
997847.0,5.0,1.0
998055.0,5.0,1.0
998088.0,5.0,1.0
998105.0,5.0,1.0
998117.0,5.0,1.0
998146.0,5.0,1.0
998188.0,5.0,2.0
998259.0,5.0,1.0
998305.0,5.0,1.0
998322.0,5.0,1.0
998352.0,5.0,1.0
998388.0,5.0,1.0
998453.0,5.0,3.0
998469.0,5.0,1.0
998565.0,5.0,1.0
998679.0,5.0,1.0
998703.0,5.0,1.0
998769.0,5.0,2.0
998783.0,5.0,1.0
998788.0,5.0,1.0
998805.0,5.0,1.0
998857.0,5.0,1.0
998972.0,5.0,1.0
999015.0,5.0,1.0
999039.0,5.0,1.0
999043.0,5.0,1.0
999050.0,5.0,1.0
999151.0,5.0,1.0
999154.0,5.0,1.0
999206.0,5.0,2.0
999298.0,5.0,1.0
999387.0,5.0,1.0
999556.0,5.0,1.0
999628.0,5.0,1.0
999754.0,5.0,1.0
999858.0,5.0,1.0
999891.0,5.0,1.0
999917.0,5.0,1.0
999919.0,5.0,1.0
